player,player_id,position,team_name,player_game_count,assists,batted_passes,catch_rate,declined_penalties,forced_fumbles,franchise_id,fumble_recoveries,fumble_recovery_touchdowns,grades_coverage_defense,grades_defense,grades_defense_penalty,grades_pass_rush_defense,grades_run_defense,grades_tackle,hits,hurries,interception_touchdowns,interceptions,longest,missed_tackle_rate,missed_tackles,pass_break_ups,penalties,qb_rating_against,receptions,sacks,safeties,snap_counts_box,snap_counts_corner,snap_counts_coverage,snap_counts_defense,snap_counts_dl,snap_counts_dl_a_gap,snap_counts_dl_b_gap,snap_counts_dl_outside_t,snap_counts_dl_over_t,snap_counts_fs,snap_counts_offball,snap_counts_pass_rush,snap_counts_run_defense,snap_counts_slot,stops,tackles,tackles_for_loss,targets,total_pressures,touchdowns,yards,yards_after_catch,yards_per_reception
Calais Campbell,4364,DI,BLT,15,11,2,,1,2,3,0,0,57.1,76.9,75.7,71.7,74.1,34.9,12,17,0,0,,21.1,8,0,1,0.0,0,6,0,13,0,17,583,570,57,292,87,134,0,13,403,163,0,16,19,1,0,35,0,0,0,
Ndamukong Suh,5527,DI,PHI,11,2,0,,0,0,24,0,0,,63.5,83.2,55.5,67.1,58.7,3,8,0,0,,8.3,1,0,1,0.0,0,2,0,1,0,0,224,223,2,84,2,135,0,1,128,96,0,7,9,0,0,13,0,0,0,
Tyson Alualu,5535,DI,PIT,17,3,1,,0,0,25,0,0,60.0,30.4,38.8,58.5,29.1,42.5,2,7,0,0,,15.4,2,0,2,0.0,0,1,0,1,0,0,291,290,66,178,7,39,0,1,150,141,0,5,8,0,0,10,0,0,0,
Brandon Graham,5538,ED,PHI,20,4,1,100.0,0,2,24,0,0,79.8,89.8,64.8,89.7,69.7,44.5,4,37,0,0,2,27.6,8,0,2,79.2,2,14,0,5,0,12,524,515,4,16,479,16,0,9,322,190,3,28,17,2,2,55,0,2,5,1.0
Jason Pierre-Paul,5540,ED,BLT,15,2,4,100.0,1,0,3,0,0,70.8,58.2,63.9,55.9,58.7,40.4,0,18,0,1,9,18.5,5,0,2,55.2,4,4,0,10,0,16,555,545,0,15,488,42,0,10,331,208,0,15,20,2,4,22,0,27,22,6.8
Kareem Jackson,5545,S,DEN,17,22,0,69.0,0,0,10,2,0,60.9,64.5,76.7,56.7,71.3,57.4,0,0,0,0,23,17.4,19,3,1,116.1,29,0,0,196,5,706,1137,4,0,0,4,0,768,1133,2,429,164,22,68,2,42,0,4,249,92,8.6
Devin McCourty,5552,S,NE,17,11,0,57.1,0,0,19,1,0,67.6,70.0,88.4,53.8,74.8,90.0,0,0,0,4,54,5.3,4,4,0,95.5,12,0,0,204,9,680,1097,3,0,0,3,0,784,1094,3,414,97,8,61,0,21,0,3,231,44,19.3
Jerry Hughes,5556,ED,HST,17,6,0,,2,2,13,0,0,68.1,71.4,54.5,71.3,59.7,25.6,0,49,0,1,,45.7,16,0,4,0.0,0,9,0,4,0,3,689,685,0,3,666,16,0,4,381,305,0,17,13,3,0,58,0,0,0,
Linval Joseph,5571,DI,PHI,11,10,0,,0,0,24,1,0,60.0,59.1,55.1,60.2,59.2,50.0,0,2,0,0,,8.7,2,0,1,0.0,0,1,0,0,0,0,218,218,207,11,0,0,0,0,87,131,0,8,11,0,0,3,0,0,0,
Carlos Dunlap,5579,ED,KC,20,9,8,100.0,0,1,16,0,0,53.2,64.7,91.2,61.0,67.9,45.4,11,25,0,0,9,14.0,6,0,1,102.1,2,5,0,0,0,21,675,675,1,10,606,58,0,0,444,210,0,25,28,4,2,41,0,17,0,8.5
Corey Peters,5607,DI,JAX,14,6,0,,0,0,15,0,0,63.5,63.1,64.3,61.0,61.8,76.8,2,7,0,0,,0.0,0,0,1,0.0,0,1,0,0,0,1,307,307,151,156,0,0,0,0,152,154,0,12,16,4,0,10,0,0,0,
Al Woods,5646,DI,SEA,15,10,1,,0,0,29,0,0,59.3,69.9,69.0,66.3,67.8,53.0,0,11,0,0,,9.5,4,0,1,0.0,0,2,0,0,0,2,405,405,195,202,1,7,0,0,167,236,0,22,28,4,0,13,0,0,0,
Von Miller,6154,ED,BUF,11,1,0,,0,1,4,0,0,74.2,85.8,26.0,81.8,78.8,53.2,4,33,0,0,,22.2,4,0,4,0.0,0,8,0,4,0,4,450,446,0,1,445,0,0,4,311,135,0,21,13,3,0,45,0,0,0,
Patrick Peterson,6157,CB,MIN,18,3,0,60.0,1,0,18,0,0,79.7,77.8,70.1,57.2,63.9,78.4,0,1,0,5,38,6.8,5,9,6,77.3,48,0,0,75,1087,741,1176,5,0,0,5,0,1,1171,5,430,8,17,66,3,80,1,5,584,198,12.2
J.J. Watt,6163,DI,ARZ,16,4,7,100.0,0,1,1,1,0,64.5,68.3,28.1,72.8,60.8,48.4,14,29,0,0,5,13.8,4,0,8,87.5,1,13,0,2,0,3,816,814,0,172,271,371,0,2,523,290,0,32,21,7,1,56,0,5,6,5.0
Robert Quinn,6166,ED,PHI,16,4,0,100.0,2,0,24,0,0,66.3,45.0,32.4,57.2,38.2,40.7,4,19,0,0,13,18.8,3,0,4,104.2,2,1,0,1,0,9,417,414,0,0,399,15,0,3,244,164,1,5,9,1,2,24,0,18,17,9.0
Cameron Jordan,6176,ED,NO,16,14,1,0.0,0,1,20,0,0,85.5,74.5,73.2,53.2,82.0,51.4,4,24,0,0,,13.8,9,1,2,39.6,0,9,0,0,0,13,790,787,0,7,722,58,0,3,468,309,2,35,42,8,1,37,0,0,0,
Cameron Heyward,6183,DI,PIT,17,19,2,,0,1,25,1,0,68.4,89.8,78.0,78.5,78.2,68.4,10,36,0,0,,4.7,3,0,3,0.0,0,12,0,4,0,0,801,797,29,443,71,254,0,4,498,303,0,43,42,6,0,58,0,0,0,
Justin Houston,6222,ED,BLT,15,2,0,,0,1,3,0,0,67.7,77.1,55.9,75.4,66.4,31.7,6,24,0,1,,41.2,7,0,2,0.0,0,12,0,1,1,24,423,420,0,3,405,12,0,3,306,93,1,16,8,0,0,42,0,0,0,
Lawrence Guy Sr.,6385,DI,NE,14,21,0,,0,0,19,0,0,62.9,53.5,86.6,54.4,51.4,54.0,1,14,0,0,,5.9,3,0,0,0.0,0,3,0,0,0,0,504,504,2,221,34,247,0,0,239,265,0,20,27,1,0,18,0,0,0,
Chris Harris Jr.,6457,CB,NO,10,3,0,78.0,0,1,20,0,0,47.8,50.1,37.4,66.3,60.3,56.6,0,5,0,0,62,6.5,2,1,4,110.5,32,1,0,29,61,226,375,15,0,0,15,0,1,360,20,129,268,9,26,0,41,6,1,351,146,11.0
Josh Bynes,6503,LB,BLT,7,4,0,58.3,0,0,3,0,0,69.9,54.2,80.9,58.5,38.1,62.3,0,1,0,1,22,13.3,4,1,0,72.6,7,1,0,258,1,124,269,3,0,0,3,0,0,266,23,122,7,9,22,1,12,2,1,83,56,11.9
Nick Bellore,6515,FB,SEA,3,1,0,,0,0,29,0,0,60.0,80.8,65.9,60.0,74.9,71.7,0,0,0,0,,0.0,0,0,0,0.0,0,0,0,9,0,1,10,0,0,0,0,0,0,10,1,8,0,0,0,0,0,0,0,0,0,
Mario Addison,6558,ED,HST,12,5,1,0.0,0,1,13,0,0,64.1,57.8,88.9,59.4,50.7,68.1,1,17,0,0,,6.7,1,0,0,39.6,0,2,0,5,0,1,367,362,0,1,352,9,0,5,206,160,0,8,9,0,1,20,0,0,0,
Stephon Gilmore,7016,CB,IND,16,4,0,63.4,0,0,14,0,0,81.1,79.1,68.6,,65.6,70.3,0,0,0,2,53,8.6,6,8,4,82.6,52,0,0,85,957,599,1064,10,0,0,10,0,0,1054,0,465,12,12,60,0,82,0,2,585,233,11.3
Fletcher Cox,7018,DI,PHI,20,13,0,,0,1,24,1,0,,60.2,79.7,63.3,53.5,43.8,11,25,0,0,,11.6,5,0,1,0.0,0,9,0,1,0,0,808,807,20,376,27,384,0,1,507,301,0,22,25,2,0,45,0,0,0,
Michael Brockers,7020,DI,DET,6,0,1,,0,0,11,0,0,,51.3,81.3,55.2,50.4,37.2,1,1,0,0,,0.0,0,0,0,0.0,0,0,0,0,0,0,123,123,0,83,10,30,0,0,61,62,0,3,4,0,0,2,0,0,0,
Bruce Irvin,7021,ED,SEA,12,6,0,100.0,0,0,29,0,0,58.9,58.9,34.9,54.7,66.8,36.3,3,16,0,0,6,22.2,8,0,3,84.7,3,5,0,0,0,28,436,432,0,0,432,0,0,4,195,213,4,20,22,2,3,24,0,13,19,4.3
Melvin Ingram III,7024,ED,MIA,18,4,1,88.9,1,1,17,2,1,49.1,71.0,18.2,78.9,66.0,35.0,5,25,0,0,19,27.8,5,0,6,99.5,8,8,0,19,0,64,536,496,0,0,496,0,0,40,325,147,21,14,9,2,9,38,0,71,56,8.9
Chandler Jones,7027,ED,LV,15,12,2,100.0,1,1,23,3,1,59.7,63.8,69.1,60.4,65.5,37.7,10,32,0,0,14,19.6,9,0,2,102.1,6,5,0,1,0,35,783,780,0,6,757,17,0,3,472,276,2,19,25,1,6,47,0,51,30,8.5
Janoris Jenkins,7043,CB,SF,3,0,0,100.0,0,0,28,0,0,56.9,57.9,76.8,,60.8,37.6,0,0,0,0,18,25.0,1,0,0,111.5,4,0,0,3,45,39,49,1,0,0,1,0,0,48,0,10,0,0,3,0,4,0,0,43,10,10.8
Bobby Wagner,7050,LB,LA,17,44,0,77.1,0,0,26,0,0,77.9,90.7,87.5,79.6,91.1,91.0,3,11,0,2,49,2.9,4,3,1,92.4,37,6,0,1018,1,529,1079,35,0,0,35,0,0,1044,113,437,25,50,89,5,48,20,1,420,332,11.4
Lavonte David,7060,LB,TB,18,30,0,81.7,0,2,30,1,0,87.9,85.1,68.6,65.0,76.9,74.2,1,2,0,0,38,7.9,11,5,2,98.4,67,3,0,989,11,638,1143,69,0,0,69,0,2,1074,57,448,72,62,98,9,82,6,1,545,278,8.1
Vinny Curry,7061,ED,NYJ,11,5,0,,0,0,22,0,0,60.0,52.6,57.5,58.9,50.2,42.3,1,8,0,0,,16.7,3,0,1,0.0,0,0,0,0,0,0,184,184,0,4,172,8,0,0,94,90,0,6,10,1,0,9,0,0,0,
Casey Hayward Jr.,7064,CB,ATL,6,1,0,57.1,0,0,2,0,0,65.6,64.7,83.4,,55.2,33.7,0,0,0,1,40,23.8,5,2,0,80.2,16,0,0,41,295,236,355,3,0,0,3,0,0,352,0,119,16,2,15,0,28,0,1,225,68,14.1
Demario Davis,7079,LB,NO,17,38,0,73.8,0,0,20,1,0,79.8,82.7,71.6,85.9,73.6,56.0,2,7,0,1,26,14.4,17,4,1,96.9,31,9,0,955,4,584,1132,115,0,0,115,0,8,1017,69,479,49,43,63,6,42,18,2,276,209,8.9
Akiem Hicks,7090,DI,TB,12,5,3,100.0,0,0,30,0,0,58.5,61.8,40.3,59.9,65.6,36.3,4,4,0,0,7,14.8,4,0,3,95.8,1,1,0,3,0,2,442,439,17,307,38,77,0,3,251,189,0,18,18,2,1,9,0,7,7,7.0
Rodney McLeod,7271,S,IND,17,21,0,64.4,0,0,14,1,0,85.3,80.1,83.5,60.6,66.8,77.2,0,2,1,2,28,7.4,7,6,2,94.8,38,0,0,527,11,578,1034,30,0,0,30,0,290,1004,12,444,174,28,67,8,59,2,5,353,237,9.3
Michael Thomas,7279,S,CIN,3,0,0,,0,0,7,0,0,64.3,58.6,73.9,57.6,51.0,80.6,0,0,0,0,,0.0,0,0,0,0.0,0,0,0,10,0,15,26,1,0,0,1,0,12,25,2,9,2,0,2,0,0,0,0,0,0,
Tashaun Gipson Sr.,7288,S,SF,20,12,0,59.4,0,0,28,0,0,60.7,69.7,90.5,55.9,89.9,90.8,0,2,0,5,40,2.9,2,3,0,53.0,19,1,0,159,13,768,1221,40,0,0,40,0,866,1181,11,442,143,10,54,2,32,3,0,315,86,16.6
Brandon Bolden,7469,HB,LV,1,0,0,,0,0,23,0,0,,60.0,60.0,,60.0,,0,0,0,0,,,0,0,1,0.0,0,0,0,0,0,0,1,0,0,0,0,0,0,1,0,1,0,0,0,0,0,0,0,0,0,
Harrison Smith,7641,S,MIN,15,10,0,80.0,1,1,18,0,0,69.1,68.4,89.1,55.4,64.0,78.5,0,2,0,5,49,10.4,10,3,1,81.3,36,0,0,253,12,625,984,42,0,0,42,0,547,942,14,345,130,16,76,1,45,2,2,425,161,11.8
Josh Norman,7649,CB,CAR,2,1,0,66.7,0,0,5,0,0,51.7,54.0,78.4,,60.6,79.6,0,0,0,0,25,0.0,0,0,0,134.7,4,0,0,4,67,32,71,0,0,0,0,0,0,71,0,39,0,1,5,0,6,0,1,54,27,13.5
Justin Bethel,7654,CB,MIA,6,0,0,60.0,0,0,17,0,0,52.9,51.4,79.6,,47.9,57.3,0,0,0,1,19,11.8,2,2,1,70.2,12,0,0,23,36,102,125,2,0,0,2,0,1,123,0,23,61,2,15,0,20,0,1,107,58,8.9
Xavier Rhodes,7806,CB,DAL,3,0,0,58.3,0,0,9,0,0,56.2,54.8,79.7,,45.5,54.2,0,0,0,0,19,14.3,1,0,0,73.3,7,0,0,1,95,71,96,0,0,0,0,0,0,96,0,25,0,0,6,0,12,0,0,65,11,9.3
Darius Slay,7817,CB,PHI,20,8,0,56.6,0,0,24,0,0,77.3,73.1,88.1,,46.0,57.4,0,0,0,3,41,11.0,8,9,3,82.4,47,0,0,97,1039,713,1145,2,0,0,2,0,2,1143,0,432,5,15,57,0,83,0,5,559,162,11.9
Giovani Bernard,7818,HB,TB,1,0,0,,0,0,30,0,0,60.7,70.3,60.5,,,,0,0,0,0,,,0,0,0,0.0,0,0,0,0,0,1,1,0,0,0,0,0,0,1,0,0,0,0,0,0,0,0,0,0,0,
Johnathan Hankins,7830,DI,DAL,12,6,1,,1,0,9,0,0,62.4,46.5,40.3,50.8,49.7,28.4,1,4,0,0,,15.4,4,0,2,0.0,0,1,0,0,0,1,290,290,56,219,0,15,0,0,137,152,0,13,16,1,0,6,0,0,0,
Jon Bostic,7831,LB,WAS,9,6,0,70.0,0,0,32,0,0,50.4,46.1,81.3,50.6,47.7,64.6,0,1,0,0,41,9.1,2,0,0,130.0,7,0,0,255,0,140,263,3,0,0,3,0,0,260,10,113,5,7,14,0,10,1,1,87,83,12.4
Jamie Collins Sr.,7833,LB,NE,3,1,0,100.0,0,0,19,0,0,50.1,64.2,77.7,56.1,71.1,70.5,0,0,0,0,11,0.0,0,0,0,112.5,1,0,0,1,0,10,41,37,0,0,37,0,0,4,3,28,3,0,0,0,1,0,0,11,5,11.0
Tyrann Mathieu,7850,S,NO,17,18,0,67.4,0,1,20,1,0,87.9,81.2,86.6,70.7,62.9,65.4,1,2,0,3,21,10.2,10,4,2,65.9,29,1,0,525,19,631,1128,74,0,0,74,0,315,1054,20,477,195,19,70,3,43,4,2,219,139,7.6
John Jenkins,7863,DI,MIA,17,6,0,,0,0,17,0,0,59.8,58.5,60.8,67.7,52.3,65.5,0,10,0,0,,5.0,1,0,1,0.0,0,0,0,0,0,1,270,269,145,109,0,15,0,1,142,127,0,8,13,0,0,10,0,0,0,
Logan Ryan,7864,S,TB,10,7,0,68.8,0,1,30,1,0,63.2,67.1,85.8,51.4,75.4,82.4,0,1,0,1,27,5.4,2,3,0,91.4,11,0,0,79,4,318,481,19,0,0,19,0,343,462,9,154,36,8,28,1,16,1,1,143,51,13.0
Duron Harmon,7872,S,LV,17,16,1,84.0,0,2,23,0,0,77.6,72.3,87.5,53.8,59.8,66.6,0,2,1,2,55,12.6,12,2,0,70.2,21,0,0,237,14,635,1076,33,0,0,33,0,729,1043,23,418,63,11,67,0,25,2,0,221,121,10.5
Brandon Williams,7875,DI,KC,8,1,0,,0,0,16,0,0,59.2,51.5,81.2,55.2,50.8,69.2,1,1,0,0,,0.0,0,0,0,0.0,0,0,0,0,0,1,115,115,14,99,0,2,0,0,67,47,0,0,0,0,0,2,0,0,0,
Akeem Spence,7882,DI,SF,7,5,0,,0,0,28,0,0,59.5,43.3,81.7,46.3,47.5,35.2,0,3,0,0,,18.2,2,0,0,0.0,0,0,0,0,0,1,147,147,5,120,0,22,0,0,76,70,0,3,4,0,0,3,0,0,0,
William Gholston,7908,DI,TB,18,20,0,,0,0,30,1,0,66.0,55.9,59.2,57.9,53.9,63.2,4,6,0,0,,5.4,3,0,2,0.0,0,0,0,0,0,2,522,522,5,294,69,154,0,0,233,287,0,23,33,4,0,10,0,0,0,
Oday Aboushi,7923,G,LA,1,0,0,,1,0,26,0,0,,60.0,60.0,,60.0,,0,0,0,0,,,0,0,2,0.0,0,0,0,0,0,0,1,0,0,0,0,0,0,1,0,1,0,0,0,0,0,0,0,0,0,
Steven Means,7929,ED,BLT,2,0,0,,0,0,3,0,0,60.0,75.7,75.6,65.1,73.2,72.4,0,1,0,0,,0.0,0,0,0,0.0,0,0,0,0,0,1,29,29,0,0,28,1,0,0,18,10,0,0,1,0,0,1,0,0,0,
A.J. Klein,7930,LB,BUF,5,3,0,100.0,0,0,4,0,0,47.4,47.9,77.9,60.7,54.2,49.7,0,1,0,0,22,20.0,3,0,0,101.9,9,0,0,98,0,53,105,4,0,0,4,0,0,101,7,45,3,6,9,2,9,1,0,76,72,8.4
Micah Hyde,7941,S,BUF,2,2,0,100.0,0,0,4,0,0,69.1,68.4,81.7,59.1,52.5,63.0,0,0,0,0,19,12.5,1,0,0,102.8,3,0,0,18,1,70,101,1,0,0,1,0,68,100,1,30,13,2,5,0,3,0,0,26,8,8.7
Jordan Poyer,8000,S,BUF,14,17,0,69.0,0,1,4,0,0,62.7,65.7,86.4,59.4,70.0,56.9,0,0,0,4,67,13.8,11,3,0,86.0,20,0,0,229,9,566,886,29,0,0,29,0,509,857,17,303,110,14,52,4,29,0,5,184,102,9.2
Nick Williams,8006,DI,NYG,8,8,2,,0,0,21,0,0,60.0,59.9,83.7,52.7,63.2,76.8,1,6,0,0,,5.0,1,0,0,0.0,0,0,0,1,0,1,227,226,7,113,29,77,0,1,122,104,0,6,11,0,0,7,0,0,0,
Tony Jefferson,8361,S,NYG,11,4,0,94.1,0,0,21,0,0,71.8,62.3,81.2,46.8,37.0,62.6,1,2,0,0,27,11.5,3,1,0,92.2,16,0,0,131,8,132,193,24,0,0,24,0,14,169,39,22,16,9,19,0,17,3,0,104,72,6.5
Brandon Copeland,8378,ED,BLT,3,3,0,,0,0,3,0,0,61.7,53.7,78.6,53.4,55.7,75.2,0,2,0,0,,0.0,0,0,0,0.0,0,1,0,0,1,2,52,51,0,0,51,0,0,1,33,17,0,2,1,0,0,3,0,0,0,
Chris Banjo,8419,S,ARZ,11,2,0,100.0,0,0,1,1,1,59.7,67.7,77.1,58.7,76.7,85.5,0,0,0,0,7,0.0,0,0,0,95.8,1,0,0,19,4,32,79,1,0,0,1,0,48,78,1,46,5,2,5,0,1,0,0,7,1,7.0
Nickell Robey-Coleman,8483,CB,LV,1,0,0,,0,0,23,0,0,67.8,64.2,72.8,52.4,60.0,,0,0,0,0,,,0,0,0,0.0,0,0,0,1,0,8,14,0,0,0,0,0,0,14,3,3,13,0,0,0,0,0,0,0,0,
Mike Purcell,8530,DI,DEN,17,16,0,,0,0,10,1,0,55.4,67.7,74.3,58.6,69.9,30.0,2,7,0,0,,14.3,8,0,1,0.0,0,1,1,0,0,0,529,528,303,181,1,43,0,1,255,274,0,22,32,0,0,10,0,0,0,
Jadeveon Clowney,8636,ED,CLV,12,5,3,100.0,0,1,8,1,0,61.7,75.8,64.5,70.0,74.3,74.7,2,24,0,0,21,7.4,2,0,2,118.8,1,3,0,3,0,4,494,490,0,4,461,25,0,4,305,185,0,15,20,4,1,29,0,21,27,21.0
Khalil Mack,8640,ED,LAC,18,16,2,100.0,2,2,27,2,0,87.1,71.9,66.5,68.6,61.7,43.9,6,44,0,0,24,20.0,11,0,3,118.3,5,9,0,1,2,44,921,903,0,0,898,5,0,18,518,359,15,26,28,4,5,59,0,62,30,12.4
Anthony Barr,8644,LB,DAL,16,14,1,81.8,0,0,9,2,0,59.9,60.5,62.3,65.1,59.4,60.3,3,4,0,0,33,9.6,7,0,2,109.8,27,1,0,541,10,363,707,105,0,0,105,0,6,602,45,299,45,29,52,2,33,8,1,262,171,9.7
Aaron Donald,8648,DI,LA,11,10,2,,0,1,26,1,0,61.4,90.5,62.4,90.7,75.6,53.9,7,28,0,0,,8.2,4,0,2,0.0,0,5,0,3,0,0,615,612,13,194,63,342,0,3,396,219,0,33,35,6,0,40,0,0,0,
Kyle Fuller,8649,CB,BLT,1,0,0,60.0,0,0,3,0,0,61.0,55.3,79.1,59.1,30.0,53.1,0,0,0,0,12,25.0,1,0,1,71.3,3,0,0,6,54,61,80,4,0,0,4,0,0,76,1,18,16,0,3,0,5,0,0,23,0,7.7
C.J. Mosley,8652,LB,NYJ,17,43,0,65.8,0,0,22,1,0,65.9,69.8,29.5,63.9,73.8,70.2,2,2,0,1,51,8.7,15,6,4,83.0,48,2,0,1046,1,615,1113,28,0,0,28,0,3,1085,37,461,35,51,115,7,73,6,1,477,303,9.9
Jimmie Ward,8665,S,SF,15,14,0,81.2,1,1,28,0,0,76.9,80.6,48.0,57.3,91.4,65.4,2,0,0,3,33,8.6,6,3,3,93.9,69,0,0,70,5,446,640,5,0,0,5,0,4,635,18,176,556,25,50,3,85,2,4,535,321,7.8
Bradley Roby,8666,CB,NO,13,7,0,53.7,0,0,20,2,0,49.6,45.4,54.3,67.8,30.0,29.4,0,3,0,0,60,23.4,11,5,3,79.4,36,0,0,50,264,381,628,2,0,0,2,0,6,626,9,238,306,7,29,1,67,3,1,443,208,12.3
DeMarcus Lawrence,8669,ED,DAL,19,11,3,0.0,1,3,9,2,1,66.5,73.9,64.2,72.5,65.9,44.7,9,43,0,0,,15.6,12,0,3,39.6,0,7,0,35,0,12,787,751,0,18,647,86,0,36,478,297,1,49,54,6,1,59,0,0,0,
Kyle Van Noy,8675,ED,LAC,18,9,2,72.7,0,1,27,2,0,68.1,67.7,67.0,65.5,63.1,68.8,5,27,0,0,37,8.3,4,1,2,121.0,8,5,0,86,2,114,784,675,0,0,675,0,0,109,362,308,21,26,35,5,11,37,1,74,60,9.3
Lamarcus Joyner,8676,S,NYJ,14,16,0,71.4,0,0,22,1,0,53.4,57.0,64.7,82.5,62.1,54.2,2,1,0,3,55,14.5,9,3,3,106.1,20,0,0,122,2,514,872,18,0,0,18,0,639,854,9,349,91,8,37,0,28,3,4,299,72,15.0
Jeremiah Attaochu,8685,ED,LAC,3,0,0,,0,0,27,0,0,,64.9,75.6,62.7,62.2,72.8,0,1,0,0,,0.0,0,0,0,0.0,0,0,0,0,0,0,21,21,0,0,21,0,0,0,5,16,0,1,2,1,0,1,0,0,0,
Christian Kirksey,8706,LB,HST,17,35,0,76.1,0,0,13,1,0,52.5,56.1,88.6,78.1,55.0,62.4,3,10,0,2,30,11.7,16,2,0,97.6,54,4,0,1019,8,546,1139,15,0,0,15,0,17,1124,56,537,80,40,86,5,71,17,2,587,336,10.9
Justin Ellis,8742,DI,NYG,19,8,0,,0,0,21,0,0,57.2,30.1,86.7,46.5,29.3,46.1,0,1,0,0,,12.5,3,0,0,0.0,0,1,0,0,0,1,377,377,159,204,0,14,0,0,178,198,0,9,13,1,0,2,0,0,0,
DaQuan Jones,8747,DI,BUF,17,8,0,,1,0,4,1,0,60.0,73.6,66.4,72.7,66.2,46.3,9,19,0,0,,12.5,5,0,2,0.0,0,5,0,0,0,0,692,692,41,508,2,141,0,0,457,235,0,20,27,2,0,33,0,0,0,
Dontae Johnson,8764,CB,SF,1,0,0,,0,0,28,0,0,68.1,59.6,71.5,53.8,51.5,71.7,0,0,0,0,,,0,0,0,0.0,0,0,0,6,0,8,18,0,0,0,0,0,0,18,2,8,12,0,0,0,0,0,0,0,0,
Kevin Pierre-Louis,8767,LB,HST,2,1,0,20.0,0,0,13,0,0,68.5,45.8,70.7,68.0,29.5,26.3,0,1,0,0,10,40.0,2,1,1,39.6,1,0,0,32,0,19,42,3,0,0,3,0,0,39,2,21,7,0,2,0,5,1,0,10,14,10.0
Brent Urban,8769,DI,BLT,17,6,3,,0,0,3,0,0,54.6,52.8,85.1,54.7,54.8,36.4,0,8,0,0,,20.0,5,0,0,0.0,0,1,0,0,0,3,309,309,0,152,56,101,0,0,156,150,0,9,14,1,0,9,0,0,0,
Devon Kennard,8809,ED,BLT,7,2,0,100.0,0,0,3,0,0,48.3,59.3,81.6,54.1,68.8,48.1,2,2,0,0,13,12.5,1,0,0,112.5,2,0,0,1,0,9,128,127,0,1,123,3,0,1,67,52,0,3,5,1,2,4,0,22,11,11.0
T.J. Carrie,8853,CB,CAR,3,1,0,100.0,0,0,5,0,0,32.1,33.4,77.2,49.0,60.0,79.0,0,1,0,0,23,0.0,0,0,0,158.3,6,0,0,1,0,29,37,5,0,0,5,0,1,32,7,1,30,1,4,0,6,1,1,77,16,12.8
Shelby Harris,8869,DI,SEA,16,14,1,,0,0,29,0,0,58.5,74.8,86.4,61.2,78.5,43.6,3,25,0,0,,11.3,6,0,0,0.0,0,2,0,2,0,0,591,589,8,419,8,154,0,2,360,231,0,24,33,3,0,30,0,0,0,
Terrance Mitchell,8888,CB,TEN,11,3,0,66.0,0,1,31,0,0,62.1,61.2,84.9,,48.4,77.1,0,0,0,1,66,5.1,2,3,2,104.3,31,0,0,22,355,307,397,0,0,0,0,0,0,397,0,90,20,10,34,1,47,0,2,473,150,15.3
Denico Autry,8982,ED,TEN,12,4,3,100.0,1,2,31,0,0,75.3,82.8,64.7,75.0,74.3,41.9,12,34,0,0,20,20.0,5,0,2,108.3,2,8,0,0,0,13,531,530,2,18,346,164,0,1,388,130,0,21,16,1,2,54,0,20,9,10.0
Shaquil Barrett,9000,ED,TB,8,9,0,100.0,0,1,30,0,0,40.0,68.3,69.5,65.1,77.5,52.2,4,15,0,0,21,15.2,5,0,1,97.0,7,3,0,1,0,35,382,374,0,0,372,2,0,8,211,136,7,17,19,3,7,22,0,51,43,7.3
Christian Jones,9020,ED,SEA,2,1,0,,0,0,29,0,0,61.4,64.6,74.5,40.5,74.7,34.9,0,1,0,0,,33.3,1,0,0,0.0,0,0,0,0,0,4,20,20,0,0,20,0,0,0,4,12,0,1,1,0,0,1,0,0,0,
Kerry Hyder Jr.,9045,DI,SF,19,9,2,,0,0,28,1,0,66.9,52.1,86.7,57.9,43.5,59.7,3,10,0,0,,4.0,1,0,0,0.0,0,1,0,1,0,1,410,409,7,210,73,119,0,1,255,154,0,7,15,0,0,14,0,0,0,
Adrian Phillips,9177,S,NE,17,22,0,60.0,0,0,19,0,0,71.6,72.7,85.7,56.3,70.6,82.3,1,2,0,0,25,6.1,4,3,0,96.8,21,0,0,281,22,469,702,57,0,0,57,0,199,645,9,224,143,21,40,3,35,3,2,216,66,10.3
C.J. Goodwin,9243,CB,DAL,1,0,0,,0,0,9,0,0,60.7,70.6,89.4,,,,0,0,0,0,,,0,0,0,0.0,0,0,0,0,0,1,1,0,0,0,0,0,0,1,0,0,0,0,0,0,0,0,0,0,0,
Daniel Sorensen,9253,S,NO,10,8,0,50.0,0,0,20,0,0,61.0,64.3,83.7,,66.5,80.7,0,0,0,2,25,4.8,1,0,0,31.3,3,0,0,21,4,93,166,14,0,0,14,0,114,152,0,73,11,0,12,0,6,0,0,39,32,13.0
Joe Thomas,9272,LB,CHI,14,19,2,85.0,0,0,6,1,0,57.1,63.0,43.8,70.1,66.0,52.7,1,0,0,0,21,15.9,10,0,1,111.9,17,1,0,352,1,165,413,32,0,0,32,0,0,381,24,224,27,19,34,3,20,2,1,137,65,8.1
Keith Smith,9302,FB,ATL,1,0,0,,0,0,2,0,0,,59.9,60.0,,60.0,,0,0,0,0,,,0,0,0,0.0,0,0,0,0,0,0,1,0,0,0,0,0,0,1,0,1,0,0,0,0,0,0,0,0,0,
Mike Pennel,9316,DI,CHI,17,7,2,,0,1,6,1,0,68.1,45.8,67.9,58.7,35.3,60.6,2,3,0,0,,6.5,2,0,1,0.0,0,0,0,0,0,1,363,363,66,296,0,1,0,0,166,196,0,19,22,3,0,5,0,0,0,
K'Waun Williams,9332,CB,DEN,14,10,0,69.1,0,0,10,0,0,66.5,67.2,52.9,61.5,69.9,36.4,1,5,0,1,30,19.6,10,7,3,78.7,38,1,0,61,15,410,596,20,0,0,20,0,1,576,31,155,499,7,31,1,55,7,0,351,234,9.2
Dante Fowler Jr.,9436,ED,DAL,19,3,2,100.0,0,2,9,0,0,76.3,61.3,11.1,73.0,43.0,46.3,4,30,0,0,10,18.5,5,0,5,108.3,1,6,0,7,0,9,378,371,2,7,327,35,0,7,259,110,0,15,19,3,1,40,0,10,5,10.0
Leonard Williams,9439,DI,NYG,14,10,0,,0,1,21,2,0,64.2,74.2,57.9,74.6,66.3,38.9,14,24,0,0,,11.5,6,0,3,0.0,0,4,0,1,0,0,723,722,21,464,76,161,0,1,417,306,0,26,36,3,0,42,0,0,0,
Danny Shelton,9445,DI,KC,1,0,0,,0,0,16,0,0,58.0,47.6,72.8,57.2,57.6,,0,0,0,0,,,0,0,0,0.0,0,0,0,0,0,2,9,9,1,8,0,0,0,0,4,3,0,0,0,0,0,0,0,0,0,
Arik Armstead,9450,DI,SF,12,4,0,,0,0,28,0,0,59.6,63.4,87.1,65.0,55.9,54.9,6,22,0,0,,9.5,2,0,0,0.0,0,2,0,3,0,2,486,483,5,348,6,124,0,3,306,178,0,11,15,2,0,30,0,0,0,
Marcus Peters,9451,CB,BLT,14,7,0,70.6,1,2,3,2,0,67.6,65.9,16.6,78.3,60.5,54.9,0,1,0,1,48,13.8,8,2,8,113.5,48,1,0,28,719,542,791,23,0,0,23,0,2,768,2,247,19,16,43,1,68,2,5,559,175,11.6
Bud Dupree,9455,ED,TEN,11,4,0,100.0,0,1,31,2,0,47.1,58.2,53.8,60.0,61.8,51.1,4,21,0,0,25,23.5,4,0,2,117.7,4,4,0,1,0,24,453,452,0,1,451,0,0,1,294,135,0,11,9,2,4,29,0,49,33,12.3
Shaq Thompson,9458,LB,CAR,17,27,0,74.7,0,0,5,0,0,56.0,72.3,87.9,49.5,90.3,52.7,2,4,0,0,33,13.2,20,4,0,105.7,56,1,0,918,10,593,1089,63,0,0,63,0,9,1026,64,432,89,60,104,8,75,7,3,505,363,9.0
Landon Collins,9466,S,NYG,7,6,0,46.2,0,0,21,0,0,77.0,63.6,79.6,60.9,29.7,55.9,0,2,1,1,19,11.8,2,1,0,23.6,6,1,0,119,7,110,171,16,0,0,16,0,2,155,26,35,27,8,9,0,13,3,0,47,34,7.8
Mario Edwards Jr.,9468,ED,TEN,13,4,1,,1,0,31,0,0,53.7,56.0,35.4,53.6,72.7,62.7,8,23,0,0,,6.3,1,0,4,0.0,0,3,0,0,0,8,463,463,4,12,395,52,0,0,343,112,0,14,11,3,0,34,0,0,0,
Preston Smith,9471,ED,GB,17,9,1,85.7,0,1,12,0,0,61.4,66.4,78.7,63.4,64.1,40.7,13,19,0,0,42,24.2,15,0,1,118.8,6,10,0,0,0,41,825,815,0,1,811,3,0,10,417,367,10,31,38,3,7,42,0,116,106,19.3
Eric Kendricks,9478,LB,MIN,18,42,1,77.0,1,0,18,1,1,45.0,60.1,50.3,65.7,79.5,65.7,1,9,0,0,36,10.1,16,6,3,107.2,67,2,0,1078,2,692,1166,13,0,0,13,0,11,1153,47,427,62,42,101,5,87,12,2,694,417,10.4
Eric Rowe,9480,S,MIA,15,10,0,83.0,0,3,17,0,0,43.7,54.8,82.9,82.7,76.7,71.1,0,2,0,0,79,9.1,6,2,0,118.5,44,3,0,268,54,420,637,36,0,0,36,0,72,601,16,201,207,23,50,3,53,5,1,579,245,13.2
Denzel Perryman,9481,LB,LV,12,15,0,71.4,0,0,23,0,0,61.4,74.2,82.6,65.7,80.5,54.4,4,4,0,2,36,13.8,13,0,0,82.7,20,1,0,489,1,257,555,29,0,0,29,0,3,526,66,232,33,36,66,12,28,9,2,182,132,9.1
Ronald Darby,9483,CB,DEN,5,2,0,50.0,0,1,10,0,0,66.3,71.1,82.5,60.0,86.5,54.9,0,0,0,0,20,17.6,3,1,1,66.9,10,0,0,34,245,172,280,1,0,0,1,0,0,279,1,107,0,2,12,0,20,0,0,111,31,11.1
Jordan Phillips,9485,DI,BUF,13,7,2,,0,0,4,0,0,58.7,50.0,17.0,57.7,53.5,27.7,4,13,0,0,,24.1,7,0,4,0.0,0,2,0,7,0,1,365,357,18,227,18,94,0,8,250,114,0,13,15,2,0,19,0,0,0,
Markus Golden,9491,ED,ARZ,17,19,0,80.0,0,0,1,0,0,64.7,65.3,59.6,62.9,65.1,55.6,17,25,0,0,20,8.2,4,0,3,100.4,8,4,0,7,0,43,781,774,0,0,773,1,0,7,471,267,0,21,26,5,10,46,0,81,70,10.1
Randy Gregory,9493,ED,DEN,6,4,0,,0,2,10,0,0,81.9,76.9,20.6,76.2,64.5,59.4,6,12,0,0,,8.3,1,0,3,0.0,0,2,0,2,0,15,187,181,0,0,181,0,0,6,114,58,4,6,7,1,0,20,0,0,0,
Frank Clark,9496,ED,KC,18,6,0,50.0,2,1,16,1,0,81.3,64.0,41.3,61.1,59.2,36.8,10,37,0,0,12,20.0,9,0,6,65.6,2,9,1,2,0,20,884,882,1,20,835,26,0,2,591,273,0,28,30,5,4,56,0,21,10,10.5
Tyler Lockett,9502,WR,SEA,1,0,0,,0,0,29,0,0,60.7,70.2,60.0,,,,0,0,0,0,,,0,0,1,0.0,0,0,0,0,0,1,1,0,0,0,0,0,0,1,0,0,0,0,0,0,0,0,0,0,0,
P.J. Williams,9511,S,NO,11,7,0,76.9,0,0,20,0,0,64.5,64.0,84.9,77.3,53.2,79.4,0,1,0,0,67,7.1,2,2,0,157.9,10,0,0,39,9,193,298,19,0,0,19,0,207,279,4,101,23,5,19,0,13,1,2,186,108,18.6
Jordan Hicks,9517,LB,MIN,18,27,2,77.6,0,1,18,0,0,52.5,66.7,84.7,71.5,80.2,79.4,2,10,0,1,68,6.3,9,4,0,119.1,59,2,0,805,0,591,991,71,0,0,71,0,4,920,50,350,111,53,106,2,76,14,4,736,571,12.5
Danielle Hunter,9521,ED,MIN,18,13,2,100.0,1,1,18,0,0,84.6,87.1,85.3,80.1,72.3,57.1,12,51,0,0,31,12.1,8,0,2,109.5,7,13,0,20,0,34,966,941,0,6,927,8,0,25,605,327,5,43,45,4,7,76,0,72,40,10.3
Carl Davis Jr.,9523,DI,NE,16,4,0,,0,0,19,1,0,60.0,49.5,8.7,66.8,49.4,29.4,0,4,0,0,,20.0,2,0,3,0.0,0,1,0,0,0,0,218,218,183,35,0,0,0,0,101,117,0,4,4,0,0,5,0,0,0,
Henry Anderson,9526,ED,CAR,11,4,0,,0,0,5,0,0,71.7,65.1,86.0,54.3,66.0,78.0,1,4,0,0,,0.0,0,0,0,0.0,0,0,0,1,0,2,203,202,0,17,152,33,0,1,96,105,0,10,13,3,0,5,0,0,0,
Steven Nelson,9531,CB,HST,15,12,0,60.0,0,1,13,0,0,72.0,66.7,89.7,91.1,39.2,42.1,0,0,0,1,51,19.4,13,6,1,78.3,33,1,0,30,827,487,957,59,0,0,59,0,0,898,1,469,41,13,42,1,55,1,1,366,91,11.1
Angelo Blackson,9533,DI,CHI,15,6,0,,0,0,6,0,0,66.1,35.2,68.2,51.7,30.3,28.2,1,4,0,0,,18.5,5,0,1,0.0,0,0,0,0,0,1,393,391,11,324,4,52,0,2,210,182,0,13,16,2,0,5,0,0,0,
Trey Flowers,9534,ED,MIA,4,1,0,,0,0,17,0,0,60.0,78.0,79.5,72.4,69.1,25.0,1,7,0,0,,50.0,2,0,0,0.0,0,0,0,0,0,0,64,64,19,27,14,4,0,0,46,18,0,0,1,0,0,8,0,0,0,
Za'Darius Smith,9555,ED,MIN,17,7,3,100.0,1,3,18,0,0,51.9,83.3,27.8,85.4,72.5,60.9,15,55,0,0,18,14.0,6,0,6,118.1,3,10,0,83,0,33,822,734,1,25,674,34,0,88,528,261,5,31,30,6,3,80,0,37,22,12.3
Kwon Alexander,9557,LB,NYJ,17,11,0,76.6,0,1,22,0,0,58.5,63.0,79.4,73.6,63.6,54.2,1,3,0,0,41,13.4,9,1,0,96.2,36,1,0,386,2,252,558,44,0,0,44,0,0,514,20,286,126,25,47,5,47,5,0,342,251,9.5
Damien Wilson,9560,LB,CAR,11,9,0,88.9,0,1,5,0,0,57.2,57.1,79.5,69.8,55.6,66.1,0,2,0,0,19,8.8,3,0,1,106.0,8,2,0,197,0,66,204,0,0,0,0,0,4,204,9,129,3,11,22,2,9,4,0,85,46,10.6
Grady Jarrett,9570,DI,ATL,17,16,1,,1,0,2,0,0,63.3,71.3,71.0,73.9,61.4,48.1,10,28,0,0,,10.3,6,0,3,0.0,0,7,0,1,0,1,856,855,153,565,20,117,0,1,487,368,0,29,36,7,0,45,0,0,0,
Adrian Amos,9575,S,GB,17,18,0,75.0,0,0,12,1,0,45.6,53.4,62.7,60.7,69.7,73.2,2,2,0,1,52,7.8,8,2,3,123.8,33,1,0,370,12,531,977,12,0,0,12,0,443,965,10,436,140,22,76,6,44,5,6,307,110,9.3
Bobby McCain,9578,S,WAS,17,16,0,78.3,0,1,32,0,0,69.5,61.4,87.7,58.2,33.9,56.8,1,2,0,0,61,13.5,12,5,1,102.5,36,0,0,195,12,586,970,6,0,0,6,0,353,964,18,366,404,20,61,4,46,3,1,316,163,8.8
Tyeler Davison,9587,DI,LAC,6,0,0,,0,0,27,0,0,,40.6,76.4,56.3,39.4,67.3,0,1,0,0,,0.0,0,0,0,0.0,0,0,0,0,0,0,34,34,5,23,0,6,0,0,18,16,0,1,1,0,0,1,0,0,0,
David Mayo,9602,LB,WAS,10,10,0,75.0,0,0,32,0,0,47.2,54.7,80.6,64.5,62.8,69.6,0,1,0,0,33,3.7,1,1,0,156.3,6,1,0,190,0,94,202,11,0,0,11,0,0,191,5,103,1,9,16,1,8,2,3,112,72,18.7
Quandre Diggs,9633,S,SEA,18,14,0,47.6,0,0,29,0,0,75.0,71.7,70.1,60.4,64.5,61.6,1,1,0,4,26,15.1,13,3,2,60.7,10,0,0,150,6,687,1221,7,0,0,7,0,1012,1214,5,529,46,10,59,0,21,2,2,135,63,13.5
Christian Ringo,9643,DI,NO,2,0,0,,0,0,20,0,0,,30.0,76.6,65.4,28.1,22.7,0,0,0,0,,100.0,1,0,0,0.0,0,0,0,0,0,0,33,33,6,27,0,0,0,0,15,18,0,0,0,0,0,0,0,0,0,
Christian Covington,9649,DI,LAC,4,5,0,,0,0,27,0,0,62.3,34.9,80.9,56.6,30.1,29.6,0,3,0,0,,21.4,3,0,0,0.0,0,0,0,0,0,1,124,124,15,80,2,27,0,0,51,72,0,3,6,1,0,3,0,0,0,
Rakeem Nunez-Roches,9650,DI,TB,18,8,0,100.0,0,0,30,0,0,62.1,56.6,61.8,54.4,58.4,63.6,3,6,0,0,9,5.4,2,0,3,104.2,1,2,0,0,0,8,584,584,116,377,13,78,0,0,296,280,0,21,27,3,1,11,0,9,3,9.0
Neville Hewitt,9836,LB,HST,3,0,0,66.7,0,0,13,0,0,49.0,67.3,73.7,,79.0,78.3,0,0,0,0,20,0.0,0,0,0,91.0,2,0,0,18,0,8,23,1,0,0,1,0,0,22,0,15,4,3,4,1,3,0,0,24,20,12.0
Troy Hill,9881,CB,LA,12,14,1,69.5,0,0,26,0,0,60.5,65.4,85.7,70.6,77.4,65.9,0,0,0,1,39,9.9,7,3,2,102.4,41,0,0,77,452,418,703,2,0,0,2,0,0,701,6,279,172,22,50,2,59,0,3,460,162,11.2
DeShawn Williams,9891,DI,DEN,17,11,4,,0,0,10,0,0,69.0,55.4,74.2,57.9,51.6,54.3,4,8,0,0,,10.5,4,0,1,0.0,0,5,0,0,0,1,598,597,18,334,17,228,0,1,349,248,0,23,23,1,0,17,0,0,0,
Justin Coleman,9892,CB,SEA,2,1,0,75.0,0,0,29,0,0,56.9,59.3,76.4,,69.5,37.7,0,0,0,0,18,28.6,2,0,0,95.3,6,0,0,3,2,49,60,1,0,0,1,0,1,59,0,11,53,2,4,0,8,0,0,59,40,9.8
Dean Marlowe,9966,S,BUF,10,2,0,46.2,0,0,4,0,0,57.8,53.9,29.4,55.1,50.8,52.5,0,0,0,1,62,18.2,4,0,1,95.8,6,0,0,94,5,199,321,10,0,0,10,0,168,311,5,117,43,2,16,0,13,0,2,149,11,24.8
Alex Singleton,9994,LB,DEN,15,39,2,81.8,0,0,10,0,0,73.0,79.1,37.7,68.6,82.6,77.0,3,10,0,0,41,6.5,11,1,2,99.1,54,0,0,643,0,405,771,28,0,0,28,0,0,743,72,294,99,62,118,6,66,13,2,353,223,6.5
Bryce Callahan,10000,CB,LAC,16,9,0,73.0,0,0,27,0,0,63.4,61.9,84.3,64.4,49.0,51.7,2,6,1,3,45,18.8,12,3,2,103.1,46,0,0,62,9,437,653,9,0,0,9,0,1,644,23,193,572,13,43,2,63,8,5,507,216,11.0
T.Y. McGill,10156,DI,SF,12,3,0,,0,0,28,0,0,59.5,45.3,25.8,55.5,48.4,27.8,2,9,0,0,,26.7,4,0,2,0.0,0,0,0,0,0,1,216,216,6,183,0,27,0,0,126,89,0,8,8,4,0,11,0,0,0,
Efe Obada,10235,ED,WAS,17,6,2,,0,0,32,0,0,61.1,55.5,75.2,57.4,52.8,27.6,6,16,0,0,,31.0,9,0,2,0.0,0,4,0,1,0,2,391,389,2,53,308,26,0,2,223,166,0,14,14,0,0,26,0,0,0,
Erik Harris,10346,S,ATL,3,1,0,100.0,0,0,2,0,0,44.6,51.5,94.4,59.6,66.9,78.6,0,0,0,0,12,0.0,0,0,0,104.2,4,0,0,11,3,16,33,2,0,0,2,0,1,31,2,15,15,1,4,0,4,0,0,36,19,9.0
Joey Bosa,10637,ED,LAC,6,2,0,100.0,1,1,27,0,0,50.4,76.0,0.0,84.2,74.2,78.1,4,11,0,0,21,0.0,0,0,5,118.8,1,3,0,2,0,2,203,201,0,0,201,0,0,2,135,66,0,8,6,1,1,18,0,21,16,21.0
Jalen Ramsey,10639,CB,LA,17,18,2,65.1,1,2,26,1,0,77.8,86.4,68.9,91.1,91.8,72.5,1,5,0,4,53,9.1,8,11,6,98.6,56,2,0,112,725,620,1078,22,0,0,22,0,5,1056,23,435,213,27,62,2,86,8,7,712,234,12.7
DeForest Buckner,10641,DI,IND,17,17,3,,0,2,14,1,0,68.8,82.3,61.8,77.7,71.4,67.3,13,34,0,0,,4.3,3,0,3,0.0,0,9,0,6,0,2,874,868,6,593,39,230,0,6,519,353,0,47,50,6,0,56,0,0,0,
Leonard Floyd,10643,ED,LA,17,21,0,81.8,2,0,26,1,0,69.3,65.7,73.4,65.1,58.3,66.5,12,33,0,0,16,10.0,6,0,2,96.6,9,9,0,10,1,79,932,898,0,1,892,5,0,34,481,372,23,21,33,2,11,54,0,79,58,8.8
Eli Apple,10644,CB,CIN,18,11,0,58.2,1,0,7,0,0,55.0,55.7,69.0,64.3,57.8,48.4,0,1,0,0,75,15.0,12,9,5,99.6,53,0,0,104,959,716,1101,5,0,0,5,0,0,1096,3,382,33,13,57,2,91,1,4,749,219,14.1
Sheldon Rankins,10646,DI,NYJ,15,9,0,0.0,0,1,22,0,0,64.7,73.1,87.0,66.1,67.5,50.7,4,17,0,0,,14.3,7,1,0,39.6,0,4,0,0,0,9,558,558,34,241,9,274,0,0,307,242,0,26,33,2,1,25,0,0,0,
Keanu Neal,10651,S,TB,15,12,0,81.5,1,0,30,0,0,63.1,57.7,0.0,74.2,52.5,46.1,4,2,0,1,69,16.9,12,3,5,131.9,22,1,0,233,26,317,580,51,0,0,51,0,172,529,24,239,98,21,47,2,27,7,3,283,148,12.9
Shaq Lawson,10653,ED,BUF,17,9,1,,0,1,4,0,0,67.1,64.2,55.6,62.3,64.1,66.6,7,12,0,0,,6.3,2,0,3,0.0,0,4,0,0,0,13,537,537,0,6,514,17,0,0,316,208,0,14,21,4,0,23,0,0,0,
William Jackson III,10658,CB,WAS,4,2,0,84.2,0,0,32,0,0,48.9,49.6,9.2,84.3,52.3,61.0,0,2,0,0,49,5.9,1,2,4,149.8,16,0,0,20,180,127,204,1,0,0,1,0,0,203,2,75,3,5,14,1,19,2,2,219,60,13.7
Artie Burns,10659,CB,SEA,1,0,0,0.0,0,0,29,0,0,64.4,69.5,73.8,,67.9,,0,0,0,0,,,0,0,0,39.6,0,0,0,1,14,5,16,1,0,0,1,0,0,15,0,11,0,0,0,0,1,0,0,0,0,
Kenny Clark,10661,DI,GB,17,17,0,,0,1,12,1,0,64.0,66.4,59.9,76.3,53.0,47.5,8,32,0,0,,7.7,4,0,3,0.0,0,5,0,2,0,0,807,805,134,462,10,199,0,2,459,348,0,18,31,2,0,45,0,0,0,
Vernon Butler,10664,DI,NYG,1,2,0,,0,0,21,0,0,,47.7,73.4,57.5,50.5,70.8,0,0,0,0,,0.0,0,0,0,0.0,0,0,0,0,0,0,12,12,0,11,0,1,0,0,3,9,0,1,2,0,0,0,0,0,0,
Emmanuel Ogbah,10666,ED,MIA,9,4,0,,0,0,17,0,0,60.0,52.1,50.8,54.5,54.9,65.3,6,8,0,0,,7.1,1,0,2,0.0,0,1,0,0,0,0,326,326,0,33,238,55,0,0,224,102,0,7,9,0,0,15,0,0,0,
Jaylon Smith,10668,LB,NYG,15,33,0,85.3,0,0,21,1,0,46.9,56.4,85.7,70.8,61.6,82.7,1,6,0,0,24,6.1,7,0,0,106.6,29,1,0,674,3,306,724,25,0,0,25,0,0,699,44,374,22,36,74,3,34,8,1,246,143,8.5
Myles Jack,10670,LB,PIT,15,31,1,80.4,1,0,25,0,0,55.8,53.6,55.9,63.7,52.1,76.7,1,4,0,0,43,7.5,9,2,2,115.9,41,0,0,632,7,351,692,21,0,0,21,0,1,671,37,304,31,28,80,1,51,5,3,363,227,8.9
Chris Jones,10671,DI,KC,20,8,3,100.0,2,2,16,1,0,64.0,92.3,53.0,92.2,80.7,61.0,17,63,0,0,-2,9.8,4,0,6,79.2,1,17,0,0,0,1,1079,1079,3,640,102,334,0,0,741,337,0,35,29,6,1,97,0,-2,4,-2.0
Xavien Howard,10672,CB,MIA,16,6,0,66.7,2,0,17,2,1,56.0,59.2,48.9,55.5,84.2,42.7,0,1,0,2,75,14.8,8,12,8,114.6,58,0,0,47,923,704,1047,5,0,0,5,0,2,1042,2,341,70,7,40,1,87,1,6,910,398,15.7
Reggie Ragland,10675,LB,CLV,4,6,0,0.0,0,0,8,0,0,57.3,86.4,76.9,,86.3,84.9,0,0,0,0,,0.0,0,0,0,39.6,0,0,0,67,0,12,68,0,0,0,0,0,0,68,0,56,1,3,8,0,1,0,0,0,0,
Austin Johnson,10677,DI,LAC,8,1,1,,0,0,27,0,0,60.0,55.9,62.0,62.0,52.4,32.1,2,4,0,0,,18.5,5,0,1,0.0,0,1,0,0,0,1,287,287,7,199,4,77,0,0,161,125,0,15,21,2,0,7,0,0,0,
Jihad Ward,10678,ED,NYG,18,7,4,57.1,0,1,21,0,0,38.9,42.1,57.0,49.6,49.8,62.8,11,10,0,0,16,9.3,4,0,3,75.3,4,3,0,11,0,56,740,729,25,85,551,68,0,11,379,305,0,28,32,6,7,24,0,43,32,10.8
A'Shawn Robinson,10680,DI,LA,10,11,0,,0,0,26,0,0,60.8,64.4,85.3,52.3,68.7,54.8,3,2,0,0,,9.3,4,0,0,0.0,0,0,0,0,0,0,360,359,2,92,70,195,0,1,183,177,0,18,28,1,0,5,0,0,0,
Jarran Reed,10683,DI,GB,17,15,0,,1,1,12,2,0,63.3,61.9,76.9,60.5,59.1,50.7,11,18,0,0,,8.9,5,0,1,0.0,0,4,0,0,0,0,705,705,5,346,62,292,0,0,395,310,0,28,36,3,0,33,0,0,0,
Deion Jones,10686,LB,CLV,11,11,0,71.4,0,0,8,0,0,54.4,48.3,83.8,68.6,39.1,44.7,1,4,0,1,29,14.9,7,2,0,88.1,20,3,0,364,2,245,422,18,0,0,18,0,1,404,19,158,37,16,29,3,28,8,1,198,119,9.9
Mackensie Alexander,10688,CB,DAL,1,0,0,100.0,0,0,9,0,0,52.1,53.7,72.2,,60.6,73.0,0,0,0,0,12,0.0,0,0,0,116.7,1,0,0,0,0,7,14,0,0,0,0,0,0,14,0,7,14,0,1,0,1,0,0,12,3,12.0
Vonn Bell,10695,S,CIN,19,19,0,72.9,0,2,7,1,0,68.4,69.3,86.9,68.8,66.1,61.4,2,7,0,4,53,12.5,13,2,0,73.7,35,3,0,483,41,732,1223,56,0,0,56,0,489,1167,38,453,154,24,72,5,48,12,1,445,182,12.7
James Bradberry,10696,CB,PHI,20,2,0,46.9,0,0,24,0,0,77.1,71.7,89.1,,40.4,51.3,0,0,1,4,58,14.5,9,12,3,51.8,46,0,0,113,1094,759,1220,2,0,0,2,0,1,1218,0,461,10,18,51,2,98,0,2,489,159,10.6
Adam Gotsis,10697,DI,JAX,17,7,2,,0,0,15,0,0,57.0,65.0,84.9,69.9,57.7,49.3,6,6,0,0,,10.0,2,0,0,0.0,0,3,0,0,0,0,315,315,20,217,14,64,0,0,163,152,0,9,11,1,0,15,0,0,0,
Kevin Byard,10698,S,TEN,17,26,0,67.3,0,0,31,0,0,81.0,79.5,65.2,62.7,78.0,90.6,1,1,0,4,44,4.7,5,2,1,79.4,33,0,0,393,24,767,1139,15,0,0,15,0,506,1124,15,357,201,18,75,0,49,2,3,409,172,12.4
Carl Nassib,10699,ED,TB,14,3,3,100.0,0,0,30,1,0,60.2,68.8,65.3,64.2,68.9,57.3,2,6,0,0,8,13.6,3,0,1,88.9,3,4,0,0,1,19,275,274,0,11,256,7,0,1,121,135,0,16,16,4,3,12,0,16,22,5.3
Maliek Collins,10701,DI,HST,15,6,1,,1,0,13,0,0,66.3,65.4,27.3,76.1,54.1,48.9,5,28,0,0,,7.7,3,0,5,0.0,0,4,0,0,0,0,601,601,1,369,6,225,0,0,350,251,0,26,30,6,0,37,0,0,0,
Yannick Ngakoue,10703,ED,IND,15,4,0,,0,1,14,0,0,57.3,51.4,84.9,56.9,43.7,42.7,9,23,0,0,,22.7,5,0,1,0.0,0,12,0,0,1,3,733,732,0,1,725,6,0,1,434,296,0,19,13,2,0,44,0,0,0,
Jonathan Bullard,10706,DI,MIN,13,5,0,,0,0,18,0,0,62.7,57.3,46.3,50.9,63.6,76.9,1,3,0,0,,0.0,0,0,2,0.0,0,1,0,0,0,0,333,333,12,199,26,96,0,0,171,162,0,14,18,4,0,5,0,0,0,
Daryl Worley,10711,CB,BLT,4,1,0,50.0,0,0,3,0,0,54.4,55.6,78.7,60.0,63.3,78.8,0,0,0,0,26,0.0,0,2,0,98.8,5,0,0,0,64,48,67,1,0,0,1,0,0,66,1,18,2,1,4,1,10,0,1,52,6,10.4
Kendall Fuller,10718,CB,WAS,17,10,0,55.6,0,0,32,0,0,75.4,76.6,89.4,52.8,73.6,76.0,0,1,2,3,49,7.3,4,7,3,84.5,40,0,0,49,944,622,1030,20,0,0,20,0,0,1010,3,405,17,15,41,1,72,1,4,604,180,15.1
Nick Vigil,10721,LB,ARZ,4,2,0,78.6,0,0,1,0,0,28.8,28.3,76.6,55.0,39.0,53.9,0,0,0,0,35,13.3,2,0,0,138.1,11,0,0,64,2,46,84,6,0,0,6,0,0,78,5,33,12,3,11,1,14,0,1,160,108,14.5
Javon Hargrave,10723,DI,PHI,20,16,3,,0,1,24,2,0,60.9,80.1,67.9,91.1,49.0,63.4,6,48,0,0,,6.7,4,0,3,0.0,0,12,0,0,0,0,809,809,62,523,2,222,0,0,512,297,0,36,40,1,0,66,0,0,0,
Justin Simmons,10732,S,DEN,12,20,0,82.9,0,3,10,1,0,74.3,70.7,55.7,54.0,61.1,57.4,0,1,0,6,56,17.3,14,1,2,101.9,34,0,0,231,6,495,808,13,0,0,13,0,435,795,3,310,123,16,47,3,41,1,4,416,210,12.2
Joe Schobert,10733,LB,TEN,6,3,0,100.0,0,1,31,0,0,48.3,61.5,80.0,64.9,75.9,58.7,0,2,0,0,25,11.8,2,0,0,114.6,10,0,0,81,3,64,121,23,0,0,23,0,0,98,4,53,14,5,12,0,10,2,0,115,86,11.5
Eric Murray,10740,S,HST,12,1,0,75.0,0,0,13,0,0,58.5,65.1,78.3,65.9,69.3,76.2,0,1,0,0,18,5.9,1,0,0,83.3,3,0,0,32,0,55,118,4,0,0,4,0,58,114,0,63,24,5,15,0,4,1,0,18,7,6.0
Miles Killebrew,10745,LB,PIT,5,0,0,,0,0,25,0,0,64.0,70.5,69.1,,66.1,,0,0,0,0,,,0,0,0,0.0,0,0,0,8,0,5,13,2,0,0,2,0,0,11,0,8,3,0,0,0,0,0,0,0,0,
De'Vondre Campbell,10749,LB,GB,13,30,0,81.0,0,0,12,0,0,81.0,75.6,86.1,71.3,60.3,63.7,2,2,1,2,26,10.1,11,1,0,78.4,47,0,0,551,3,360,694,20,0,0,20,0,2,674,28,306,118,27,68,5,58,4,0,363,277,7.7
Hassan Ridgeway,10750,DI,SF,12,12,0,,0,0,28,0,0,63.6,58.8,61.4,62.0,54.5,77.5,2,5,0,0,,0.0,0,0,1,0.0,0,1,0,0,0,1,285,285,21,244,0,20,0,0,160,124,0,12,18,2,0,8,0,0,0,
Juston Burris,10752,S,CAR,5,4,0,37.5,0,0,5,0,0,65.1,63.4,82.0,57.9,55.1,50.3,0,0,0,0,20,17.4,4,1,0,91.7,3,0,0,48,6,139,219,20,0,0,20,0,84,199,2,78,61,2,15,0,8,0,1,36,4,12.0
David Onyemata,10754,DI,NO,17,8,0,,0,0,20,1,0,72.8,64.0,87.5,66.9,53.0,45.1,5,25,0,0,,14.6,6,0,0,0.0,0,5,0,14,0,3,682,667,77,412,6,172,0,15,386,293,0,26,27,1,0,35,0,0,0,
Andrew Billings,10756,DI,LV,14,8,0,,0,0,23,0,0,69.3,76.4,86.5,66.4,72.3,29.5,1,7,0,0,,17.8,8,0,0,0.0,0,2,0,0,0,1,478,478,128,347,0,3,0,0,216,261,0,22,29,3,0,10,0,0,0,
Deon Bush,10758,S,KC,10,0,0,0.0,0,0,16,0,0,79.6,82.6,78.2,54.3,64.4,81.8,0,0,0,0,,0.0,0,1,0,39.6,0,0,0,16,1,52,72,3,0,0,3,0,40,69,3,17,11,1,4,0,1,0,0,0,0,
Blake Martinez,10765,LB,LV,4,4,0,100.0,0,0,23,0,0,30.9,38.4,76.0,55.5,55.9,65.0,0,0,0,0,23,8.7,2,0,0,114.8,9,0,0,96,1,44,105,0,0,0,0,0,0,105,3,58,8,6,17,0,9,0,0,104,45,11.6
Dean Lowry,10771,DI,GB,15,13,1,,0,0,12,0,0,60.2,59.3,86.5,59.2,56.7,64.8,4,12,0,0,,4.5,2,0,0,0.0,0,1,0,0,0,0,482,482,1,182,68,231,0,0,197,285,0,18,29,1,0,17,0,0,0,
Matthew Judon,10780,ED,NE,17,11,2,80.0,1,2,19,1,0,78.7,73.6,53.0,70.2,67.0,65.1,14,38,0,0,11,11.9,5,1,4,90.0,4,17,0,14,2,73,858,829,0,0,829,0,0,29,480,305,13,35,26,4,5,69,0,28,25,7.0
Quinton Jefferson,10781,DI,SEA,18,10,0,,0,0,29,0,0,66.5,47.3,75.1,55.6,39.0,57.3,7,30,0,0,,7.4,2,1,1,0.0,0,6,0,3,0,0,600,597,2,290,31,274,0,3,378,222,0,15,15,2,0,43,0,0,0,
Matt Ioannidis,10786,DI,CAR,13,12,1,,1,0,5,0,0,59.2,66.4,41.3,69.1,63.5,30.6,8,26,0,0,,19.6,9,0,4,0.0,0,1,0,1,0,2,640,639,27,365,33,214,0,1,357,281,0,17,25,4,0,35,0,0,0,
DJ Reader,10800,DI,CIN,13,6,6,,0,1,7,2,0,64.6,85.2,86.5,84.1,70.8,50.3,9,22,0,0,,10.0,4,0,0,0.0,0,1,0,0,0,2,528,528,122,398,1,7,0,0,310,216,0,23,30,1,0,32,0,0,0,
DeAndre Houston-Carson,10819,S,CHI,13,5,0,65.0,0,0,6,0,0,59.6,55.1,85.6,53.8,46.6,58.4,1,0,0,1,23,14.3,6,0,0,76.3,13,0,0,90,7,209,414,12,0,0,12,0,226,402,12,193,78,8,31,2,20,1,1,116,82,8.9
Anthony Brown,10823,CB,DAL,12,5,0,54.3,1,1,9,0,0,54.6,55.0,85.6,,54.0,43.7,0,0,0,0,58,19.1,9,6,3,96.8,44,0,0,89,591,431,728,1,0,0,1,0,1,727,0,297,46,6,33,1,81,0,5,561,171,12.8
Kamu Grugier-Hill,10842,LB,ARZ,11,7,0,78.6,0,0,1,0,0,36.3,29.6,83.0,59.0,28.7,41.8,0,3,0,0,37,16.7,9,1,0,109.0,33,0,0,325,5,226,418,40,0,0,40,0,7,378,20,172,41,18,38,1,42,3,1,347,205,10.5
Elandon Roberts,10848,LB,MIA,18,27,0,88.1,0,0,17,0,0,46.2,55.0,27.4,89.2,61.4,52.5,3,5,0,0,25,13.9,16,0,2,112.8,37,5,0,711,0,339,721,3,0,0,3,0,0,718,29,353,7,41,72,6,42,13,2,305,182,8.2
Kevon Seymour,10852,CB,BLT,1,0,0,0.0,0,0,3,0,0,60.0,39.3,68.9,,60.0,,0,0,0,0,,,0,0,0,39.6,0,0,0,1,5,1,6,0,0,0,0,0,0,6,0,5,0,0,0,0,1,0,0,0,0,
Will Parks,10853,S,NYJ,9,5,0,75.0,0,0,22,0,0,56.8,62.5,80.0,54.4,74.4,51.6,0,0,0,0,22,22.2,4,1,0,99.0,6,0,0,57,3,112,210,1,0,0,1,0,96,209,2,96,53,2,9,0,8,0,0,66,54,11.0
Jalen Mills,10867,CB,NE,10,3,0,60.0,0,0,19,0,0,42.7,44.6,85.7,58.5,53.5,64.9,1,0,0,2,42,9.4,3,3,1,79.2,27,0,0,35,384,287,468,6,0,0,6,0,0,462,1,180,43,9,26,1,45,1,2,333,125,12.3
Dwayne Washington,10870,HB,NO,2,1,0,,0,0,20,0,0,,61.0,60.0,60.0,61.3,68.4,0,0,0,0,,0.0,0,0,0,0.0,0,0,0,0,0,0,2,0,0,0,0,0,0,2,1,1,0,0,0,0,0,0,0,0,0,
Jayron Kearse,10878,S,DAL,16,11,0,72.7,2,1,9,2,0,68.4,71.9,66.8,63.5,75.2,89.9,0,9,0,2,25,3.5,3,5,3,76.5,40,2,0,347,35,498,922,118,0,0,118,0,186,804,41,383,236,31,71,6,55,11,0,382,234,9.6
Clayton Fejedelem,10879,S,MIA,8,1,0,50.0,0,0,17,0,0,50.0,53.9,71.8,56.3,69.1,79.8,0,0,0,0,13,0.0,0,1,0,62.5,3,0,0,22,2,23,38,1,0,0,1,0,6,37,2,13,5,1,4,0,6,0,0,27,2,9.0
Tyler Matakevich,10880,LB,BUF,1,0,0,,0,0,4,0,0,60.0,76.0,66.2,,60.0,,0,0,0,0,,,0,0,0,0.0,0,0,0,3,0,1,3,0,0,0,0,0,0,3,0,2,0,0,0,0,0,0,0,0,0,
Mike Hilton,10898,CB,CIN,17,7,1,71.8,0,0,7,0,0,64.3,67.1,62.4,60.6,76.2,67.6,6,4,0,1,32,11.1,9,5,3,98.3,56,1,0,75,19,538,846,17,0,0,17,0,7,829,61,247,728,34,65,6,78,11,2,621,271,11.1
Matthias Farley,10953,S,LV,5,0,0,100.0,0,0,23,0,0,63.1,65.7,69.3,,60.0,72.5,0,0,0,0,7,0.0,0,0,0,95.8,1,0,0,1,1,7,8,0,0,0,0,0,5,8,0,1,0,0,1,0,1,0,0,7,7,7.0
Justin Zimmer,10975,DI,MIA,5,2,0,,0,0,17,0,0,,54.5,76.9,56.4,55.0,68.8,0,0,0,0,,0.0,0,0,0,0.0,0,0,0,0,0,0,40,40,0,26,2,12,0,0,23,17,0,0,0,0,0,0,0,0,0,
Kyle Peko,11027,DI,LV,8,4,1,,0,0,23,0,0,59.5,57.4,81.9,63.0,52.7,56.9,0,3,0,0,,8.3,1,0,0,0.0,0,0,0,0,0,1,153,153,13,119,1,20,0,0,78,74,0,5,7,0,0,3,0,0,0,
Michael Pierce,11101,DI,BLT,3,0,0,,0,1,3,0,0,76.5,86.9,79.8,71.1,74.3,72.3,1,3,0,0,,0.0,0,0,0,0.0,0,0,0,0,0,2,91,91,39,46,0,6,0,0,57,32,0,4,5,0,0,4,0,0,0,
Stephen Anderson,11160,TE,ARZ,1,0,0,,0,0,1,0,0,,61.4,60.1,,60.0,,0,0,0,0,,,0,0,0,0.0,0,0,0,0,0,0,1,0,0,0,0,0,0,1,0,1,0,0,0,0,0,0,0,0,0,
Morgan Fox,11184,DI,LAC,18,8,0,,0,0,27,0,0,63.3,63.5,75.4,69.6,50.8,49.0,6,29,0,0,,10.0,4,0,1,0.0,0,7,0,3,0,1,614,611,30,282,77,222,0,3,388,225,0,24,28,3,0,42,0,0,0,
Cory Littleton,11190,LB,CAR,15,12,0,76.5,1,0,5,0,0,67.8,72.2,83.2,64.4,70.0,46.2,1,2,0,0,24,14.3,7,2,1,112.1,13,1,0,290,1,147,372,46,0,0,46,0,0,326,25,200,35,17,30,1,17,4,1,109,73,8.4
Jonathan Jones,11217,CB,NE,16,10,0,54.0,1,3,19,0,0,67.9,68.1,43.5,,70.0,78.8,0,0,1,4,49,5.6,4,5,8,77.0,47,0,0,70,778,570,914,10,0,0,10,0,5,904,0,344,51,17,57,0,87,0,6,545,214,11.6
Andrew Adams,11240,S,TEN,13,11,0,75.6,0,0,31,0,0,74.8,70.9,89.9,62.6,51.3,43.0,1,3,1,1,32,19.7,15,1,0,110.0,31,0,0,216,20,506,726,8,0,0,8,0,395,718,12,208,87,12,50,0,41,4,3,302,176,9.7
Romeo Okwara,11250,ED,DET,5,4,0,,0,0,11,0,0,61.7,56.3,84.1,53.5,57.9,76.8,0,4,0,0,,0.0,0,0,0,0.0,0,2,0,0,0,6,119,119,0,0,119,0,0,0,69,44,0,4,3,0,0,6,0,0,0,
Brandin Bryant,11280,DI,BUF,4,0,0,,0,0,4,0,0,60.0,32.7,80.3,53.0,31.4,70.9,0,0,0,0,,0.0,0,0,0,0.0,0,0,0,0,0,0,74,74,13,55,0,6,0,0,33,41,0,1,3,0,0,0,0,0,0,
Antwaun Woods,11332,DI,ARZ,1,0,0,,0,0,1,0,0,,69.3,72.6,55.7,69.7,69.8,0,0,0,0,,0.0,0,0,0,0.0,0,0,0,0,0,0,13,13,6,6,0,1,0,0,6,7,0,1,2,1,0,0,0,0,0,
Roy Robertson-Harris,11341,DI,JAX,19,8,5,,1,0,15,0,0,74.7,66.1,50.3,63.2,63.5,35.0,9,24,0,0,,15.3,9,2,4,0.0,0,4,0,2,0,3,821,819,14,480,60,265,0,2,462,356,0,36,42,9,0,37,0,0,0,
C.J. Ham,11347,FB,MIN,2,0,0,,0,0,18,0,0,,60.0,60.0,,60.0,,0,0,0,0,,,0,0,0,0.0,0,0,0,0,0,0,2,0,0,0,0,0,0,2,0,2,0,0,0,0,0,0,0,0,0,
Antonio Hamilton Sr.,11353,CB,ARZ,10,1,0,72.5,0,0,1,0,0,69.4,68.5,85.6,48.6,59.7,59.4,0,1,0,1,64,13.6,6,3,1,100.0,29,0,0,18,322,293,420,6,0,0,6,0,1,414,6,121,72,12,37,0,40,1,2,300,156,10.3
Myles Garrett,11756,ED,CLV,16,11,3,,1,2,8,0,0,75.7,92.5,50.8,93.5,68.6,66.0,8,47,0,0,,9.5,4,0,5,0.0,0,18,0,12,0,4,816,804,0,15,734,55,0,12,490,322,0,39,27,3,0,73,0,0,0,
Solomon Thomas,11758,DI,NYJ,17,7,0,,0,0,22,0,0,61.8,49.9,67.8,55.4,47.8,57.5,3,7,0,0,,8.0,2,0,1,0.0,0,1,0,0,0,4,374,374,2,284,0,88,0,0,192,178,0,12,16,2,0,11,0,0,0,
Jamal Adams,11761,S,SEA,1,0,0,,0,0,29,0,0,81.0,87.0,73.2,60.0,58.0,80.0,1,0,0,0,,0.0,0,1,0,0.0,0,0,0,5,0,8,15,0,0,0,0,0,9,15,1,6,1,0,3,0,0,1,0,0,0,
Marshon Lattimore,11766,CB,NO,7,3,0,54.8,1,0,20,0,0,70.1,64.7,0.0,,52.2,69.0,0,0,1,1,39,10.7,3,3,5,58.9,17,0,0,31,364,232,415,5,0,0,5,0,0,410,0,183,15,7,22,0,31,0,0,183,49,10.8
Haason Reddick,11768,ED,PHI,20,3,0,75.0,2,7,24,4,0,46.1,84.6,64.3,90.7,63.4,29.4,13,53,0,0,28,32.0,16,2,3,128.8,9,21,0,13,1,66,926,863,0,1,862,0,0,63,512,348,49,35,31,3,12,87,1,105,71,11.7
Derek Barnett,11769,ED,PHI,1,0,0,,0,0,24,0,0,,55.5,75.9,53.6,59.4,,0,0,0,0,,,0,0,0,0.0,0,0,0,0,0,0,12,11,0,0,11,0,0,1,5,7,1,0,0,0,0,0,0,0,0,
Malik Hooker,11770,S,DAL,18,14,0,80.0,0,0,9,1,1,74.8,76.2,89.4,55.5,76.0,90.1,0,1,0,3,31,5.0,4,1,0,82.4,12,0,0,87,5,611,1008,9,0,0,9,0,837,999,2,395,70,12,62,3,15,1,1,119,10,9.9
Marlon Humphrey,11771,CB,BLT,18,14,0,67.6,2,1,3,2,0,75.6,76.8,89.0,91.5,64.0,74.3,1,2,0,3,51,7.5,6,2,5,74.5,50,3,0,96,823,702,1107,15,0,0,15,0,5,1092,10,395,168,19,60,1,74,6,0,586,150,11.7
Jonathan Allen,11772,DI,WAS,16,13,2,100.0,0,2,32,0,0,61.5,80.1,77.5,81.1,66.5,59.2,9,30,0,1,15,9.5,6,0,1,79.2,1,8,0,2,0,8,802,800,11,558,12,219,0,2,482,312,0,43,44,12,1,47,0,15,7,15.0
Adoree' Jackson,11773,CB,NYG,12,9,0,57.8,0,1,21,2,0,71.0,70.8,87.2,58.3,62.7,65.7,0,0,0,0,56,12.9,9,8,3,85.9,37,0,0,29,576,414,673,3,0,0,3,0,2,670,1,258,63,15,52,3,64,0,2,388,123,10.5
Jarrad Davis,11776,LB,NYG,6,5,1,80.0,1,0,21,0,0,59.3,58.3,0.0,72.9,59.9,37.3,1,3,0,0,25,18.2,4,0,2,110.0,4,0,0,164,0,77,201,24,0,0,24,0,0,177,23,101,13,5,13,1,5,4,0,52,11,13.0
Charles Harris,11777,ED,DET,6,3,1,100.0,0,1,11,0,0,56.5,56.4,88.2,64.3,45.3,78.0,3,7,0,0,15,0.0,0,0,0,158.3,1,1,1,0,1,14,259,257,0,1,255,1,0,2,152,93,1,5,9,2,1,11,1,15,1,15.0
Jabrill Peppers,11780,S,NE,17,15,0,85.0,0,0,19,1,0,67.1,75.0,44.0,64.1,84.6,79.4,0,0,0,0,27,3.6,2,1,2,97.5,17,0,0,186,28,211,398,41,0,0,41,0,42,357,21,166,101,20,38,2,20,0,0,148,105,8.7
Takk McKinley,11781,ED,DAL,3,2,0,,0,0,9,0,0,,66.6,74.9,60.4,65.5,72.8,0,0,0,0,,0.0,0,0,0,0.0,0,0,0,0,0,0,18,18,0,0,18,0,0,0,9,9,0,0,0,0,0,0,0,0,0,
Tre'Davious White,11782,CB,BUF,8,3,0,54.8,1,0,4,0,0,56.7,58.9,85.0,52.2,67.1,61.7,0,1,0,1,32,10.3,3,5,5,73.2,23,0,0,34,407,280,449,4,0,0,4,0,0,445,4,165,4,6,23,0,42,1,1,277,89,12.0
Taco Charlton,11783,ED,CHI,5,1,0,,0,0,6,0,0,62.4,44.0,80.8,51.9,39.9,73.5,0,1,0,0,,0.0,0,0,0,0.0,0,0,0,1,0,4,67,66,1,2,57,6,0,1,40,23,0,1,2,0,0,1,0,0,0,
T.J. Watt,11785,ED,PIT,10,5,4,100.0,0,1,25,0,0,83.9,82.1,62.9,71.5,77.1,69.4,4,20,0,2,6,8.6,3,0,2,52.1,1,7,0,9,0,19,502,484,0,1,482,1,0,18,294,189,9,25,27,4,1,31,0,6,3,6.0
Budda Baker,11791,S,ARZ,15,27,0,80.0,0,1,1,0,0,69.1,73.7,87.4,59.0,80.2,66.5,2,8,0,2,39,12.0,15,3,0,109.3,28,0,0,349,18,548,969,41,0,0,41,0,413,928,65,356,148,30,83,2,35,10,3,318,240,11.4
Marcus Maye,11794,S,NO,10,9,0,53.8,0,1,20,0,0,71.3,71.8,89.2,54.6,67.2,79.3,0,0,0,0,24,8.1,5,2,1,96.3,7,0,0,97,12,394,669,33,0,0,33,0,456,636,5,270,70,8,48,0,13,0,1,74,19,10.6
Marcus Williams,11797,S,BLT,11,12,0,66.7,0,0,3,1,0,72.0,73.9,91.9,60.2,72.8,89.0,0,2,0,4,22,4.8,3,4,0,42.9,16,0,0,106,5,442,695,25,0,0,25,0,498,670,8,245,61,6,48,2,24,2,0,143,80,8.9
Sidney Jones IV,11798,CB,LV,10,2,0,58.3,2,0,23,0,0,44.6,51.3,79.1,63.0,74.6,83.7,0,0,0,0,22,0.0,0,1,3,83.3,7,0,0,14,77,71,109,2,0,0,2,0,0,107,1,37,16,2,10,0,12,0,0,94,10,13.4
Quincy Wilson,11801,CB,PIT,1,0,0,,0,0,25,0,0,51.7,52.7,72.7,,60.0,,0,0,0,0,,,0,0,0,0.0,0,0,0,0,11,8,11,0,0,0,0,0,0,11,0,3,0,0,0,0,0,0,0,0,0,
Tyus Bowser,11802,ED,BLT,10,7,1,33.3,0,1,3,0,0,60.5,60.0,67.0,65.5,51.4,46.6,5,8,0,0,14,19.0,4,0,1,46.5,2,3,0,16,2,61,390,365,0,0,364,1,0,25,176,153,7,10,10,2,6,16,0,24,11,12.0
Ryan Anderson,11804,ED,PIT,5,0,0,,0,0,25,0,0,,49.3,77.2,49.8,56.4,69.9,0,0,0,0,,0.0,0,0,0,0.0,0,0,0,3,0,0,28,25,0,0,25,0,0,3,15,13,0,1,1,1,0,0,0,0,0,
Justin Evans,11805,S,NO,13,4,0,66.7,0,1,20,0,0,63.9,61.0,38.5,51.0,55.0,55.2,0,0,0,0,41,14.3,4,1,2,98.7,18,0,0,59,4,257,391,17,0,0,17,0,176,374,6,128,135,10,20,2,27,0,1,186,99,10.3
DeMarcus Walker,11806,DI,TEN,17,4,0,,0,0,31,0,0,58.8,72.8,86.7,67.4,68.7,60.0,8,16,0,0,,7.7,2,0,0,0.0,0,8,0,1,0,1,427,426,12,124,107,183,0,1,274,152,0,21,20,3,0,32,0,0,0,
Teez Tabor,11808,S,SEA,7,2,0,66.7,1,0,29,0,0,62.4,58.5,78.3,60.0,44.5,64.2,0,0,0,0,27,11.1,1,0,1,100.7,2,0,0,25,4,77,102,0,0,0,0,0,60,102,1,24,12,1,6,0,3,0,0,31,12,15.5
Raekwon McMillan,11809,LB,NE,15,3,0,76.2,0,0,19,1,1,41.9,42.7,81.3,66.3,48.4,51.4,0,2,0,0,23,16.1,5,0,0,93.0,16,1,0,226,7,146,250,8,0,0,8,0,0,242,14,90,9,10,23,4,21,3,0,138,103,8.6
Dalvin Tomlinson,11810,DI,MIN,14,12,0,,0,1,18,1,0,60.0,77.0,87.9,77.6,65.0,44.1,7,20,0,0,,12.8,6,0,1,0.0,0,3,0,0,0,0,604,604,35,459,14,96,0,0,348,256,0,26,29,5,0,30,0,0,0,
Zach Cunningham,11812,LB,TEN,6,8,1,78.9,0,0,31,0,0,65.9,60.3,78.4,58.9,52.0,61.0,0,1,0,0,22,14.8,4,0,0,128.1,15,0,0,188,3,112,205,8,0,0,8,0,0,197,10,83,6,8,15,0,19,1,2,120,99,8.0
Tanoh Kpassagnon,11814,ED,NO,15,3,0,,1,0,20,0,0,60.9,54.5,71.0,56.0,53.6,52.5,2,10,0,0,,10.7,3,0,1,0.0,0,4,0,0,0,1,356,356,19,0,304,33,0,0,198,157,0,9,22,2,0,16,0,0,0,
Chidobe Awuzie,11815,CB,CIN,8,3,0,41.9,0,1,7,0,0,73.1,69.9,85.9,,48.7,61.3,0,0,0,0,64,12.8,5,6,4,58.2,18,0,0,24,422,286,471,4,0,0,4,0,2,467,0,185,19,7,31,0,43,0,0,219,20,12.2
Josh Jones,11816,S,SEA,11,7,0,72.2,0,0,29,1,0,53.4,52.0,82.5,64.9,49.3,30.0,1,1,0,0,81,25.0,10,1,0,132.9,13,0,0,110,7,245,376,13,0,0,13,0,201,363,4,127,45,7,23,0,18,2,1,229,141,17.6
Larry Ogunjobi,11820,DI,PIT,16,17,0,,0,0,25,0,0,,61.7,77.2,57.5,62.8,45.5,9,19,0,0,,11.8,6,0,1,0.0,0,2,0,1,0,0,636,635,16,414,39,166,0,1,384,252,0,23,28,6,0,30,0,0,0,
Ahkello Witherspoon,11821,CB,PIT,4,3,0,75.9,0,0,25,0,0,42.8,45.4,82.4,,61.5,58.6,0,0,0,1,44,13.6,3,1,1,128.4,22,0,0,15,221,162,248,1,0,0,1,0,1,247,0,86,10,2,16,0,29,0,4,264,61,12.0
Dawuane Smoot,11823,ED,JAX,15,4,0,0.0,0,1,15,1,0,54.9,70.3,73.2,73.4,56.4,31.6,6,24,0,0,,30.0,6,1,1,39.6,0,6,0,6,0,14,445,437,0,72,276,89,0,8,299,132,2,11,10,3,2,36,0,0,0,
Jordan Willis,11828,ED,SF,12,3,0,,0,1,28,1,0,61.1,66.2,88.1,63.4,61.1,64.0,3,9,0,0,,10.0,1,0,0,0.0,0,2,0,1,0,1,266,265,0,2,255,8,0,1,171,94,0,8,6,2,0,14,0,0,0,
Chris Wormley,11829,DI,PIT,13,7,0,,0,1,25,1,0,,74.3,85.3,59.1,78.2,63.9,1,9,0,0,,3.7,1,0,0,0.0,0,1,0,0,0,0,338,338,4,183,43,108,0,0,194,144,0,15,19,3,0,11,0,0,0,
Duke Riley,11830,LB,MIA,18,13,0,75.8,1,0,17,0,0,59.6,57.1,84.5,56.4,50.8,55.2,1,7,0,0,33,11.9,5,2,1,108.8,25,1,0,312,9,271,380,35,0,0,35,0,3,345,33,76,19,12,24,2,33,9,2,185,109,7.4
Alex Anzalone,11831,LB,DET,17,41,0,80.0,1,1,11,1,0,58.9,59.2,49.4,65.2,58.5,53.9,5,14,0,1,43,12.5,17,2,3,90.8,32,2,0,952,10,569,1076,46,0,0,46,0,10,1030,90,417,58,34,78,6,40,21,0,332,212,10.4
Tarell Basham,11835,ED,TEN,7,4,0,,0,0,31,0,0,62.3,73.7,83.8,67.5,69.7,74.9,1,9,0,0,,0.0,0,0,0,0.0,0,0,0,4,0,3,165,161,1,1,159,0,0,4,106,56,0,0,0,0,0,10,0,0,0,
Fabian Moreau,11836,CB,NYG,16,12,0,60.8,1,0,21,0,0,56.1,56.5,64.5,58.5,58.8,69.6,0,0,0,0,28,9.5,7,7,5,103.3,48,0,0,54,722,536,860,6,0,0,6,0,2,854,1,323,76,14,55,0,79,0,5,560,184,11.7
Shaquill Griffin,11845,CB,JAX,5,5,0,68.8,0,0,15,0,0,61.9,61.8,84.7,,57.1,56.1,0,0,0,0,49,16.1,5,5,3,125.0,22,0,0,7,289,209,336,8,0,0,8,0,0,328,0,127,32,5,21,2,32,0,3,264,76,12.0
Jourdan Lewis,11846,CB,DAL,6,5,0,82.8,0,0,9,0,0,55.9,59.1,83.6,67.3,66.0,65.5,0,0,0,1,24,11.1,3,0,1,95.4,24,1,0,25,13,206,315,17,0,0,17,0,3,298,4,105,257,9,19,0,29,1,1,220,187,9.2
John Johnson III,11847,S,CLV,17,13,0,57.9,0,2,8,2,0,66.6,62.8,45.4,62.1,56.4,50.5,1,1,0,1,42,15.6,17,3,2,77.7,22,1,0,250,4,586,1056,10,0,0,10,0,689,1046,6,464,102,22,79,4,38,3,1,270,118,12.3
Montravius Adams,11848,DI,PIT,17,4,1,,0,0,25,0,0,60.1,48.9,19.4,65.2,46.8,77.0,0,4,0,0,,0.0,0,0,3,0.0,0,0,0,0,0,0,281,281,170,105,0,6,0,0,141,140,0,13,21,1,0,4,0,0,0,
Cameron Sutton,11850,CB,PIT,16,6,0,50.7,0,0,25,0,0,70.4,71.6,88.2,37.7,73.6,50.9,0,2,0,3,32,14.0,7,8,3,69.6,36,0,0,71,655,569,931,12,0,0,12,0,8,919,4,358,185,15,37,1,71,2,4,411,132,11.4
Rasul Douglas,11854,CB,GB,17,8,0,67.1,0,1,12,0,0,71.5,71.1,23.0,73.3,71.5,70.2,0,0,0,4,53,9.9,8,7,7,84.0,49,1,0,82,612,526,915,20,0,0,20,0,2,895,4,385,198,32,65,4,73,1,4,536,183,10.9
Trey Hendrickson,11858,ED,CIN,18,6,0,62.5,0,3,7,0,0,76.1,82.9,50.9,87.7,58.8,61.3,19,46,0,0,20,12.9,4,1,4,76.0,5,9,0,0,3,41,732,728,0,10,705,13,0,4,456,235,1,24,21,2,8,74,0,42,22,8.4
Jaleel Johnson,11864,DI,ATL,9,3,0,,0,0,2,1,0,69.2,43.6,83.0,56.4,38.5,40.6,0,2,0,0,,11.8,2,0,0,0.0,0,1,0,0,0,0,181,181,28,145,0,8,0,0,75,106,0,9,12,1,0,3,0,0,0,
Eddie Jackson,11867,S,CHI,12,12,0,50.0,0,2,6,0,0,74.3,76.2,87.3,54.4,73.5,70.7,0,0,0,4,30,12.8,12,3,1,69.0,8,0,0,149,6,368,697,7,0,0,7,0,473,690,5,324,61,9,70,1,16,0,3,97,23,12.1
Rayshawn Jenkins,11868,S,JAX,19,36,3,79.0,0,2,15,0,0,45.8,53.7,85.1,71.4,62.4,40.0,1,7,1,3,62,18.3,28,4,0,89.4,49,1,0,504,73,743,1263,34,0,0,34,0,421,1229,33,487,231,30,89,5,62,9,1,559,251,11.4
Carl Lawson,11871,ED,NYJ,17,6,0,100.0,1,1,22,1,0,60.7,66.8,74.0,72.8,48.8,40.6,16,25,0,0,12,19.2,5,0,2,116.7,1,8,0,2,0,5,663,661,0,1,655,5,0,2,432,226,0,19,15,3,1,49,0,12,5,12.0
Mack Hollins,11873,WR,LV,2,0,0,,0,0,23,0,0,60.0,60.0,64.4,,60.0,,0,0,0,0,,,0,0,7,0.0,0,0,0,0,0,1,2,0,0,0,0,0,2,2,0,1,0,0,0,0,0,0,0,0,0,
Jalen Reeves-Maybin,11879,LB,HST,7,3,0,100.0,0,0,13,0,0,33.3,41.7,76.2,56.6,65.3,45.2,0,0,0,0,20,16.7,2,0,0,144.8,8,0,0,70,1,53,88,2,0,0,2,0,0,86,3,32,15,5,7,0,8,0,1,74,28,9.3
Samson Ebukam,11880,ED,SF,18,6,0,,0,1,28,1,0,54.5,63.7,73.7,65.3,57.4,40.3,9,35,0,0,,17.9,7,0,2,0.0,0,6,0,10,0,9,681,671,0,11,640,20,0,10,428,244,0,28,26,3,0,50,0,0,0,
Deatrich Wise Jr.,11886,ED,NE,17,22,3,100.0,0,2,19,0,0,63.2,74.9,89.5,76.4,59.7,56.4,5,43,0,0,8,11.5,7,0,1,100.0,1,8,0,3,0,11,828,824,2,155,350,317,0,4,506,311,1,26,32,2,1,56,0,8,6,8.0
Carlos Watkins,11897,DI,DAL,14,11,1,,0,1,9,0,0,66.7,57.0,41.2,61.9,54.0,59.4,0,9,0,0,,9.4,3,0,2,0.0,0,0,0,0,0,0,303,303,42,251,0,10,0,0,136,167,0,10,18,3,0,9,0,0,0,
Grover Stewart,11899,DI,IND,17,15,3,,0,0,14,1,0,67.0,69.0,80.5,57.6,68.9,52.7,3,10,0,0,,9.5,7,0,1,0.0,0,4,0,0,0,1,781,779,101,668,1,9,0,2,394,386,0,38,52,8,0,17,0,0,0,
Damontae Kazee,11904,S,PIT,9,5,0,50.0,0,0,25,0,0,78.6,81.0,19.8,52.7,79.6,90.1,0,0,0,2,15,0.0,0,0,1,29.2,2,0,0,17,0,193,273,11,0,0,11,0,224,262,4,76,21,2,14,0,4,0,0,24,12,12.0
Desmond King II,11906,CB,HST,17,18,1,72.4,1,0,13,2,0,71.8,73.2,67.0,80.0,69.8,59.8,2,3,0,2,39,13.4,13,6,8,89.2,42,0,0,36,505,511,916,37,0,0,37,0,4,879,12,393,334,28,66,9,58,5,2,413,192,9.8
Jayon Brown,11910,LB,LV,8,6,0,90.0,0,0,23,1,0,53.0,40.2,81.1,46.6,30.0,47.9,1,1,0,0,27,15.7,8,1,0,102.2,27,0,0,356,4,237,423,17,0,0,17,0,3,406,20,166,43,7,37,0,30,2,0,256,177,9.5
Nate Hairston,11913,CB,ARZ,1,1,0,,0,0,1,0,0,60.0,64.9,66.1,,61.5,71.7,0,0,0,0,,0.0,0,0,0,0.0,0,0,0,1,2,1,3,0,0,0,0,0,0,3,0,2,0,0,0,0,0,0,0,0,0,
Anthony Walker Jr.,11916,LB,CLV,3,3,0,60.0,0,0,8,0,0,90.0,82.7,82.3,55.1,56.2,59.7,0,8,0,0,20,13.3,2,1,0,64.6,6,0,0,106,1,72,120,5,0,0,5,0,1,115,9,39,6,9,10,5,10,8,0,20,11,3.3
Matt Milano,11918,LB,BUF,17,27,0,72.8,0,0,4,2,0,83.2,77.1,68.0,80.3,59.3,48.1,8,11,1,3,25,16.5,23,6,2,73.1,59,5,0,884,13,648,1090,78,0,0,78,0,0,1012,73,369,115,57,89,13,81,24,0,500,389,8.5
Trent Taylor,11932,WR,CIN,1,0,0,,0,0,7,0,0,,60.0,60.0,,60.0,,0,0,0,0,,,0,0,1,0.0,0,0,0,0,0,0,1,0,0,0,0,0,0,1,0,1,0,0,0,0,0,0,0,0,0,
Davon Godchaux,11934,DI,NE,17,21,0,,0,0,19,0,0,58.2,53.1,76.7,54.5,52.9,50.6,1,14,0,0,,8.8,6,0,1,0.0,0,2,0,0,0,2,659,659,374,229,11,45,0,0,328,329,0,29,41,2,0,17,0,0,0,
Nathan Gerry,11940,LB,WAS,1,0,0,,0,0,32,0,0,,59.9,60.0,,60.0,,0,0,0,0,,,0,0,0,0.0,0,0,0,0,0,0,1,0,0,0,0,0,0,1,0,1,0,0,0,0,0,0,0,0,0,
Chuck Clark,11941,S,BLT,18,29,0,67.4,1,1,3,1,0,61.1,66.1,68.0,56.3,77.4,88.3,0,3,0,0,28,6.4,7,4,4,98.6,29,0,0,331,30,721,1149,77,0,0,77,0,531,1072,26,402,180,19,73,0,43,3,2,256,161,8.8
Tanzel Smart,11944,DI,NYJ,3,1,0,,0,0,22,0,0,,34.6,77.3,52.3,37.0,71.0,0,0,0,0,,0.0,0,0,0,0.0,0,0,0,0,0,0,49,49,1,39,0,9,0,0,19,30,0,1,2,0,0,0,0,0,0,
Xavier Woods,11946,S,CAR,15,17,0,58.6,1,0,5,2,0,64.0,63.5,23.7,53.7,67.9,68.2,1,2,0,0,26,11.7,11,5,4,81.3,17,1,0,395,19,551,1001,49,0,0,49,0,438,952,26,424,100,15,66,1,29,4,0,211,88,12.4
Tanner Vallejo,11950,LB,ARZ,16,13,0,66.7,0,0,1,0,0,47.9,41.1,79.7,56.2,42.8,30.7,2,0,0,0,14,20.5,8,1,0,84.3,10,0,0,264,1,94,282,3,0,0,3,0,0,279,9,179,12,9,18,1,15,2,0,96,90,9.6
Al-Quadin Muhammad,11951,ED,CHI,16,9,1,,0,1,6,0,0,64.0,53.9,91.1,46.7,57.0,45.7,2,16,0,0,,14.7,5,0,0,0.0,0,1,0,0,0,16,609,608,0,2,590,16,0,1,289,304,0,13,20,2,0,19,0,0,0,
D.J. Jones,11953,DI,DEN,15,7,5,,0,0,10,0,0,60.6,63.6,74.8,65.5,57.4,30.0,1,27,0,0,,16.2,6,0,1,0.0,0,2,0,1,0,0,558,557,227,291,1,38,0,1,349,209,0,22,24,1,0,30,0,0,0,
Jeremiah Ledbetter,11960,DI,JAX,1,0,0,,0,0,15,0,0,60.0,63.3,72.7,67.3,57.8,66.8,1,0,0,0,,,0,0,0,0.0,0,1,0,0,0,1,11,11,6,4,0,1,0,0,6,4,0,0,0,0,0,2,0,0,0,
Rudy Ford,11963,S,GB,14,3,0,63.2,0,1,12,1,0,77.8,74.6,42.3,64.4,58.9,61.6,0,0,0,3,84,13.3,6,1,1,106.8,12,0,0,69,1,266,443,3,0,0,3,0,308,440,1,176,61,9,36,1,19,0,3,249,115,20.8
Ifeadi Odenigbo,11975,ED,TB,14,6,0,,0,0,30,0,0,70.5,54.8,24.0,67.4,43.0,63.9,4,11,0,0,,6.7,1,0,3,0.0,0,4,0,1,0,2,262,260,0,10,235,15,0,2,160,100,1,7,8,2,0,19,0,0,0,
Isaac Rochell,11980,ED,LV,7,1,0,100.0,0,0,23,0,0,66.8,49.7,84.7,51.6,44.6,48.4,2,4,0,0,-6,13.3,2,0,0,79.2,1,0,0,1,0,6,137,136,0,1,122,13,0,1,62,69,0,6,12,1,1,6,0,-6,2,-6.0
Elijah Lee,11987,LB,CHI,1,0,0,100.0,0,0,6,0,0,43.9,43.8,69.3,57.8,63.0,22.6,0,0,0,0,22,100.0,1,0,0,118.8,1,0,0,7,0,4,8,0,0,0,0,0,0,8,1,3,1,0,0,0,1,0,0,22,27,22.0
Patrick O'Connor,12005,DI,TB,12,3,0,,0,0,30,0,0,60.0,43.9,85.3,51.2,42.8,24.1,1,6,0,0,,45.5,5,0,0,0.0,0,0,0,0,0,0,103,102,4,52,30,16,0,1,58,45,0,3,3,1,0,7,0,0,0,
Michael Davis,12040,CB,LAC,15,11,0,51.3,0,0,27,0,0,74.7,73.8,86.5,77.6,61.8,75.6,0,1,0,1,60,7.0,5,12,2,75.3,41,1,0,104,717,478,837,3,0,0,3,0,0,834,3,356,13,9,55,1,80,2,3,445,121,10.9
Jacob Hollister,12051,TE,LV,1,0,0,,0,0,23,0,0,,60.0,60.0,,60.0,,0,0,0,0,,,0,0,0,0.0,0,0,0,0,0,0,1,0,0,0,0,0,0,1,0,1,0,0,0,0,0,0,0,0,0,
Greg Mabin,12068,CB,TEN,5,3,0,66.7,0,0,31,0,0,57.0,56.3,79.3,,51.6,52.5,0,0,0,0,35,14.3,2,0,0,96.3,10,0,0,5,100,83,108,0,0,0,0,0,0,108,0,25,3,2,9,0,15,0,0,139,20,13.9
Josh Tupou,12093,DI,CIN,14,9,0,,0,0,7,0,0,63.4,56.6,84.7,52.0,56.9,56.9,1,4,0,0,,11.5,3,0,0,0.0,0,2,0,0,0,0,334,334,72,257,1,4,0,0,169,165,0,8,14,0,0,7,0,0,0,
Taysom Hill,12112,TE,NO,2,0,0,,0,0,20,1,0,,60.0,60.0,60.0,60.0,,0,0,0,0,,,0,0,1,0.0,0,0,0,0,0,0,2,0,0,0,0,0,0,2,1,1,0,0,0,0,0,0,0,0,0,
Arthur Maulet,12224,CB,PIT,17,9,0,69.0,0,1,25,0,0,55.1,56.5,84.9,60.2,58.9,34.0,0,4,0,1,41,24.1,14,2,1,105.8,29,2,0,29,11,301,481,17,0,0,17,0,4,464,32,148,420,18,35,1,42,6,2,405,180,14.0
Corey Clement,12253,HB,ARZ,1,0,0,,0,0,1,0,0,,59.9,60.0,,60.0,,0,0,0,0,,,0,0,0,0.0,0,0,0,0,0,0,1,0,0,0,0,0,0,1,0,1,0,0,0,0,0,0,0,0,0,
Zach Pascal,12303,WR,PHI,3,0,0,,0,0,24,0,0,,62.7,60.0,,60.0,,0,0,0,0,,,0,0,2,0.0,0,0,0,0,0,0,3,0,0,0,0,0,0,3,0,3,0,0,0,0,0,0,0,0,0,
Joe Jones,12321,LB,TEN,5,0,0,100.0,1,0,31,0,0,66.6,45.0,0.0,,45.9,73.5,0,0,0,0,0,0.0,0,0,1,79.2,1,0,0,11,0,9,40,24,0,0,24,0,0,16,0,31,4,2,2,0,1,0,0,0,0,0.0
Sione Takitaki,12666,LB,CLV,12,22,0,86.7,1,1,8,0,0,64.3,66.5,52.5,69.6,65.0,66.8,1,4,0,0,27,8.5,6,1,2,102.4,26,1,0,374,3,209,498,72,0,0,72,0,0,426,37,252,48,21,43,3,30,6,0,257,174,9.9
Penny Hart,13534,WR,SEA,1,0,0,,2,0,29,0,0,60.7,70.2,60.0,,,,0,0,0,0,,,0,0,2,0.0,0,0,0,0,0,1,1,0,0,0,0,0,0,1,0,0,0,0,0,0,0,0,0,0,0,
Alexander Johnson,15267,LB,SEA,2,1,0,100.0,0,0,29,0,0,52.9,72.5,71.4,66.8,76.4,46.4,0,1,0,0,14,16.7,1,0,0,118.8,2,0,0,27,0,14,28,1,0,0,1,0,0,27,1,13,0,4,4,0,2,1,0,28,8,14.0
Sam Eguavoen,15301,LB,MIA,11,1,0,100.0,0,0,17,0,0,25.1,29.1,76.3,54.6,75.7,75.7,0,1,0,0,2,0.0,0,0,0,118.8,4,0,0,25,0,8,35,9,0,0,9,0,0,26,12,15,0,2,2,0,4,1,4,5,3,1.3
Jonathan Ledbetter,18645,DI,ARZ,14,7,0,,0,0,1,0,0,60.8,43.4,61.0,48.1,46.4,50.3,0,0,0,0,,12.5,3,0,2,0.0,0,1,0,0,0,4,275,275,12,123,51,89,0,0,134,137,0,8,14,1,0,1,0,0,0,
Kemoko Turay,21702,ED,SF,3,0,0,,0,0,28,0,0,60.0,50.0,80.5,56.4,45.7,69.2,0,0,0,0,,0.0,0,0,0,0.0,0,0,0,0,0,1,43,43,0,1,40,2,0,0,29,13,0,0,1,0,0,0,0,0,0,
Tanner Conner,22777,TE,MIA,1,0,0,,0,0,17,0,0,,60.0,60.0,,60.0,,0,0,0,0,,,0,0,0,0.0,0,0,0,0,0,0,1,0,0,0,0,0,0,1,0,1,0,0,0,0,0,0,0,0,0,
Sam Kamara,24176,ED,CLV,1,0,0,,0,0,8,0,0,,62.6,73.4,61.4,60.1,,0,0,0,0,,,0,0,0,0.0,0,0,0,0,0,0,7,7,0,0,7,0,0,0,5,2,0,0,0,0,0,0,0,0,0,
Dylan Cole,24304,LB,TEN,15,10,0,90.6,0,0,31,0,0,45.5,53.3,84.9,58.7,65.3,39.8,0,4,0,0,34,17.2,10,1,0,103.6,29,1,0,358,2,244,439,38,0,0,37,1,1,401,26,169,39,23,38,3,32,5,0,284,170,9.8
Nathan Shepherd,24614,DI,NYJ,17,10,0,,0,0,22,0,0,60.0,68.9,51.0,79.5,58.6,29.9,6,9,0,0,,17.5,7,0,2,0.0,0,2,0,0,0,0,416,416,24,323,0,69,0,0,207,209,0,15,23,3,0,17,0,0,0,
Foyesade Oluokun,24904,LB,JAX,19,42,0,82.6,0,3,15,2,0,66.3,70.5,68.1,73.0,69.8,71.3,11,6,0,0,26,9.0,21,2,4,111.1,76,2,0,1183,12,700,1283,23,0,0,23,0,4,1260,93,490,61,84,170,11,92,19,3,741,510,9.8
Deionte Thompson,25444,S,ARZ,2,0,0,,0,0,1,0,0,,61.6,66.8,,60.2,,0,0,0,0,,,0,0,0,0.0,0,0,0,1,0,0,6,0,0,0,0,0,5,6,0,6,0,0,0,0,0,0,0,0,0,
Levi Wallace,25445,CB,PIT,15,8,0,54.9,2,0,25,0,0,59.3,62.8,86.8,,76.3,73.8,0,0,0,4,98,7.8,4,6,2,74.6,39,0,0,37,633,456,709,7,0,0,7,0,3,702,0,253,29,9,39,0,71,0,3,615,197,15.8
Anfernee Jennings,25449,ED,NE,16,7,2,100.0,0,0,19,0,0,52.9,64.7,85.3,50.0,78.0,69.1,2,8,0,0,10,10.7,3,0,0,97.9,2,1,0,3,0,27,344,338,0,0,337,1,0,6,158,159,3,12,18,1,2,11,0,15,12,7.5
Dane Cruikshank,25546,S,CHI,1,0,0,,0,0,6,0,0,60.0,60.0,62.9,,,,0,0,0,0,,,0,0,0,0.0,0,0,0,1,0,1,1,0,0,0,0,0,0,1,0,0,0,0,0,0,0,0,0,0,0,
Bravvion Roy,25644,DI,CAR,13,7,3,,0,0,5,0,0,60.0,54.0,84.8,60.9,48.6,75.3,0,4,0,1,,0.0,0,0,0,0.0,0,0,0,0,0,1,299,299,33,260,0,6,0,0,157,141,0,5,11,0,0,4,0,0,0,
Clay Johnston,25685,LB,CIN,2,0,0,,0,0,7,0,0,,60.0,63.6,60.0,60.0,,0,0,0,0,,,0,0,0,0.0,0,0,0,1,0,0,2,0,0,0,0,0,0,2,1,1,0,0,0,0,0,0,0,0,0,
Jonathan Ward,25859,HB,TEN,1,0,0,,0,0,31,0,0,,60.0,60.0,60.0,,,0,0,0,0,,,0,0,0,0.0,0,0,0,0,0,0,1,0,0,0,0,0,0,1,1,0,0,0,0,0,0,0,0,0,0,
Sean Murphy-Bunting,25891,CB,TB,10,10,0,60.0,0,1,30,0,0,74.5,71.8,47.1,39.4,64.7,44.2,0,1,0,2,26,22.0,9,4,1,94.6,27,0,0,47,325,305,497,3,0,0,3,0,2,494,5,187,120,8,22,1,45,1,5,259,63,9.6
Clelin Ferrell,25955,ED,LV,16,8,2,100.0,1,0,23,0,0,72.0,63.8,73.7,60.1,58.2,70.0,5,15,0,0,42,4.0,1,0,1,118.8,2,3,0,33,1,60,492,449,1,68,332,48,0,43,250,182,9,11,16,3,2,23,0,48,51,24.0
Dexter Lawrence,25991,DI,NYG,18,21,2,,0,2,21,0,0,80.3,91.6,52.0,92.2,81.2,51.2,26,35,0,0,,9.8,8,0,5,0.0,0,9,0,2,0,0,977,975,660,299,3,13,0,2,577,400,0,42,53,3,0,70,0,0,0,
KhaDarel Hodge,26104,WR,ATL,1,0,0,,0,0,2,0,0,,59.9,60.0,,60.0,,0,0,0,0,,,0,0,0,0.0,0,0,0,0,0,0,1,0,0,0,0,0,0,1,0,1,0,0,0,0,0,0,0,0,0,
Isaiah Mack,26229,DI,SEA,2,1,0,,0,0,29,0,0,,41.9,76.0,60.3,41.0,69.9,0,0,0,0,,0.0,0,0,0,0.0,0,0,0,0,0,0,30,30,4,17,1,8,0,0,13,17,0,2,2,1,0,0,0,0,0,
Maxx Crosby,26316,ED,LV,17,13,4,75.0,0,4,23,1,0,79.0,90.1,61.0,83.5,82.5,48.8,22,44,0,0,7,13.6,11,0,5,77.1,3,15,0,3,0,12,1082,1076,0,2,1042,32,0,6,650,420,3,57,57,12,4,81,0,11,0,3.7
Jabari Zuniga,26449,ED,NO,1,0,0,,0,0,20,0,0,60.0,39.7,77.9,56.7,36.5,26.5,0,1,0,0,,33.3,1,0,0,0.0,0,0,0,0,0,0,25,25,0,0,25,0,0,0,14,11,0,2,2,0,0,1,0,0,0,
Ben Banogu,26554,ED,IND,16,1,0,,0,0,14,0,0,61.0,50.6,84.9,46.4,55.7,30.2,0,2,0,0,,28.6,2,0,0,0.0,0,0,0,0,0,1,116,115,0,0,115,0,0,1,63,52,0,3,4,0,0,2,0,0,0,
C.J. Moore,26617,S,DET,9,3,0,0.0,0,0,11,1,0,75.0,70.0,78.2,66.7,36.8,56.9,1,0,0,0,,16.7,1,1,0,39.6,0,0,0,28,2,77,106,3,0,0,3,0,62,103,1,28,11,0,2,0,1,1,0,0,0,
D.J. Reed,26940,CB,NYJ,17,11,0,56.6,0,1,22,0,0,77.5,72.5,89.0,55.0,47.2,53.1,0,0,0,1,35,12.9,12,10,2,75.7,47,0,0,102,1013,659,1135,13,0,0,13,0,0,1122,3,473,7,26,70,0,83,0,2,467,120,9.9
Isaiah Rodgers,27069,CB,IND,13,5,0,68.0,0,1,14,1,0,81.5,82.1,87.0,60.0,75.5,68.5,0,0,0,0,24,8.3,3,2,0,106.3,17,0,0,28,385,283,434,7,0,0,7,0,1,427,1,150,11,12,28,1,25,0,2,125,43,7.4
Bryce Huff,27128,ED,NYJ,14,1,0,,0,1,22,0,0,63.9,90.4,57.8,88.0,64.9,30.0,8,24,0,0,,66.7,2,0,1,0.0,0,4,0,7,0,2,191,184,0,0,184,0,0,7,173,16,0,3,0,0,0,36,0,0,0,
Siran Neal,27130,CB,BUF,8,3,0,53.8,1,0,4,0,0,55.5,59.8,76.0,71.4,69.5,46.5,1,0,0,0,24,16.7,2,3,3,67.1,7,0,0,15,5,53,68,1,0,0,1,0,3,67,2,13,44,2,7,0,13,1,0,63,21,9.0
Montez Sweat,27271,ED,WAS,17,8,2,100.0,1,0,32,0,0,76.5,86.4,46.9,79.6,79.6,62.9,19,35,0,0,10,10.3,4,0,5,89.6,2,8,0,4,0,5,731,727,0,0,718,9,0,4,448,278,0,30,27,6,2,62,0,11,6,5.5
Chris Evans,27303,HB,CIN,1,0,0,,0,0,7,0,0,,60.0,60.0,,60.0,,0,0,0,0,,,0,0,1,0.0,0,0,0,0,0,0,1,0,0,0,0,0,0,1,0,1,0,0,0,0,0,0,0,0,0,
Devin Bush,27375,LB,PIT,17,26,1,76.9,0,0,25,0,0,58.7,58.9,85.8,66.9,56.4,85.7,2,5,0,0,31,3.5,3,1,0,110.5,30,0,0,565,6,330,659,26,0,0,26,0,1,633,26,303,61,27,57,2,39,7,1,335,162,11.2
Michael Dwumfour,27376,DI,SF,9,1,0,,0,0,28,1,0,60.0,36.5,56.1,63.3,29.0,39.6,2,5,0,0,,10.0,1,0,2,0.0,0,0,0,0,0,0,238,238,3,158,0,77,0,0,128,110,0,6,8,0,0,7,0,0,0,
David Long Jr.,27377,CB,LA,10,2,0,74.2,0,0,26,0,0,54.2,53.6,82.9,,46.2,37.5,0,0,0,0,47,20.0,5,1,1,114.0,23,0,0,21,227,201,287,2,0,0,2,0,0,285,0,86,37,5,18,0,31,0,1,293,74,12.7
Joshua Uche,27379,ED,NE,15,1,0,100.0,0,2,19,0,0,51.8,83.1,28.6,87.8,63.7,59.6,3,41,0,0,63,16.7,3,0,3,118.8,6,12,0,20,0,41,373,353,0,0,353,0,0,20,285,47,0,19,14,0,6,56,0,109,85,18.2
Jalen Dalton,27753,DI,ATL,7,3,0,,0,0,2,0,0,60.2,58.3,81.4,53.4,60.7,74.9,0,3,0,0,,0.0,0,0,0,0.0,0,0,0,0,0,1,145,145,14,83,8,40,0,0,75,69,0,8,12,1,0,3,0,0,0,
Armon Watts,27844,DI,CHI,17,11,0,,1,0,6,0,0,60.1,49.2,75.4,59.7,44.8,44.5,1,9,0,0,,10.3,4,0,1,0.0,0,1,0,0,0,1,531,531,227,279,0,25,0,0,249,281,0,20,24,3,0,11,0,0,0,
Joe Gaziano,27949,DI,LAC,5,2,0,,0,0,27,0,0,,41.2,80.4,65.1,31.3,50.1,1,2,0,0,,12.5,1,0,0,0.0,0,1,0,0,0,0,114,114,0,68,5,41,0,0,56,58,0,5,5,0,0,4,0,0,0,
DaVon Hamilton,28072,DI,JAX,19,19,1,0.0,0,1,15,1,0,50.2,72.6,67.6,73.3,67.5,47.7,5,23,0,0,,12.5,9,1,2,39.6,0,3,0,0,0,4,710,710,161,531,2,16,0,0,380,326,0,35,44,4,1,31,0,0,0,
Dre'Mont Jones,28075,DI,DEN,13,11,0,,0,1,10,0,0,61.3,51.8,18.9,67.3,41.8,51.3,5,33,0,0,,7.3,3,0,7,0.0,0,7,0,2,0,0,715,713,1,202,209,301,0,2,448,267,0,25,27,4,0,45,0,0,0,
Malik Harrison,28081,LB,BLT,16,4,0,100.0,0,0,3,0,0,52.0,66.7,84.1,59.5,78.3,46.9,0,2,0,0,44,13.3,4,0,0,105.1,13,0,0,92,2,102,249,135,0,0,135,0,0,114,32,115,20,13,22,1,13,2,0,120,93,9.2
Jerome Baker,28091,LB,MIA,18,24,0,79.1,0,1,17,0,0,67.8,74.6,75.1,86.2,69.6,55.4,2,6,0,0,45,12.3,14,3,3,107.8,53,6,0,728,9,577,1081,286,0,0,286,0,11,795,112,392,47,45,76,4,67,14,3,421,287,7.9
Neville Gallimore,28094,DI,DAL,17,11,1,,1,0,9,0,0,70.2,36.4,53.8,58.5,29.7,61.7,1,7,0,0,,5.9,2,0,2,0.0,0,1,0,1,0,0,422,421,75,300,2,44,0,1,211,211,0,11,21,1,0,9,0,0,0,
Tremon Smith,28196,CB,HST,3,2,0,50.0,0,1,13,0,0,66.0,65.5,82.5,60.0,59.0,64.5,0,0,0,2,16,11.1,2,2,0,42.1,9,0,0,6,181,120,201,5,0,0,5,0,0,196,1,80,9,5,14,1,18,0,1,84,24,9.3
Troy Dye,28251,LB,MIN,6,3,0,75.0,0,0,18,0,0,41.2,52.9,74.0,60.0,72.5,79.4,0,0,0,0,14,0.0,0,0,0,94.8,3,0,0,37,1,24,42,2,0,0,2,0,0,40,1,17,0,2,2,0,4,0,0,29,29,9.7
Kevin Givens,28308,DI,SF,16,6,1,,0,0,28,0,0,58.1,45.0,52.9,62.3,37.8,76.2,1,11,0,0,,4.5,1,0,2,0.0,0,3,0,0,0,2,428,428,15,312,1,100,0,0,248,178,0,13,15,5,0,15,0,0,0,
Myles Adams,28430,DI,SEA,11,2,2,,0,0,29,0,0,61.2,56.7,83.0,68.6,45.7,28.0,1,4,0,0,,19.0,4,0,0,0.0,0,0,0,1,0,0,208,207,29,129,5,44,0,1,104,104,0,14,15,2,0,5,0,0,0,
Bilal Nichols,28451,DI,LV,17,19,0,,0,0,23,0,0,55.0,55.5,59.3,66.0,48.9,49.0,9,19,0,0,,10.9,5,0,3,0.0,0,2,0,0,0,12,801,801,56,565,13,167,0,0,465,324,0,15,22,2,0,30,0,0,0,
Kameron Cline,28668,ED,IND,3,0,0,,0,0,14,0,0,,43.4,75.6,52.5,49.0,69.6,0,0,0,0,,0.0,0,0,0,0.0,0,0,0,0,0,0,12,12,0,0,12,0,0,0,6,6,0,1,1,0,0,0,0,0,0,
Jermaine Carter,28838,LB,CLV,4,3,0,50.0,0,0,8,0,0,50.8,51.5,77.9,62.1,53.5,71.3,1,0,0,0,23,7.7,1,0,0,91.7,1,0,0,57,0,21,93,31,0,0,31,0,0,62,8,64,5,5,9,0,2,1,0,23,8,23.0
DeShon Elliott,28854,S,DET,14,15,0,81.0,0,1,11,1,0,64.1,66.5,87.1,64.6,66.5,84.1,4,1,0,1,37,6.2,6,3,2,92.5,17,0,0,279,7,517,859,85,0,0,85,0,364,774,21,321,124,20,76,4,21,5,0,230,54,13.5
Jack Jones,29050,CB,NE,13,4,0,50.0,1,1,19,1,0,76.0,74.7,86.0,,61.0,41.6,0,0,1,2,34,18.9,7,4,2,63.1,20,0,0,15,372,260,434,11,0,0,11,0,1,423,0,174,35,10,26,3,40,0,1,306,124,15.3
Darius Harris,29188,LB,KC,20,10,1,71.4,0,0,16,1,0,55.0,63.3,80.5,69.2,67.2,59.8,0,3,0,0,24,9.3,4,0,1,118.0,15,2,0,242,0,151,312,37,0,0,37,0,0,275,36,125,32,16,29,2,21,5,2,124,105,8.3
David Long Jr.,29367,LB,TEN,12,24,1,85.5,0,0,31,0,0,62.9,76.2,58.4,80.1,89.0,45.8,3,15,0,2,33,16.0,17,1,2,87.0,47,0,0,689,10,477,740,16,0,0,16,0,1,724,47,216,24,40,65,7,55,18,0,468,286,10.0
Germaine Pratt,29407,LB,CIN,18,39,5,71.7,1,1,7,1,0,87.2,78.4,47.9,70.8,64.3,77.4,0,7,0,2,69,6.5,8,4,2,76.2,43,1,0,739,0,436,900,133,0,0,133,0,4,767,48,416,24,41,77,4,60,8,0,408,277,9.5
Chris Board,29456,LB,DET,15,1,0,71.4,0,1,11,0,0,58.6,64.4,81.8,71.4,64.5,52.7,1,4,0,0,27,13.3,2,1,1,117.9,10,0,0,110,9,102,158,21,0,0,21,0,0,137,28,28,18,6,12,0,14,5,1,109,46,10.9
Logan Wilson,29623,LB,CIN,18,38,0,80.5,0,2,7,0,0,74.0,74.6,86.5,64.2,70.6,87.6,5,8,0,1,31,4.0,6,3,0,101.7,66,3,0,1015,3,668,1155,63,0,0,63,0,15,1092,65,422,59,57,107,5,82,16,2,629,405,9.5
Dakota Allen,30076,LB,DEN,1,0,0,,0,0,10,0,0,,60.0,60.0,,60.0,,0,0,0,0,,,0,0,0,0.0,0,0,0,0,0,0,1,0,0,0,0,0,0,1,0,1,0,0,0,0,0,0,0,0,0,
Andrew Van Ginkel,30267,ED,MIA,17,10,1,76.9,0,0,17,0,0,57.4,72.8,84.9,65.8,80.2,62.7,4,6,0,1,10,8.3,3,0,0,52.1,10,1,0,3,0,95,357,340,0,0,340,0,0,17,106,156,13,18,23,3,13,11,0,56,68,5.6
Jabril Cox,30669,LB,DAL,5,1,0,100.0,0,0,9,0,0,55.6,53.0,72.7,60.0,55.6,41.6,0,0,0,0,12,20.0,1,0,0,98.6,3,0,0,33,0,22,37,0,0,0,0,0,2,37,1,14,1,0,3,0,3,0,0,23,15,7.7
T.J. Edwards,30737,LB,PHI,20,38,0,67.9,0,0,24,1,0,78.4,81.6,67.5,79.5,79.0,65.2,3,6,0,0,37,10.4,20,8,2,79.9,55,2,0,1144,0,689,1183,1,0,0,1,0,2,1182,28,466,36,54,135,9,81,11,0,413,305,7.5
Dee Delaney,31078,CB,TB,10,4,0,93.3,0,0,30,0,0,67.6,64.2,81.5,55.9,50.7,47.0,0,2,0,0,17,16.7,5,0,0,111.1,14,0,0,37,3,129,216,8,0,0,8,0,57,208,11,76,110,10,21,2,15,2,1,80,55,5.7
George Odum,31342,S,SF,10,0,0,100.0,0,0,28,0,0,66.9,68.9,80.4,,62.3,77.6,0,0,0,1,12,0.0,0,0,0,95.8,2,0,0,7,1,42,58,4,0,0,4,0,31,54,0,16,15,0,1,0,2,0,1,14,7,7.0
Khalen Saunders,31534,DI,KC,19,21,1,100.0,0,0,16,0,0,62.3,58.5,87.3,57.2,55.8,51.2,6,7,0,0,11,7.3,4,0,0,112.5,1,5,0,4,0,9,511,507,45,460,0,2,0,4,300,202,0,22,30,0,1,18,0,11,8,11.0
Abdullah Anderson,32708,DI,ATL,16,16,0,,0,0,2,0,0,,62.8,55.0,67.0,60.3,38.9,0,8,0,0,,13.0,6,0,2,0.0,0,1,0,0,0,0,433,433,123,250,7,53,0,0,168,265,0,15,24,1,0,9,0,0,0,
Britain Covey,32933,WR,PHI,3,0,0,,0,0,24,0,0,,62.6,60.0,,60.0,,0,0,0,0,,,0,0,0,0.0,0,0,0,0,0,0,3,0,0,0,0,0,0,3,0,3,0,0,0,0,0,0,0,0,0,
Dane Jackson,32989,CB,BUF,17,8,0,58.2,2,1,4,0,0,60.6,58.6,45.1,69.1,49.9,45.2,0,2,0,2,27,15.5,11,10,5,81.9,46,0,0,46,780,592,885,40,0,0,40,0,0,845,3,290,18,11,52,1,79,2,3,553,101,12.0
Robert Rochell,33693,CB,LA,6,0,0,100.0,0,0,26,0,0,54.9,49.5,88.2,,43.6,27.0,0,0,0,0,4,50.0,1,0,0,122.9,1,0,0,2,24,11,27,0,0,0,0,0,0,27,0,16,0,0,1,0,1,0,1,4,0,4.0
Eric Johnson,33698,DI,IND,14,2,0,,0,0,14,1,0,62.5,47.4,82.0,48.1,47.8,30.0,0,0,0,0,,25.0,1,0,0,0.0,0,0,0,0,0,1,127,126,16,109,0,1,0,1,64,62,0,1,1,0,0,0,0,0,0,
Nasir Adderley,33880,S,LAC,17,15,0,65.0,2,1,27,0,0,68.2,62.2,89.2,53.3,43.7,65.8,0,0,0,2,31,12.5,9,2,2,69.0,13,0,0,191,5,523,884,5,0,0,5,0,522,879,3,358,161,10,48,1,20,0,1,171,69,13.2
Mike Hughes,34057,CB,DET,13,11,0,75.0,0,0,11,0,0,51.4,59.9,84.9,77.4,81.1,71.0,3,2,0,0,47,7.7,4,1,1,131.3,39,0,0,56,268,345,561,11,0,0,11,0,6,550,20,196,220,12,37,3,52,5,4,512,170,13.1
Kris Boyd,34222,CB,MIN,5,1,0,80.0,0,0,18,0,0,63.2,63.6,80.6,,61.5,50.4,0,0,0,0,11,16.7,1,0,0,127.1,4,0,0,3,33,24,39,0,0,0,0,0,0,39,0,15,1,2,4,0,5,0,1,25,15,6.3
Darnell Savage,34247,S,GB,16,10,0,63.9,0,0,12,1,0,43.8,47.5,87.8,62.6,56.3,41.6,0,0,1,1,64,18.8,12,4,3,100.7,23,0,0,201,15,447,819,13,0,0,13,0,359,806,10,362,231,3,42,2,36,0,2,332,100,14.4
Zayne Anderson,34622,S,KC,1,0,0,,0,0,16,0,0,60.7,70.2,60.4,,,,0,0,0,0,,,0,0,0,0.0,0,0,0,0,0,1,1,0,0,0,0,0,0,1,0,0,0,0,0,0,0,0,0,0,0,
Zack Baun,34632,LB,NO,7,1,0,100.0,0,0,20,0,0,52.7,50.4,85.4,73.6,45.4,41.1,2,0,0,0,14,20.0,2,0,0,114.6,2,0,0,6,0,23,85,68,0,0,68,0,0,17,7,55,9,3,7,1,2,2,0,23,9,11.5
Johnathan Abram,34646,S,SEA,14,11,0,73.5,0,0,29,0,0,45.8,49.1,83.6,74.5,50.9,57.1,1,10,0,0,41,14.5,10,2,1,113.0,36,0,0,249,22,341,608,47,0,0,47,0,142,561,32,235,148,13,48,0,49,11,2,424,282,11.8
Akeem Davis-Gaither,34788,LB,CIN,19,11,0,70.8,0,0,7,1,0,67.1,64.2,81.8,68.5,51.2,86.3,0,7,0,1,46,2.4,1,1,0,87.8,17,0,0,157,8,141,250,60,0,0,60,0,3,190,34,75,21,18,29,2,24,7,1,174,139,10.2
Jamel Dean,34918,CB,TB,15,7,0,50.0,0,1,30,0,0,75.6,77.9,89.0,48.6,82.5,88.7,0,0,0,2,47,1.9,1,5,1,81.3,34,0,0,37,803,539,884,11,0,0,11,0,0,873,5,340,33,15,46,1,68,0,5,412,120,12.1
Tae Hayes,35173,CB,NE,6,1,0,66.7,0,0,19,0,0,49.2,53.8,78.0,,70.5,53.8,0,0,0,0,9,14.3,1,0,1,78.5,2,0,0,9,55,43,70,0,0,0,0,0,0,70,0,27,6,2,5,0,3,0,0,15,10,7.5
Trevis Gipson,35241,ED,CHI,17,8,2,100.0,1,0,6,0,0,54.3,48.9,82.2,59.1,39.7,39.9,7,20,0,0,23,13.3,4,0,1,118.8,1,3,0,1,0,15,641,639,0,7,606,26,0,2,337,289,0,16,18,1,1,30,0,23,28,23.0
Blake Cashman,35413,LB,HST,14,4,1,75.0,0,0,13,0,0,57.0,54.0,79.9,58.7,50.8,52.8,2,6,0,0,13,20.0,3,1,0,89.6,3,3,0,121,4,50,149,12,0,0,12,0,0,137,58,41,12,11,8,2,4,11,0,24,5,8.0
Tae Crowder,35774,LB,PIT,12,17,0,78.9,0,0,25,0,0,45.7,29.6,84.7,52.1,28.2,29.2,1,4,0,0,31,23.7,14,1,0,122.1,15,1,0,403,3,195,445,25,0,0,25,0,1,420,46,204,13,14,28,2,19,6,1,173,123,11.5
Jonas Griffith,35858,LB,DEN,9,11,0,73.9,0,0,10,0,0,55.8,52.9,81.2,52.6,52.5,60.4,3,5,0,1,37,12.2,5,0,0,92.8,17,0,0,283,1,173,336,15,0,0,15,0,0,321,28,135,37,14,25,0,23,8,1,181,104,10.6
Tanner Muse,35997,LB,SEA,7,5,0,16.7,0,0,29,0,0,84.7,80.3,86.5,50.7,66.5,83.5,0,1,0,0,4,0.0,0,2,0,39.6,1,0,0,116,4,55,124,0,0,0,0,0,0,124,5,64,3,2,8,0,6,1,0,4,0,4.0
Darrell Taylor,36001,ED,SEA,17,2,1,83.3,1,4,29,1,0,50.5,57.4,33.6,73.6,39.9,41.4,4,13,0,0,27,22.2,4,0,4,118.8,5,10,0,2,0,29,503,498,0,0,498,0,0,5,291,183,3,18,12,3,6,27,0,89,61,17.8
Josh Thomas,36116,S,ARZ,2,4,0,,0,0,1,0,0,62.4,71.9,70.4,,71.1,79.8,0,0,0,0,,0.0,0,0,0,0.0,0,0,0,5,0,8,14,1,0,0,1,0,8,13,0,6,0,0,0,0,0,0,0,0,0,
Austin Bryant,36248,ED,DET,9,0,1,,0,0,11,0,0,58.2,51.2,58.8,58.6,46.3,27.8,3,7,0,0,,30.8,4,0,1,0.0,0,0,0,0,1,16,207,206,1,3,179,23,0,1,124,67,0,6,9,1,0,10,0,0,0,
Josiah Bronson,36668,DI,MIA,1,0,0,,0,0,17,0,0,,59.3,70.1,58.0,60.2,,0,0,0,0,,,0,0,0,0.0,0,0,0,0,0,0,5,5,0,5,0,0,0,0,3,2,0,0,0,0,0,0,0,0,0,
T.J. Smith,36851,DI,MIN,1,0,0,,0,0,18,0,0,,72.0,74.5,54.9,72.0,71.0,0,0,0,0,,0.0,0,0,0,0.0,0,0,0,0,0,0,22,22,1,15,1,5,0,0,8,14,0,3,4,1,0,0,0,0,0,
Shy Tuttle,37279,DI,NO,17,15,5,,0,0,20,0,0,56.0,60.3,34.7,55.8,67.1,56.5,0,7,0,0,,5.9,3,0,4,0.0,0,3,0,0,0,4,557,557,146,408,0,3,0,0,268,285,0,25,33,0,0,10,0,0,0,
Quinton Bell,37468,ED,ATL,4,0,0,100.0,0,0,2,0,0,48.1,55.5,78.4,58.6,59.1,74.5,0,0,0,0,26,0.0,0,0,0,118.8,1,0,0,0,0,8,61,60,0,2,54,4,0,1,30,23,1,2,3,1,1,0,0,26,9,26.0
Darryl Johnson,37479,ED,SEA,3,2,0,,0,0,29,0,0,62.3,57.5,78.8,49.1,62.5,74.3,0,0,0,0,,0.0,0,0,0,0.0,0,0,0,1,0,4,52,49,0,1,45,3,0,3,22,26,2,2,2,1,0,0,0,0,0,
Derrek Tuszka,37724,ED,LAC,12,5,0,100.0,0,0,27,0,0,53.8,48.1,81.2,50.0,50.2,70.9,0,3,0,0,16,6.7,1,0,0,118.8,2,0,0,4,0,17,123,112,0,0,112,0,0,11,37,69,7,3,9,0,2,3,0,25,3,12.5
Troy Reeder,38268,LB,LAC,9,2,0,66.7,0,1,27,0,0,89.6,77.7,74.5,49.7,59.1,55.4,0,0,0,0,33,12.5,1,1,0,109.7,4,0,0,54,0,28,63,3,0,0,3,0,0,60,8,27,6,2,5,0,6,0,0,87,69,21.8
Camryn Bynum,38408,S,MIN,18,30,0,67.6,0,0,18,2,0,50.9,58.7,91.6,58.0,74.1,80.1,0,0,0,2,53,6.3,6,2,1,117.0,23,0,0,155,2,777,1232,0,0,0,0,0,939,1232,2,453,136,3,59,0,34,0,6,355,89,15.4
Bryan Mone,38461,DI,SEA,13,9,0,,0,0,29,0,0,73.0,52.7,60.1,60.9,48.9,58.2,1,5,0,0,,7.4,2,1,2,0.0,0,0,0,0,0,0,271,271,140,114,4,13,0,0,117,154,0,9,16,2,0,6,0,0,0,
Casey Toohill,38472,ED,WAS,16,8,0,,0,0,32,2,1,75.0,64.9,89.1,50.2,67.4,54.0,5,13,0,0,,13.8,4,0,0,0.0,0,1,0,0,0,13,347,346,0,1,340,5,0,1,187,147,1,14,17,2,0,19,0,0,0,
Matthew Adams,38526,LB,CHI,10,8,0,100.0,0,1,6,0,0,71.9,69.6,77.7,63.8,63.2,69.3,0,1,0,0,28,8.0,2,0,0,118.8,6,0,0,131,1,57,189,23,0,0,23,0,0,166,4,128,33,9,15,2,6,1,0,85,40,14.2
Marquise Copeland,38540,DI,LA,15,10,0,,0,0,26,0,0,60.3,67.3,45.8,53.1,73.5,62.0,1,6,0,0,,6.1,2,0,2,0.0,0,0,0,0,0,0,343,342,109,131,12,90,0,1,143,200,0,14,21,2,0,7,0,0,0,
Jordan Kunaszyk,38548,LB,CLV,9,5,0,66.7,0,0,8,0,0,72.0,52.4,77.6,56.9,38.1,37.8,0,0,0,0,16,18.8,3,1,0,84.0,4,0,0,86,1,43,101,7,0,0,7,0,0,94,2,56,7,3,8,1,6,0,0,38,13,9.5
Folorunso Fatukasi,38558,DI,JAX,16,7,3,,1,0,15,0,0,,42.5,29.6,60.4,39.0,24.7,1,16,0,0,,30.6,11,0,4,0.0,0,3,0,0,0,0,481,481,74,342,8,57,0,0,265,216,0,15,18,1,0,20,0,0,0,
Eric Wilson,38587,LB,GB,3,2,0,100.0,0,0,12,0,0,39.8,56.3,92.8,73.0,71.6,78.5,0,0,0,0,37,0.0,0,0,1,118.8,2,1,0,20,0,18,36,2,0,0,2,0,0,34,2,16,13,1,2,0,2,1,0,43,20,21.5
Cullen Gillaspia,38844,FB,SEA,1,0,0,,0,0,29,0,0,,60.0,60.0,60.0,,,0,0,0,0,,,0,0,0,0.0,0,0,0,0,0,0,1,0,0,0,0,0,0,1,1,0,0,0,0,0,0,0,0,0,0,
Andrew Dowell,38956,LB,NO,2,0,0,,0,0,20,0,0,60.7,71.2,60.1,,60.0,,0,0,0,0,,,0,0,0,0.0,0,0,0,0,0,1,2,0,0,0,0,0,0,2,0,1,0,0,0,0,0,0,0,0,0,
Curtis Bolton,39043,LB,LV,2,0,0,,0,0,23,0,0,,60.0,63.6,,60.0,,0,0,0,0,,,0,0,0,0.0,0,0,0,1,0,0,2,0,0,0,0,0,0,2,0,2,0,0,0,0,0,0,0,0,0,
Armani Rogers,40034,TE,WAS,1,0,0,,0,0,32,0,0,,59.9,60.0,,60.0,,0,0,0,0,,,0,0,1,0.0,0,0,0,0,0,0,1,0,0,0,0,0,0,1,0,1,0,0,0,0,0,0,0,0,0,
Justin Layne,40160,CB,CHI,1,0,0,50.0,0,0,6,0,0,64.8,66.4,72.6,,63.2,75.4,0,0,0,0,9,0.0,0,1,0,62.5,1,0,0,0,11,7,11,0,0,0,0,0,0,11,0,4,0,0,2,0,2,0,0,9,1,9.0
Tershawn Wharton,40292,DI,KC,5,4,0,100.0,0,0,16,0,0,58.9,55.2,81.9,58.3,51.5,52.7,3,1,0,0,21,12.5,1,0,0,118.8,2,1,0,2,0,9,149,147,3,112,4,28,0,2,104,36,0,4,3,0,2,5,0,28,31,14.0
Demetric Felton Jr.,40568,WR,CLV,1,0,0,,0,0,8,0,0,60.7,70.2,60.0,,,,0,0,0,0,,,0,0,0,0.0,0,0,0,0,0,1,1,0,0,0,0,0,0,1,0,0,0,0,0,0,0,0,0,0,0,
L'Jarius Sneed,40588,CB,KC,20,15,2,70.5,0,3,16,1,0,75.7,77.7,73.0,81.9,70.9,65.9,1,15,0,3,45,11.5,15,8,5,91.6,86,4,0,124,438,755,1243,85,0,0,85,0,4,1158,63,425,592,44,101,4,122,20,5,801,422,9.3
Rico Dowdle,40693,HB,DAL,1,0,0,,0,0,9,0,0,,60.0,60.0,60.0,,,0,0,0,0,,,0,0,0,0.0,0,0,0,0,0,0,1,0,0,0,0,0,0,1,1,0,0,0,0,0,0,0,0,0,0,
Ko Kieft,41372,TE,TB,1,0,0,,0,0,30,0,0,,60.0,60.0,60.0,,,0,0,0,0,,,0,0,3,0.0,0,0,0,0,0,0,1,0,0,0,0,0,0,1,1,0,0,0,0,0,0,0,0,0,0,
Alohi Gilman,41662,S,LAC,18,13,0,75.0,2,1,27,1,0,57.2,58.5,86.2,,60.1,78.5,0,0,0,1,57,8.1,5,2,2,129.2,15,0,0,129,2,344,548,5,0,0,5,0,340,543,0,204,72,12,44,0,20,0,2,321,94,21.4
Trevon Diggs,41817,CB,DAL,19,7,0,69.2,2,0,9,1,0,67.0,67.6,73.0,,66.2,75.6,0,0,0,3,75,7.4,5,10,6,99.2,63,0,0,87,1112,759,1263,8,0,0,8,0,0,1255,0,504,56,17,56,0,91,0,5,761,381,12.1
Trayvon Mullen,41968,CB,DAL,7,2,0,82.4,0,1,9,0,0,48.9,48.3,0.0,78.1,51.2,28.3,1,0,0,0,52,31.6,6,1,2,137.3,14,0,0,17,136,112,160,0,0,0,0,0,0,160,1,47,6,3,11,0,17,1,1,208,81,14.9
Ed Oliver,42200,DI,BUF,15,7,3,,0,1,4,1,0,60.5,67.5,75.6,64.1,65.0,59.9,13,19,0,0,,5.9,2,0,1,0.0,0,5,1,5,0,1,631,625,8,470,16,131,0,6,427,203,0,22,25,5,0,37,0,0,0,
Divine Deablo,42208,LB,LV,8,18,0,86.5,0,0,23,0,0,50.7,58.4,47.7,54.2,71.1,68.6,1,3,0,0,30,9.0,7,0,1,129.7,32,0,0,378,5,255,463,39,0,0,39,0,4,424,30,178,37,21,53,1,37,4,3,320,175,10.0
Greg Dortch,42237,WR,ARZ,2,0,0,,1,0,1,0,0,60.7,69.6,60.0,,60.0,,0,0,0,0,,,0,0,3,0.0,0,0,0,0,0,1,2,0,0,0,0,0,0,2,0,1,0,0,0,0,0,0,0,0,0,
Marquez Callaway,42295,WR,NO,1,0,0,,0,0,20,0,0,,60.0,60.0,,60.0,,0,0,0,0,,,0,0,0,0.0,0,0,0,0,0,0,1,0,0,0,0,0,0,1,0,1,0,0,0,0,0,0,0,0,0,
Bryce Hall,42313,CB,NYJ,2,0,0,100.0,0,0,22,0,0,40.3,41.8,72.3,58.4,60.0,,0,0,0,0,25,,0,0,0,158.3,2,0,0,1,14,10,15,0,0,0,0,0,0,15,1,4,0,0,0,0,2,0,1,34,0,17.0
Jonathan Kongbo,42433,ED,DEN,3,0,0,,0,0,10,0,0,75.8,48.8,5.1,52.8,49.9,70.5,0,1,0,0,,0.0,0,0,1,0.0,0,0,0,1,0,5,60,58,0,0,58,0,0,2,28,27,1,0,1,0,0,1,0,0,0,
Amen Ogbongbemiga,42449,LB,LAC,2,1,0,50.0,0,0,27,0,0,64.8,84.8,71.5,,80.3,79.2,0,0,0,0,19,0.0,0,0,0,83.3,1,0,0,13,0,6,14,0,0,0,0,0,1,14,0,8,0,2,2,0,2,0,0,19,2,19.0
Isaiah Simmons,42451,CB,ARZ,17,21,1,83.8,0,2,1,1,0,69.9,67.9,86.7,83.5,47.0,63.0,1,4,1,2,39,11.7,12,3,0,98.6,62,4,0,297,28,532,897,110,0,0,110,0,53,787,65,300,409,20,70,2,74,9,3,527,368,8.5
K'Von Wallace,42467,S,PHI,18,3,0,54.5,1,0,24,0,0,60.7,61.4,0.0,86.7,61.9,90.2,1,1,0,0,22,0.0,0,2,1,99.1,6,1,0,42,1,120,178,8,0,0,8,0,106,170,4,54,17,5,19,1,11,3,1,56,27,9.3
Cameron Dantzler,42472,CB,MIN,10,1,0,78.0,0,1,18,1,0,64.7,63.1,48.4,,55.6,73.4,0,0,0,0,48,8.2,4,5,3,113.0,39,0,0,31,473,336,505,0,0,0,0,0,1,505,0,169,0,18,44,3,50,0,2,396,120,10.2
Antoine Winfield Jr.,42475,S,TB,14,18,0,69.0,0,1,30,0,0,67.0,78.7,86.8,91.1,89.4,90.4,2,3,0,1,26,3.5,3,2,2,102.9,29,4,0,77,32,483,833,43,0,0,43,0,236,790,40,310,445,24,64,6,42,9,3,296,117,10.2
Tomon Fox,42486,ED,NYG,18,7,0,100.0,0,0,21,0,0,29.6,38.6,84.9,52.0,42.4,31.2,0,7,0,0,21,21.4,6,0,0,111.5,4,1,0,7,2,32,327,311,0,0,310,1,0,16,141,154,7,10,15,3,4,8,0,43,36,10.8
Rashad Weaver,42495,ED,TEN,16,5,5,100.0,0,2,31,1,0,49.6,60.6,71.6,62.6,58.8,29.2,9,20,0,0,14,28.1,9,1,2,114.6,2,5,0,3,0,41,640,636,0,2,633,1,0,4,414,185,0,19,18,4,2,34,0,23,18,11.5
Shemar Jean-Charles,42496,CB,GB,2,0,0,,0,0,12,0,0,61.9,62.2,69.3,,,,0,0,0,0,,,0,0,0,0.0,0,0,0,0,2,3,3,0,0,0,0,0,0,3,0,0,1,0,0,0,0,0,0,0,0,
Keir Thomas,42509,ED,LA,8,0,0,,1,0,26,0,0,76.4,56.3,11.9,49.4,61.8,31.1,0,0,0,0,,33.3,2,0,1,0.0,0,0,0,0,0,4,71,69,0,0,69,0,0,2,27,40,2,4,4,2,0,0,0,0,0,
Chris Jackson,42512,CB,TEN,1,0,0,66.7,0,0,31,0,0,50.3,36.2,0.0,,56.4,72.5,0,0,0,0,14,0.0,0,0,1,125.0,2,0,0,1,22,21,24,1,0,0,1,0,0,23,0,3,0,0,1,0,3,0,1,20,4,10.0
Cam Brown,42516,LB,NYG,1,0,0,,0,0,21,0,0,60.0,57.0,69.4,56.5,,,0,0,0,0,,,0,0,0,0.0,0,0,0,1,0,1,3,2,0,0,2,0,0,1,2,0,0,0,0,0,0,0,0,0,0,
Daniel Thomas,42544,S,JAX,3,1,0,,0,0,15,0,0,58.6,52.3,75.5,,50.3,79.1,0,0,0,0,,0.0,0,0,0,0.0,0,0,0,2,0,21,32,0,0,0,0,0,27,32,0,11,3,0,2,0,0,0,0,0,0,
Krys Barnes,42548,LB,GB,6,8,0,90.9,0,0,12,0,0,58.1,46.7,0.0,73.5,43.2,67.8,0,0,0,0,25,10.0,3,0,1,107.2,10,1,0,126,0,66,141,2,0,0,2,0,0,139,1,74,13,9,19,0,11,1,0,107,44,10.7
Tyler Coyle,42631,S,DAL,1,0,0,100.0,0,0,9,0,0,55.5,56.7,72.3,,62.2,81.0,0,0,0,0,20,0.0,0,0,0,118.8,2,0,0,4,0,13,21,0,0,0,0,0,2,21,0,8,15,2,3,0,2,0,0,31,19,15.5
Shaun Bradley,42632,LB,PHI,2,0,0,,0,0,24,0,0,,65.7,60.0,,63.8,68.4,0,0,0,0,,0.0,0,0,0,0.0,0,0,0,0,0,0,2,0,0,0,0,0,0,2,0,2,0,0,1,0,0,0,0,0,0,
Justin Strnad,42659,LB,DEN,2,0,0,,0,0,10,0,0,,63.1,99.9,,60.0,,0,0,0,0,,,0,0,0,0.0,0,0,0,0,0,0,2,0,0,0,0,0,0,2,0,2,0,0,0,0,0,0,0,0,0,
Chauncey Golston,42718,DI,DAL,17,9,1,,0,0,9,0,0,60.0,69.3,61.4,72.5,61.3,62.6,2,9,0,0,,3.8,1,0,1,0.0,0,0,0,0,0,0,278,278,8,144,43,83,0,0,155,123,0,12,16,2,0,11,0,0,0,
Nick Bosa,42741,ED,SF,19,9,0,,4,2,28,1,0,70.9,90.6,27.5,90.6,80.1,70.3,31,48,0,0,,6.7,3,0,9,0.0,0,19,0,2,0,4,898,896,0,5,877,14,0,2,595,299,0,45,33,7,0,98,0,0,0,
Osa Odighizuwa,42754,DI,DAL,19,12,0,,0,1,9,0,0,66.4,68.2,77.2,70.2,58.6,42.1,7,26,0,0,,12.2,6,0,2,0.0,0,5,0,0,0,3,706,706,48,525,6,127,0,0,402,301,0,31,31,6,0,38,0,0,0,
J.C. Jackson,42781,CB,LAC,5,2,0,70.4,0,0,27,0,0,28.1,28.7,81.2,,53.4,38.8,0,0,0,0,58,17.6,3,1,3,152.4,19,0,0,41,199,165,244,1,0,0,1,0,0,243,0,79,3,3,12,0,27,0,4,370,72,19.5
Shaka Toney,42806,ED,WAS,7,0,0,,0,0,32,0,0,78.3,72.0,80.5,56.5,74.4,73.4,0,2,0,0,,0.0,0,0,0,0.0,0,0,0,0,0,2,52,51,0,0,51,0,0,1,35,15,0,3,3,1,0,2,0,0,0,
Chase Lucas,42833,CB,DET,3,1,0,100.0,0,0,11,0,0,31.8,35.5,67.6,,60.0,80.6,0,0,0,0,24,0.0,0,0,0,158.3,2,0,0,0,0,4,6,0,0,0,0,0,3,6,0,2,3,0,1,0,2,0,1,30,7,15.0
Terrell Lewis,42845,ED,CHI,11,4,0,55.6,2,0,6,0,0,47.2,46.1,42.7,48.2,58.6,64.5,1,2,0,1,19,6.7,1,1,2,31.9,5,1,0,0,0,44,332,324,0,0,322,2,0,8,174,114,8,6,10,1,9,4,0,50,52,10.0
Avery Williams,42873,HB,ATL,1,0,0,,0,0,2,0,0,,59.9,60.0,,60.0,,0,0,0,0,,,0,0,0,0.0,0,0,0,0,0,0,1,0,0,0,0,0,0,1,0,1,0,0,0,0,0,0,0,0,0,
Kristian Fulton,42894,CB,TEN,11,8,0,56.9,3,1,31,1,0,58.5,63.8,87.1,56.2,88.6,36.5,0,0,0,1,65,13.5,7,2,5,102.4,33,0,0,53,565,455,652,2,0,0,2,0,1,650,2,195,31,18,37,3,58,0,5,436,165,13.2
Rashan Gary,42905,ED,GB,9,4,0,,0,1,12,1,0,90.1,82.9,49.9,83.0,67.1,44.9,8,24,0,0,,16.7,5,0,2,0.0,0,6,0,1,0,2,378,376,0,0,376,0,0,2,204,172,1,25,21,2,0,38,0,0,0,
Dicaprio Bootle,42913,CB,KC,2,0,0,33.3,0,0,16,0,0,47.3,47.9,71.1,,60.0,73.0,0,0,0,0,20,0.0,0,0,0,57.6,1,0,0,0,0,10,11,0,0,0,0,0,0,11,0,1,11,0,1,0,3,0,0,20,3,20.0
Khalid Kareem,42993,ED,IND,4,1,0,,0,0,14,0,0,,70.1,82.6,59.8,73.6,69.6,3,1,0,0,,0.0,0,0,0,0.0,0,0,0,0,0,0,61,61,0,0,61,0,0,0,36,25,0,0,0,0,0,4,0,0,0,
Jonathon Cooper,43021,ED,DEN,14,13,0,66.7,0,0,10,0,0,47.2,63.1,54.8,66.1,66.7,64.8,6,11,0,0,18,9.1,4,0,2,80.8,6,2,0,0,1,54,443,430,0,1,428,1,0,13,199,190,10,19,27,0,9,19,0,50,41,8.3
Charvarius Ward,43034,CB,SF,20,20,0,58.5,4,1,28,1,0,76.6,81.0,53.0,77.0,91.0,90.7,0,0,0,1,57,2.0,2,11,9,89.8,55,0,0,76,1026,730,1144,35,0,0,35,0,0,1109,3,411,7,31,79,3,94,0,4,660,142,12.0
Brandon Jones,43049,S,MIA,7,21,0,72.4,0,1,17,0,0,52.4,61.1,79.4,65.2,73.3,65.0,0,3,0,0,22,10.2,6,3,1,89.3,21,2,0,194,7,199,347,29,0,0,29,0,70,318,29,119,47,14,32,0,29,5,0,187,107,8.9
Brady Breeze,43073,S,DET,1,0,0,,0,0,11,0,0,61.6,62.1,70.5,,,,0,0,0,0,,,0,0,0,0.0,0,0,0,0,0,4,4,0,0,0,0,0,2,4,0,0,2,0,0,0,0,0,0,0,0,
Devin White,43089,LB,TB,18,24,0,75.9,1,2,30,3,0,49.1,43.7,14.0,71.7,36.7,53.3,10,17,0,0,40,14.0,19,5,4,121.8,44,6,0,1065,9,542,1144,26,0,0,26,0,1,1118,153,449,43,51,93,5,58,33,4,466,288,10.6
Jeremy Chinn,43179,S,CAR,11,7,2,79.1,1,0,5,0,0,58.0,54.9,84.7,67.8,43.2,55.0,0,1,0,0,48,13.8,11,4,2,101.9,34,1,0,174,20,396,684,27,0,0,27,0,179,657,22,266,284,22,62,1,43,2,0,364,101,10.7
Nolan Turner,43187,S,TB,1,0,0,100.0,0,0,30,0,0,69.4,70.2,63.1,,,76.7,0,0,0,0,-5,0.0,0,0,0,79.2,1,0,0,1,0,1,1,0,0,0,0,0,0,1,0,0,0,1,1,1,1,0,0,-5,1,-5.0
Mack Wilson Sr.,43190,LB,NE,12,7,0,77.8,0,1,19,0,0,44.9,47.1,23.7,62.1,56.0,31.7,0,7,0,0,21,26.7,8,2,2,118.3,14,3,0,182,8,137,234,35,0,0,35,0,0,199,35,62,9,8,15,1,18,10,1,143,98,10.2
Richie Grant,43196,S,ATL,17,32,0,64.6,1,1,2,1,0,69.0,64.9,52.5,60.8,57.1,55.8,1,3,0,2,68,13.5,19,5,2,93.8,31,0,0,279,56,606,1117,61,0,0,61,0,466,1056,21,490,254,28,90,4,48,4,3,396,197,12.8
Joe Bachie,43250,LB,CIN,3,3,0,,0,0,7,0,0,65.8,78.4,70.3,,73.1,78.3,0,0,0,0,,0.0,0,0,0,0.0,0,0,0,13,0,6,14,0,0,0,0,0,0,14,0,8,0,1,1,0,0,0,0,0,0,
Greedy Williams,43254,CB,CLV,7,3,0,87.5,0,0,8,0,0,49.6,52.2,79.9,,68.3,62.2,0,0,0,0,41,10.0,1,0,1,158.3,7,0,0,4,99,77,105,0,0,0,0,0,0,105,0,28,2,1,6,0,8,0,2,134,36,19.1
Damar Hamlin,43291,S,BUF,15,18,0,75.0,0,1,4,0,0,62.8,61.4,57.7,74.6,53.2,45.6,1,2,0,0,48,20.0,21,2,2,133.3,15,2,0,198,3,518,845,20,0,0,20,0,477,825,25,302,147,23,66,5,20,5,2,170,93,11.3
Myles Bryant,43336,CB,NE,17,12,0,72.7,0,0,19,0,0,55.9,58.4,58.1,45.9,78.0,84.7,0,1,0,1,25,3.2,2,3,3,102.3,48,0,0,58,89,497,689,6,0,0,6,0,55,683,12,180,481,14,49,0,66,1,3,487,163,10.1
DaMarcus Fields,43347,CB,NO,1,0,0,100.0,0,0,20,0,0,52.2,37.0,60.0,,,,0,0,0,0,13,,0,0,0,118.8,1,0,0,0,0,1,1,0,0,0,0,0,0,1,0,0,0,0,0,0,1,0,0,13,0,13.0
Christian Holmes,43393,CB,WAS,4,1,0,85.7,0,0,32,0,0,48.9,47.1,0.0,,55.8,30.1,0,0,0,0,55,27.3,3,0,1,156.3,6,0,0,10,89,44,104,2,0,0,2,0,0,102,0,60,2,3,7,0,7,0,1,84,28,14.0
Josh Metellus,43395,S,MIN,14,3,0,64.7,0,0,18,0,0,80.7,85.1,84.1,79.4,72.5,79.4,0,0,0,1,21,6.7,2,3,0,68.3,11,0,0,63,6,150,261,8,0,0,8,0,150,253,3,108,33,9,25,1,17,0,1,70,24,6.4
Milo Eifler,43421,LB,WAS,2,0,0,,0,0,32,0,0,60.0,50.8,67.7,,51.5,81.9,0,0,0,0,,0.0,0,0,0,0.0,0,0,0,6,0,1,7,0,0,0,0,0,0,7,0,6,0,1,2,1,0,0,0,0,0,
Carter Coughlin,43498,LB,NYG,2,0,0,,0,0,21,0,0,60.0,31.1,69.3,54.2,46.1,22.3,0,1,0,0,,100.0,1,0,0,0.0,0,0,0,4,0,1,6,2,0,0,2,0,0,4,3,2,0,0,0,0,0,1,0,0,0,
Nick Niemann,43500,LB,LAC,2,0,0,,0,0,27,0,0,61.4,67.0,68.0,,63.3,,0,0,0,0,,,0,0,0,0.0,0,0,0,8,0,3,8,0,0,0,0,0,0,8,0,5,0,0,0,0,0,0,0,0,0,
Alex Highsmith,43507,ED,PIT,17,10,0,80.0,1,5,25,0,0,78.4,78.0,65.1,70.7,73.3,49.3,5,35,0,0,14,19.0,11,1,3,117.9,8,15,0,9,1,61,941,915,0,6,907,2,0,26,526,354,16,41,37,5,10,55,1,43,35,5.4
William Kwenkeu,43510,LB,MIN,2,0,0,,0,0,18,0,0,65.4,74.9,69.3,,66.4,73.2,0,0,0,0,,0.0,0,0,0,0.0,0,0,0,13,0,9,13,0,0,0,0,0,0,13,0,4,0,1,1,1,0,0,0,0,0,
Kobe Jones,43511,ED,CAR,2,0,0,,0,0,5,0,0,,32.1,74.2,59.4,30.2,,0,0,0,0,,,0,0,0,0.0,0,0,0,0,0,0,18,18,0,0,16,2,0,0,10,8,0,0,0,0,0,0,0,0,0,
Ben Stille,43555,DI,CLV,7,3,0,,0,0,8,0,0,,62.0,79.8,66.0,57.1,71.0,1,3,0,0,,0.0,0,0,0,0.0,0,0,0,0,0,0,84,84,3,77,1,3,0,0,35,49,0,2,2,1,0,4,0,0,0,
Sam Franklin Jr.,43580,S,CAR,4,1,0,62.5,0,1,5,0,0,73.4,75.9,79.6,56.8,67.6,68.6,0,1,0,0,8,12.5,1,0,0,66.7,5,0,0,20,1,70,88,2,0,0,2,0,37,86,2,16,28,2,6,1,8,1,0,14,4,2.8
Jake Hansen,43645,LB,HST,11,3,0,100.0,0,1,13,1,0,43.7,69.1,78.0,78.3,80.0,58.9,1,1,0,0,20,13.0,3,0,0,149.5,8,3,0,147,0,72,205,28,0,0,28,0,0,177,10,123,30,8,17,2,8,5,1,83,65,10.4
Rayshad Nichols,43672,DI,BLT,1,2,0,,0,0,3,0,0,,75.1,73.7,58.8,72.1,70.5,0,0,0,0,,0.0,0,0,0,0.0,0,0,0,0,0,0,15,15,0,9,1,5,0,0,1,14,0,1,2,0,0,0,0,0,0,
Quincy Roche,43734,ED,NYG,2,0,0,,0,0,21,0,0,,67.6,70.3,56.2,66.8,70.5,0,0,0,0,,0.0,0,0,0,0.0,0,0,0,0,0,0,6,6,0,0,6,0,0,0,2,4,0,1,1,0,0,0,0,0,0,
Jeffery Simmons,43742,DI,TEN,15,16,5,,1,1,31,0,0,60.4,81.1,51.9,79.3,73.0,49.4,7,38,0,0,,10.6,5,0,4,0.0,0,8,0,3,0,6,840,836,25,537,8,266,0,4,584,250,0,27,26,5,0,53,0,0,0,
Elerson Smith,43766,ED,NYG,4,0,0,,0,0,21,0,0,,29.9,72.9,57.9,34.8,21.7,0,0,0,0,,100.0,1,0,0,0.0,0,0,0,1,0,0,14,13,0,0,13,0,0,1,2,12,0,0,0,0,0,0,0,0,0,
Derrick Brown,43883,DI,CAR,17,24,5,,0,0,5,0,0,53.1,84.4,64.4,77.9,80.6,54.7,10,29,0,1,,7.1,5,0,3,0.0,0,1,0,0,0,0,870,870,361,389,10,110,0,0,514,356,0,31,41,5,0,40,0,0,0,
Timmy Horne,43918,DI,ATL,17,11,1,,0,0,2,0,0,59.3,47.4,68.1,48.2,51.3,59.8,1,4,0,0,,6.9,2,0,1,0.0,0,0,0,0,0,1,385,385,35,163,38,149,0,0,184,200,0,8,16,0,0,5,0,0,0,
Tyler Hall,43958,CB,LV,7,6,0,50.0,0,0,23,0,0,86.3,86.9,80.9,62.2,77.4,75.5,0,1,0,0,10,5.3,1,4,0,56.3,9,1,0,32,7,151,218,7,0,0,7,0,5,211,5,62,167,6,12,2,18,2,0,43,31,4.8
Pat Jones II,43974,ED,MIN,17,4,0,50.0,0,0,18,0,0,54.6,65.6,87.8,63.7,63.0,68.4,1,11,0,0,13,5.6,1,0,0,70.8,1,4,0,19,0,17,321,299,0,2,296,1,0,22,166,138,1,13,13,4,2,16,0,13,12,13.0
Byron Murphy Jr.,44027,CB,ARZ,9,2,0,64.3,0,0,1,2,1,63.9,66.7,86.7,63.7,73.6,56.8,0,2,0,0,41,7.9,3,5,0,105.5,36,1,0,34,423,363,595,1,0,0,1,0,5,594,12,220,130,9,33,3,56,3,4,350,155,9.7
Benito Jones,44035,DI,DET,17,4,1,,0,0,11,0,0,60.0,53.3,63.6,65.1,46.3,28.8,1,13,0,0,,21.1,4,0,1,0.0,0,2,0,0,0,1,309,309,34,266,0,9,0,0,169,139,0,8,11,0,0,16,0,0,0,
Adetokunbo Ogundeji,44047,ED,ATL,16,10,0,100.0,0,0,2,0,0,41.0,43.8,60.6,44.2,53.8,29.0,0,4,0,0,12,21.7,10,0,2,135.4,5,2,0,5,0,39,541,534,0,1,514,19,0,7,218,284,2,18,26,3,5,6,1,35,19,7.0
T.J. Carter,44081,DI,LA,2,0,0,,0,0,26,0,0,,70.6,69.4,58.2,63.7,,0,0,0,0,,,0,0,0,0.0,0,0,0,0,0,0,5,5,0,2,0,3,0,0,2,3,0,0,0,0,0,0,0,0,0,
Julian Okwara,44152,ED,DET,10,3,0,70.0,0,0,11,0,0,31.3,46.7,58.1,53.7,64.4,29.2,1,9,0,0,19,31.6,6,0,2,99.2,7,2,0,7,0,43,220,204,0,1,202,1,0,16,104,73,9,9,10,2,10,12,0,93,52,13.3
Rodarius Williams,44160,CB,NYG,3,0,0,66.7,0,0,21,0,0,63.4,58.1,80.3,58.5,41.3,31.5,0,0,0,1,37,25.0,5,1,1,63.5,10,0,0,19,118,76,147,1,0,0,1,0,0,146,1,70,9,5,15,0,15,0,0,121,61,12.1
Will Bradley-King,44184,ED,WAS,1,0,0,,0,0,32,0,0,60.0,33.7,78.5,50.3,33.5,71.4,0,0,0,0,,0.0,0,0,0,0.0,0,0,0,0,0,0,24,24,0,0,24,0,0,0,15,9,0,1,2,0,0,0,0,0,0,
Quinnen Williams,44216,DI,NYJ,16,16,1,,0,2,22,1,0,67.5,90.1,87.0,84.1,77.7,52.5,14,25,0,0,,9.8,5,1,0,0.0,0,13,0,0,0,0,690,690,41,533,0,116,0,0,420,270,0,32,30,3,0,52,0,0,0,
Jamir Jones,44287,ED,PIT,13,1,1,100.0,0,0,25,0,0,29.9,57.7,79.5,58.1,69.5,76.2,0,0,0,0,13,0.0,0,0,0,112.5,2,0,0,0,0,5,86,84,0,1,83,0,0,2,42,39,2,3,5,0,2,0,0,22,8,11.0
Nnamdi Madubuike,44304,DI,BLT,18,9,3,0.0,0,0,3,0,0,54.5,63.8,65.6,63.3,64.5,28.7,4,22,0,0,,23.4,11,0,2,39.6,0,6,0,3,0,13,684,681,37,475,14,155,0,3,424,247,0,25,27,4,1,32,0,0,0,
Boogie Basham,44320,ED,BUF,17,8,3,0.0,0,0,4,1,0,60.1,69.9,61.2,73.3,58.5,51.7,4,17,0,1,,20.8,5,0,2,0.0,0,3,0,3,0,17,447,443,1,44,369,29,0,4,283,147,0,11,11,0,1,24,0,0,0,
Naquan Jones,44363,DI,TEN,11,5,0,,0,0,31,0,0,60.0,46.5,82.2,55.5,44.5,75.0,1,0,0,0,,0.0,0,0,0,0.0,0,1,0,0,0,0,156,156,40,110,2,4,0,0,74,82,0,9,11,2,0,2,0,0,0,
Isaiahh Loudermilk,44416,DI,PIT,10,2,0,,0,0,25,0,0,,42.2,82.2,49.0,43.5,54.1,0,1,0,0,,14.3,1,0,0,0.0,0,0,0,0,0,0,116,116,0,35,55,26,0,0,57,59,0,3,4,1,0,1,0,0,0,
Saivion Smith,44429,CB,DET,1,1,0,100.0,0,0,11,0,0,60.0,74.6,62.6,,62.2,73.3,0,0,0,0,23,0.0,0,0,0,118.8,1,0,0,2,0,1,2,0,0,0,0,0,0,2,0,1,0,0,0,0,1,0,0,23,11,23.0
Elijah Riley,44440,S,PIT,3,1,0,100.0,0,0,25,0,0,57.9,62.0,70.5,,62.7,76.1,0,0,0,0,2,0.0,0,0,0,79.2,1,0,0,8,1,19,20,0,0,0,0,0,6,20,0,1,5,1,2,0,1,0,0,2,2,2.0
Innis Gaines,44443,CB,GB,3,0,0,80.0,0,0,12,0,0,51.1,49.7,74.4,,51.1,34.4,0,0,0,0,19,25.0,1,0,0,90.0,4,0,0,9,3,33,44,0,0,0,0,0,0,44,0,11,32,2,3,0,5,0,0,28,15,7.0
Kyzir White,44485,LB,PHI,20,34,0,75.0,1,0,24,0,0,66.4,67.2,86.0,61.3,64.9,63.3,1,1,0,0,30,11.4,15,6,4,90.9,57,2,0,764,3,576,953,85,0,0,85,0,1,868,33,344,100,51,83,3,76,4,0,480,355,8.4
Elijah Garcia,44498,DI,DEN,2,0,0,,0,0,10,0,0,,59.2,74.0,52.1,66.4,66.8,0,0,0,0,,0.0,0,0,0,0.0,0,0,0,0,0,0,18,18,0,9,0,9,0,0,14,4,0,0,1,0,0,0,0,0,0,
Rashard Lawrence,44515,DI,ARZ,5,1,0,,0,1,1,0,0,60.0,64.1,81.0,58.2,63.8,31.2,0,2,0,0,,15.4,2,0,0,0.0,0,0,0,0,0,0,112,112,49,63,0,0,0,0,57,55,0,9,10,3,0,2,0,0,0,
Trysten Hill,44519,DI,ARZ,13,1,0,,0,0,1,0,0,62.4,62.8,56.5,67.0,56.9,74.0,3,5,0,0,,0.0,0,0,1,0.0,0,1,0,0,0,1,229,229,15,181,1,32,0,0,121,107,0,11,11,4,0,9,0,0,0,
Brian Burns,44522,ED,CAR,16,19,2,50.0,3,1,5,0,0,78.3,64.5,32.6,71.3,50.9,49.5,11,44,0,0,19,15.5,9,1,7,66.0,3,13,0,13,1,65,951,919,0,0,915,4,0,32,525,361,18,32,30,6,6,68,0,32,21,10.7
Ross Blacklock,44526,DI,MIN,11,0,0,,0,0,18,0,0,,46.4,81.6,51.0,44.5,22.6,0,10,0,0,,100.0,3,0,0,0.0,0,1,0,1,0,0,139,138,12,56,14,56,0,1,117,22,0,1,0,0,0,11,0,0,0,
D.J. Wonnum,44550,ED,MIN,17,11,0,75.0,0,0,18,0,0,57.1,57.7,87.0,54.8,60.2,70.7,4,25,0,0,19,8.1,3,0,0,110.4,3,5,0,25,0,37,593,567,0,1,564,2,0,26,368,188,1,19,23,2,4,34,0,44,28,14.7
Jack Heflin,44570,DI,NYG,1,0,0,,0,0,21,0,0,60.0,30.4,75.9,54.2,29.9,22.5,0,0,0,0,,100.0,1,0,0,0.0,0,0,0,0,0,1,23,23,10,13,0,0,0,0,11,11,0,0,0,0,0,0,0,0,0,
Raekwon Davis,44582,DI,MIA,17,12,0,,0,0,17,0,0,54.1,43.6,61.3,61.3,37.3,55.5,1,12,0,0,,6.1,2,0,2,0.0,0,1,0,0,0,8,611,610,387,203,0,20,0,1,335,268,0,12,19,0,0,14,0,0,0,
Jonah Williams,44597,DI,LA,13,3,0,,0,0,26,0,0,60.0,53.6,85.0,50.6,56.3,62.7,3,5,0,0,,4.3,1,0,0,0.0,0,1,0,0,0,0,342,341,7,103,43,188,0,1,169,173,0,10,19,0,0,9,0,0,0,
Leki Fotu,44614,DI,ARZ,17,13,0,,0,0,1,1,0,58.6,32.4,20.8,47.2,37.9,40.5,2,3,0,0,,13.5,5,0,5,0.0,0,0,0,0,0,3,499,499,114,324,7,54,0,0,239,257,0,10,19,1,0,5,0,0,0,
Luke Masterson,45046,LB,LV,11,16,0,90.9,0,0,23,0,0,29.2,30.8,80.8,64.6,47.8,43.4,1,2,0,0,28,17.5,10,0,0,119.1,20,0,0,322,1,168,344,7,0,0,7,0,0,337,11,165,13,16,31,4,22,3,1,197,106,9.9
Terrell Burgess,45255,S,NYG,3,2,0,66.7,0,0,21,0,0,54.8,58.6,83.4,60.0,67.6,68.3,0,0,0,0,11,11.1,1,0,0,88.2,2,0,0,18,0,42,82,1,0,0,1,0,59,81,1,39,4,1,6,0,3,0,0,22,14,11.0
Essang Bassey,45258,CB,DEN,10,3,0,60.9,0,0,10,0,0,51.7,52.8,82.7,48.5,63.8,53.3,0,1,0,0,21,18.8,3,1,3,75.8,14,0,0,46,0,170,222,2,0,0,2,0,0,220,9,43,173,4,10,1,23,1,0,127,107,9.1
Jordan Fuller,45326,S,LA,3,3,0,83.3,0,0,26,0,0,55.4,60.5,76.1,,76.2,61.7,0,0,0,0,35,14.3,2,0,0,107.6,5,0,0,18,0,61,90,1,0,0,1,0,50,89,0,29,21,2,9,0,6,0,0,59,46,11.8
Roderick Perry II,45336,DI,CLV,2,0,0,,0,0,8,0,0,,57.8,77.3,58.7,57.2,69.0,0,2,0,0,,0.0,0,0,0,0.0,0,0,0,0,0,0,40,40,2,36,0,2,0,0,15,25,0,1,2,0,0,2,0,0,0,
Eyioma Uwazurike,45414,DI,DEN,8,1,1,,0,0,10,0,0,62.9,63.0,81.8,50.9,67.6,59.5,2,2,0,0,,7.1,1,0,0,0.0,0,0,0,0,0,0,165,164,0,58,17,89,0,1,91,74,0,10,12,0,0,4,0,0,0,
Zech McPhearson,45464,CB,PHI,11,1,0,50.0,0,0,24,0,0,51.4,53.6,0.0,60.0,71.2,82.0,0,0,0,0,16,0.0,0,1,1,71.5,3,1,0,9,98,67,112,0,0,0,0,0,0,112,1,44,1,1,4,0,6,1,0,40,2,13.3
Eric Banks,45507,ED,ARZ,1,1,0,,0,0,1,0,0,,67.3,73.3,57.8,66.3,66.8,0,0,0,0,,0.0,0,0,0,0.0,0,0,0,0,0,0,14,14,0,8,0,6,0,0,4,10,0,0,0,0,0,0,0,0,0,
Brandon Stephens,45644,CB,BLT,14,1,0,60.0,2,0,3,0,0,50.2,52.5,44.2,78.5,65.3,64.0,0,0,0,0,36,11.1,4,4,6,92.3,33,1,0,16,340,296,452,2,0,0,2,0,8,450,4,152,86,9,31,0,55,1,2,371,78,11.2
Trayveon Williams,45775,HB,CIN,1,0,0,,0,0,7,0,0,,60.0,60.1,,60.0,,0,0,0,0,,,0,0,0,0.0,0,0,0,0,0,0,1,0,0,0,0,0,0,1,0,1,0,0,0,0,0,0,0,0,0,
Ke'Shawn Vaughn,45866,HB,TB,1,0,0,,0,0,30,0,0,,60.0,60.0,60.0,,,0,0,0,0,,,0,0,0,0.0,0,0,0,0,0,0,1,0,0,0,0,0,0,1,1,0,0,0,0,0,0,0,0,0,0,
Devine Ozigbo,45903,HB,DEN,1,0,0,,0,0,10,0,0,,60.0,60.0,,60.0,,0,0,0,0,,,0,0,0,0.0,0,0,0,0,0,0,1,0,0,0,0,0,0,1,0,1,0,0,0,0,0,0,0,0,0,
Tyree Jackson,46481,TE,PHI,1,0,0,,0,0,24,0,0,,59.9,60.0,,60.0,,0,0,0,0,,,0,0,2,0.0,0,0,0,0,0,0,1,0,0,0,0,0,0,1,0,1,0,0,0,0,0,0,0,0,0,
Josiah Deguara,47034,TE,GB,1,0,0,,0,0,12,0,0,,57.2,60.0,,60.0,29.7,0,0,0,0,,0.0,0,0,0,0.0,0,0,1,0,0,0,1,0,0,0,0,0,0,1,0,1,0,1,1,1,0,0,0,0,0,
Andrew Beck,47121,FB,DEN,1,0,0,,0,0,10,0,0,,60.0,60.0,,60.0,,0,0,0,0,,,0,0,1,0.0,0,0,0,0,0,0,1,0,0,0,0,0,0,1,0,1,0,0,0,0,0,0,0,0,0,
Scott Miller,47481,WR,TB,1,0,0,,0,0,30,0,0,60.7,70.2,60.4,,,,0,0,0,0,,,0,0,1,0.0,0,0,0,0,0,1,1,0,0,0,0,0,0,1,0,0,0,0,0,0,0,0,0,0,0,
KaVontae Turpin,47658,WR,DAL,1,0,0,,0,0,9,0,0,60.7,70.2,60.0,,,,0,0,0,0,,,0,0,0,0.0,0,0,0,0,0,1,1,0,0,0,0,0,0,1,0,0,0,0,0,0,0,0,0,0,0,
Tyler Davis,47743,TE,GB,1,0,0,,0,0,12,0,0,,59.9,60.0,,60.0,,0,0,0,0,,,0,0,0,0.0,0,0,0,0,0,0,1,0,0,0,0,0,0,1,0,1,0,0,0,0,0,0,0,0,0,
Nick Westbrook-Ikhine,47861,WR,TEN,2,0,0,,0,0,31,0,0,59.9,59.9,64.3,,,,0,0,0,0,,,0,0,2,0.0,0,0,0,0,0,2,2,0,0,0,0,0,2,2,0,0,0,0,0,0,0,0,0,0,0,
Cam Sims,47908,WR,WAS,1,0,0,,1,0,32,0,0,,59.9,60.4,,60.0,,0,0,0,0,,,0,0,2,0.0,0,0,0,0,0,0,1,0,0,0,0,0,0,1,0,1,0,0,0,0,0,0,0,0,0,
Trent Sherfield,48021,WR,MIA,1,0,0,,0,0,17,0,0,,60.5,89.4,,60.0,,0,0,0,0,,,0,0,3,0.0,0,0,0,0,0,0,1,0,0,0,0,0,0,1,0,1,0,0,0,0,0,0,0,0,0,
Brandon Powell,48036,WR,LA,1,0,0,,0,0,26,0,0,,60.0,67.5,,60.0,,0,0,0,0,,,0,0,0,0.0,0,0,0,0,0,0,1,0,0,0,0,0,0,1,0,1,0,0,0,0,0,0,0,0,0,
Nyheim Hines,48103,HB,BUF,1,0,0,,0,0,4,0,0,,60.0,60.0,,60.0,,0,0,0,0,,,0,0,0,0.0,0,0,0,0,0,0,1,0,0,0,0,0,0,1,0,1,0,0,0,0,0,0,0,0,0,
Stanley Morgan,48110,WR,CIN,1,0,0,,0,0,7,0,0,,60.0,60.0,,60.0,,0,0,0,0,,,0,0,0,0.0,0,0,0,0,0,0,1,0,0,0,0,0,0,1,0,1,0,0,0,0,0,0,0,0,0,
Dante Pettis,48113,WR,CHI,1,0,0,,0,0,6,0,0,,60.0,60.0,,60.0,,0,0,0,0,,,0,0,3,0.0,0,0,0,0,0,0,1,0,0,0,0,0,0,1,0,1,0,0,0,0,0,0,0,0,0,
Cedrick Wilson Jr.,48170,WR,MIA,2,0,0,,0,0,17,0,0,,60.4,60.0,,60.0,,0,0,0,0,,,0,0,0,0.0,0,0,0,0,0,0,2,0,0,0,0,0,0,2,0,2,0,0,0,0,0,0,0,0,0,
Mike Love,48376,ED,BUF,1,0,0,,0,0,4,0,0,,31.6,76.9,49.4,36.7,,0,0,0,0,,,0,0,0,0.0,0,0,0,1,0,0,20,19,0,1,18,0,0,1,10,10,0,0,0,0,0,0,0,0,0,
Da'Shawn Hand,48386,DI,TEN,1,0,0,,0,0,31,0,0,,68.3,67.5,62.4,60.0,,0,1,0,0,,,0,0,0,0.0,0,0,0,0,0,0,2,2,0,2,0,0,0,0,1,1,0,0,0,0,0,1,0,0,0,
Jalyn Holmes,48400,DI,CHI,1,1,0,,0,0,6,0,0,,31.6,76.9,52.7,32.9,69.0,0,0,0,0,,0.0,0,0,0,0.0,0,0,0,0,0,0,34,34,1,31,0,2,0,0,16,18,0,1,1,0,0,0,0,0,0,
Kentavius Street,48404,DI,NO,17,9,1,,0,0,20,0,0,61.2,49.2,74.0,59.8,42.3,54.8,3,10,0,0,,11.5,3,0,1,0.0,0,6,0,0,0,4,518,517,39,372,2,104,0,1,281,233,0,13,14,3,0,19,0,0,0,
Anthony Nelson,48405,ED,TB,18,13,0,81.8,0,3,30,1,0,62.4,63.2,81.4,59.7,61.1,41.9,0,9,0,0,16,15.4,8,0,1,87.5,9,6,0,5,0,90,692,684,0,18,648,18,0,8,309,293,3,25,31,1,11,15,0,55,39,6.1
Jonathan Greenard,48407,ED,HST,8,3,0,,0,0,13,1,0,60.5,63.4,30.3,55.3,76.6,35.1,2,7,1,1,,27.8,5,0,3,0.0,0,2,0,0,0,2,284,284,0,0,283,1,0,0,167,115,0,11,10,5,0,11,0,0,0,
Mike Danna,48415,ED,KC,16,9,0,,0,2,16,0,0,68.5,67.4,76.9,66.8,52.7,30.1,6,29,0,0,,20.5,8,0,1,0.0,0,5,0,13,0,18,556,543,11,187,254,91,0,13,371,167,0,23,22,1,0,40,0,0,0,
Demone Harris,48452,ED,HST,3,2,1,,0,0,13,0,0,60.0,49.5,81.5,56.4,52.0,44.2,1,0,0,0,,20.0,1,0,0,0.0,0,0,0,0,0,0,62,62,0,2,52,8,0,0,27,35,0,1,2,0,0,1,0,0,0,
James Smith-Williams,48455,ED,WAS,14,6,1,33.3,0,0,32,0,0,56.9,59.8,78.0,59.0,58.8,47.3,10,11,0,0,15,22.7,5,0,1,50.7,1,3,0,0,0,20,506,505,0,1,496,8,0,1,289,197,1,12,11,2,3,24,0,15,9,15.0
Sam Hubbard,48457,ED,CIN,18,20,1,100.0,1,0,7,2,1,75.6,69.5,77.5,57.4,74.0,43.5,18,34,0,0,29,17.8,13,1,2,118.8,6,10,0,17,0,62,962,938,0,14,902,22,0,24,554,346,7,36,40,7,6,62,0,78,39,13.0
Tyquan Lewis,48475,ED,IND,7,4,1,,0,0,14,0,0,60.3,56.3,86.3,63.0,46.3,36.2,3,13,0,0,,18.8,3,0,0,0.0,0,1,0,1,0,2,273,272,2,55,142,73,0,1,155,116,0,10,9,2,0,17,0,0,0,
Justin Hollins,48498,ED,GB,16,7,0,85.7,1,1,12,1,0,57.4,54.0,34.1,52.1,63.8,54.1,3,8,0,0,14,12.5,4,0,3,88.1,6,4,0,1,0,35,435,424,0,1,423,0,0,11,226,174,10,19,21,2,7,15,0,36,21,6.0
Carl Granderson,48500,ED,NO,16,8,0,,0,0,20,1,0,64.4,80.4,76.3,65.1,84.4,69.2,1,13,0,0,,7.8,4,0,1,0.0,0,8,0,0,0,10,480,478,0,6,447,25,0,2,257,213,1,34,39,6,0,22,0,0,0,
Chase Winovich,48523,ED,CLV,7,3,1,100.0,0,0,8,0,0,51.7,61.1,86.2,52.9,69.5,61.6,2,8,0,0,12,10.0,2,0,1,116.7,1,1,0,10,0,2,178,168,0,1,162,5,0,10,102,74,0,12,15,0,1,11,0,12,3,12.0
Bradley Chubb,48526,ED,MIA,17,14,0,87.5,0,5,17,0,0,28.6,65.5,46.4,71.4,69.3,41.4,14,30,0,0,38,23.3,10,1,4,158.3,7,10,0,12,0,51,770,744,0,0,744,0,0,26,471,248,14,25,19,0,8,54,1,118,52,16.9
Oshane Ximines,48538,ED,NYG,17,7,1,85.7,0,1,21,1,0,62.0,56.6,60.4,54.1,59.6,44.0,6,6,0,0,14,13.6,3,0,2,95.8,6,3,0,16,1,82,529,508,0,4,497,7,0,21,264,183,4,11,12,2,7,15,0,49,57,8.2
Dorance Armstrong,48557,ED,DAL,19,4,0,75.0,0,1,9,2,0,73.5,61.7,64.7,60.5,57.3,59.3,10,24,0,0,20,12.5,4,0,2,116.7,3,9,0,47,0,28,618,571,1,40,465,65,0,47,378,212,0,25,24,2,4,43,0,51,33,17.0
Aaron Patrick,48558,ED,DEN,2,0,0,,0,0,10,0,0,,56.9,67.4,56.9,,,0,0,0,0,,,0,0,0,0.0,0,0,0,0,0,0,2,2,0,0,2,0,0,0,2,0,0,0,0,0,0,0,0,0,0,
Malik Reed,48567,ED,PIT,14,11,0,100.0,0,0,25,0,0,77.9,63.8,70.0,50.9,72.1,65.7,3,6,0,0,12,7.1,2,1,1,141.0,3,1,0,6,0,27,396,381,0,2,376,3,0,15,224,145,9,11,15,0,3,10,1,25,32,8.3
Carlos Davis,48662,DI,PIT,1,0,0,,0,0,25,0,0,,45.3,73.0,62.0,44.0,67.3,0,0,0,0,,,0,0,0,0.0,0,1,0,0,0,0,12,12,0,8,0,4,0,0,7,5,0,1,0,0,0,1,0,0,0,
Roy Lopez,48676,DI,HST,17,11,1,,0,0,13,0,0,63.1,53.1,74.4,52.3,53.4,39.2,2,16,0,0,,13.2,5,0,1,0.0,0,1,1,0,0,0,557,557,8,527,0,22,0,0,262,295,0,13,22,5,0,19,0,0,0,
Harrison Phillips,48690,DI,MIN,18,26,2,,0,0,18,1,0,67.8,72.0,76.8,59.4,73.8,67.1,5,17,0,0,,6.0,4,0,1,0.0,0,2,0,0,0,0,738,738,96,492,10,140,0,0,406,332,0,27,37,1,0,24,0,0,0,
Daron Payne,48698,DI,WAS,17,18,4,100.0,1,0,32,1,0,58.7,64.1,81.3,72.0,51.2,29.0,10,27,0,0,5,17.4,12,0,1,79.2,2,12,1,1,0,10,907,906,90,530,14,272,0,1,543,354,0,44,39,7,2,49,0,2,10,1.0
Greg Gaines,48706,DI,LA,16,10,0,,0,0,26,0,0,59.0,59.1,78.5,59.3,57.5,42.8,1,11,0,0,,14.3,5,0,1,0.0,0,4,0,2,0,0,731,729,332,371,0,26,0,2,458,273,0,18,20,2,0,16,0,0,0,
Rasheem Green,48731,ED,HST,16,6,2,100.0,0,0,13,0,0,53.4,62.4,90.2,58.7,62.9,49.6,3,18,0,0,18,12.2,5,0,0,118.8,1,5,0,2,0,3,567,565,0,42,433,90,0,2,269,295,0,22,30,1,1,26,0,18,16,18.0
Taven Bryan,48753,DI,CLV,16,12,1,100.0,0,0,8,0,0,57.6,60.0,65.3,61.3,58.6,51.6,2,17,0,0,14,14.8,4,0,3,118.8,1,4,0,0,0,3,642,641,39,415,11,176,0,1,359,280,0,10,11,1,1,23,0,14,7,14.0
Deadrin Senat,48815,DI,TB,13,3,0,,0,0,30,0,0,,68.5,82.5,61.0,66.9,29.8,1,2,0,0,,16.7,3,0,0,0.0,0,1,0,0,0,0,168,168,91,73,0,4,0,0,57,111,0,9,12,1,0,4,0,0,0,
L.J. Collier,48822,DI,SEA,9,2,2,,0,0,29,0,0,60.0,38.2,46.6,56.7,34.4,74.2,1,1,0,0,,0.0,0,0,1,0.0,0,1,0,0,0,0,169,169,1,97,14,57,0,0,93,76,0,3,6,0,0,3,0,0,0,
Michael Dogbe,48850,DI,ARZ,13,8,0,,0,0,1,0,0,65.9,34.8,39.9,54.0,33.8,44.2,0,5,0,0,,10.3,3,0,2,0.0,0,0,0,0,0,0,282,282,54,196,2,30,0,0,124,158,0,12,18,2,0,5,0,0,0,
Eli Ankou,48856,DI,BUF,2,2,0,,0,0,4,0,0,,58.8,78.0,55.5,60.4,70.8,0,1,0,0,,0.0,0,0,0,0.0,0,0,0,0,0,0,45,45,4,40,0,1,0,0,24,21,0,1,2,0,0,1,0,0,0,
Daniel Ekuale,48874,DI,NE,15,2,1,,0,0,19,0,0,69.4,60.1,47.7,57.7,59.9,27.8,1,18,0,0,,33.3,5,0,2,0.0,0,3,0,0,0,1,362,362,59,165,6,132,0,0,283,78,0,7,8,0,0,22,0,0,0,
Poona Ford,48875,DI,SEA,18,13,2,,0,0,29,0,0,56.6,56.6,88.0,60.1,52.9,52.4,5,15,0,0,,12.5,5,0,0,0.0,0,3,0,0,0,0,676,676,24,378,20,254,0,0,340,336,0,15,22,2,0,23,0,0,0,
Henry Mondeaux,48889,DI,NYG,11,4,0,,0,0,21,0,0,,29.7,83.6,45.6,29.0,33.2,0,2,0,0,,13.3,2,0,0,0.0,0,0,0,0,0,0,249,249,1,92,32,124,0,0,106,143,0,6,9,2,0,2,0,0,0,
Daniel Wise,48922,DI,WAS,11,1,0,,0,0,32,0,0,59.7,47.6,80.4,56.3,46.1,70.9,1,2,0,0,,0.0,0,0,0,0.0,0,0,0,0,0,1,101,101,8,71,4,18,0,0,53,47,0,1,1,0,0,3,0,0,0,
Taylor Stallworth,48935,DI,HST,7,4,0,,0,0,13,0,0,60.0,35.3,0.0,53.0,45.8,72.7,1,0,0,0,,0.0,0,0,2,0.0,0,0,0,0,0,0,73,73,12,53,1,7,0,0,41,32,0,2,4,1,0,1,0,0,0,
Justin Jones,48940,DI,CHI,17,20,4,,1,0,6,1,0,55.9,45.8,48.1,58.9,43.4,56.2,5,19,0,0,,7.0,4,0,4,0.0,0,3,0,2,0,6,746,742,8,555,24,155,0,4,399,341,0,28,33,9,0,27,0,0,0,
Renell Wren,48953,DI,PIT,1,0,0,,0,0,25,0,0,,60.4,65.1,,60.0,,0,0,0,0,,,0,0,0,0.0,0,0,0,0,0,0,1,1,0,0,0,1,0,0,0,1,0,0,0,0,0,0,0,0,0,
Vita Vea,48956,DI,TB,15,10,0,,0,1,30,1,0,58.8,65.6,74.2,72.6,53.5,64.3,7,23,0,0,,3.7,1,0,1,0.0,0,8,0,3,0,11,581,578,150,384,6,38,0,3,364,206,0,19,16,1,0,38,0,0,0,
Tim Settle,48966,DI,BUF,17,3,1,,0,1,4,1,0,66.1,55.7,54.1,58.7,53.5,29.4,1,10,0,0,,18.2,4,0,2,0.0,0,1,0,1,0,1,435,434,10,372,1,51,0,1,258,176,0,12,15,3,0,12,0,0,0,
Kevin Strong,48981,DI,TEN,16,6,1,,0,0,31,0,0,60.0,59.5,85.0,53.5,61.2,65.6,0,5,0,0,,4.2,1,0,0,0.0,0,0,0,0,0,2,305,304,39,244,0,21,0,1,150,153,0,11,17,0,0,5,0,0,0,
Kendal Vickers,48993,DI,LV,8,3,0,,0,0,23,0,0,56.2,47.6,83.2,63.3,36.7,35.3,0,5,0,0,,18.2,2,0,0,0.0,0,0,0,0,0,2,206,206,2,155,6,43,0,0,134,70,0,3,6,0,0,5,0,0,0,
Nick Scott,49012,S,LA,16,19,0,78.9,0,2,26,0,0,43.4,54.2,86.9,60.0,77.0,66.7,0,0,0,2,34,12.8,12,3,0,106.5,30,0,0,232,4,588,984,1,0,0,1,0,635,983,1,395,111,16,63,1,38,0,3,323,149,10.8
Josh Woods,49023,LB,DET,3,0,0,100.0,0,0,11,0,0,44.7,37.6,69.3,53.7,60.0,26.0,0,1,0,0,14,100.0,1,0,0,118.8,1,0,0,10,0,5,10,0,0,0,0,0,0,10,3,2,0,0,0,0,1,1,0,14,3,14.0
Justin Reid,49048,S,KC,20,14,1,70.8,0,0,16,0,0,70.7,70.3,89.2,68.9,64.3,55.7,4,3,0,0,34,13.9,16,5,0,103.1,46,1,0,399,36,826,1311,88,0,0,88,0,545,1223,45,440,243,27,85,1,65,8,3,416,188,9.0
Tre Flowers,49059,CB,CIN,17,2,0,73.7,2,0,7,1,0,59.6,59.6,79.7,54.9,58.5,86.1,0,0,0,1,27,0.0,0,2,3,92.0,14,0,0,57,40,158,183,5,0,0,5,0,9,178,2,23,71,3,18,0,19,0,1,150,78,10.7
Khaleke Hudson,49073,LB,WAS,5,3,0,75.0,0,0,32,0,0,51.7,55.9,76.4,60.3,63.6,50.0,1,1,0,0,12,0.0,0,0,0,93.8,3,0,0,58,3,38,72,4,0,0,4,0,0,68,6,28,7,1,3,0,4,2,0,28,10,9.3
Jake Gervase,49103,LB,LA,1,0,0,,0,0,26,0,0,,60.0,67.6,,60.0,,0,0,0,0,,,0,0,0,0.0,0,0,0,0,0,0,1,0,0,0,0,0,0,1,0,1,0,0,0,0,0,0,0,0,0,
Jalen Thompson,49116,S,ARZ,17,20,0,63.6,0,0,1,1,0,59.7,65.0,65.7,53.1,77.4,90.3,1,0,0,1,33,3.5,4,6,2,111.6,28,0,0,320,33,672,1098,14,0,0,14,0,599,1084,5,421,132,15,89,1,44,1,5,297,173,10.6
Dallin Leavitt,49120,S,GB,1,0,0,,0,0,12,0,0,,59.9,60.4,,60.0,,0,0,0,0,,,0,0,0,0.0,0,0,0,0,0,0,1,0,0,0,0,0,0,1,0,1,0,0,0,0,0,0,0,0,0,
Ryan Neal,49132,S,SEA,14,13,0,64.4,0,2,29,0,0,84.4,82.0,84.4,52.9,73.0,64.7,0,1,0,1,74,12.9,11,6,0,94.3,29,1,0,362,10,413,772,45,0,0,45,0,236,727,17,342,118,28,61,3,45,2,3,276,190,9.5
Myles Hartsfield,49159,S,CAR,15,7,0,75.5,0,0,5,0,0,50.9,52.0,87.2,70.1,50.1,57.7,1,4,0,0,51,14.8,9,2,2,127.4,37,0,0,141,22,465,812,50,0,0,50,0,256,762,21,326,343,13,45,2,49,5,4,414,197,11.2
Jessie Bates III,49162,S,CIN,19,20,0,70.7,0,1,7,0,0,64.9,71.9,89.3,52.2,88.3,79.9,0,3,0,4,48,8.4,8,4,0,97.6,29,0,0,211,15,747,1213,30,0,0,30,0,845,1183,18,448,112,19,67,2,41,3,4,429,143,14.8
Ezekiel Turner,49167,LB,ARZ,10,7,0,100.0,1,1,1,0,0,42.3,63.6,0.0,66.9,93.0,80.9,0,1,0,0,30,0.0,0,0,1,147.1,10,0,0,46,6,55,108,10,0,0,10,0,0,98,10,43,45,6,9,4,10,1,2,98,84,9.8
Tarvarius Moore,49178,S,SF,10,0,0,33.3,0,0,28,0,0,61.3,64.7,74.0,,68.3,82.7,0,0,0,0,24,0.0,0,0,0,63.2,1,0,0,14,1,46,60,0,0,0,0,0,39,60,0,14,6,0,5,0,3,0,0,24,0,24.0
Elijah Campbell,49190,S,MIA,12,3,0,75.0,0,0,17,0,0,68.1,69.0,81.7,70.0,57.5,84.0,1,0,0,0,18,0.0,0,1,0,128.6,6,1,0,35,11,55,96,9,0,0,9,0,12,87,10,31,27,3,6,0,8,2,1,47,27,7.8
Jordan Whitehead,49196,S,NYJ,17,22,0,64.7,0,0,22,0,0,70.6,66.1,47.2,51.7,59.4,53.9,0,1,0,2,32,15.6,17,5,2,85.8,22,0,0,361,11,651,1129,19,0,0,19,0,616,1110,9,469,122,30,70,5,34,1,2,283,124,12.9
Ronnie Harrison,49206,S,CLV,15,3,0,64.7,1,0,8,0,0,45.6,46.0,81.2,61.4,48.1,44.9,0,0,0,0,17,12.5,3,1,1,78.8,11,1,0,98,4,155,259,13,0,0,13,0,17,246,15,89,127,7,18,0,17,1,0,93,64,8.5
Demetrius Flannigan-Fowles,49231,LB,SF,8,3,0,75.0,0,0,28,0,0,60.7,59.4,74.8,68.8,53.0,64.5,0,0,0,0,22,9.1,1,0,0,109.9,6,1,0,70,0,56,99,2,0,0,2,0,0,97,4,39,27,4,7,0,8,1,0,87,30,14.5
Tony Brown,49255,CB,IND,3,0,0,,0,0,14,0,0,52.2,61.3,69.9,74.2,60.0,73.3,0,0,0,0,,,0,0,0,0.0,0,1,0,2,1,4,10,0,0,0,0,0,0,10,1,5,6,1,0,0,0,1,0,0,0,
Troy Apke,49260,CB,WAS,1,0,0,,0,0,32,0,0,,59.9,60.4,,60.0,,0,0,0,0,,,0,0,0,0.0,0,0,0,0,0,0,1,0,0,0,0,0,0,1,0,1,0,0,0,0,0,0,0,0,0,
Andrew Wingard,49268,S,JAX,11,2,0,60.0,0,1,15,0,0,63.7,76.6,81.3,90.7,88.9,76.4,2,3,0,1,27,8.3,2,0,0,29.2,6,0,0,45,2,146,223,5,0,0,5,0,150,218,7,70,21,8,20,2,10,5,0,40,13,6.7
Myles Dorn,49299,S,MIN,2,0,0,,0,0,18,0,0,,60.0,60.0,,60.0,,0,0,0,0,,,0,0,0,0.0,0,0,0,0,0,0,2,0,0,0,0,0,0,2,0,2,0,0,0,0,0,0,0,0,0,
Rashad Fenton,49329,CB,ATL,6,5,0,84.6,2,0,2,0,0,56.2,56.6,84.4,50.6,59.1,56.2,0,4,0,0,58,14.7,5,2,4,130.8,22,0,0,37,334,233,379,5,0,0,5,0,0,374,5,141,3,6,24,0,26,4,1,320,123,14.5
Carlton Davis III,49335,CB,TB,14,5,0,54.7,0,0,30,1,0,65.4,65.1,63.6,78.4,59.0,61.4,2,0,0,1,51,11.0,8,11,4,85.8,52,0,0,80,751,541,878,4,0,0,4,0,0,874,5,332,43,21,60,3,95,2,4,649,266,12.5
Kindle Vildor,49346,CB,CHI,11,7,0,66.7,1,0,6,0,0,58.8,59.4,49.6,,63.5,40.9,0,0,0,1,54,16.2,6,4,5,112.0,26,0,0,38,471,296,531,3,0,0,3,0,0,528,0,235,18,9,24,1,39,0,3,369,146,14.2
Chandon Sullivan,49349,CB,MIN,18,15,2,78.9,0,0,18,1,0,53.7,55.7,44.6,69.5,64.6,65.0,1,4,0,0,49,10.8,8,4,4,107.8,75,0,0,92,15,666,1008,5,0,0,5,0,10,1003,23,319,886,19,51,2,95,5,1,858,505,11.4
Jaire Alexander,49350,CB,GB,16,8,0,60.6,0,0,12,0,0,82.1,80.3,42.8,,71.2,68.2,0,0,0,5,56,9.5,6,8,2,66.2,43,0,0,70,798,487,901,10,0,0,10,0,0,891,0,414,23,17,49,5,71,0,2,572,188,13.3
Ugo Amadi,49352,CB,KC,2,1,0,66.7,0,0,16,0,0,66.4,66.3,76.3,56.7,65.3,34.4,0,0,0,0,7,28.6,2,0,0,75.7,2,0,0,7,2,23,56,3,0,0,3,0,0,53,2,31,44,3,4,0,3,0,0,13,8,6.5
Greg Stroman Jr.,49354,CB,CHI,1,2,0,80.0,0,0,6,0,0,73.7,77.1,78.3,,79.2,80.4,0,0,0,1,30,0.0,0,0,0,70.4,4,0,0,3,65,35,70,2,0,0,2,0,0,68,0,35,0,2,6,0,5,0,0,52,14,13.0
Isaac Yiadom,49355,CB,NO,1,0,0,,0,0,20,0,0,,60.0,66.5,,60.0,,0,0,0,0,,,0,0,0,0.0,0,0,0,0,2,0,2,0,0,0,0,0,0,2,0,2,0,0,0,0,0,0,0,0,0,
Chris Lammons,49368,CB,KC,3,1,0,60.0,0,0,16,0,0,43.0,44.4,81.5,59.7,60.0,76.4,0,0,0,0,21,0.0,0,0,0,85.4,3,0,0,0,11,17,20,0,0,0,0,0,0,20,1,2,8,0,2,0,5,0,0,40,19,13.3
C.J. Gardner-Johnson,49371,S,PHI,15,11,0,78.8,0,0,24,0,0,66.2,65.0,89.0,72.4,54.7,52.1,1,3,0,6,45,15.4,14,3,2,79.8,41,1,0,202,3,540,872,16,0,0,16,0,443,856,12,320,208,22,66,3,52,5,4,338,170,8.2
Jaylon Jones,49374,CB,CHI,12,9,0,67.6,0,0,6,0,0,50.1,48.4,46.9,38.4,50.5,53.4,0,1,0,0,42,15.2,7,2,4,90.7,25,0,0,26,381,274,466,12,0,0,12,0,0,454,3,189,45,6,30,0,37,1,0,287,130,11.5
Donte Jackson,49377,CB,CAR,9,2,0,76.6,1,0,5,0,0,55.2,55.0,85.8,,51.1,40.8,0,0,1,2,38,16.7,7,1,2,92.7,36,0,0,17,403,271,442,0,0,0,0,0,0,442,0,171,22,16,33,1,47,0,2,342,84,9.5
Danny Johnson,49379,CB,WAS,8,5,0,63.2,0,0,32,0,0,80.1,81.0,82.0,63.0,75.0,81.2,0,0,0,1,15,0.0,0,6,0,66.2,24,1,0,41,202,176,292,4,0,0,4,0,1,288,7,109,44,5,23,0,38,1,0,205,72,8.5
John Reid,49381,CB,TEN,3,0,0,100.0,0,0,31,0,0,60.4,60.4,74.7,56.8,61.6,77.9,1,0,0,0,14,0.0,0,0,0,99.2,5,0,0,3,1,29,38,1,0,0,1,0,0,37,1,8,33,2,4,0,5,1,0,39,18,7.8
Cam Lewis,49395,S,BUF,6,2,0,100.0,0,0,4,0,0,56.7,50.9,80.1,,39.9,57.1,0,0,0,0,32,14.3,2,0,0,118.8,3,0,0,31,2,83,117,4,0,0,4,0,73,113,0,34,7,4,10,0,3,0,0,67,4,22.3
M.J. Stewart,49397,S,HST,11,3,0,71.4,0,0,13,1,0,70.5,70.1,79.6,59.3,62.5,85.9,0,1,0,0,34,4.2,1,1,0,86.6,5,0,0,66,9,74,178,17,0,0,17,0,66,161,2,102,20,3,20,0,7,1,0,42,15,8.4
Donovan Wilson,49408,S,DAL,19,20,1,65.0,0,1,9,1,0,65.9,71.3,34.1,85.3,74.6,60.6,4,5,0,1,28,14.4,18,3,5,93.8,26,5,0,441,25,633,1102,84,0,0,84,0,426,1018,35,434,126,40,87,3,40,14,3,220,87,8.5
Julian Blackmon,49434,S,IND,14,9,0,87.1,0,0,14,1,0,57.4,62.3,86.6,41.3,77.0,75.5,0,2,1,1,64,8.3,4,1,0,137.6,27,0,0,67,6,399,720,3,0,0,3,0,348,717,10,311,295,12,35,1,31,2,3,440,244,16.3
Keion Crossen,49454,CB,MIA,16,5,0,54.1,0,0,17,0,0,48.5,49.3,46.5,57.0,62.5,59.4,0,1,0,0,36,12.9,4,3,4,98.1,20,0,0,17,371,327,435,4,0,0,4,0,0,431,2,106,41,4,22,0,37,1,2,293,70,14.7
Darius Phillips,49507,CB,DEN,2,0,0,100.0,0,0,10,0,0,66.2,66.4,84.2,,60.0,29.8,0,0,0,0,5,50.0,1,0,0,87.5,1,0,0,0,0,5,7,0,0,0,0,0,0,7,0,2,6,1,1,0,1,0,0,5,12,5.0
Taron Johnson,49511,CB,BUF,18,23,0,71.8,0,0,4,0,0,73.2,67.8,68.8,55.2,51.4,68.2,1,4,0,1,42,10.3,12,7,5,107.7,79,0,0,218,5,706,1114,49,0,0,49,0,2,1065,31,377,839,40,82,7,110,5,7,748,411,9.5
Nick McCloud,49535,CB,NYG,14,5,1,61.4,0,0,21,0,0,63.8,65.6,54.0,66.7,68.2,80.2,0,2,0,0,33,4.8,2,4,2,111.6,27,1,0,143,258,307,583,28,0,0,28,0,3,555,19,257,151,8,35,1,44,3,4,296,103,11.0
JuJu Hughes,49545,S,DET,4,3,0,83.3,0,0,11,0,0,55.0,52.3,77.3,58.0,51.1,51.6,0,1,0,0,22,15.8,3,0,0,133.3,5,1,0,65,8,91,164,9,0,0,9,0,65,155,8,65,17,10,13,1,6,2,1,39,31,7.8
Denzel Ward,49558,CB,CLV,14,2,0,59.3,3,0,8,2,2,60.4,56.8,33.2,65.4,46.6,36.7,1,0,0,3,66,17.6,9,7,8,85.6,35,0,0,80,662,412,748,2,0,0,2,0,1,746,3,333,3,8,40,1,59,1,3,543,186,15.5
Ashtyn Davis,49560,S,NYJ,6,0,0,100.0,0,0,22,0,0,57.7,50.3,71.4,,60.0,,0,0,0,1,27,,0,0,0,79.2,1,0,0,3,1,9,13,1,0,0,1,0,8,12,0,4,0,0,0,0,1,0,0,27,6,27.0
Rock Ya-Sin,49564,CB,LV,11,6,0,58.5,1,0,23,0,0,65.8,65.7,86.1,60.0,59.3,46.5,1,0,0,0,42,16.7,9,5,4,82.5,31,0,0,61,552,401,663,6,0,0,6,0,0,657,1,261,44,8,39,0,53,1,1,323,114,10.4
Duke Shelley,49569,CB,MIN,10,5,0,48.9,0,0,18,0,0,86.4,82.9,85.8,,53.4,61.8,0,0,0,1,40,10.5,4,11,1,59.6,22,0,0,15,449,288,470,2,0,0,2,0,1,468,0,182,2,8,29,0,45,0,0,281,71,12.8
Breiden Fehoko,49589,DI,LAC,10,11,0,,0,0,27,0,0,65.9,49.2,85.8,47.5,50.0,29.8,0,1,0,0,,13.8,4,0,1,0.0,0,0,0,0,0,1,308,308,181,126,0,1,0,0,130,177,0,11,14,0,0,1,0,0,0,
Matt Dickerson,49601,DI,ATL,6,5,0,,0,0,2,0,0,60.9,43.6,80.2,45.9,47.4,56.3,0,0,0,0,,7.7,1,0,0,0.0,0,0,0,0,0,0,96,96,1,62,2,31,0,0,58,38,0,5,7,1,0,0,0,0,0,
Zach Allen,49605,DI,ARZ,13,16,7,100.0,1,0,1,0,0,62.7,72.7,50.6,71.6,67.4,71.3,15,14,0,0,13,5.1,2,0,4,118.8,1,6,0,21,0,8,660,639,31,210,111,287,0,21,427,225,0,21,21,4,1,35,0,13,1,13.0
Andrew Brown,49636,DI,CHI,5,1,0,,0,0,6,0,0,,35.3,80.0,47.8,36.8,70.5,0,0,0,0,,0.0,0,0,0,0.0,0,0,0,0,0,0,79,79,0,54,12,13,0,0,45,34,0,1,1,0,0,0,0,0,0,
Markus Bailey,49681,LB,CIN,10,1,0,100.0,0,0,7,0,0,55.3,71.6,77.4,55.2,80.2,55.9,0,0,0,0,20,12.5,2,0,0,139.6,3,0,0,43,3,20,62,13,0,0,13,0,0,49,3,39,2,3,13,1,3,0,1,24,20,8.0
Shaquille Leonard,49684,LB,IND,3,2,0,100.0,0,0,14,0,0,35.9,40.6,74.8,53.5,59.9,70.3,0,0,0,1,30,8.3,1,0,0,110.4,8,0,0,65,0,41,74,3,0,0,3,0,0,71,4,29,6,3,9,0,8,0,2,84,40,10.5
Genard Avery,49699,ED,TB,7,0,0,100.0,0,0,30,0,0,60.2,47.7,0.0,56.8,59.3,50.1,4,1,0,0,10,25.0,1,0,2,108.3,1,1,0,6,0,6,72,66,0,0,66,0,0,6,56,10,0,4,3,0,1,6,0,10,0,10.0
Cole Holcomb,49753,LB,WAS,7,19,0,78.9,1,0,32,0,0,67.0,66.6,42.7,45.2,69.4,71.0,1,2,0,0,31,8.6,6,1,1,140.2,15,0,0,416,0,252,446,8,0,0,8,0,0,438,29,165,22,20,45,2,19,3,3,155,130,10.3
Quincy Williams,49779,LB,NYJ,15,24,0,85.7,0,0,22,0,0,50.0,55.2,58.7,66.2,60.8,52.9,3,5,0,0,24,14.0,17,1,2,103.8,60,4,0,676,2,409,792,24,0,0,24,0,1,768,29,354,89,50,80,10,70,12,2,464,248,7.7
Azeez Al-Shaair,49792,LB,SF,15,20,0,80.0,0,0,28,1,0,61.0,74.4,40.9,86.5,82.1,77.3,1,5,0,0,22,7.1,4,0,1,93.5,16,0,0,274,4,182,383,30,0,0,30,0,0,353,16,185,75,12,32,1,20,6,0,129,81,8.1
Zaire Franklin,49834,LB,IND,17,40,0,75.7,2,2,14,0,0,50.2,57.0,49.3,66.4,65.0,57.3,2,4,0,0,63,12.4,22,6,8,103.2,53,2,0,1045,0,604,1136,7,0,0,7,0,5,1129,43,489,77,58,116,8,70,8,1,559,308,10.5
Ryan Connelly,49840,LB,MIN,1,0,0,,0,0,18,0,0,66.0,64.1,72.8,,58.1,74.9,0,0,0,0,,0.0,0,0,0,0.0,0,0,0,14,0,6,16,0,0,0,0,0,0,16,0,10,2,1,1,0,0,0,0,0,0,
Christian Rozeboom,49862,LB,LA,4,0,0,,0,0,26,0,0,,77.0,89.7,,70.0,71.4,0,0,0,0,,0.0,0,0,0,0.0,0,0,0,4,0,0,8,3,0,0,3,0,0,5,0,8,0,1,1,0,0,0,0,0,0,
B.J. Hill,49894,DI,CIN,19,25,6,,0,1,7,3,0,61.5,68.7,89.4,63.6,65.2,74.0,14,26,0,0,,1.3,1,0,0,0.0,0,5,0,1,0,6,977,976,80,724,31,141,0,1,615,356,0,35,49,2,0,45,0,0,0,
Sebastian Joseph-Day,49935,DI,LAC,17,20,1,,1,0,27,1,0,70.1,51.0,88.2,50.8,48.2,48.3,4,13,0,1,,9.2,6,0,2,0.0,0,3,1,1,0,1,758,757,117,427,46,167,0,1,412,345,0,33,39,7,0,20,0,0,0,
Jerry Tillery,49949,DI,LV,15,3,0,,0,1,23,0,0,60.5,49.8,39.0,61.3,44.2,27.7,2,16,0,0,,24.0,6,0,3,0.0,0,1,0,1,0,6,448,447,18,303,12,114,0,1,280,162,0,11,16,0,0,19,0,0,0,
Derrick Nnadi,49970,DI,KC,20,14,1,100.0,0,0,16,0,0,56.0,37.0,70.8,49.9,37.0,59.3,0,6,0,0,10,10.0,3,0,1,108.3,1,1,0,0,0,3,444,444,53,391,0,0,0,0,238,203,0,7,13,0,1,7,0,10,12,10.0
David Moa,50012,DI,LAC,3,0,0,,0,0,27,0,0,,58.3,77.2,59.5,57.4,69.8,0,1,0,0,,0.0,0,0,0,0.0,0,0,0,0,0,0,39,39,11,13,0,15,0,0,15,24,0,2,2,0,0,1,0,0,0,
Broderick Washington,50049,DI,BLT,18,15,6,,0,0,3,0,0,69.8,70.5,87.1,67.9,63.1,61.5,3,13,0,0,,7.0,4,0,0,0.0,0,2,0,0,0,2,501,501,102,344,10,45,0,0,276,223,0,26,38,1,0,18,0,0,0,
Uchenna Nwosu,50084,ED,SEA,18,15,3,75.0,1,3,29,2,0,64.9,72.6,26.1,72.3,73.8,47.0,17,35,0,0,17,16.9,12,1,8,98.4,6,10,0,11,3,100,952,923,0,0,923,0,0,29,448,404,15,44,44,9,8,62,0,65,66,10.8
John Franklin-Myers,50088,ED,NYJ,17,9,0,,0,0,22,0,0,65.5,82.6,59.1,76.0,76.8,61.6,11,33,0,0,,13.5,5,0,3,0.0,0,7,0,1,0,4,643,642,7,22,454,159,0,1,379,260,0,22,23,1,0,51,0,0,0,
Wyatt Ray,50115,ED,DEN,4,1,0,,0,0,10,0,0,68.4,66.6,81.3,52.7,70.8,78.9,0,2,0,0,,0.0,0,0,0,0.0,0,0,0,0,0,0,56,54,0,0,54,0,0,2,39,17,1,0,3,0,0,2,0,0,0,
Harvey Langi,50118,LB,LV,2,2,0,85.7,0,0,23,0,0,47.9,33.8,73.3,65.1,33.8,60.7,1,2,0,0,15,15.4,2,0,0,95.2,6,0,0,55,0,21,56,1,0,0,1,0,0,55,5,30,0,1,9,0,7,3,0,48,24,8.0
Josh Sweat,50120,ED,PHI,19,8,0,100.0,1,2,24,0,0,56.6,83.8,40.5,80.9,79.5,68.6,9,27,1,1,16,12.8,6,0,5,78.5,3,15,0,1,1,17,694,689,0,15,660,14,0,5,417,260,3,36,33,10,3,51,0,37,17,12.3
Lorenzo Carter,50126,ED,ATL,17,16,1,90.0,0,0,2,1,0,56.8,60.5,88.8,51.5,67.7,73.9,8,20,1,1,32,6.8,4,0,1,89.8,18,5,0,29,2,123,909,845,0,1,842,2,0,64,389,397,32,28,39,3,20,33,1,131,66,7.3
Ogbo Okoronkwo,50130,ED,HST,17,6,0,,1,1,13,0,0,71.9,75.1,38.6,81.9,61.5,65.0,6,25,0,0,,9.8,4,0,4,0.0,0,5,0,4,0,4,517,513,0,1,502,10,0,4,268,245,0,27,31,4,0,36,0,0,0,
Jacob Martin,50152,ED,DEN,13,3,0,100.0,0,1,10,0,0,59.9,65.1,86.6,59.6,67.1,34.5,2,20,0,0,8,28.6,4,0,1,91.7,2,3,0,2,0,22,261,253,0,0,253,0,0,8,155,84,5,6,7,1,2,25,0,12,19,6.0
Olasunkanmi Adeniyi,50154,ED,TEN,3,1,0,,0,0,31,0,0,62.5,58.6,13.4,53.2,72.8,44.1,0,2,0,0,,25.0,1,0,1,0.0,0,0,0,1,0,4,69,66,0,1,65,0,0,3,42,23,2,2,2,0,0,2,0,0,0,
Tashawn Bower,50170,ED,LV,5,0,0,,0,0,23,0,0,,49.6,75.7,49.3,56.6,70.5,0,0,0,0,,0.0,0,0,0,0.0,0,0,0,0,0,0,37,36,0,1,33,2,0,1,21,16,0,0,1,0,0,0,0,0,0,
Delontae Scott,50185,ED,PIT,2,0,0,,0,0,25,0,0,,46.6,74.9,53.3,51.0,,0,0,0,0,,,0,0,0,0.0,0,0,0,1,0,0,16,15,0,0,15,0,0,1,6,10,0,0,0,0,0,0,0,0,0,
Malcolm Roach,50191,DI,NO,13,9,0,0.0,0,0,20,0,0,56.8,47.8,63.1,56.6,47.9,29.8,2,10,0,0,,20.6,7,0,2,39.6,0,0,0,0,0,2,316,315,69,240,0,6,0,1,155,159,0,12,18,1,1,12,0,0,0,
La'Darius Hamilton,50192,ED,GB,3,1,0,,0,0,12,0,0,,35.6,75.0,58.1,34.5,25.3,0,1,0,0,,50.0,1,0,0,0.0,0,0,0,0,0,0,24,24,0,0,24,0,0,0,10,14,0,0,0,0,0,1,0,0,0,
Benning Potoa'e,50195,DI,WAS,2,2,0,,0,0,32,0,0,,63.1,76.8,57.4,64.1,70.5,0,0,0,0,,0.0,0,0,0,0.0,0,0,0,0,0,0,36,36,2,28,0,6,0,0,19,17,0,2,2,1,0,0,0,0,0,
Arden Key,50201,ED,JAX,19,6,2,71.4,0,0,15,1,0,56.2,75.7,59.9,72.0,75.1,45.0,13,33,0,0,25,14.3,4,0,2,96.1,5,5,0,22,0,27,541,514,8,91,316,99,0,27,368,146,5,18,18,0,7,51,0,58,55,11.6
Oren Burks,50203,LB,SF,13,9,0,70.6,0,0,28,0,0,69.6,78.9,77.0,61.5,82.2,78.4,0,0,0,0,16,3.7,1,1,0,100.1,12,1,0,134,1,97,177,15,0,0,15,0,0,162,9,71,27,8,17,1,17,1,1,80,58,6.7
Rashaan Evans,50213,LB,ATL,17,43,1,83.6,0,1,2,2,0,55.9,59.6,49.3,66.5,62.5,78.8,2,7,0,0,27,7.3,12,4,2,100.2,51,2,0,1013,8,545,1104,48,0,0,48,0,8,1056,80,479,27,46,110,4,61,11,0,491,239,9.6
Gerri Green,50228,ED,CHI,1,0,0,,0,0,6,0,0,,58.5,71.7,58.2,60.0,,0,0,0,0,,,0,0,0,0.0,0,0,0,0,0,0,4,4,0,0,4,0,0,0,2,2,0,0,0,0,0,0,0,0,0,
Josh Hines-Allen,50235,ED,JAX,19,19,2,76.5,1,4,15,1,1,58.6,84.7,67.4,79.8,83.0,69.7,21,49,0,0,40,10.1,7,0,3,143.5,13,7,0,9,0,100,1005,983,0,2,975,6,0,22,539,366,13,37,43,6,17,77,2,157,76,12.1
Marquis Haynes Sr.,50244,ED,CAR,17,7,4,100.0,0,0,5,1,1,78.0,59.3,74.0,62.6,37.2,55.0,10,11,0,0,18,11.1,3,0,1,86.1,3,5,0,12,1,43,470,451,0,2,441,8,0,19,300,127,6,12,17,2,3,26,0,14,16,4.7
Marcus Davenport,50291,ED,NO,15,12,0,,1,0,20,0,0,72.4,76.8,45.0,75.0,69.7,59.2,7,26,0,0,,11.4,4,0,3,0.0,0,1,0,1,0,7,490,488,0,5,437,46,0,2,282,201,0,11,19,2,0,34,0,0,0,
Christian Wilkins,50293,DI,MIA,18,26,8,,3,1,17,1,0,70.7,82.2,43.1,71.3,78.9,68.9,3,23,0,0,,4.0,4,0,6,0.0,0,7,0,1,0,8,1022,1020,90,520,33,377,0,2,633,381,0,58,71,14,0,33,0,0,0,
Xavier Crawford,50326,CB,SEA,1,0,0,100.0,0,0,29,0,0,27.3,40.4,89.4,,,68.9,0,0,0,0,6,0.0,0,0,0,91.7,1,0,0,0,0,1,1,0,0,0,0,0,0,1,0,0,0,0,1,0,1,0,0,6,0,6.0
Michael Ojemudia,50327,CB,CHI,2,0,0,,0,0,6,0,0,60.0,60.6,66.0,,60.0,,0,0,0,0,,,0,0,0,0.0,0,0,0,0,1,1,2,0,0,0,0,0,0,2,0,1,1,0,0,0,0,0,0,0,0,
Cornell Armstrong,50351,CB,ATL,7,4,0,60.9,0,0,2,0,0,54.0,57.2,84.3,,67.4,81.8,0,0,0,0,32,2.9,1,4,0,97.5,28,0,0,35,307,215,372,3,0,0,3,0,0,369,0,157,27,2,29,0,46,0,2,333,106,11.9
Nik Needham,50356,CB,MIA,6,2,0,62.5,1,0,17,0,0,66.5,63.7,26.8,46.3,60.0,76.8,0,2,0,0,41,4.3,1,1,2,116.1,10,0,0,31,200,181,294,5,0,0,5,0,11,289,4,109,47,6,20,0,16,2,1,158,33,15.8
Anthony Averett,50365,CB,LV,7,1,0,83.3,1,0,23,0,0,51.0,52.2,83.2,,56.7,46.0,0,0,0,0,30,17.6,3,1,1,137.0,15,0,0,26,242,169,278,0,0,0,0,0,0,278,0,109,10,1,13,0,18,0,1,224,36,14.9
Aaron Robinson,50370,CB,NYG,2,1,0,40.0,0,0,21,0,0,73.2,74.3,77.1,,70.4,80.0,0,0,0,0,20,0.0,0,1,0,58.8,2,0,0,11,56,42,72,0,0,0,0,0,0,72,0,30,5,1,5,0,5,0,0,28,12,14.0
Tre Herndon,50380,CB,JAX,13,4,0,68.9,0,0,15,1,0,57.2,55.8,85.1,70.8,40.2,62.4,1,2,0,0,47,11.4,5,4,2,120.5,31,0,0,16,187,364,506,1,0,0,1,0,2,505,6,136,300,11,35,2,45,3,3,419,114,13.5
Isaiah Oliver,50393,CB,ATL,12,11,1,68.4,0,0,2,0,0,72.2,77.9,83.0,77.1,81.5,59.0,1,0,0,1,39,17.0,8,5,0,72.4,26,1,0,44,18,194,349,10,0,0,10,0,15,339,12,143,262,10,28,1,38,2,0,221,147,8.5
A.J. Green III,50394,CB,CLV,12,0,0,80.0,0,0,8,0,0,41.8,43.6,81.7,68.0,49.8,41.8,1,0,0,1,31,20.0,3,0,0,119.3,12,0,0,12,49,105,142,5,0,0,5,0,0,137,4,33,75,2,12,0,15,1,2,147,53,12.3
Jeremy Reaves,50406,S,WAS,11,4,0,50.0,0,0,32,0,0,70.8,72.4,79.0,58.8,66.5,62.4,0,0,0,0,10,11.1,2,1,0,56.8,4,0,0,65,6,76,149,5,0,0,5,0,51,144,1,72,21,7,12,0,8,0,0,25,9,6.3
Josh Jackson,50417,CB,ARZ,2,0,0,71.4,0,0,1,1,0,60.4,63.4,79.8,,74.8,80.6,0,0,0,0,24,0.0,0,0,1,136.9,5,0,0,4,78,56,85,0,0,0,0,0,0,85,0,29,3,2,6,0,7,0,1,60,9,12.0
Juan Thornhill,50426,S,KC,19,19,0,58.7,0,0,16,0,0,75.2,72.7,73.4,67.9,65.4,70.0,1,0,0,3,30,10.9,10,8,5,76.2,27,1,0,166,8,830,1244,35,0,0,35,0,857,1209,9,405,178,10,63,4,46,2,4,258,103,9.6
Emmanuel Moseley,50430,CB,SF,5,3,0,65.0,0,0,28,0,0,73.5,70.9,84.7,40.6,58.6,38.2,0,2,1,1,34,21.4,6,3,2,63.5,13,0,0,21,273,200,312,15,0,0,15,0,0,297,1,111,3,9,19,1,20,2,0,135,53,10.4
Jalen Davis,50431,CB,CIN,2,2,0,66.7,0,0,7,0,0,63.9,60.4,76.6,54.1,52.2,74.5,0,0,0,0,16,0.0,0,0,0,86.8,4,0,0,6,4,29,50,3,0,0,3,0,0,47,4,17,37,0,0,0,6,0,0,42,22,10.5
Mike Jackson,50437,CB,SEA,18,12,0,61.1,1,0,29,2,0,56.8,58.4,88.3,57.7,60.4,49.0,1,0,0,1,36,15.1,14,10,5,88.4,55,0,0,89,1020,649,1147,21,0,0,21,0,0,1126,2,496,17,19,67,3,90,1,3,625,209,11.4
Jace Whittaker,50465,CB,ARZ,6,7,0,85.7,0,0,1,0,0,51.5,46.3,83.1,63.7,29.8,48.0,0,1,0,0,32,19.2,5,3,0,106.3,24,0,0,26,169,149,281,3,0,0,3,0,1,278,6,126,82,6,14,0,28,1,0,266,173,11.1
Grant Haley,50473,CB,LA,3,4,0,58.8,1,0,26,0,0,68.4,68.0,78.0,,61.4,43.9,0,0,0,0,29,21.4,3,3,1,74.1,10,0,0,18,53,89,129,0,0,0,0,0,2,129,0,40,56,3,7,0,17,0,0,94,98,9.4
Lamar Jackson,50532,CB,DEN,3,0,0,45.5,0,0,10,0,0,29.1,29.8,77.2,60.0,70.0,81.1,0,0,0,0,28,0.0,0,2,1,77.1,5,0,0,1,48,39,50,0,0,0,0,0,0,50,1,10,0,0,3,0,11,0,0,98,29,19.6
Amani Oruwariye,50533,CB,DET,13,4,0,75.0,4,0,11,1,0,31.3,30.0,12.6,56.2,37.9,49.3,0,0,0,0,45,14.6,7,3,10,130.6,39,0,0,46,406,298,474,4,0,0,4,0,1,470,1,175,17,6,37,1,52,0,4,504,121,12.9
Mike Ford,50535,CB,ATL,7,2,0,71.4,0,0,2,0,0,60.1,64.6,76.4,69.0,67.1,61.7,1,0,0,0,21,12.5,1,0,0,102.1,5,0,0,21,6,46,83,5,0,0,5,0,0,78,3,34,50,2,5,1,7,1,0,68,47,13.6
Avonte Maddox,50543,CB,PHI,11,10,0,82.6,0,2,24,1,0,69.1,72.2,83.5,77.6,72.2,54.1,1,1,0,1,25,14.3,8,2,0,100.3,38,1,0,58,26,349,522,7,0,0,7,0,23,515,9,164,408,19,38,3,46,3,1,391,256,10.3
Brandon Facyson,50564,CB,IND,16,2,0,67.6,0,0,14,0,0,56.0,56.2,84.9,,54.3,55.7,0,0,0,0,35,17.1,6,3,3,101.5,25,0,0,47,388,276,455,14,0,0,14,0,1,441,0,179,5,7,27,0,37,0,1,303,94,12.1
Byron Cowart,50588,DI,IND,17,6,0,,0,0,14,0,0,62.6,30.4,84.4,51.8,28.7,37.0,0,4,0,0,,12.5,2,0,0,0.0,0,0,0,0,0,0,229,227,14,197,0,16,0,2,114,115,0,7,8,2,0,4,0,0,0,
Charles Omenihu,50612,ED,SF,20,7,0,,0,2,28,0,0,58.8,69.7,59.0,75.6,51.5,40.7,12,43,0,0,,23.8,5,0,3,0.0,0,7,0,2,0,2,659,657,11,137,364,145,0,2,475,182,0,13,9,0,0,62,0,0,0,
Austin Calitro,50640,LB,LV,3,4,0,100.0,0,0,23,0,0,28.8,29.6,79.4,49.2,54.6,81.1,0,1,0,0,13,0.0,0,0,1,146.9,4,0,0,47,1,21,62,11,0,0,11,0,0,51,13,28,3,2,4,1,4,1,1,39,7,9.8
Luke Gifford,50675,LB,DAL,9,2,0,50.0,0,0,9,0,0,42.7,47.4,74.1,58.2,61.2,81.5,0,0,0,0,5,0.0,0,0,0,56.3,1,0,0,41,0,17,44,0,0,0,0,0,1,44,2,25,1,1,3,0,2,0,0,5,6,5.0
Josey Jewell,50720,LB,DEN,13,30,0,78.9,0,1,10,2,0,62.2,71.7,83.3,58.3,79.6,68.4,2,6,0,2,43,9.2,12,2,0,99.3,60,3,0,776,0,423,825,9,0,0,9,0,0,816,73,329,40,40,89,5,76,11,2,635,497,10.6
Cody Barton,50727,LB,SEA,18,36,0,76.7,0,0,29,0,0,49.6,56.6,85.4,62.3,62.6,76.9,0,2,0,2,54,7.6,11,5,0,108.9,56,2,0,900,5,475,959,5,0,0,5,0,2,954,29,455,47,47,97,4,73,4,5,551,415,9.8
Jordyn Brooks,50851,LB,SEA,16,33,0,75.0,0,1,29,1,0,40.7,52.8,84.3,66.0,65.2,66.2,3,5,0,0,52,10.3,17,4,1,123.8,54,1,0,948,2,543,1026,10,0,0,10,0,10,1016,37,446,56,61,115,2,72,9,5,624,417,11.6
DeMarquis Gates,50881,LB,CHI,2,1,0,,0,0,6,0,0,,73.8,66.9,,65.2,70.5,0,0,0,0,,0.0,0,0,0,0.0,0,0,0,0,0,0,2,2,0,0,2,0,0,0,0,2,0,0,0,0,0,0,0,0,0,
Roquan Smith,50892,LB,BLT,18,57,0,78.8,0,0,3,0,0,62.8,72.1,87.5,59.8,78.0,77.1,0,10,0,3,33,8.9,17,2,1,90.2,52,5,0,977,2,556,1094,49,0,0,49,0,5,1045,72,466,60,64,118,6,66,15,2,513,290,9.9
Tremaine Edmunds,50905,LB,BUF,15,29,0,68.7,0,0,4,0,0,90.0,81.9,85.9,72.0,60.1,77.1,2,6,0,1,23,7.7,10,10,0,80.4,46,2,0,868,3,536,905,8,0,0,8,0,1,897,49,320,24,42,91,6,67,10,1,359,216,7.8
Robert Spillane,50918,LB,PIT,16,17,1,84.0,0,0,25,0,0,39.5,52.5,56.7,54.5,77.3,70.2,1,8,0,0,45,7.5,6,3,2,127.6,42,0,0,416,29,330,588,62,0,0,62,0,0,526,61,197,81,25,57,4,50,9,3,491,300,11.7
Leighton Vander Esch,50950,LB,DAL,16,38,0,77.8,0,1,9,0,0,76.7,73.1,86.5,60.9,63.7,82.5,0,3,0,0,30,6.0,7,2,0,93.4,28,1,0,780,4,468,882,31,0,0,31,0,11,851,33,381,56,33,72,3,36,4,0,231,160,8.3
Bobby Okereke,50954,LB,IND,17,36,0,78.5,0,2,14,2,0,67.4,73.3,64.0,48.5,79.3,59.9,0,3,0,0,52,10.8,18,4,2,103.0,73,0,0,821,12,531,970,33,0,0,33,0,5,937,24,415,98,53,112,7,93,3,2,651,500,8.9
Ja'Whaun Bentley,50966,LB,NE,17,30,0,73.8,0,0,19,0,0,72.6,80.4,66.3,62.2,83.8,74.7,4,13,0,1,36,8.3,10,1,1,78.6,31,3,0,775,5,407,907,106,0,0,106,0,0,801,117,383,21,47,80,1,42,20,0,251,187,8.1
Frankie Luvu,51028,LB,CAR,15,16,2,89.3,0,2,5,0,0,51.5,74.8,74.2,72.2,90.1,56.1,3,13,1,1,35,14.2,17,1,1,119.9,50,7,0,549,6,415,941,302,0,0,302,0,6,639,146,380,78,63,87,14,56,23,4,496,312,9.9
Tyrel Dodson,51045,LB,BUF,8,6,0,76.9,0,0,4,0,0,43.9,48.4,80.4,74.4,55.7,65.2,1,5,0,0,26,10.3,3,0,0,103.7,10,1,0,196,1,137,220,15,0,0,15,0,3,205,14,69,5,8,20,0,13,7,0,117,93,11.7
Shaquille Quarterman,51048,LB,JAX,3,0,0,,0,1,15,0,0,82.6,90.4,73.8,59.6,77.0,78.3,0,0,0,0,,0.0,0,0,0,0.0,0,0,0,19,1,16,22,0,0,0,0,0,0,22,1,5,2,1,5,0,0,0,0,0,0,
Jahlani Tavai,51055,LB,NE,17,17,1,74.3,0,0,19,0,0,73.3,73.5,86.0,61.0,69.2,89.9,2,2,0,0,27,0.0,0,3,0,100.8,26,2,0,323,7,236,570,213,0,0,213,0,0,357,56,278,27,20,40,1,35,6,1,229,134,8.8
Julian Love,51081,S,NYG,18,25,0,71.2,0,0,21,1,0,70.9,66.7,70.1,68.9,55.5,78.2,0,3,0,2,40,8.7,11,4,2,99.5,37,1,0,296,37,648,1133,52,0,0,52,0,578,1081,23,462,170,35,91,7,52,4,3,436,190,11.8
Ben Niemann,51099,LB,ARZ,16,22,0,82.4,0,0,1,1,0,70.2,71.0,83.1,58.2,67.6,90.3,0,4,0,0,25,1.5,1,1,0,88.2,28,0,0,440,7,249,484,14,0,0,14,0,0,470,40,195,21,19,45,2,34,4,0,176,178,6.3
Taylor Rapp,51172,S,LA,16,19,0,72.9,0,0,26,1,0,72.9,76.2,67.9,65.6,82.3,84.6,1,1,0,2,19,6.3,6,3,1,82.1,35,0,0,257,7,587,976,20,0,0,20,0,524,956,13,376,168,14,70,3,48,2,2,262,169,7.5
P.J. Locke,51189,S,DEN,13,1,0,66.7,0,1,10,0,0,84.6,80.5,0.0,64.9,47.1,52.4,0,0,0,0,16,10.0,1,1,1,76.6,6,0,0,31,0,80,112,1,0,0,1,0,53,111,2,30,25,5,8,1,9,0,0,41,33,6.8
Andre Chachere,51194,CB,PHI,2,0,0,0.0,0,0,24,0,0,45.4,32.0,70.5,,38.3,75.8,0,0,0,0,,0.0,0,0,0,39.6,0,0,0,2,0,4,11,0,0,0,0,0,0,11,0,7,8,0,2,0,1,0,0,0,0,
Joshua Kalu,51203,S,TEN,14,8,0,81.5,0,1,31,0,0,59.0,68.0,47.2,48.4,93.5,70.8,0,1,0,1,34,10.0,4,3,2,82.1,22,0,0,84,4,346,494,5,0,0,5,0,193,489,13,135,207,16,28,1,27,1,0,200,117,9.1
Minkah Fitzpatrick,51206,S,PIT,15,29,0,69.4,0,0,25,0,0,83.3,82.4,40.6,52.1,82.2,79.0,1,3,1,6,62,9.6,10,4,3,72.3,25,0,0,161,14,559,939,12,0,0,12,0,640,927,12,368,112,17,65,1,36,4,1,369,123,14.8
Fred Warner,51222,LB,SF,20,40,0,66.2,0,1,28,0,0,80.4,85.7,52.5,67.1,89.7,66.1,3,8,0,2,60,10.2,18,5,5,88.8,45,2,0,1087,3,719,1209,38,0,0,38,0,6,1171,49,441,75,72,119,4,68,13,2,556,352,12.4
Tracy Walker III,51266,S,DET,3,6,1,50.0,1,0,11,0,0,75.4,74.3,0.0,77.6,58.5,77.4,0,1,0,0,13,6.3,1,0,2,70.8,1,1,0,23,0,91,139,9,0,0,9,0,73,130,5,43,34,2,9,0,2,2,0,13,11,13.0
Drue Tranquill,51276,LB,LAC,18,33,0,79.3,1,0,27,0,0,75.4,66.3,67.2,77.0,49.2,52.1,3,7,0,2,32,15.3,25,2,1,95.4,46,5,0,905,5,553,1051,52,0,0,52,0,2,999,70,428,87,53,105,5,58,15,2,440,333,9.6
Mike Edwards,51282,S,TB,14,23,0,77.3,0,0,30,0,0,53.6,52.3,85.8,63.2,46.6,53.1,1,4,1,2,47,16.0,17,2,0,116.6,34,1,0,237,24,520,876,31,0,0,31,0,476,845,30,326,108,22,66,3,44,6,4,409,179,12.0
Kristian Welch,51283,LB,BLT,2,0,0,100.0,0,0,3,0,0,44.8,29.8,68.8,,58.6,71.4,0,0,0,0,14,0.0,0,0,0,118.8,1,0,0,4,0,2,4,0,0,0,0,0,0,4,0,2,0,0,1,0,1,0,0,14,1,14.0
Sean Chandler,51315,S,CAR,5,2,0,100.0,0,0,5,0,0,50.6,51.1,78.1,60.0,59.9,83.5,0,0,0,0,9,0.0,0,0,0,125.7,3,0,0,21,4,39,74,5,0,0,5,0,29,69,1,34,15,0,5,0,3,0,1,14,9,4.7
Terrell Edmunds,51334,S,PIT,15,20,0,64.9,0,0,25,0,0,68.0,69.1,86.7,77.2,63.4,64.1,0,2,0,0,39,12.0,9,4,0,132.4,24,2,0,322,49,514,886,66,0,0,66,0,255,820,18,354,194,17,46,1,37,4,4,357,131,14.9
Will Harris,51336,CB,DET,15,12,0,70.7,1,1,11,1,0,66.9,63.7,57.1,55.5,54.9,76.4,1,8,0,1,54,8.8,5,2,2,107.1,41,0,0,68,101,395,659,29,0,0,29,0,12,630,34,230,449,16,40,3,58,9,3,502,157,12.2
Micah Abernathy,51344,S,ATL,1,0,0,,0,0,2,0,0,,60.0,62.6,,60.0,,0,0,0,0,,,0,0,0,0.0,0,0,0,0,0,0,1,0,0,0,0,0,1,1,0,1,0,0,0,0,0,0,0,0,0,
Derwin James Jr.,51368,S,LAC,15,24,0,64.6,1,2,27,0,0,74.5,77.6,20.0,90.9,75.3,72.9,1,4,0,2,18,10.9,13,4,6,72.8,31,4,0,356,18,509,909,65,0,0,65,0,296,844,31,369,174,29,82,2,48,9,2,235,110,7.6
Amani Hooker,51378,S,TEN,9,8,1,80.0,0,1,31,1,0,71.5,63.3,19.1,49.8,43.8,63.7,0,4,0,1,33,11.8,6,2,2,86.1,24,0,0,156,13,332,522,12,0,0,12,0,84,510,22,168,256,11,37,1,30,4,0,240,96,10.0
Marcus Epps,51391,S,PHI,20,15,0,78.4,0,1,24,0,0,47.5,57.8,46.4,52.1,81.7,68.4,0,0,0,0,63,12.7,15,5,2,145.3,40,0,0,296,9,762,1239,10,0,0,10,0,786,1229,9,468,138,20,88,4,51,0,6,483,177,12.1
Roderic Teamer,51405,S,LV,14,6,0,81.5,0,0,23,0,0,55.3,54.7,30.6,49.0,60.8,77.3,0,1,0,0,38,6.3,2,0,2,135.6,22,0,0,90,18,166,286,29,0,0,29,0,44,257,8,112,104,10,24,2,27,1,3,207,151,9.4
Marcell Harris,51408,LB,NYJ,5,3,0,100.0,0,0,22,0,0,50.1,64.4,73.5,,71.3,28.9,0,0,0,0,5,30.8,4,0,0,85.4,2,0,0,51,2,19,62,3,0,0,3,0,0,59,0,43,6,3,6,0,2,0,0,9,7,4.5
Jaylinn Hawkins,51423,S,ATL,16,26,0,72.0,0,1,2,1,1,56.1,59.8,85.7,59.9,64.9,47.8,1,5,0,2,26,16.3,16,4,0,71.6,18,0,0,233,25,522,955,32,0,0,32,0,587,923,14,419,78,11,56,0,25,6,1,177,88,9.8
Jaquan Johnson,51433,S,BUF,10,10,0,70.0,0,0,4,0,0,52.9,50.5,0.0,55.0,60.7,62.0,0,0,0,1,45,11.1,4,0,2,97.1,7,0,0,76,0,153,261,20,0,0,20,0,131,241,6,102,33,2,22,0,10,0,1,103,31,14.7
Chase Hansen,51448,LB,NO,2,1,0,100.0,0,0,20,0,0,45.9,45.3,90.0,60.0,56.9,77.6,0,0,0,0,10,0.0,0,0,0,108.3,1,0,0,14,0,4,16,1,0,0,1,0,0,15,1,11,0,1,2,0,1,0,0,10,7,10.0
Kaden Elliss,51485,LB,NO,17,19,0,78.1,0,2,20,0,0,67.5,81.5,89.1,75.8,81.1,58.4,3,9,0,0,32,12.3,9,2,0,97.1,25,8,0,332,4,235,632,252,0,0,251,1,0,380,103,294,42,36,45,2,32,20,0,234,119,9.4
J.T. Gray,51495,S,NO,7,0,0,,0,0,20,0,0,51.3,72.4,77.8,91.8,65.2,77.8,0,0,0,0,,0.0,0,0,0,0.0,0,3,0,0,1,21,30,7,0,0,7,0,19,23,3,6,1,3,1,0,0,3,0,0,0,
Dre Greenlaw,51503,LB,SF,18,29,1,78.4,1,2,28,2,1,82.6,79.6,0.0,63.1,78.1,77.9,0,5,0,1,51,6.7,11,4,8,95.5,87,1,0,894,6,616,1034,41,0,0,41,0,4,993,40,378,89,71,125,5,111,6,2,708,453,8.1
Keelan Cole Sr.,51593,WR,LV,1,0,0,,0,0,23,0,0,,60.0,60.0,,60.0,,0,0,0,0,,,0,0,1,0.0,0,0,0,0,0,0,1,0,0,0,0,0,0,1,0,1,0,0,0,0,0,0,0,0,0,
Kenny Moore II,51596,CB,IND,12,11,0,76.3,0,0,14,0,0,46.3,55.7,85.4,53.0,80.5,62.6,0,0,0,0,42,9.9,7,3,2,121.4,45,1,0,135,103,422,774,25,0,0,25,0,5,749,15,337,505,21,53,4,59,1,4,469,255,10.4
Nicholas Morrow,51674,LB,CHI,17,27,0,83.6,1,0,6,0,0,61.3,54.0,85.1,54.2,46.8,56.9,0,7,0,1,30,12.4,17,1,1,99.9,46,1,0,956,8,526,1086,40,0,0,40,0,5,1046,45,515,75,48,93,11,55,8,1,459,279,10.0
Khyiris Tonga,52000,DI,MIN,12,8,4,,0,0,18,0,0,,77.8,84.7,69.7,73.3,31.7,1,8,0,0,,15.6,5,0,0,0.0,0,1,0,0,0,0,300,300,155,140,0,5,0,0,151,149,0,12,19,1,0,10,0,0,0,
Manny Jones,52026,DI,ARZ,4,3,0,,0,0,1,0,0,60.0,48.6,78.7,51.9,50.4,73.3,0,1,0,0,,0.0,0,0,0,0.0,0,0,0,0,0,0,59,59,1,30,12,16,0,0,23,36,0,4,5,0,0,1,0,0,0,
Isaiah Dunn,52129,CB,SEA,1,0,0,,0,0,29,0,0,60.7,70.2,60.4,,,,0,0,0,0,,,0,0,0,0.0,0,0,0,0,0,1,1,0,0,0,0,0,0,1,0,0,0,0,0,0,0,0,0,0,0,
Paulson Adebo,52280,CB,NO,13,8,0,69.6,3,0,20,0,0,48.6,49.1,87.3,58.8,49.6,49.6,0,0,0,0,78,12.7,9,7,10,123.6,48,0,0,50,719,496,814,15,0,0,15,0,1,799,1,317,27,22,54,2,69,0,5,652,222,13.6
Anthony Chesley,54369,CB,TB,2,1,0,100.0,0,0,30,0,0,42.7,48.1,80.0,,66.3,75.2,0,0,0,0,15,0.0,0,0,0,143.8,2,0,0,3,9,11,18,0,0,0,0,0,0,18,0,7,5,0,1,0,2,0,1,18,0,9.0
Jeff Gunter,54402,ED,CIN,4,1,0,100.0,0,0,7,0,0,54.8,42.5,79.1,52.4,59.4,69.9,0,0,0,0,21,0.0,0,0,0,118.8,1,0,0,1,0,2,37,36,0,0,36,0,0,1,23,12,0,0,0,0,1,0,0,21,16,21.0
C.J. Brewer,54409,DI,BUF,2,1,0,,0,0,4,0,0,60.0,25.2,0.0,52.2,25.5,68.4,0,0,0,0,,0.0,0,0,1,0.0,0,0,0,0,0,0,29,29,1,25,0,3,0,0,14,15,0,0,1,0,0,0,0,0,0,
Tarron Jackson,54410,ED,PHI,3,1,0,,0,0,24,0,0,,61.5,77.4,54.6,66.4,70.5,0,1,0,0,,0.0,0,0,0,0.0,0,0,0,2,0,0,27,25,0,0,25,0,0,2,18,9,0,0,0,0,0,1,0,0,0,
Malcolm Koonce,55015,ED,LV,13,1,0,,0,0,23,0,0,78.9,47.7,78.7,52.4,38.2,38.2,0,2,0,0,,16.7,1,0,0,0.0,0,0,0,2,0,2,68,65,0,2,61,2,0,3,48,18,1,2,4,0,0,2,0,0,0,
Darrick Forrest,55087,S,WAS,17,14,0,54.3,0,2,32,1,0,69.0,67.0,60.7,48.8,63.2,80.8,0,0,0,4,40,7.0,6,5,1,68.0,25,0,0,265,7,508,849,17,0,0,17,0,485,832,9,332,75,16,66,2,46,0,4,308,119,12.3
Coby Bryant,55088,CB,SEA,18,14,0,74.6,0,4,29,0,0,52.2,55.8,60.1,71.9,66.6,43.7,2,1,0,0,67,15.2,12,4,3,106.3,50,2,0,78,26,492,784,3,0,0,3,0,0,781,15,277,677,16,53,2,67,5,2,515,253,10.3
Boye Mafe,55220,ED,SEA,18,12,0,81.8,0,0,29,0,0,64.8,64.6,86.3,53.0,69.6,69.5,1,8,0,0,23,7.0,3,0,0,94.3,9,3,0,0,0,46,452,441,0,1,437,3,0,11,200,206,11,23,28,2,11,12,0,73,55,8.1
Esezi Otomewo,55221,DI,MIN,5,2,0,,0,0,18,0,0,62.4,62.6,84.7,62.3,53.8,41.8,0,4,0,0,,16.7,1,0,0,0.0,0,0,0,0,0,0,90,89,2,63,11,13,0,1,65,25,0,3,3,1,0,4,0,0,0,
Mark Robinson,55265,LB,PIT,3,4,0,100.0,0,0,25,0,0,29.1,27.6,74.9,44.0,42.1,30.1,0,1,0,0,19,30.0,3,0,0,118.8,3,0,0,41,1,16,44,0,0,0,0,0,0,44,0,28,2,3,3,0,3,1,0,50,36,16.7
Gabe Davis,55410,WR,BUF,1,0,0,,0,0,4,0,0,60.0,60.0,62.9,,,,0,0,0,0,,,0,0,3,0.0,0,0,0,0,0,1,1,0,0,0,0,0,1,1,0,0,0,0,0,0,0,0,0,0,0,
Ja'Sir Taylor,55426,CB,LAC,9,4,0,75.0,0,0,27,0,0,61.5,58.4,4.9,70.0,52.7,45.8,0,0,0,0,50,16.7,4,1,2,109.4,9,0,0,20,88,103,188,3,0,0,3,0,1,185,5,80,76,3,16,0,12,0,0,129,32,14.3
Harrison Hand,55576,CB,CHI,3,3,0,80.0,0,1,6,0,0,55.0,73.1,80.8,,94.0,66.1,0,0,0,0,17,7.7,1,1,0,100.0,8,0,0,5,104,50,111,2,0,0,2,0,0,109,0,61,0,1,9,0,10,0,0,80,46,10.0
Elijah Hicks,55584,S,CHI,5,8,0,100.0,0,1,6,1,0,59.6,63.2,81.7,56.1,68.4,84.0,0,0,0,0,66,4.5,1,0,0,158.3,4,0,0,14,0,80,168,1,0,0,1,0,142,167,2,86,11,1,13,0,4,0,3,106,35,26.5
A.J. Terrell,55586,CB,ATL,14,7,0,57.4,0,0,2,1,0,61.8,63.9,87.0,58.7,67.3,32.1,0,0,0,0,40,17.2,10,8,3,115.8,39,0,0,106,642,444,800,7,0,0,7,0,0,793,1,355,45,14,41,1,68,0,9,430,142,11.0
Josh Blackwell,55589,CB,CHI,5,3,0,54.5,0,0,6,0,0,66.4,58.0,82.7,71.5,29.5,55.5,1,0,0,0,28,13.3,2,0,0,79.0,6,0,0,11,4,71,134,1,0,0,1,0,0,133,7,56,117,3,10,0,11,1,0,83,43,13.8
Marco Wilson,55592,CB,ARZ,14,6,0,60.5,1,1,1,0,0,61.2,55.3,61.8,64.7,28.9,38.9,1,3,1,3,53,16.4,11,7,5,81.9,46,0,0,72,660,513,778,4,0,0,4,0,0,774,11,254,42,10,50,2,76,4,4,516,177,11.2
CJ Henderson,55593,CB,CAR,17,6,0,68.9,0,1,5,0,0,48.9,52.9,86.7,54.0,69.7,53.0,0,0,0,2,57,13.4,9,3,3,106.9,51,0,0,66,646,489,765,2,0,0,2,0,3,763,3,273,48,13,52,2,74,0,5,642,145,12.6
Lonnie Johnson Jr.,55615,S,TEN,8,2,0,75.0,1,0,31,0,0,67.5,64.8,0.0,,53.0,68.3,0,0,0,0,35,10.0,1,0,2,152.1,3,0,0,21,4,122,165,0,0,0,0,0,123,165,0,43,17,2,7,0,4,0,1,46,17,15.3
Amik Robertson,55619,CB,LV,17,2,1,58.9,2,1,23,1,1,61.3,64.1,86.4,59.8,74.5,36.4,0,1,0,2,67,22.2,10,6,4,98.1,33,1,0,32,360,444,677,2,0,0,2,0,0,675,12,221,283,13,33,1,56,2,4,511,197,15.5
Russ Yeast,55629,S,LA,9,1,0,80.0,0,0,26,0,0,47.1,57.4,82.8,,85.9,69.7,0,0,0,0,14,11.1,2,0,1,93.3,4,0,0,6,0,72,113,0,0,0,0,0,103,113,0,41,4,6,15,1,5,0,0,32,24,8.0
DeeJay Dallas,55632,HB,SEA,1,0,0,,0,0,29,0,0,,60.0,60.0,60.0,,,0,0,0,0,,,0,0,0,0.0,0,0,0,0,0,0,1,0,0,0,0,0,0,1,1,0,0,0,0,0,0,0,0,0,0,
Josiah Scott,55634,CB,PHI,13,3,0,80.0,0,0,24,0,0,62.5,58.9,86.2,51.8,41.6,54.4,0,1,0,2,52,16.1,5,5,1,121.8,32,0,0,40,12,260,395,1,0,0,1,0,7,394,4,131,333,10,23,2,40,1,4,409,185,12.8
Shaun Wade,55673,CB,NE,3,0,0,66.7,0,0,19,0,0,30.0,30.4,74.2,,,75.4,0,0,0,0,22,0.0,0,0,0,125.7,4,0,0,0,17,18,18,0,0,0,0,0,0,18,0,0,1,0,2,0,6,0,1,41,18,10.3
Jeff Okudah,55674,CB,DET,15,6,0,61.5,2,1,11,0,0,54.4,59.4,61.1,60.0,74.0,75.6,0,1,1,1,54,7.8,6,5,6,97.0,40,0,0,116,645,464,789,2,0,0,2,0,2,787,1,324,24,19,65,2,65,1,2,621,218,15.5
Tre Norwood,55675,S,PIT,10,4,0,50.0,0,0,25,0,0,34.2,35.3,82.5,58.6,60.3,28.9,0,0,0,0,26,28.6,8,0,0,65.8,7,0,0,53,6,172,243,0,0,0,0,0,151,243,3,68,33,7,16,2,14,0,0,74,27,10.6
Tre Brown,55677,CB,SEA,3,0,0,100.0,0,0,29,0,0,36.3,40.5,74.1,,64.2,76.6,0,0,0,0,18,0.0,0,0,1,118.8,3,0,0,0,21,15,21,0,0,0,0,0,0,21,0,6,0,0,3,0,3,0,0,39,3,13.0
Thomas Graham Jr.,55685,CB,CLV,1,1,0,100.0,0,0,8,0,0,71.3,70.6,74.7,59.7,60.0,82.5,0,0,0,0,14,0.0,0,0,0,90.3,6,0,0,2,2,33,37,0,0,0,0,0,0,37,1,3,33,2,5,0,6,0,0,34,28,5.7
Deommodore Lenoir,55686,CB,SF,19,18,0,67.3,3,0,28,0,0,56.9,61.0,88.0,62.4,73.8,66.1,1,1,0,3,77,8.8,9,3,7,84.0,68,1,0,105,781,688,1072,11,0,0,11,0,0,1061,13,371,175,19,75,4,101,3,1,845,339,12.4
Tariq Castro-Fields,55689,CB,WAS,1,0,0,,0,0,32,0,0,60.2,63.1,68.5,,60.4,,0,0,0,0,,,0,0,0,0.0,0,0,0,2,2,1,6,1,0,0,1,0,0,5,0,5,1,0,0,0,0,0,0,0,0,
Marcus Jones,55717,CB,NE,11,2,0,64.9,0,0,19,1,0,66.8,67.6,84.3,,65.6,67.6,0,0,1,2,39,8.3,3,4,0,83.8,24,0,0,28,282,266,371,1,0,0,1,0,1,370,0,105,59,3,31,2,37,0,1,366,82,15.3
Darious Williams,55724,CB,JAX,19,17,0,54.4,0,0,15,0,0,65.9,65.0,87.7,48.6,56.1,35.2,0,2,0,0,54,20.5,15,15,2,80.7,49,0,0,62,515,699,1075,3,0,0,3,0,2,1072,5,371,493,12,41,2,90,2,2,558,305,11.4
Ja'Marcus Ingram,55738,CB,BUF,2,1,0,66.7,0,0,4,0,0,56.1,60.2,77.0,,74.5,76.7,0,0,0,0,32,0.0,0,0,0,109.7,2,0,0,2,41,33,44,1,0,0,1,0,0,43,0,11,0,0,2,0,3,0,0,38,15,19.0
Faion Hicks,55748,CB,DEN,1,0,0,,0,0,10,0,0,,60.0,60.0,,60.0,,0,0,0,0,,,0,0,0,0.0,0,0,0,0,0,0,1,0,0,0,0,0,0,1,0,1,0,0,0,0,0,0,0,0,0,
Xavier McKinney,55775,S,NYG,11,15,3,60.0,0,2,21,0,0,58.9,61.2,85.2,69.6,58.3,84.5,0,7,0,0,49,6.6,4,4,1,116.0,18,2,0,163,12,363,681,75,0,0,75,0,373,606,44,274,58,12,42,2,30,9,3,220,72,12.2
Montaric Brown,55797,CB,JAX,4,0,0,75.0,1,0,15,0,0,42.9,37.3,77.8,,28.8,29.7,0,0,0,0,22,16.7,1,0,1,145.3,6,0,0,1,60,42,63,0,0,0,0,0,0,63,0,21,2,0,5,0,8,0,1,79,26,13.2
Kamren Curl,55800,S,WAS,12,15,0,80.6,0,0,32,0,0,80.8,82.9,83.8,61.0,80.5,85.8,0,0,0,0,38,4.7,4,0,1,121.3,29,1,0,368,17,430,727,41,0,0,41,0,189,686,9,288,112,29,67,6,36,1,2,312,127,10.8
Zyon Gilbert,55891,CB,NYG,3,3,0,87.5,0,0,21,0,0,66.6,69.6,77.4,76.3,65.0,66.2,0,1,0,0,28,9.1,1,0,0,146.9,7,1,0,7,10,44,73,3,0,0,3,0,2,70,2,27,51,5,7,0,8,2,1,78,51,11.1
Hamsah Nasirildeen,55898,LB,NYJ,3,1,0,100.0,0,0,22,0,0,45.7,49.0,67.7,,63.2,75.0,0,0,0,0,11,0.0,0,0,0,112.5,1,0,0,4,0,3,7,0,0,0,0,0,0,7,0,4,3,0,1,0,1,0,0,11,1,11.0
Arron Mosby,55908,LB,CAR,1,0,0,100.0,0,0,5,0,0,47.9,45.9,65.0,,,79.4,0,0,0,0,7,0.0,0,0,0,95.8,1,0,0,0,0,2,2,0,0,0,0,0,0,2,0,0,2,0,1,0,1,0,0,7,2,7.0
Eric Stokes,55912,CB,GB,9,4,0,84.0,0,0,12,0,0,60.3,53.7,45.0,60.0,33.8,52.8,0,0,0,0,41,16.1,5,0,2,125.8,21,0,0,49,420,252,477,0,0,0,0,0,0,477,1,224,8,7,22,0,25,0,1,275,90,13.1
Bryan Cook,55940,S,KC,19,7,0,70.0,0,0,16,0,0,57.6,59.5,35.9,68.6,69.7,70.7,2,1,0,0,48,11.4,4,3,2,142.7,14,1,0,106,2,321,397,8,0,0,8,0,247,389,12,64,34,6,24,0,20,4,3,205,48,14.6
Nate Hobbs,55948,CB,LV,11,14,0,72.7,0,0,23,1,0,57.1,60.9,57.0,75.0,75.1,53.1,0,0,0,0,39,12.3,10,3,4,108.1,48,1,0,57,500,422,667,4,0,0,4,0,0,663,3,242,106,20,57,2,66,1,2,559,231,11.6
Tony Adams,55953,S,NYJ,7,4,0,75.0,1,0,22,0,0,61.8,69.5,82.2,41.7,83.7,67.8,0,1,0,0,20,11.8,2,0,1,96.9,3,0,0,14,0,61,118,1,0,0,1,0,70,117,1,56,33,5,11,0,4,1,0,31,6,10.3
Raheem Layne,55960,S,LAC,3,0,0,,1,0,27,0,0,48.0,42.8,72.9,,49.9,27.4,0,0,0,0,,50.0,1,0,1,0.0,0,0,0,7,0,12,25,0,0,0,0,0,11,25,0,13,7,0,1,0,0,0,0,0,0,
Geno Stone,55967,S,BLT,14,1,0,73.7,0,1,3,1,0,74.7,72.2,90.1,55.8,55.3,53.3,0,3,0,0,55,17.5,7,1,1,113.3,14,0,0,74,6,296,450,31,0,0,31,0,293,419,6,148,46,9,32,0,19,3,0,227,56,16.2
A.J. Parker,55983,CB,DET,3,0,0,84.6,0,0,11,0,0,36.6,39.9,78.1,58.5,58.7,85.5,0,0,0,0,36,0.0,0,0,0,144.4,11,0,0,13,1,68,113,1,0,0,1,0,3,112,1,44,95,3,11,0,13,0,1,184,60,16.7
Markquese Bell,56033,S,DAL,5,0,0,,0,0,9,0,0,62.4,48.4,70.3,,37.3,26.5,0,0,0,0,,50.0,1,0,0,0.0,0,0,0,10,0,14,25,0,0,0,0,0,13,25,0,11,2,0,1,0,0,0,0,0,0,
T.J. Carter,56037,S,LA,2,0,0,,0,0,26,0,0,60.0,54.6,71.1,,60.0,27.3,0,0,0,0,,100.0,1,0,0,0.0,0,0,0,0,0,1,6,0,0,0,0,0,6,6,0,5,0,0,0,0,0,0,0,0,0,
Ambry Thomas,56058,CB,SF,6,0,0,75.0,0,0,28,0,0,58.4,59.0,77.0,,60.5,78.9,0,0,0,0,19,0.0,0,0,1,103.1,3,0,0,1,39,36,41,1,0,0,1,0,0,40,0,5,0,0,5,0,4,0,0,37,6,12.3
Benjamin St-Juste,56061,CB,WAS,12,7,0,53.8,1,1,32,0,0,60.0,58.3,7.2,90.8,50.4,42.8,1,1,0,0,54,14.6,7,6,6,97.9,35,2,0,40,421,413,655,26,0,0,26,0,0,629,8,234,168,11,34,0,65,4,3,555,180,15.9
Reed Blankenship,56065,S,PHI,11,13,0,61.5,0,1,24,1,0,70.8,78.9,35.0,69.4,88.9,82.1,0,1,0,1,36,4.8,2,2,1,77.4,8,0,0,64,1,217,348,2,0,0,2,0,247,346,2,129,32,12,27,2,13,1,1,95,33,11.9
Nephi Sewell,56107,LB,NO,1,0,0,,0,0,20,0,0,,60.0,61.5,,60.0,,0,0,0,0,,,0,0,0,0.0,0,0,0,1,0,0,1,0,0,0,0,0,0,1,0,1,0,0,0,0,0,0,0,0,0,
Damarri Mathis,56143,CB,DEN,14,7,0,70.8,0,0,10,0,0,65.3,65.6,86.6,54.7,61.9,37.1,0,0,0,0,63,19.5,15,6,6,96.8,51,0,0,100,694,484,794,0,0,0,0,0,0,794,2,308,0,14,55,1,72,0,2,456,169,8.9
Jason Pinnock,56144,S,NYG,12,4,0,69.2,1,1,21,0,0,53.4,61.8,85.6,62.3,76.9,68.2,2,7,0,0,61,13.0,6,2,1,137.0,9,2,0,81,7,244,473,41,0,0,41,0,317,432,47,182,27,9,36,1,13,11,1,161,55,17.9
Tre Avery,56146,CB,TEN,9,1,0,56.4,1,0,31,0,0,61.9,63.7,83.1,,67.1,77.6,0,0,0,0,46,4.0,1,7,4,103.9,22,0,0,34,237,193,289,1,0,0,1,0,0,288,0,96,17,3,23,1,39,0,3,273,61,12.4
DaRon Bland,56158,CB,DAL,15,14,0,74.7,0,0,9,0,0,66.7,66.0,33.2,57.6,66.6,65.2,2,0,0,5,39,10.8,8,2,4,86.5,62,0,0,84,185,464,745,9,0,0,9,0,6,736,10,271,460,14,52,1,83,2,4,621,297,10.0
Keisean Nixon,56167,CB,GB,13,3,0,79.3,0,1,12,0,0,60.4,61.2,81.4,38.0,71.8,62.5,0,1,0,1,43,14.3,3,0,1,98.1,23,0,0,33,9,169,290,1,0,0,1,0,2,289,10,111,244,9,15,1,29,1,1,239,127,10.4
Ifeatu Melifonwu,56203,S,DET,4,3,0,50.0,0,0,11,0,0,53.7,54.6,76.3,75.8,53.9,56.9,0,2,0,0,12,14.3,2,1,0,101.0,2,1,0,40,1,47,98,7,0,0,7,0,37,91,3,48,13,2,9,1,4,3,1,17,20,8.5
Quentin Lake,56245,S,LA,4,1,0,100.0,0,0,26,0,0,60.6,71.7,77.1,80.0,74.7,62.9,0,0,0,0,23,12.5,1,1,0,118.8,2,1,0,22,0,32,63,0,0,0,0,0,32,63,0,31,9,2,6,0,2,1,0,30,4,15.0
Darnay Holmes,56247,CB,NYG,17,6,0,69.7,2,1,21,0,0,49.5,44.3,86.1,52.7,29.0,71.1,2,3,0,0,41,13.2,7,6,9,93.5,53,0,0,43,60,416,637,12,0,0,12,0,3,625,33,188,519,16,40,4,76,5,1,527,287,9.9
Jaylon Johnson,56259,CB,CHI,11,5,0,58.7,0,1,6,1,0,65.2,62.9,30.3,57.6,58.5,29.0,0,0,0,0,68,22.2,10,7,4,96.8,27,0,0,25,575,349,656,34,0,0,34,0,0,622,2,305,22,9,30,1,46,0,1,426,200,15.8
Javelin Guidry,56262,CB,LV,1,0,0,100.0,0,0,23,0,0,59.8,60.0,73.7,,,,0,0,0,0,5,,0,0,0,127.1,2,0,0,0,15,18,18,0,0,0,0,0,0,18,0,0,3,0,0,0,2,0,1,10,0,5.0
Marquise Blair,56263,S,CAR,1,0,0,,0,0,5,0,0,60.0,61.3,65.0,,,,0,0,0,0,,,0,0,0,0.0,0,0,0,0,0,1,1,1,0,0,1,0,0,0,0,0,0,0,0,0,0,0,0,0,0,
Allan George,56275,CB,CIN,2,0,0,100.0,0,0,7,0,0,58.6,60.4,81.1,,63.5,75.4,0,0,0,0,14,0.0,0,0,0,108.3,3,0,0,0,35,25,37,1,0,0,1,0,0,36,0,12,0,0,2,0,3,0,0,30,5,10.0
Keith Taylor Jr.,56289,CB,CAR,15,5,1,76.7,0,0,5,0,0,52.1,53.8,84.6,60.0,54.1,60.1,0,0,0,0,63,12.1,4,2,1,139.4,23,0,0,25,327,238,378,0,0,0,0,0,1,378,1,139,25,3,24,0,30,0,2,369,100,16.0
Elijah Molden,56290,CB,TEN,2,1,0,33.3,0,0,31,0,0,66.2,67.5,77.0,76.6,56.4,78.0,1,1,0,0,9,0.0,0,0,0,42.4,1,0,0,13,1,43,82,2,0,0,2,0,0,80,8,31,66,2,3,0,3,2,0,9,7,9.0
A.J. Thomas,56309,S,CHI,1,0,0,,0,0,6,0,0,62.1,67.1,71.8,,64.3,77.7,0,0,0,0,,0.0,0,0,0,0.0,0,0,0,2,0,9,13,0,0,0,0,0,11,13,0,4,0,0,2,0,0,0,0,0,0,
Chris Rumph II,56345,ED,LAC,16,3,1,100.0,0,0,27,0,0,55.3,48.5,85.3,51.3,47.5,25.3,5,10,0,0,7,52.9,9,0,0,93.8,2,2,0,0,0,22,305,300,0,0,299,1,0,5,170,113,5,3,5,0,2,17,0,13,11,6.5
Victor Dimukeje,56347,ED,ARZ,14,1,0,100.0,0,0,1,0,0,58.9,57.0,86.8,58.7,53.4,61.7,2,4,0,0,15,7.7,1,0,0,98.6,3,0,0,9,0,22,251,235,0,4,230,1,0,16,98,131,5,7,11,0,3,6,0,23,12,7.7
Zach Carter,56349,DI,CIN,19,12,1,,0,0,7,0,0,59.8,35.1,54.9,50.9,34.5,28.8,0,4,0,0,,17.1,6,0,2,0.0,0,1,0,0,0,1,461,461,5,345,19,92,0,0,227,233,0,14,17,1,0,5,0,0,0,
A.J. Epenesa,56369,ED,BUF,17,1,4,100.0,1,2,4,1,0,36.5,57.1,74.6,70.0,42.4,25.0,3,20,0,0,12,50.0,9,0,1,116.7,2,7,0,2,0,10,438,435,0,1,431,3,0,3,286,142,0,12,8,2,2,30,0,24,18,12.0
Neil Farrell Jr.,56401,DI,LV,9,6,0,,0,0,23,0,0,60.0,35.5,81.6,50.8,39.3,46.7,1,0,0,0,,8.3,1,0,0,0.0,0,0,0,0,0,0,158,158,16,131,1,10,0,0,71,87,0,4,5,1,0,1,0,0,0,
Ryder Anderson,56409,DI,NYG,9,4,0,,0,0,21,0,0,59.9,40.7,82.6,59.1,34.8,73.3,0,3,0,0,,0.0,0,0,0,0.0,0,2,0,0,0,1,193,193,5,117,11,60,0,0,81,111,0,4,3,0,0,5,0,0,0,
Earnest Brown IV,56428,DI,LA,5,4,0,,0,0,26,0,0,,46.0,81.4,49.1,48.9,73.9,0,4,0,0,,0.0,0,0,0,0.0,0,0,0,0,0,0,136,136,0,51,22,63,0,0,67,69,0,2,4,1,0,4,0,0,0,
Chase Young,56436,ED,WAS,3,3,1,,0,0,32,0,0,85.3,78.4,81.9,62.8,73.9,56.8,1,6,0,0,,25.0,2,0,0,0.0,0,0,0,1,0,2,114,111,0,0,108,3,0,3,63,49,2,2,3,0,0,7,0,0,0,
Yetur Gross-Matos,56444,ED,CAR,17,25,0,,1,0,5,3,0,59.3,51.2,54.3,49.5,58.9,68.6,7,18,0,0,,3.7,2,0,4,0.0,0,3,0,5,0,9,847,842,0,137,482,223,0,5,496,342,0,22,27,3,0,28,0,0,0,
Patrick Johnson,56460,ED,PHI,18,0,0,50.0,0,1,24,1,0,58.9,56.4,83.9,56.9,54.0,27.9,3,4,0,0,12,37.5,3,0,0,64.6,2,0,0,3,0,22,232,215,0,0,215,0,0,17,109,101,11,2,5,1,4,7,0,20,19,10.0
Cam Sample,56462,ED,CIN,19,7,0,100.0,0,0,7,0,0,48.6,62.3,73.6,56.6,70.5,72.6,7,12,0,0,11,3.4,1,0,2,104.2,3,3,0,4,2,27,480,473,0,39,368,66,0,7,271,182,1,16,21,3,3,22,0,27,11,9.0
Matt Henningsen,56484,DI,DEN,17,6,0,,0,0,10,0,0,,63.1,83.0,48.8,70.1,65.9,0,1,0,0,,5.0,1,0,0,0.0,0,1,0,0,0,0,230,229,11,71,23,124,0,1,108,122,0,7,13,1,0,2,0,0,0,
Isaiah Buggs,56503,DI,DET,17,18,1,,0,1,11,0,0,60.2,53.9,58.8,66.8,47.0,45.1,8,11,0,0,,13.5,7,0,3,0.0,0,1,0,2,0,0,752,750,55,681,0,14,0,2,390,362,0,17,27,0,0,20,0,0,0,
Phidarian Mathis,56504,DI,WAS,1,0,0,,0,0,32,0,0,,64.2,68.9,,61.9,,0,0,0,0,,,0,0,0,0.0,0,0,0,0,0,0,3,3,0,3,0,0,0,0,0,3,0,0,0,0,0,0,0,0,0,
Demetrius Taylor,56513,DI,DET,1,0,0,,0,0,11,0,0,60.0,29.6,72.6,52.9,45.3,23.0,0,0,0,0,,100.0,1,0,0,0.0,0,0,0,0,0,0,13,13,0,7,0,6,0,0,7,6,0,0,0,0,0,0,0,0,0,
D.J. Davidson,56523,DI,NYG,5,2,0,,0,0,21,0,0,60.0,39.8,0.0,52.4,48.8,33.6,0,0,0,0,,20.0,1,0,1,0.0,0,0,0,0,0,0,43,43,7,31,2,3,0,0,19,24,0,1,2,0,0,0,0,0,0,
T.J. Slaton,56597,DI,GB,17,8,3,,0,0,12,0,0,60.0,61.7,66.5,58.8,61.9,34.0,0,5,0,0,,13.3,4,0,1,0.0,0,0,0,0,0,0,333,333,148,171,0,14,0,0,134,199,0,11,18,2,0,5,0,0,0,
Malik Herring,56616,ED,KC,7,2,0,,0,0,16,1,0,60.2,46.1,82.6,47.0,51.0,55.3,0,0,0,0,,12.5,1,0,0,0.0,0,0,0,2,0,1,88,86,0,15,59,12,0,2,59,28,0,4,5,0,0,0,0,0,0,
Payton Turner,56624,ED,NO,8,4,0,,0,0,20,0,0,79.4,69.6,51.9,58.0,68.4,79.2,1,10,0,0,,0.0,0,0,1,0.0,0,2,0,0,0,2,171,170,0,7,156,7,0,1,98,71,1,9,11,2,0,13,0,0,0,
Phil Hoskins,56672,DI,CAR,5,0,0,,0,0,5,0,0,60.0,28.4,0.0,64.2,28.1,69.0,0,1,0,0,,0.0,0,0,1,0.0,0,0,0,0,0,0,44,44,2,38,1,3,0,0,15,29,0,1,1,0,0,1,0,0,0,
Quinton Bohanna,56673,DI,DAL,13,10,0,,0,0,9,0,0,,41.1,60.7,51.3,42.4,36.9,1,2,0,0,,12.5,3,0,1,0.0,0,0,0,0,0,0,264,264,106,158,0,0,0,0,115,149,0,9,11,2,0,3,0,0,0,
Milton Williams,56682,DI,PHI,20,11,2,,0,0,24,0,0,62.8,72.2,85.0,60.3,73.5,78.5,3,9,0,0,,0.0,0,0,0,0.0,0,4,0,0,0,0,446,445,5,241,4,195,0,1,262,184,0,21,26,4,0,16,0,0,0,
Jonathan Garvin,56703,ED,GB,12,8,2,,0,0,12,0,0,61.1,50.6,84.0,57.5,45.6,77.3,2,5,0,0,,0.0,0,0,0,0.0,0,0,0,0,0,2,194,192,0,0,190,2,0,2,83,109,1,0,0,0,0,7,0,0,0,
Kwity Paye,56713,ED,IND,12,5,0,,0,0,14,1,0,60.4,69.6,79.8,58.3,76.6,68.3,4,24,0,0,,7.3,3,0,1,0.0,0,6,0,1,1,1,547,544,2,2,518,22,0,3,337,209,0,28,33,4,0,34,0,0,0,
Luiji Vilain,56715,ED,MIN,2,1,0,,0,0,18,0,0,68.8,58.4,76.4,57.3,46.6,72.8,0,1,0,0,,0.0,0,0,0,0.0,0,0,0,0,0,0,35,34,0,0,33,1,0,1,25,10,0,1,1,0,0,1,0,0,0,
Donovan Jeter,56718,DI,WAS,1,0,0,,0,0,32,0,0,,57.8,74.1,54.3,61.2,68.6,0,0,0,0,,0.0,0,0,0,0.0,0,0,0,0,0,0,18,18,13,5,0,0,0,0,10,8,0,1,1,0,0,0,0,0,0,
Jordan Elliott,56734,DI,CLV,17,10,2,,0,0,8,0,0,56.8,40.4,77.3,59.0,33.0,30.4,1,18,0,0,,14.6,6,0,1,0.0,0,2,0,1,0,0,703,702,53,538,5,106,0,1,351,352,0,18,25,2,0,21,0,0,0,
Kurt Hinish,56787,DI,HST,15,8,0,,1,0,13,0,0,57.1,49.5,25.8,55.5,55.8,28.8,1,7,0,0,,18.2,4,0,4,0.0,0,1,0,0,0,0,435,435,29,401,0,5,0,0,202,233,0,10,10,4,0,9,0,0,0,
Isaiah Thomas,56798,ED,CLV,10,3,2,,0,0,8,1,0,,51.0,52.8,59.8,48.3,57.4,1,6,0,0,,12.5,1,0,1,0.0,0,1,0,0,0,0,162,162,0,1,138,23,0,0,74,88,0,3,4,0,0,8,0,0,0,
Javon Kinlaw,56834,DI,SF,9,2,0,,0,0,28,0,0,59.8,31.9,56.0,59.0,28.8,72.8,0,6,0,0,,9.1,1,0,1,0.0,0,0,0,2,0,1,243,241,10,176,0,55,0,2,131,111,0,5,8,2,0,6,0,0,0,
Kingsley Jonathan,56856,ED,BUF,7,2,0,,0,0,4,0,0,,50.6,15.4,49.8,63.2,74.5,0,0,0,0,,0.0,0,0,1,0.0,0,0,0,0,0,0,63,63,0,0,61,2,0,0,36,27,0,3,3,1,0,0,0,0,0,
Arnold Ebiketie,56862,ED,ATL,16,7,1,0.0,0,1,2,0,0,76.3,64.5,73.9,54.1,70.0,47.9,9,16,0,0,,18.8,6,0,1,39.6,0,3,0,4,1,38,516,508,1,2,500,5,0,8,303,175,3,14,19,1,3,28,0,0,0,
Ta'Quon Graham,56868,DI,ATL,11,11,0,,1,0,2,1,0,64.1,68.5,72.1,55.3,73.6,58.3,8,6,0,0,,11.1,4,0,1,0.0,0,0,0,2,0,2,471,469,23,259,57,130,0,2,276,193,0,15,21,1,0,14,0,0,0,
Micheal Clemons,56872,ED,NYJ,16,10,0,,0,0,22,0,0,60.5,78.7,70.6,58.6,86.4,81.5,4,6,0,0,,0.0,0,0,1,0.0,0,3,0,0,0,2,311,311,0,12,290,9,0,0,145,164,0,16,19,2,0,13,0,0,0,
Jayden Peevy,56876,DI,TEN,1,0,0,,0,0,31,0,0,59.8,64.5,76.4,55.0,67.6,,0,0,0,0,,,0,0,0,0.0,0,0,0,0,0,1,27,27,14,13,0,0,0,0,14,12,0,0,0,0,0,0,0,0,0,
Anthony Rush,56895,DI,ATL,4,2,0,,0,0,2,0,0,,47.1,22.6,49.9,55.1,73.6,0,0,0,0,,0.0,0,0,1,0.0,0,0,0,0,0,0,87,87,29,46,1,11,0,0,43,44,0,4,5,0,0,0,0,0,0,
Jaelan Phillips,56902,ED,MIA,18,13,1,85.7,0,1,17,1,0,58.3,88.8,72.1,90.1,74.8,29.6,19,48,0,0,18,19.5,15,1,3,95.2,12,10,0,6,1,99,901,876,1,52,749,74,0,25,522,280,17,42,49,7,14,77,0,96,70,8.0
Jay Tufele,56913,DI,CIN,8,4,0,,0,0,7,0,0,60.0,52.6,81.6,68.9,45.7,55.0,2,2,0,0,,5.3,1,0,0,0.0,0,0,0,0,0,0,142,142,31,104,0,7,0,0,55,87,0,9,14,2,0,4,0,0,0,
Dayo Odeyingbo,56923,ED,IND,17,6,0,,0,0,14,0,0,65.0,62.6,41.0,59.7,65.5,62.2,4,15,0,0,,13.3,4,0,4,0.0,0,6,0,0,0,1,519,518,0,42,419,57,0,1,291,227,0,19,20,4,0,25,0,0,0,
DeAngelo Malone,56941,ED,ATL,15,6,0,50.0,0,0,2,0,0,82.6,57.5,83.7,49.7,53.0,52.2,1,5,0,0,8,11.5,3,0,0,60.4,1,1,0,6,0,23,216,205,0,1,204,0,0,11,96,97,4,9,17,3,2,7,0,8,6,8.0
James Lynch,56962,DI,MIN,16,5,0,,0,0,18,0,0,59.4,64.9,83.7,52.3,72.8,56.1,0,4,0,0,,12.0,3,0,0,0.0,0,0,0,0,0,0,290,290,16,184,7,83,0,0,168,122,0,14,17,2,0,4,0,0,0,
Marvin Wilson,56977,DI,PHI,1,2,0,,0,0,24,0,0,,40.5,74.1,77.9,33.9,27.3,0,2,0,0,,20.0,1,0,0,0.0,0,0,0,0,0,0,19,19,16,3,0,0,0,0,8,11,0,0,2,0,0,2,0,0,0,
Larrell Murchison,57004,DI,LA,8,1,0,,0,0,26,0,0,,56.2,28.8,58.5,59.5,30.5,0,3,0,0,,37.5,3,0,1,0.0,0,2,0,0,0,0,102,102,3,69,8,22,0,0,57,45,0,5,4,1,0,5,0,0,0,
Marlon Tuipulotu,57035,DI,PHI,9,5,0,,0,0,24,1,0,62.5,48.5,82.7,57.7,40.7,52.3,1,1,0,0,,6.7,1,0,0,0.0,0,1,0,0,0,0,232,232,32,110,0,90,0,0,140,92,0,6,9,0,0,3,0,0,0,
Troy Andersen,57317,LB,ATL,16,11,1,94.4,0,1,2,0,0,34.0,40.2,81.7,65.9,49.0,59.1,3,7,0,0,57,11.6,8,0,0,125.3,34,0,0,398,4,226,481,35,0,0,35,0,2,446,45,210,41,13,50,4,36,10,2,347,253,10.2
Jack Gibbens,57662,LB,TEN,5,10,0,80.0,0,0,31,0,0,51.7,60.0,79.0,45.5,73.7,57.2,0,1,0,1,21,12.5,4,0,0,68.6,12,0,0,203,0,118,214,3,0,0,3,0,0,211,13,83,8,8,18,1,15,1,0,107,83,8.9
Tony Fields II,57698,LB,CLV,11,10,0,81.8,0,1,8,0,0,54.7,50.0,39.0,63.7,50.1,75.8,0,2,1,1,14,6.1,3,0,2,50.8,9,0,0,155,1,91,276,83,0,0,83,0,0,193,16,169,37,14,36,1,11,2,0,58,50,6.4
K.J. Britt,57727,LB,TB,3,2,0,100.0,0,0,30,0,0,54.7,34.1,73.1,60.0,30.7,57.5,0,1,0,0,29,11.1,1,0,0,118.8,4,0,0,45,0,21,48,2,0,0,2,0,0,46,2,25,0,4,6,0,4,1,0,50,21,12.5
Jalen Pitre,57737,S,HST,17,34,0,74.2,0,0,13,1,0,65.8,57.1,49.6,70.6,44.2,39.2,0,2,0,5,54,19.9,35,4,3,111.1,23,1,0,288,11,567,1088,73,0,0,73,0,621,1015,8,513,95,31,107,6,31,3,4,351,153,15.3
Terrel Bernard,57739,LB,BUF,6,5,0,77.8,0,0,4,0,0,53.2,64.6,79.9,57.3,75.5,64.5,0,0,0,0,12,5.9,1,0,0,88.9,7,0,0,96,0,57,111,7,0,0,7,0,0,104,2,52,7,3,11,0,9,0,0,48,47,6.9
Isaiah McDuffie,57754,LB,GB,10,7,0,85.7,0,0,12,0,0,56.7,58.6,82.5,48.7,63.1,72.3,0,1,0,0,14,11.4,4,0,0,133.0,6,0,0,146,0,87,175,8,0,0,8,0,1,167,10,78,19,11,24,0,7,1,1,45,30,7.5
Baylon Spector,57782,LB,BUF,1,0,0,80.0,0,0,4,0,0,36.0,27.9,71.9,,60.0,38.2,0,0,0,0,11,20.0,1,0,0,88.3,4,0,0,10,0,11,12,2,0,0,2,0,0,10,0,1,0,1,4,0,5,0,0,26,9,6.5
Nate Landman,57788,LB,ATL,4,1,0,0.0,0,0,2,0,0,54.9,58.6,75.5,65.8,60.0,71.4,1,0,0,0,,0.0,0,0,0,39.6,0,0,0,21,0,14,22,1,0,0,1,0,0,21,4,4,0,0,0,0,1,1,0,0,0,
James Houston,57810,ED,DET,7,0,0,100.0,0,1,11,0,0,51.5,80.2,37.8,88.2,56.6,78.5,4,5,0,0,15,0.0,0,0,1,118.8,1,8,0,0,1,17,140,137,0,0,137,0,0,3,92,31,2,10,2,0,1,17,0,15,18,15.0
Mykal Walker,57834,LB,ATL,16,37,2,82.7,0,1,2,0,0,60.2,58.7,86.1,56.5,56.4,63.0,0,5,0,2,25,9.9,12,4,0,85.8,43,1,0,590,12,384,769,89,0,0,89,0,5,680,60,325,73,29,72,3,52,6,0,439,192,10.2
Monty Rice,57839,LB,TEN,10,16,0,86.2,0,0,31,0,0,53.6,63.3,34.8,64.1,73.8,79.2,2,1,0,0,21,4.7,3,1,1,98.0,25,0,0,347,1,188,366,3,0,0,3,0,0,363,16,162,15,23,45,4,29,3,0,218,130,8.7
Del'Shawn Phillips,57868,LB,BLT,1,0,0,,0,0,3,0,0,,59.2,64.2,59.0,,,0,0,0,0,,,0,0,0,0.0,0,0,0,1,0,0,1,0,0,0,0,0,0,1,1,0,0,0,0,0,0,0,0,0,0,
Kyron Johnson,57890,ED,PHI,5,0,0,,0,0,24,0,0,,46.6,81.2,50.0,52.3,69.9,0,0,0,0,,0.0,0,0,0,0.0,0,0,0,0,0,0,21,18,0,0,18,0,0,3,10,11,0,0,1,0,0,0,0,0,0,
Jamin Davis,57905,LB,WAS,16,21,1,76.4,0,0,32,2,0,56.4,62.9,82.5,66.2,66.1,75.7,2,10,0,0,45,7.3,8,0,0,100.7,42,1,0,708,12,421,833,42,0,0,42,0,1,791,65,347,70,47,80,7,55,13,1,382,275,9.1
Josh Paschal,57908,ED,DET,10,4,0,0.0,0,0,11,0,0,61.4,55.1,87.4,56.0,52.1,54.7,1,12,0,0,,10.5,2,0,0,39.6,0,2,0,0,0,3,293,293,2,12,234,45,0,0,169,121,0,14,13,0,1,15,0,0,0,
Patrick Queen,57941,LB,BLT,18,29,0,79.3,0,1,3,2,0,65.5,69.7,70.5,78.5,64.6,52.0,8,10,0,2,59,14.2,20,3,3,96.3,69,7,0,893,7,593,1082,119,0,0,119,0,9,963,113,376,54,56,92,8,87,25,2,658,437,9.5
Jacob Phillips,57942,LB,CLV,7,12,0,72.2,0,0,8,0,0,46.5,36.7,84.0,67.6,33.5,55.8,1,0,0,0,26,12.0,6,1,0,102.1,13,2,0,295,2,158,320,8,0,0,8,0,1,312,11,151,14,17,32,0,18,3,0,172,77,13.2
K'Lavon Chaisson,57945,ED,JAX,11,3,0,,0,0,15,0,0,77.8,62.2,81.3,54.3,61.5,59.2,2,3,0,0,,9.1,1,0,0,0.0,0,1,0,2,0,8,120,117,0,0,115,2,0,3,73,39,1,7,7,0,0,6,0,0,0,
J.J. Russell,57958,LB,TB,2,2,0,100.0,0,0,30,0,0,30.0,29.0,74.1,60.0,40.1,26.4,0,1,0,0,17,42.9,3,0,0,118.8,3,0,0,41,0,21,46,1,0,0,1,0,0,45,2,23,3,0,2,0,3,1,0,39,9,13.0
Willie Gay,57987,LB,KC,16,24,4,90.7,2,0,16,1,0,74.1,68.1,83.4,68.5,54.5,52.8,1,7,1,1,26,13.6,15,3,2,94.6,49,4,0,585,6,369,737,84,0,0,84,0,0,653,77,291,62,45,71,9,54,12,1,382,264,7.8
Jeremiah Owusu-Koramoah,58089,LB,CLV,11,15,1,73.5,0,2,8,0,0,73.4,65.5,54.3,48.5,58.8,42.9,1,5,0,0,53,14.9,13,2,1,122.1,25,0,0,433,1,269,535,75,0,0,75,0,0,460,31,235,25,36,59,7,34,6,3,239,183,9.6
Pete Werner,58093,LB,NO,12,16,0,76.7,0,2,20,0,0,69.5,64.7,56.5,56.5,59.8,54.2,0,4,0,0,22,11.7,11,3,1,104.9,33,0,0,475,6,283,596,68,0,0,68,0,0,528,44,269,47,37,67,3,43,4,2,241,185,7.3
Baron Browning,58095,ED,DEN,14,6,1,77.8,1,0,10,1,0,50.6,55.3,5.1,64.9,59.8,65.7,5,27,0,1,25,9.5,2,0,7,65.0,7,6,0,8,0,78,569,544,0,1,540,3,0,25,284,207,17,14,13,4,9,38,0,82,50,11.7
Kenneth Murray Jr.,58099,LB,LAC,18,18,0,80.4,1,1,27,0,0,68.9,47.1,38.3,67.5,28.2,61.1,4,9,0,1,34,13.0,12,4,2,95.3,41,2,0,677,1,420,784,52,0,0,52,0,0,732,53,311,54,36,62,7,51,15,1,370,239,9.0
Derrick Barnes,58120,LB,DET,13,11,1,80.0,0,0,11,0,0,46.8,62.3,82.7,60.2,76.8,56.0,0,5,0,0,19,10.9,5,0,1,94.2,12,1,0,309,2,164,346,14,0,0,14,0,0,332,29,153,21,15,30,2,15,6,0,99,82,8.3
Olakunle Fatukasi,58122,LB,TB,1,0,0,,0,0,30,0,0,,60.0,61.5,,60.0,,0,0,0,0,,,0,0,0,0.0,0,0,0,1,0,0,1,0,0,0,0,0,0,1,0,1,0,0,0,0,0,0,0,0,0,
Devin Lloyd,58238,LB,JAX,19,36,0,81.4,0,0,15,2,0,32.4,48.1,66.9,64.4,69.0,39.5,4,9,0,3,31,14.6,21,5,3,101.7,79,1,0,881,15,567,1030,57,0,0,57,0,7,973,74,389,70,33,87,0,97,14,4,795,514,10.1
Joe Tryon-Shoyinka,58272,ED,TB,18,8,0,50.0,0,0,30,1,0,69.3,67.2,74.4,63.4,63.2,39.3,11,32,0,0,34,21.7,10,2,3,62.2,6,5,0,9,0,113,884,869,0,0,861,8,0,15,448,323,6,25,28,3,12,48,0,53,50,8.8
Tyler Shelvin,58438,DI,CIN,2,0,0,,0,0,7,0,0,,42.4,75.6,54.5,44.9,,0,0,0,0,,,0,0,0,0.0,0,0,0,0,0,0,24,24,6,17,0,1,0,0,10,14,0,0,0,0,0,0,0,0,0,
Michael Carter II,60644,CB,NYJ,17,7,0,71.3,0,0,22,0,0,71.2,73.5,85.3,56.2,78.4,64.9,0,3,0,2,56,11.8,8,6,3,83.5,57,0,0,56,5,490,732,7,0,0,7,0,2,725,17,225,662,27,53,2,80,3,1,544,413,9.5
James Pierre,60649,CB,PIT,11,3,0,44.4,0,0,25,0,0,67.7,69.9,83.2,,75.7,78.8,0,0,0,1,40,5.0,1,2,1,59.2,12,0,0,13,231,187,260,0,0,0,0,0,1,260,0,73,15,2,16,0,27,0,1,150,39,12.5
Grant Delpit,60685,S,CLV,17,26,0,62.9,0,0,8,0,0,62.5,63.6,47.6,39.4,69.3,68.5,0,3,0,4,50,10.5,12,5,3,75.5,22,0,0,429,14,595,1086,47,0,0,47,0,441,1039,13,478,155,32,76,2,35,3,2,349,163,15.9
Joshuah Bledsoe,60691,S,NE,2,0,0,40.0,0,0,19,0,0,33.9,33.9,72.9,52.8,60.0,,0,0,0,0,9,,0,0,0,89.2,2,0,0,9,4,18,22,0,0,0,0,0,1,22,3,1,8,0,0,0,5,0,2,17,0,8.5
Malcolm Rodriguez,60731,LB,DET,16,22,0,82.9,0,0,11,1,0,55.1,62.8,85.0,66.0,66.4,65.0,2,1,0,0,20,10.1,9,2,0,109.3,34,1,0,567,2,277,611,20,0,0,20,0,0,591,56,278,22,28,58,7,41,4,1,340,201,10.0
Darren Hall,60742,CB,ATL,16,10,0,73.0,0,1,2,1,0,60.1,65.5,86.0,,79.0,71.7,0,0,0,0,41,8.3,4,3,0,139.7,27,0,0,72,538,336,633,1,0,0,1,0,0,632,0,297,22,6,34,1,37,0,4,362,115,13.4
Garret Wallow,60761,LB,HST,7,7,0,0.0,0,0,13,0,0,64.1,43.9,77.3,56.4,32.7,53.1,0,1,0,0,,12.5,2,1,0,39.6,0,0,0,65,4,38,124,29,0,0,29,0,0,95,3,83,26,3,7,1,3,1,0,0,0,
Isaiah Pola-Mao,60781,S,LV,8,2,0,55.6,0,0,23,0,0,65.5,61.7,78.6,64.9,39.9,59.5,1,1,0,0,11,7.7,1,0,0,61.8,5,1,0,35,6,57,81,20,0,0,20,0,11,61,10,14,8,6,10,1,9,3,0,29,40,5.8
Noah Gray,60878,TE,KC,1,0,0,,0,0,16,0,0,,60.0,60.1,60.0,,,0,0,0,0,,,0,0,1,0.0,0,0,0,0,0,0,1,0,0,0,0,0,0,1,1,0,0,0,0,0,0,0,0,0,0,
Peyton Hendershot,60915,TE,DAL,1,0,0,,0,0,9,0,0,,60.0,60.0,60.0,,,0,0,0,0,,,0,0,4,0.0,0,0,0,0,0,0,1,0,0,0,0,0,0,1,1,0,0,0,0,0,0,0,0,0,0,
Grant Calcaterra,60997,TE,PHI,2,0,0,,0,0,24,0,0,,60.1,60.0,,60.0,,0,0,0,0,,,0,0,1,0.0,0,0,0,0,0,0,2,0,0,0,0,0,0,2,0,2,0,0,0,0,0,0,0,0,0,
Nick Muse,61079,TE,MIN,1,0,0,,0,0,18,0,0,,60.0,60.0,,60.0,,0,0,0,0,,,0,0,0,0.0,0,0,0,0,0,0,1,0,0,0,0,0,0,1,0,1,0,0,0,0,0,0,0,0,0,
Noah Igbinoghene,61155,CB,MIA,7,2,0,47.8,0,0,17,0,0,47.4,51.8,83.7,76.4,72.5,64.2,0,0,0,1,30,10.0,1,1,3,77.1,11,0,0,13,201,172,238,1,0,0,1,0,0,237,1,65,23,0,7,0,23,0,2,134,35,12.2
Amari Rodgers,61212,WR,HST,1,0,0,,0,0,13,0,0,,59.9,60.0,,60.0,,0,0,0,0,,,0,0,1,0.0,0,0,0,0,0,0,1,0,0,0,0,0,0,1,0,1,0,0,0,0,0,0,0,0,0,
Dominique Robinson,61436,ED,CHI,17,5,1,100.0,1,0,6,0,0,62.6,45.9,68.5,54.9,39.5,47.6,1,11,0,0,19,15.6,5,0,2,118.8,1,3,0,2,0,14,549,546,0,24,481,41,0,3,284,251,0,11,22,1,1,15,0,19,10,19.0
Jalen Reagor,61697,WR,MIN,2,0,0,,0,0,18,0,0,,68.9,60.0,,63.5,71.4,0,0,0,0,,0.0,0,0,0,0.0,0,0,0,0,0,0,2,0,0,0,0,0,0,2,0,2,0,0,1,0,0,0,0,0,0,
Tariq Woolen,61790,CB,SEA,18,7,0,55.3,2,0,29,3,0,74.2,69.1,57.1,,49.1,38.7,0,0,1,6,54,17.9,14,10,8,72.1,42,0,0,39,1081,678,1200,71,0,0,71,0,1,1129,0,522,7,13,57,1,76,0,5,637,233,15.2
Caleb Farley,61803,CB,TEN,5,0,0,69.2,0,0,31,0,0,34.7,42.5,83.6,,84.7,37.5,0,0,0,0,75,23.1,3,0,0,151.4,9,0,0,9,89,70,104,0,0,0,0,0,0,104,0,34,5,4,10,0,13,0,2,204,45,22.7
Christian Elliss,61853,LB,PHI,5,2,0,66.7,0,0,24,0,0,70.6,60.4,92.2,,45.3,53.9,0,0,0,0,10,12.5,1,0,0,72.9,2,0,0,31,0,20,33,0,0,0,0,0,0,33,0,13,0,2,5,0,3,0,0,11,5,5.5
Theo Jackson,62919,S,MIN,2,1,0,,0,0,18,0,0,79.3,85.0,73.3,,60.0,77.2,0,0,0,0,,0.0,0,0,0,0.0,0,0,0,2,0,12,18,0,0,0,0,0,14,18,0,6,2,0,0,0,0,0,0,0,0,
Matthew Butler,62931,DI,LV,6,2,0,,0,0,23,0,0,60.0,51.6,78.1,56.9,51.4,71.6,0,0,0,0,,0.0,0,0,0,0.0,0,1,0,0,0,1,56,56,0,41,4,11,0,0,22,33,0,1,2,0,0,1,0,0,0,
Tariq Carpenter,62987,S,GB,3,0,0,,0,0,12,0,0,62.2,63.4,74.4,,60.2,,0,0,0,0,,,0,0,0,0.0,0,0,0,1,0,10,17,0,0,0,0,0,13,17,0,7,2,0,0,0,0,0,0,0,0,
Jack Cochrane,63345,LB,KC,1,0,0,,0,0,16,0,0,,60.0,60.0,60.0,,,0,0,0,0,,,0,0,0,0.0,0,0,0,0,0,0,1,0,0,0,0,0,0,1,1,0,0,0,0,0,0,0,0,0,0,
Rashid Shaheed,63707,WR,NO,1,0,0,,0,0,20,0,0,,60.0,60.0,,60.0,,0,0,0,0,,,0,0,0,0.0,0,0,0,0,0,0,1,0,0,0,0,0,0,1,0,1,0,0,0,0,0,0,0,0,0,
Montrell Washington,64310,WR,DEN,1,0,0,,0,0,10,0,0,,60.0,60.0,,60.0,,0,0,0,0,,,0,0,0,0.0,0,0,0,0,0,0,1,0,0,0,0,0,0,1,0,1,0,0,0,0,0,0,0,0,0,
Akayleb Evans,65033,CB,MIN,7,0,0,68.2,0,1,18,0,0,40.5,47.2,83.5,,76.0,62.7,0,0,0,0,60,9.5,2,2,0,119.9,15,0,0,9,152,100,162,0,0,0,0,0,0,162,0,62,0,5,19,3,22,0,1,242,69,16.1
Samuel Womack III,65771,CB,SF,10,1,0,73.9,0,1,28,0,0,69.9,69.7,80.4,54.8,65.2,85.3,0,0,0,1,51,0.0,0,1,1,102.4,17,0,0,13,93,105,164,1,0,0,1,0,1,163,3,56,56,7,17,2,23,0,2,154,40,9.1
John Ridgeway,66694,DI,WAS,15,6,1,,0,1,32,0,0,88.0,48.9,62.5,50.0,41.0,56.4,0,3,0,0,,6.7,2,0,1,0.0,0,0,0,0,0,0,279,279,157,121,0,1,0,0,124,155,0,18,22,0,0,3,0,0,0,
Zyon McCollum,66769,CB,TB,9,3,0,81.0,0,0,30,0,0,51.4,46.3,23.8,59.1,37.3,27.4,0,0,0,0,40,32.0,8,1,1,127.8,17,0,0,18,201,147,278,7,0,0,7,0,1,271,1,130,50,1,14,0,21,0,1,228,78,13.4
Justin Watson,66915,WR,KC,1,0,0,,0,0,16,0,0,60.7,70.2,60.0,,,,0,0,0,0,,,0,0,1,0.0,0,0,0,0,0,1,1,0,0,0,0,0,0,1,0,0,0,0,0,0,0,0,0,0,0,
Zach Sieler,66917,DI,MIA,18,20,3,100.0,0,2,17,1,1,66.9,73.4,71.6,58.9,77.9,44.1,9,20,0,0,5,11.3,9,1,2,87.5,1,7,0,2,0,10,944,941,46,422,114,359,0,3,575,359,0,44,51,3,1,36,0,5,12,5.0
Dennis Gardeck,66928,ED,ARZ,14,6,0,100.0,0,1,1,0,0,63.6,62.2,83.5,55.7,63.4,28.6,4,6,0,1,18,25.9,7,0,0,68.3,9,1,0,46,1,52,210,159,0,4,153,2,0,51,81,77,3,10,14,0,9,11,0,89,32,9.9
Jonathan Owens,66930,S,HST,17,28,0,63.9,0,0,13,0,0,49.0,48.3,87.4,61.4,45.9,80.9,0,1,0,0,50,8.6,11,3,0,124.8,23,1,0,215,18,522,970,46,0,0,46,0,576,924,9,439,115,14,89,0,36,2,3,360,174,15.7
Tavierre Thomas,66931,CB,HST,10,12,0,51.9,1,2,13,0,0,75.0,70.0,40.8,43.5,62.2,75.6,0,2,0,0,14,7.5,3,1,2,59.0,14,0,0,4,1,221,409,14,0,0,14,0,0,395,19,169,390,10,25,1,27,2,0,89,51,6.4
Drake Jackson,70839,ED,SF,15,5,5,,0,0,28,0,0,71.0,64.1,88.7,55.5,62.8,50.6,3,9,0,1,,15.4,2,0,0,0.0,0,4,0,10,0,1,315,305,1,45,242,17,0,10,228,86,0,8,6,1,0,16,0,0,0,
Trent McDuffie,72191,CB,KC,14,9,0,62.1,1,2,16,0,0,75.1,74.9,87.9,71.5,61.7,48.9,1,2,0,0,45,14.3,9,6,3,100.3,41,1,0,71,536,554,883,28,0,0,28,0,0,855,26,303,247,18,45,3,66,4,4,415,174,10.1
Chad Muma,75818,LB,JAX,16,11,0,81.8,0,0,15,0,0,41.0,54.9,82.5,72.9,69.5,70.3,1,1,0,0,27,9.3,4,1,0,131.8,18,2,0,270,3,172,319,29,0,0,29,0,1,290,13,134,16,10,28,2,22,4,2,184,124,10.2
Trey McBride,75916,TE,ARZ,1,0,0,,0,0,1,0,0,,60.0,60.0,60.0,,,0,0,0,0,,,0,0,4,0.0,0,0,0,0,0,0,1,0,0,0,0,0,0,1,1,0,0,0,0,0,0,0,0,0,0,
Asante Samuel Jr.,76625,CB,LAC,18,8,0,56.0,0,0,27,1,0,76.1,72.6,68.3,,49.2,58.1,0,0,0,5,52,10.4,7,11,4,81.0,56,0,0,45,989,639,1045,1,0,0,1,0,0,1044,0,406,10,15,52,1,100,0,7,715,219,12.8
Andre Cisco,76641,S,JAX,17,16,1,69.6,0,0,15,0,0,69.4,67.7,88.5,58.4,61.4,68.0,0,0,1,3,38,12.5,10,5,1,84.2,16,1,0,176,2,670,1129,8,0,0,8,0,855,1121,22,437,88,7,54,1,23,1,2,192,100,12.0
Chris Claybrooks,76692,CB,JAX,5,0,0,100.0,0,0,15,0,0,51.0,51.1,77.2,,54.5,76.6,0,0,0,0,13,0.0,0,0,1,113.9,3,0,0,1,43,32,47,0,0,0,0,0,0,47,0,15,3,0,3,0,3,0,0,34,12,11.3
Caden Sterns,76725,S,DEN,5,8,0,36.4,0,0,10,0,0,81.3,76.7,79.0,58.8,48.4,52.7,0,0,0,2,23,20.0,5,2,0,15.2,4,0,0,66,1,174,274,5,0,0,5,0,170,269,1,99,32,4,12,0,11,0,0,59,24,14.8
Myjai Sanders,76816,ED,ARZ,13,6,3,100.0,0,1,1,1,0,46.8,53.5,60.1,62.9,46.9,56.5,1,13,0,0,26,13.0,3,0,1,158.3,3,3,0,2,0,21,260,258,0,0,258,0,0,2,168,71,0,16,14,2,3,17,1,46,44,15.3
Greg Rousseau,76889,ED,BUF,15,8,4,100.0,1,1,4,0,0,61.2,80.9,65.8,82.5,64.6,54.8,5,37,0,0,9,17.1,6,0,2,100.0,2,9,0,4,0,18,552,547,1,3,528,15,1,5,352,182,0,22,21,4,2,51,0,16,7,8.0
Travis Jones,76914,DI,BLT,16,4,1,,0,0,3,0,0,64.1,61.7,85.7,57.4,59.0,66.5,1,3,0,0,,4.2,1,0,0,0.0,0,1,0,0,0,2,340,340,95,244,0,1,0,0,162,176,0,15,19,0,0,5,0,0,0,
Logan Hall,76919,DI,TB,18,3,0,,0,0,30,0,0,59.1,36.4,53.3,50.4,30.2,76.7,4,10,0,0,,0.0,0,0,2,0.0,0,3,0,5,0,2,423,418,25,221,47,125,0,5,307,114,0,8,8,3,0,17,0,0,0,
Alim McNeill,76996,DI,DET,17,10,0,,0,0,11,0,0,66.6,69.8,88.5,70.7,59.8,41.9,6,22,0,0,,13.6,6,0,0,0.0,0,1,0,0,0,2,779,779,22,681,7,69,0,0,420,357,0,24,28,5,0,29,0,0,0,
Zaven Collins,77190,LB,ARZ,16,20,2,80.4,1,1,1,0,0,70.1,59.8,54.8,65.5,45.2,47.1,2,12,1,1,51,15.7,18,3,3,99.5,41,2,0,785,12,509,1025,182,0,0,182,0,4,843,127,389,42,37,77,10,51,16,1,422,336,10.3
Brian Asamoah II,77195,LB,MIN,10,6,0,100.0,0,1,18,1,0,78.1,78.8,78.8,47.8,74.2,58.8,0,1,0,0,21,16.7,3,0,0,118.8,3,0,0,95,1,63,121,12,0,0,12,0,0,109,9,49,11,3,9,0,3,1,0,45,22,15.0
Nik Bonitto,77196,ED,DEN,15,4,0,50.0,0,1,10,0,0,41.9,52.4,65.5,65.1,46.3,57.2,3,14,0,0,8,12.5,2,0,1,60.4,2,2,0,5,1,45,357,346,0,1,345,0,0,11,188,124,5,7,10,1,4,19,0,16,15,8.0
Joseph Ossai,77205,ED,CIN,19,8,0,66.7,0,0,7,2,1,38.8,53.7,51.5,65.0,47.2,65.5,9,19,0,0,13,10.0,2,0,2,93.8,2,4,0,1,1,20,418,416,0,36,312,68,0,2,279,119,0,8,10,1,3,32,0,26,3,13.0
Kenneth Gainwell,77737,HB,PHI,2,0,0,,0,0,24,0,0,,60.0,60.0,,60.0,,0,0,0,0,,,0,0,0,0.0,0,0,0,0,0,0,2,0,0,0,0,0,0,2,0,2,0,0,0,0,0,0,0,0,0,
Delarrin Turner-Yell,77836,S,DEN,1,0,0,,0,0,10,0,0,,60.0,60.0,,60.0,,0,0,0,0,,,0,0,0,0.0,0,0,0,0,0,0,1,0,0,0,0,0,0,1,0,1,0,0,0,0,0,0,0,0,0,
JT Woods,77837,S,LAC,4,0,0,,0,0,27,0,0,56.1,53.6,76.9,,55.4,26.5,0,0,0,0,,50.0,2,0,0,0.0,0,0,0,1,2,19,30,0,0,0,0,0,27,30,0,11,0,2,2,0,0,0,0,0,0,
Tre'von Moehrig,77847,S,LV,15,14,0,72.5,0,0,23,0,0,49.0,54.1,87.2,59.6,64.6,69.6,0,1,0,0,39,12.7,8,5,5,132.7,29,0,0,210,43,556,906,25,0,0,25,0,484,881,7,343,144,8,41,2,40,1,4,354,173,12.2
Ar'Darius Washington,77848,CB,BLT,3,1,0,50.0,0,0,3,0,0,43.9,47.4,73.8,55.9,65.5,74.8,0,0,0,0,11,0.0,0,0,0,66.7,1,0,0,1,2,16,25,1,0,0,1,0,0,24,2,7,21,0,1,0,2,0,0,11,0,11.0
Derion Kendrick,78022,CB,LA,12,2,0,69.6,0,0,26,0,0,44.8,43.7,85.0,,38.0,66.1,0,0,0,0,57,10.6,5,4,3,114.5,39,0,0,41,441,308,483,0,0,0,0,0,0,483,0,175,1,8,40,0,56,0,2,571,228,14.6
Cobie Durant,79126,CB,LA,7,0,0,68.0,0,0,26,0,0,74.3,73.3,81.0,73.2,58.3,43.4,0,0,1,3,28,19.0,4,2,1,76.3,17,1,0,36,78,179,281,0,0,0,0,0,0,281,5,97,167,4,17,0,25,1,2,183,127,10.8
Christian Benford,79181,CB,BUF,9,6,0,61.8,2,0,4,0,0,58.8,55.7,0.0,60.0,53.1,37.3,0,0,0,1,46,20.7,6,3,5,89.1,21,0,0,16,343,234,363,0,0,0,0,0,0,363,1,128,4,7,17,1,34,0,1,310,137,14.8
Darien Butler,81174,LB,LV,4,2,0,100.0,0,0,23,0,0,52.7,43.7,70.4,,48.2,28.0,0,0,0,0,17,40.0,2,0,0,118.8,1,0,0,20,0,9,22,1,0,0,1,0,0,21,0,13,0,0,1,0,1,0,0,17,8,17.0
Micah McFadden,81246,LB,NYG,15,15,0,81.5,0,1,21,0,0,30.0,38.7,48.2,66.3,51.4,68.3,0,4,0,0,46,9.1,5,0,2,120.5,22,2,0,355,3,172,435,63,0,0,63,0,1,372,45,218,13,19,35,3,27,6,1,269,195,12.2
Damone Clark,81282,LB,DAL,10,12,0,94.4,0,2,9,0,0,64.8,65.5,82.1,52.8,64.3,80.9,0,3,0,0,20,4.2,2,0,0,124.3,17,0,0,346,3,191,398,26,0,0,26,0,2,372,15,192,21,16,34,1,18,3,1,169,126,9.9
Nick Bolton,81322,LB,KC,20,55,1,91.6,0,1,16,2,1,73.8,77.3,37.2,61.6,81.4,82.5,5,5,0,2,66,7.1,15,0,3,94.4,76,2,0,1242,7,803,1319,23,0,0,23,0,11,1296,75,441,36,61,142,8,83,12,1,673,457,8.9
Micah Parsons,81360,ED,DAL,19,16,3,50.0,0,3,9,3,1,84.9,91.8,45.5,92.0,73.8,66.0,17,74,0,0,21,13.2,9,1,5,77.1,2,15,0,195,1,76,1062,859,0,0,858,1,0,203,577,409,7,42,43,4,4,106,0,32,28,16.0
Jesse Luketa,81361,ED,ARZ,7,0,0,,0,0,1,0,0,62.7,60.8,0.0,70.1,59.7,44.1,0,2,0,0,,25.0,1,0,1,0.0,0,0,0,0,0,3,47,47,0,0,47,0,0,0,18,26,0,3,3,2,0,2,0,0,0,
Ernest Jones,81399,LB,LA,17,22,0,85.0,1,1,26,0,0,51.2,63.6,31.8,62.4,78.8,84.3,1,4,0,1,32,5.2,6,1,4,96.0,51,0,0,618,4,380,723,6,0,0,6,0,0,717,26,317,95,39,87,4,60,5,1,443,243,8.7
Azeez Ojulari,81959,ED,NYG,9,4,0,100.0,0,2,21,1,0,53.0,59.6,84.8,63.1,52.4,59.8,5,9,0,0,29,18.2,2,0,0,118.8,2,6,0,2,0,17,252,250,0,1,248,1,0,2,155,80,0,9,5,1,2,20,0,34,25,17.0
Odafe Oweh,82161,ED,BLT,18,7,0,62.5,1,1,3,1,0,41.8,60.1,67.3,67.8,53.9,46.0,7,30,0,0,16,15.2,7,0,2,79.7,5,6,0,2,1,63,665,662,2,7,633,20,0,3,414,188,0,25,32,5,8,43,0,49,29,9.8
Thomas Booker IV,82168,DI,HST,10,4,1,,0,0,13,0,0,61.1,35.3,52.7,52.0,35.0,25.5,0,2,0,0,,33.3,7,0,1,0.0,0,1,0,0,0,1,206,206,2,123,0,81,0,0,83,122,0,7,10,1,0,3,0,0,0,
Christian Barmore,82198,DI,NE,10,5,1,,0,0,19,0,0,53.2,68.6,85.3,80.4,46.9,77.4,6,14,0,0,,0.0,0,0,0,0.0,0,3,0,1,0,2,327,326,44,171,20,91,0,1,229,96,0,14,16,0,0,23,0,0,0,
Teair Tart,82261,DI,TEN,16,5,4,0.0,0,0,31,2,0,67.0,73.1,33.0,75.9,67.0,32.0,5,19,0,1,,10.8,4,1,4,0.0,0,2,0,0,0,4,520,520,127,381,0,12,0,0,305,211,0,23,28,4,1,26,0,0,0,
Devonte Wyatt,82268,DI,GB,16,4,0,,1,1,12,0,0,60.6,69.9,83.3,71.0,60.9,60.9,1,5,0,0,,7.1,1,0,1,0.0,0,2,0,0,0,0,224,224,1,130,20,73,0,0,111,113,0,5,9,0,0,8,0,0,0,
Marquan McCall,82301,DI,CAR,16,8,0,,0,0,5,0,0,,56.8,83.7,52.5,58.1,40.1,1,1,0,0,,11.1,2,0,0,0.0,0,0,0,0,0,0,185,185,82,102,0,1,0,0,79,106,0,6,8,2,0,2,0,0,0,
Aidan Hutchinson,82330,ED,DET,17,7,0,33.3,0,0,11,2,0,84.7,80.7,85.2,70.2,68.4,55.5,5,37,0,3,5,11.4,5,0,1,2.8,1,11,0,0,2,27,953,951,0,5,889,57,0,2,566,360,0,36,32,2,3,53,0,5,2,5.0
Cameron Thomas,82387,ED,ARZ,17,8,0,,0,0,1,0,0,39.3,69.9,83.2,70.5,63.8,80.1,3,13,0,0,,0.0,0,0,1,0.0,0,3,0,0,0,7,237,237,0,7,206,24,0,0,155,75,0,8,8,0,0,19,0,0,0,
Kingsley Enagbare,82409,ED,GB,17,8,2,100.0,0,0,12,0,0,88.5,61.4,56.6,61.3,54.3,50.7,5,17,0,0,5,12.1,4,1,2,85.4,2,3,0,1,0,13,465,462,0,1,460,1,0,3,255,197,2,18,21,3,2,25,0,9,7,4.5
Bobby Brown III,82429,DI,LA,9,2,0,,0,0,26,0,0,60.0,62.8,82.2,58.1,62.1,44.7,0,5,0,0,,14.3,1,0,0,0.0,0,0,0,0,0,0,164,164,54,79,2,29,0,0,70,94,0,3,4,1,0,5,0,0,0,
Otito Ogbonnia,82450,DI,LAC,7,4,0,,0,0,27,0,0,60.0,43.2,81.5,49.8,41.9,28.2,0,4,0,0,,21.1,4,0,0,0.0,0,0,0,0,1,0,138,137,62,57,2,16,0,1,50,88,0,5,11,1,0,4,0,0,0,
Daviyon Nixon,82488,DI,SEA,7,1,0,,0,0,29,0,0,,60.6,79.0,54.7,62.4,73.5,0,1,0,0,,0.0,0,0,0,0.0,0,0,0,0,0,0,62,62,2,42,8,10,0,0,28,34,0,3,5,1,0,1,0,0,0,
Tommy Togiai,82501,DI,CLV,12,5,1,,0,1,8,1,0,62.5,37.3,29.0,53.7,37.8,48.1,2,0,0,0,,8.3,1,0,2,0.0,0,1,0,0,0,1,225,224,16,200,0,8,0,1,90,134,0,6,6,0,0,3,0,0,0,
Quay Walker,82547,LB,GB,17,29,0,67.4,0,3,12,1,0,70.8,52.0,14.8,70.3,35.1,63.8,2,8,0,0,41,10.1,13,5,3,93.0,31,2,0,732,5,405,846,75,0,0,75,0,2,771,66,375,32,42,87,5,46,12,1,304,232,9.8
Channing Tindall,82548,LB,MIA,4,2,0,,0,0,17,0,0,52.8,43.0,70.8,44.3,60.0,27.4,0,1,0,0,,50.0,2,0,0,0.0,0,0,0,6,0,8,10,1,0,0,1,0,2,9,0,2,0,0,0,0,0,1,0,0,0,
Jack Sanborn,82566,LB,CHI,8,9,0,81.8,0,0,6,0,0,67.8,64.5,82.5,76.6,53.6,71.1,1,3,0,0,21,9.4,6,0,0,102.5,18,2,0,297,1,152,330,6,0,0,6,0,3,324,19,159,23,24,49,3,22,6,0,189,121,10.5
Jerry Jacobs,83025,CB,DET,11,5,0,55.0,1,0,11,0,0,54.5,55.8,86.2,78.7,54.8,57.0,0,0,0,1,39,13.6,6,5,7,74.9,33,1,0,24,505,338,542,4,0,0,4,0,0,538,1,203,9,14,33,2,60,1,1,408,135,12.4
Kelvin Joseph,83051,CB,DAL,11,2,0,66.7,0,1,9,0,0,44.1,49.2,0.3,,82.7,68.1,0,0,0,0,59,7.1,1,2,2,149.3,12,0,0,22,137,104,167,1,0,0,1,0,0,166,0,63,6,2,11,0,18,0,4,228,30,19.0
Verone McKinley III,83068,S,MIA,11,4,0,33.3,0,0,17,0,0,72.8,69.0,81.5,67.3,33.9,50.5,1,1,0,1,7,18.8,3,0,0,2.8,1,0,0,29,0,198,252,2,0,0,2,0,211,250,9,45,10,0,9,0,3,2,0,7,2,7.0
Rachad Wildgoose,83111,CB,WAS,7,4,0,55.0,0,0,32,0,0,53.9,50.7,81.5,54.5,40.5,40.9,0,0,0,0,21,20.0,4,2,4,68.1,11,0,0,12,3,133,196,0,0,0,0,0,2,196,2,61,178,3,12,0,20,0,0,97,80,8.8
Pat Surtain II,83119,CB,DEN,17,8,0,59.4,0,1,10,0,0,86.7,86.8,88.6,59.1,76.9,73.6,1,2,0,2,52,9.2,6,7,3,84.0,41,0,0,87,1013,676,1104,0,0,0,0,0,1,1104,6,422,3,13,51,2,69,3,4,417,95,10.2
Jalyn Armour-Davis,83120,CB,BLT,3,2,0,88.9,0,0,3,0,0,27.8,28.2,77.5,60.0,64.1,28.0,0,0,0,0,40,33.3,3,1,0,155.8,8,0,0,2,46,32,50,1,0,0,1,0,0,49,1,17,1,1,4,1,9,0,1,152,57,19.0
Josh Jobe,83122,CB,PHI,5,0,0,100.0,0,0,24,0,0,59.4,61.4,94.0,,63.1,27.0,0,0,0,0,12,50.0,1,0,0,102.1,2,0,0,0,21,16,24,0,0,0,0,0,0,24,0,8,0,0,1,0,2,0,0,17,9,8.5
Jamien Sherwood,83175,LB,NYJ,4,1,0,100.0,0,0,22,0,0,55.6,79.1,73.7,74.1,80.4,81.9,0,0,0,0,5,0.0,0,0,0,87.5,1,1,0,22,0,11,25,2,0,0,2,0,0,23,0,14,1,7,9,1,1,1,0,5,5,5.0
Roger McCreary,83176,CB,TEN,17,15,0,69.2,5,0,31,0,0,60.4,62.6,51.5,66.8,73.2,65.3,0,2,0,1,37,10.0,9,6,10,113.8,63,0,0,125,662,771,1164,4,0,0,4,0,6,1160,17,376,367,19,66,3,91,2,7,719,196,11.4
Tyson Campbell,83217,CB,JAX,19,9,0,60.9,1,1,15,2,1,80.7,80.8,90.4,56.3,71.7,53.9,0,1,0,3,25,12.2,10,9,2,86.0,53,0,0,64,1114,789,1275,8,0,0,8,0,0,1267,2,484,89,17,63,3,87,1,6,512,180,9.7
Kerby Joseph,83239,S,DET,14,11,0,60.6,0,2,11,1,0,65.0,64.0,89.4,53.3,58.0,69.7,1,2,0,4,50,12.2,10,4,3,89.2,20,0,0,81,5,506,875,27,0,0,27,0,635,848,7,362,127,7,61,0,33,3,5,290,81,14.5
Percy Butler,83271,S,WAS,11,2,0,75.0,0,0,32,0,0,48.3,48.7,82.6,54.6,64.9,82.5,1,0,0,0,13,0.0,0,0,0,124.0,3,0,0,14,1,94,134,2,0,0,2,0,98,132,2,38,19,4,5,0,4,1,1,19,8,6.3
Cam Taylor-Britt,83326,CB,CIN,13,9,0,54.7,3,1,7,0,0,69.2,64.5,36.2,58.3,46.7,57.0,0,0,0,1,51,13.0,10,8,6,88.3,35,0,0,75,685,495,788,3,0,0,3,0,1,785,1,292,24,15,58,1,64,0,3,484,165,13.8
Greg Newsome II,83341,CB,CLV,15,8,0,62.1,0,0,8,0,0,72.3,69.1,85.9,54.4,55.1,62.7,0,1,0,0,75,12.5,6,6,2,89.2,41,1,0,135,378,499,907,19,0,0,19,0,1,888,16,392,374,16,34,0,66,2,2,400,203,9.8
Jaycee Horn,83375,CB,CAR,13,6,2,59.6,1,0,5,0,0,73.2,71.4,86.4,77.7,54.2,47.9,1,2,0,3,56,14.5,9,3,6,52.6,28,1,0,113,542,452,812,18,0,0,18,0,4,794,17,343,135,13,47,1,47,4,0,310,83,11.1
Israel Mukuamu,83377,S,DAL,17,5,0,58.8,0,0,9,0,0,64.4,61.3,79.0,63.2,49.1,76.9,1,0,0,1,17,4.3,1,1,0,51.6,10,0,0,72,9,143,212,13,0,0,13,0,45,199,4,65,72,3,17,0,17,1,0,102,64,10.2
Bryce Thompson,83392,CB,NO,2,0,0,,0,0,20,0,0,65.3,66.0,83.4,,60.0,,0,0,0,0,,,0,0,0,0.0,0,0,0,0,0,5,7,0,0,0,0,0,0,7,0,2,6,0,0,0,0,0,0,0,0,
Kyler Gordon,83451,CB,CHI,14,8,1,81.8,0,1,6,1,0,46.4,49.8,40.6,54.0,65.8,53.0,0,2,0,3,55,15.0,12,2,7,110.8,63,0,0,110,295,445,863,20,0,0,20,0,6,843,23,395,431,24,60,2,77,2,4,795,370,12.6
Alontae Taylor,83469,CB,NO,11,4,0,45.3,1,0,20,0,0,56.3,54.5,58.5,,48.9,30.5,0,0,0,0,20,23.6,13,8,5,58.3,29,0,0,49,575,371,663,16,0,0,16,0,0,647,0,292,22,10,38,1,64,0,0,283,87,9.8
Hassan Haskins,83701,HB,TEN,1,0,0,,0,0,31,0,0,,60.0,60.0,,60.0,,0,0,0,0,,,0,0,0,0.0,0,0,0,0,0,0,1,0,0,0,0,0,0,1,0,1,0,0,0,0,0,0,0,0,0,
Corey Ballentine,83833,CB,GB,3,1,0,100.0,0,0,12,0,0,43.8,46.0,73.3,,60.0,72.8,0,0,0,0,9,0.0,0,0,0,135.4,2,0,0,1,16,10,17,0,0,0,0,0,0,17,0,7,0,0,0,0,2,0,1,14,0,7.0
Jevon Holland,83873,S,MIA,18,13,2,81.3,1,1,17,0,0,65.7,67.2,52.2,76.7,67.6,68.4,0,7,0,3,58,12.5,14,4,2,98.3,26,2,0,173,27,746,1197,54,0,0,54,0,837,1143,37,414,106,17,85,1,32,9,3,303,123,11.7
Talanoa Hufanga,83903,S,SF,20,27,0,64.8,1,2,28,0,0,74.6,72.1,69.8,72.1,64.1,60.5,1,6,1,4,75,14.8,18,7,3,89.6,35,2,0,360,7,734,1214,56,0,0,56,0,662,1158,39,441,129,32,77,3,54,9,6,354,180,10.1
Dax Milne,84147,WR,WAS,1,0,0,,0,0,32,0,0,,59.9,60.0,,60.0,,0,0,0,0,,,0,0,0,0.0,0,0,0,0,0,0,1,0,0,0,0,0,0,1,0,1,0,0,0,0,0,0,0,0,0,
Jalen Nailor,84292,WR,MIN,2,0,0,,0,0,18,0,0,,60.0,60.1,,60.0,,0,0,0,0,,,0,0,0,0.0,0,0,0,0,0,0,2,0,0,0,0,0,0,2,0,2,0,0,0,0,0,0,0,0,0,
Simi Fehoko,84424,WR,DAL,1,0,0,,0,0,9,0,0,,60.0,60.4,60.0,,,0,0,0,0,,,0,0,1,0.0,0,0,0,0,0,0,1,0,0,0,0,0,0,1,1,0,0,0,0,0,0,0,0,0,0,
Deven Thompkins,84480,WR,TB,1,0,0,,0,0,30,0,0,60.7,70.2,60.0,,,,0,0,0,0,,,0,0,0,0.0,0,0,0,0,0,1,1,0,0,0,0,0,0,1,0,0,0,0,0,0,0,0,0,0,0,
Chris Williams,87178,DI,IND,5,2,0,,0,0,14,0,0,,45.5,77.4,67.7,39.3,69.8,1,1,0,0,,0.0,0,0,0,0.0,0,0,0,0,0,0,45,45,1,33,0,11,0,0,20,25,0,0,1,0,0,2,0,0,0,
John Cominsky,88313,ED,DET,14,9,2,100.0,1,1,11,0,0,79.4,68.2,65.1,61.6,62.8,55.5,8,32,0,0,8,15.2,5,0,2,100.0,1,4,0,0,0,15,554,554,44,92,316,102,0,0,356,183,0,16,19,1,1,44,0,8,11,8.0
Kyle Dugger,90621,S,NE,15,17,0,70.9,0,1,19,1,1,78.3,78.4,59.4,61.5,76.7,65.8,1,9,2,3,33,11.8,9,4,1,98.4,39,1,0,419,53,459,752,30,0,0,30,0,82,722,36,257,168,25,50,4,55,11,5,392,146,10.1
Bobby Price,91112,CB,DET,2,0,0,50.0,0,0,11,0,0,51.0,44.2,73.9,,37.7,75.2,0,0,0,0,23,0.0,0,0,0,91.7,1,0,0,9,28,19,38,0,0,0,0,0,0,38,0,19,1,0,2,0,2,0,0,23,8,23.0
De'Shaan Dixon,91129,ED,JAX,2,0,0,,0,0,15,0,0,,33.2,69.6,,44.1,70.5,0,0,0,0,,0.0,0,0,0,0.0,0,0,0,0,0,0,4,3,0,0,3,0,0,1,0,4,1,0,1,0,0,0,0,0,0,
Tevaughn Campbell,91247,CB,JAX,2,0,0,50.0,0,0,15,0,0,42.2,44.4,75.3,,58.8,57.5,0,0,0,0,41,25.0,1,0,0,86.8,3,0,0,1,28,19,31,0,0,0,0,0,0,31,0,12,2,0,3,0,6,0,0,62,7,20.7
Daniel Hardy,91336,ED,LA,6,2,0,,0,0,26,0,0,63.0,52.1,77.7,62.3,44.3,73.3,0,1,0,0,,0.0,0,0,0,0.0,0,0,0,0,0,4,41,39,0,0,39,0,0,2,14,23,2,1,1,0,0,1,0,0,0,
Deonte Harty,91470,WR,NO,1,0,0,,0,0,20,0,0,60.7,70.2,60.0,,,,0,0,0,0,,,0,0,0,0.0,0,0,0,0,0,1,1,0,0,0,0,0,0,1,0,0,0,0,0,0,0,0,0,0,0,
E.J. Speed,94351,LB,IND,17,15,2,87.5,0,2,14,0,0,62.7,78.4,39.0,76.6,82.8,78.0,1,3,0,0,21,5.4,3,0,1,95.3,7,1,0,234,4,113,316,46,0,0,46,0,0,270,19,184,30,21,38,8,8,5,0,55,45,7.9
Jonathan Harris,94361,DI,DEN,8,4,0,,0,0,10,0,0,66.5,61.8,82.6,50.8,63.9,76.3,1,2,0,0,,0.0,0,0,0,0.0,0,0,0,0,0,0,211,211,1,86,18,106,0,0,120,91,0,13,16,2,0,3,0,0,0,
Anthony Pittman,94372,ED,DET,13,0,0,50.0,0,1,11,0,0,75.3,52.6,78.4,51.1,36.1,26.6,1,0,0,0,10,50.0,1,0,0,64.6,1,0,0,9,1,11,54,39,0,0,39,0,4,15,22,21,1,0,1,0,2,1,0,10,-3,10.0
Jody Fortson,94384,TE,KC,1,0,0,,0,0,16,0,0,,60.0,60.0,60.0,,,0,0,0,0,,,0,0,1,0.0,0,0,0,0,0,0,1,0,0,0,0,0,0,1,1,0,0,0,0,0,0,0,0,0,0,
Jordan Davis,94854,DI,PHI,16,6,1,,0,0,24,0,0,60.0,72.6,83.7,60.8,72.2,57.6,2,10,0,0,,4.2,1,0,0,0.0,0,0,0,0,0,0,270,269,191,60,0,18,0,1,128,142,0,10,17,1,0,12,0,0,0,
Nick Cross,97514,S,IND,6,0,0,100.0,1,0,14,1,0,60.8,56.5,0.0,51.3,58.5,53.7,0,1,0,0,10,16.7,2,0,2,98.3,5,0,0,62,3,68,122,10,0,0,10,0,26,112,2,52,21,4,10,0,5,1,0,38,22,7.6
Dax Hill,97519,S,CIN,18,0,0,63.6,0,0,7,0,0,56.6,56.0,0.0,48.0,71.4,58.1,1,2,0,0,15,14.3,2,1,2,115.9,7,0,0,25,19,104,150,4,0,0,4,0,20,146,7,39,82,4,12,0,11,3,2,56,13,8.0
Martin Emerson Jr.,97872,CB,CLV,17,7,0,53.9,0,0,8,0,0,75.1,72.5,86.7,72.4,51.3,55.1,0,0,0,0,45,15.5,11,9,6,85.6,48,1,0,80,684,500,783,6,0,0,6,0,2,777,2,281,10,13,53,0,89,1,4,503,106,10.5
Derek Stingley Jr.,98253,CB,HST,9,2,0,67.3,0,0,13,0,0,49.9,49.1,87.1,63.6,43.4,73.5,0,0,0,1,34,7.7,3,4,2,84.9,33,1,0,27,536,309,599,18,0,0,18,0,0,581,0,290,18,10,34,0,49,1,0,414,111,12.5
Alex Wright,98318,ED,CLV,17,10,5,,2,0,8,1,0,68.0,38.4,53.5,47.1,37.2,27.5,0,12,0,0,,22.2,8,0,3,0.0,0,0,0,3,0,6,543,539,0,11,423,105,0,4,311,226,0,8,18,2,0,12,0,0,0,
George Karlaftis,98319,ED,KC,20,7,7,80.0,0,0,16,2,0,47.7,50.2,91.5,58.1,41.2,26.5,4,37,0,0,11,30.0,12,0,0,137.1,4,8,0,0,0,38,828,828,35,48,679,66,0,0,526,264,0,24,21,3,5,49,1,37,25,9.3
Kayvon Thibodeaux,98444,ED,NYG,16,10,5,50.0,0,2,21,2,1,67.3,72.5,63.2,67.3,71.8,70.9,12,29,0,0,17,6.8,4,0,3,66.7,2,4,0,16,4,71,859,831,0,2,827,2,0,28,466,322,8,29,45,4,4,45,0,22,19,11.0
Kaiir Elam,98693,CB,BUF,14,7,0,71.7,0,0,4,0,0,66.0,64.6,86.9,,51.7,61.9,0,0,0,3,44,11.5,6,1,3,83.6,33,0,0,19,534,365,570,13,0,0,13,0,0,557,0,205,3,9,39,1,46,0,2,380,120,11.5
Cor'Dale Flott,98834,CB,NYG,11,8,0,64.0,0,1,21,0,0,73.0,67.8,82.7,60.0,43.0,54.7,0,1,0,0,25,13.8,4,3,0,98.4,16,0,0,50,272,195,338,0,0,0,0,0,1,338,1,142,15,6,17,0,25,1,1,178,69,11.1
Lewis Cine,98879,S,MIN,2,0,0,,0,0,18,0,0,60.1,60.1,64.3,,,,0,0,0,0,,,0,0,0,0.0,0,0,0,0,0,2,2,0,0,0,0,0,2,2,0,0,0,0,0,0,0,0,0,0,0,
Brandin Echols,98900,CB,NYJ,12,1,0,53.8,0,0,22,0,0,67.8,69.6,79.1,,73.6,60.4,0,0,0,0,26,14.3,1,1,0,102.7,7,0,0,6,15,58,69,5,0,0,5,0,0,64,0,11,43,1,5,0,13,0,1,94,43,13.4
Quandre Mosely,98902,CB,NE,1,0,0,,0,0,19,0,0,60.0,60.9,64.5,,,,0,0,0,0,,,0,0,0,0.0,0,0,0,0,1,1,1,0,0,0,0,0,0,1,0,0,0,0,0,0,0,0,0,0,0,
DeMarvin Leal,98919,ED,PIT,11,5,2,0.0,0,0,25,0,0,79.7,46.0,83.5,55.2,36.0,45.1,0,3,0,0,,16.7,3,1,0,39.6,0,0,0,6,0,3,175,168,3,41,104,20,0,7,94,78,1,7,10,1,1,3,0,0,0,
Travon Walker,98940,ED,JAX,17,14,0,40.0,3,1,15,0,0,73.5,58.0,21.7,58.6,59.6,43.6,8,30,0,1,26,17.5,10,1,9,23.8,6,5,0,2,0,80,897,879,0,25,821,33,0,18,480,337,16,26,33,4,15,43,0,58,34,9.7
Christian Harris,98996,LB,HST,12,23,0,75.8,0,1,13,0,0,29.6,28.3,57.8,64.5,29.1,31.3,2,1,0,1,31,16.3,15,2,2,93.1,47,1,0,606,2,332,711,23,0,0,23,0,0,688,17,362,80,29,54,5,62,4,0,515,290,11.0
Jermaine Johnson,99015,ED,NYJ,14,3,0,,0,0,22,0,0,61.8,71.7,88.4,64.6,68.7,51.6,2,9,0,0,,11.1,3,0,0,0.0,0,3,0,3,0,3,312,309,0,4,303,2,0,3,151,158,0,19,21,1,0,14,0,0,0,
Nakobe Dean,99018,LB,PHI,11,1,0,100.0,0,0,24,0,0,75.8,78.6,94.0,60.0,69.6,78.8,0,1,0,0,6,0.0,0,0,0,83.3,3,0,0,31,0,24,47,7,0,0,7,0,0,40,1,22,5,4,4,1,3,1,0,12,6,4.0
Sam Williams,99106,ED,DAL,17,4,0,66.7,2,1,9,3,0,78.5,66.2,11.2,71.0,59.8,73.0,7,11,0,0,7,5.3,1,1,4,71.5,2,4,0,7,0,4,306,298,2,19,242,35,0,8,191,111,0,15,14,7,3,22,0,10,10,5.0
Andrew Booth Jr.,99744,CB,MIN,2,0,0,86.7,1,0,18,0,0,41.7,45.3,79.8,,62.8,50.9,0,0,0,0,35,15.4,2,0,2,108.9,13,0,0,9,96,61,105,0,0,0,0,0,0,105,0,44,0,1,11,0,15,0,0,152,53,11.7
Amare Barno,99780,ED,CAR,9,1,0,,0,0,5,0,0,72.5,64.0,78.8,54.6,62.5,76.1,0,1,0,0,,0.0,0,0,0,0.0,0,2,0,5,0,2,51,46,0,0,39,7,0,5,33,16,0,4,3,1,0,3,0,0,0,
Nahshon Wright,100412,CB,DAL,5,3,0,65.2,0,0,9,0,0,47.4,51.8,80.1,,77.2,76.2,0,0,0,1,39,4.3,1,1,0,75.8,15,0,0,5,123,91,128,0,0,0,0,0,0,128,0,37,0,7,19,1,23,0,0,207,67,13.8
Sauce Gardner,100903,CB,NYJ,17,13,0,45.2,3,0,22,0,0,90.0,87.9,86.5,62.1,69.2,75.2,2,1,0,2,45,7.6,6,14,5,53.5,33,0,0,163,935,642,1114,8,0,0,8,0,0,1106,4,468,8,16,60,3,73,3,1,361,105,10.9
Damarion Williams,100904,CB,BLT,12,5,0,69.4,0,0,3,0,0,41.0,43.9,81.4,46.8,72.5,57.5,0,1,0,0,28,12.5,3,1,2,121.3,25,0,0,13,11,172,225,2,0,0,2,0,10,223,7,46,189,6,16,1,36,1,3,290,120,11.6
Ja'Quan McMillian,100931,CB,DEN,1,0,0,45.5,0,0,10,0,0,66.7,68.3,78.9,58.3,70.2,56.4,0,1,0,0,18,12.5,1,0,0,66.5,5,0,0,3,62,45,68,3,0,0,3,0,0,65,2,21,0,3,7,0,11,1,0,70,23,14.0
Dane Belton,101398,S,NYG,14,5,0,69.2,0,0,21,1,0,42.3,32.8,43.7,47.2,28.9,72.5,1,4,0,2,35,8.8,3,1,2,60.1,18,0,0,137,19,247,400,38,0,0,38,0,144,362,30,123,62,4,26,1,26,5,0,202,119,11.2
Christopher Hinton,101418,DI,LAC,5,1,0,,0,0,27,0,0,,51.4,79.4,57.4,49.1,68.4,1,1,0,0,,0.0,0,0,0,0.0,0,0,0,0,0,0,92,92,3,60,1,28,0,0,49,43,0,1,1,0,0,2,0,0,0,
David Ojabo,101420,ED,BLT,3,0,0,,0,1,3,0,0,60.0,80.3,75.0,75.0,63.7,70.5,0,0,0,0,,,0,0,0,0.0,0,1,0,0,0,1,23,23,0,0,23,0,0,0,18,4,0,1,0,0,0,1,0,0,0,
Sam Okuayinonu,101425,ED,TEN,6,2,0,,1,0,31,0,0,76.3,57.2,0.0,60.5,64.6,63.2,0,3,0,0,,10.0,1,0,3,0.0,0,1,0,1,0,3,105,104,0,0,101,3,0,1,65,37,0,4,7,0,0,4,0,0,0,
Leo Chenal,101463,LB,KC,20,7,0,100.0,0,0,16,0,0,62.6,70.3,79.3,63.6,72.0,57.6,2,0,0,0,48,11.8,4,0,0,118.8,7,2,0,219,0,115,296,58,0,0,58,0,0,238,27,154,18,16,23,3,7,4,0,97,72,13.9
Brandon Smith,101497,LB,CAR,5,0,0,66.7,0,0,5,0,0,46.3,28.3,73.6,,28.6,57.9,0,0,0,0,5,16.7,1,0,0,70.1,2,0,0,45,0,13,52,3,0,0,3,0,0,49,0,39,4,3,5,0,3,0,0,5,12,2.5
Jaquan Brisker,101665,S,CHI,15,28,0,64.4,2,1,6,1,0,65.0,67.0,88.2,70.2,64.2,53.7,0,3,0,1,45,14.7,17,2,2,104.1,29,4,0,371,43,477,954,150,0,0,150,0,289,804,29,448,100,28,71,2,45,7,4,302,190,10.4
Kyle Hamilton,102684,S,BLT,17,8,0,83.9,1,2,3,1,0,83.0,87.6,54.4,85.7,87.7,67.7,3,3,0,0,60,10.0,7,5,2,118.8,47,2,0,106,12,408,600,36,0,0,36,0,92,564,33,159,354,24,55,3,56,8,3,461,229,9.8
Prince Emili,106599,DI,BUF,2,2,1,,0,0,4,0,0,60.0,70.3,75.1,60.7,68.5,69.4,0,0,0,0,,0.0,0,0,0,0.0,0,0,0,0,0,0,27,27,0,24,0,3,0,0,11,16,0,1,1,0,0,0,0,0,0,
Rodney Thomas II,108389,S,IND,15,10,0,52.6,0,0,14,0,0,54.8,54.3,60.1,52.5,55.4,71.5,0,0,0,4,16,10.4,5,1,1,62.9,10,0,0,58,1,428,720,0,0,0,0,0,605,720,4,288,55,3,33,0,19,0,2,98,46,9.8
Michael Hoecht,108840,ED,LA,14,7,0,100.0,0,1,26,0,0,58.6,65.4,85.2,60.3,66.3,80.2,4,15,0,0,17,3.2,1,0,0,106.3,2,5,0,3,0,31,409,395,1,3,382,9,0,14,204,174,10,17,23,1,2,24,0,19,21,9.5
Dee Alford,110542,CB,ATL,16,3,0,60.6,0,0,2,0,0,61.3,64.8,82.5,68.1,78.2,66.3,0,2,0,1,42,14.3,4,3,1,80.4,20,1,1,12,18,198,246,2,0,0,2,0,3,244,16,32,210,11,21,1,33,3,1,240,80,12.0
D'Anthony Bell,111578,S,CLV,5,1,0,100.0,0,0,8,0,0,51.9,48.0,77.6,59.0,48.2,27.7,0,0,0,0,16,37.5,3,0,0,118.8,3,0,0,28,1,42,72,1,0,0,1,0,23,71,1,29,19,0,4,0,3,0,0,42,10,14.0
Domenique Davis,112887,DI,CIN,2,1,0,,0,0,7,0,0,,29.2,77.3,64.7,27.7,65.9,0,1,0,0,,0.0,0,0,0,0.0,0,0,0,0,0,0,37,37,10,27,0,0,0,0,15,22,0,0,0,0,0,1,0,0,0,
David Bada,117753,DI,WAS,2,3,0,,0,0,32,0,0,,45.7,75.5,53.5,48.6,29.9,0,0,0,0,,25.0,1,0,0,0.0,0,0,0,0,0,0,27,27,2,22,0,3,0,0,10,17,0,0,0,0,0,0,0,0,0,
Perrion Winfrey,122952,DI,CLV,13,5,2,,1,0,8,0,0,60.0,41.6,65.1,56.2,36.0,49.0,1,5,0,0,,9.5,2,0,1,0.0,0,1,0,1,0,0,342,341,2,211,9,119,0,1,195,147,0,8,14,1,0,7,0,0,0,
Deane Leonard,124140,CB,LAC,2,0,0,,0,0,27,0,0,,60.0,68.8,,60.0,,0,0,0,0,,,0,0,0,0.0,0,0,0,0,4,0,4,0,0,0,0,0,0,4,0,4,0,0,0,0,0,0,0,0,0,
DaMarcus Mitchell,129826,ED,NE,1,0,0,,0,0,19,0,0,,52.3,70.0,53.2,,,0,0,0,0,,,0,0,0,0.0,0,0,0,0,0,0,5,5,0,0,5,0,0,0,5,0,0,0,0,0,0,0,0,0,0,
Jaylen Watson,131960,CB,KC,19,6,1,65.9,1,0,16,0,0,59.9,61.2,87.9,77.9,58.6,58.2,1,1,1,3,37,14.1,9,3,3,93.4,54,0,0,19,693,553,750,11,0,0,11,0,0,739,8,189,27,10,49,3,82,2,5,618,207,11.4
Sam Webb,134606,CB,LV,9,8,0,66.7,1,1,23,0,0,57.0,59.1,32.6,56.3,75.2,61.3,0,0,0,0,32,10.5,4,2,4,93.9,28,0,0,35,233,211,327,3,0,0,3,0,0,324,2,114,55,4,26,0,42,0,1,286,95,10.2
Brayden Thomas,138266,ED,LA,1,0,0,,0,0,26,0,0,,60.4,70.3,,60.0,,0,0,0,0,,,0,0,0,0.0,0,0,0,0,0,0,4,4,0,0,4,0,0,0,0,4,0,0,0,0,0,0,0,0,0,
Sam Roberts,156069,DI,NE,3,0,0,,0,0,19,0,0,,46.5,76.9,59.6,38.8,67.3,0,2,0,0,,0.0,0,0,0,0.0,0,0,0,0,0,0,40,40,4,19,0,17,0,0,30,10,0,0,1,0,0,2,0,0,0,
Kader Kohou,156070,CB,MIA,16,4,0,64.3,1,1,17,0,0,68.6,68.5,87.6,47.3,65.1,53.5,0,4,0,1,43,15.1,13,10,8,83.9,74,0,0,95,314,630,969,16,0,0,16,0,10,953,15,324,534,28,69,6,115,4,2,718,314,9.7
Joshua Williams,156083,CB,KC,16,9,0,64.7,1,0,16,0,0,64.6,63.0,18.2,41.2,67.5,58.3,0,2,0,2,50,11.3,6,5,5,117.1,33,0,0,21,485,360,525,6,0,0,6,0,1,519,5,160,11,13,38,2,51,2,6,468,125,14.2
Gregory Junior,156090,CB,JAX,1,1,0,75.0,0,0,15,0,0,70.7,71.4,73.4,,61.9,79.3,0,0,0,0,17,0.0,0,0,0,107.3,3,0,0,0,17,15,18,0,0,0,0,0,0,18,0,3,1,2,5,0,4,0,0,41,2,13.7
Dallis Flowers,156091,CB,IND,4,3,0,55.6,0,0,14,0,0,51.3,49.5,2.1,,53.9,29.6,0,0,0,0,33,30.8,4,0,1,124.8,5,0,0,26,143,101,175,2,0,0,2,0,0,173,0,74,3,1,6,0,9,0,1,85,28,17.0
Josh Onujiogu,156131,ED,SEA,1,0,0,,0,0,29,0,0,77.6,67.9,73.1,51.5,61.0,74.2,0,0,0,0,,0.0,0,0,0,0.0,0,0,0,0,0,1,11,11,0,0,11,0,0,0,8,2,0,1,3,0,0,0,0,0,0,
Christian Matthew,156140,CB,ARZ,9,4,0,66.7,0,0,1,0,0,48.7,55.7,82.3,,83.2,50.1,0,0,0,0,23,16.7,4,1,1,102.4,16,0,0,14,214,126,237,0,0,0,0,0,0,237,0,111,7,2,16,1,24,0,1,178,71,11.1
