season,team,player,player_id,position,role,snap_counts_defense,snap_counts_coverage,yards,yards_per_cov_snap,total_pressures,sacks,stops,interceptions,forced_fumbles,pass_break_ups,pass_defense_war,run_defense_war,raw_def_war,replacement_war,def_war,war_per_700
2023,CLE,Myles Garrett,11756,ED,EDGE,844,21,21,1.0,89,15,39,0,4,0,0.8073499754410031,0.8941015948783834,1.7014515703193864,0.2021575437637748,1.4992940265556116,1.243490306384986
2022,SF,Nick Bosa,42741,ED,EDGE,898,4,0,0.0,98,19,45,0,2,0,0.9020955351945669,0.732910873873183,1.6350064090677499,0.2021575437637748,1.432848865303975,1.116920050905103
2023,NO,Carl Granderson,48500,ED,EDGE,874,20,0,0.0,58,9,46,0,1,0,0.710021782456622,0.8781915721949152,1.5882133546515371,0.2021575437637748,1.3860558108877623,1.1101133496812743
2023,LV,Maxx Crosby,26316,ED,EDGE,1080,0,0,0.0,94,15,58,0,2,0,0.6900715060316402,0.8161338535228075,1.5062053595544478,0.2021575437637748,1.304047815790673,0.8452161769013621
2021,NO,Cameron Jordan,6176,ED,EDGE,831,12,0,0.0,51,13,43,0,2,0,0.7382811896375651,0.7594346719096726,1.4977158615472377,0.2021575437637748,1.2955583177834629,1.0913246960871528
2022,NE,Matthew Judon,10780,ED,EDGE,858,73,28,0.3835616438356164,69,17,35,0,2,1,0.7159142046663943,0.6705469239932476,1.3864611286596418,0.2021575437637748,1.184303584895867,0.966215045952339
2023,BAL,Nnamdi Madubuike,44304,DI,IDL,849,17,0,0.0,78,15,42,0,1,0,0.7990000695168048,0.5624262846171972,1.361426354134002,0.22337835625431512,1.1380479978796867,0.9383199040232988
2021,NO,Marshon Lattimore,11766,CB,CB,999,640,862,1.346875,0,0,22,3,0,18,1.307251818394776,0.05628864807269217,1.3635404664674684,0.26270954927892354,1.1008309171885449,0.7713529950270085
2021,LAR,Aaron Donald,8648,DI,IDL,1261,3,0,0.0,109,19,58,0,4,0,0.5873150451811063,0.7327995796148897,1.3201146247959963,0.22337835625431512,1.0967362685416813,0.6088147406654852
2024,MIN,Jonathan Greenard,48407,ED,EDGE,969,94,49,0.5212765957446809,84,11,45,0,3,0,0.544637003699761,0.742575980307951,1.287212984007712,0.2021575437637748,1.0850554402439372,0.7838377793299856
2022,DAL,Micah Parsons,81360,ED,EDGE,1062,76,32,0.42105263157894735,106,15,42,0,3,1,0.6759375746607191,0.5720139697670075,1.2479515444277267,0.2021575437637748,1.045794000663952,0.6893180795336783
2023,PIT,T.J. Watt,11785,ED,EDGE,930,56,107,1.9107142857142858,86,20,49,1,4,0,0.6526747171185785,0.5703308181144798,1.2230055352330584,0.2021575437637748,1.0208479914692836,0.7683802086327941
2024,MIN,Andrew Van Ginkel,30267,ED,EDGE,973,212,204,0.9622641509433962,50,13,38,2,1,0,0.6349934042209151,0.5804501238667479,1.2154435280876632,0.2021575437637748,1.0132859843238884,0.7289827225351715
2021,NO,Marcus Davenport,50291,ED,EDGE,437,5,0,0.0,42,9,24,0,3,0,0.5869224317877033,0.6096255275357227,1.1965479593234263,0.2021575437637748,0.9943904155596515,1.5928450592488697
2023,NYJ,Jermaine Johnson,99015,ED,EDGE,748,7,0,0.0,56,9,31,1,2,1,0.6276794183270663,0.5685839515599296,1.1962633698869958,0.2021575437637748,0.994105826123221,0.9303129388853673
2023,NYJ,Quincy Williams,49779,LB,LB,1092,576,516,0.8958333333333334,7,2,80,1,2,8,0.9663519218237905,0.25311783697703644,1.2194697588008268,0.2264117320729514,0.9930580267278754,0.6365756581588945
2023,NYJ,Quinnen Williams,44216,DI,IDL,778,6,0,0.0,70,6,42,1,1,0,0.5277332102799522,0.6629912963390725,1.1907245066190246,0.22337835625431512,0.9673461503647095,0.8703628602253171
2023,BAL,Kyle Hamilton,102684,S,S,1065,684,313,0.45760233918128657,16,3,40,4,1,5,1.1314224282955099,0.08606570180738299,1.2174881301028926,0.2546539193746793,0.9628342107282133,0.6328487770044594
2023,BAL,Roquan Smith,50892,LB,LB,1192,725,553,0.7627586206896552,15,2,54,1,1,7,0.982542199452204,0.19782061032535653,1.1803628097775605,0.2264117320729514,0.9539510777046091,0.5602061697929751
2023,BAL,Jadeveon Clowney,8636,ED,EDGE,747,22,17,0.7727272727272727,78,11,28,0,2,0,0.5592975906225977,0.5853637591051029,1.1446613497277007,0.2021575437637748,0.9425038059639259,0.8832030310237592
2022,DAL,DeMarcus Lawrence,8669,ED,EDGE,787,12,0,0.0,59,7,49,0,3,0,0.4579524307778985,0.6840483777771044,1.1420008085550029,0.2021575437637748,0.939843264791228,0.8359469953670389
2023,CLE,Martin Emerson Jr.,97872,CB,CB,897,566,498,0.8798586572438163,0,0,24,4,0,9,1.136373851527393,0.05628864807269217,1.192662499600085,0.26270954927892354,0.9299529503211614,0.7257157917779409
2023,BAL,Geno Stone,55967,S,S,1000,685,197,0.2875912408759124,3,0,13,7,0,1,1.123751044171429,0.054876968266578,1.1786280124380066,0.2546539193746793,0.9239740930633273,0.6467818651443291
2021,LAR,Von Miller,6154,ED,EDGE,939,69,30,0.43478260869565216,82,13,45,0,1,1,0.46580072174933046,0.656078396873251,1.1218791186225814,0.2021575437637748,0.9197215748588066,0.6856284370619431
2021,DAL,Trevon Diggs,41817,CB,CB,1078,679,1068,1.572901325478645,0,0,14,11,0,9,1.1143898092126265,0.05628864807269217,1.1706784572853188,0.26270954927892354,0.9079689080063953,0.5895902000041527
2022,SF,Talanoa Hufanga,83903,S,S,1214,734,354,0.4822888283378747,9,2,32,4,2,7,1.0601437883270297,0.08401204521396832,1.144155833540998,0.2546539193746793,0.8895019141663187,0.5128923722540553
2022,SF,Charvarius Ward,43034,CB,CB,1144,730,660,0.9041095890410958,0,0,31,1,1,11,1.0894930465012942,0.05628864807269217,1.1457816945739865,0.26270954927892354,0.883072145295063,0.5403413476455805
2021,NE,Matthew Judon,10780,ED,EDGE,900,94,40,0.425531914893617,64,14,35,0,0,0,0.6415346686969011,0.43369268249480286,1.0752273511917039,0.2021575437637748,0.8730698074279291,0.6790542946661671
2023,BAL,Patrick Queen,57941,LB,LB,1246,732,547,0.7472677595628415,27,4,52,1,1,3,0.9094257127932946,0.18809012099277128,1.097515833786066,0.2264117320729514,0.8711041017131146,0.48938432680512056
2023,NO,Paulson Adebo,52280,CB,CB,948,568,753,1.3257042253521127,0,0,17,4,2,11,1.0768342705638563,0.05628864807269217,1.1331229186365486,0.26270954927892354,0.870413369357625,0.64271029382947
2023,MIN,Danielle Hunter,9521,ED,EDGE,1004,14,32,2.2857142857142856,80,18,50,0,4,0,0.48906142523541507,0.5757181892464127,1.064779614481828,0.2021575437637748,0.8626220707180532,0.601429730580316
2023,JAC,Josh Hines-Allen,50235,ED,EDGE,880,90,37,0.4111111111111111,90,19,40,1,2,0,0.6242829474663142,0.43810854638068175,1.0623914938469958,0.2021575437637748,0.860233950083221,0.6842770057480168
2022,PHI,Haason Reddick,11768,ED,EDGE,926,66,105,1.5909090909090908,87,21,35,0,7,2,0.5284895504002429,0.5250232205481514,1.0535127709483945,0.2021575437637748,0.8513552271846196,0.6435730659062999
2023,NO,Demario Davis,7079,LB,LB,1074,567,204,0.35978835978835977,22,7,48,0,1,2,0.8931540147710192,0.17946936872421487,1.0726233834952341,0.2264117320729514,0.8462116514222827,0.551534595899067
2023,CLE,Jeremiah Owusu-Koramoah,58089,LB,LB,802,406,341,0.8399014778325123,18,4,61,2,1,2,0.8136641388068524,0.24880357845026901,1.0624677172571215,0.2264117320729514,0.8360559851841701,0.7297246753477795
2022,DAL,Trevon Diggs,41817,CB,CB,1263,759,761,1.002635046113307,0,0,17,3,0,10,1.0409745018497865,0.05628864807269217,1.0972631499224788,0.26270954927892354,0.8345536006435552,0.4625396044738627
2023,DAL,Micah Parsons,81360,ED,EDGE,910,19,30,1.5789473684210527,106,16,34,0,1,0,0.5663299483308886,0.46901949492114914,1.0353494432520378,0.2021575437637748,0.833191899488263,0.6409168457602022
2023,CLE,Greg Newsome II,83341,CB,CB,795,480,541,1.1270833333333334,3,1,20,2,0,11,1.0336599637639725,0.05628864807269217,1.0899486118366648,0.26270954927892354,0.8272390625577413,0.728386595962791
2023,CLE,Za'Darius Smith,9555,ED,EDGE,603,15,0,0.0,61,6,19,0,1,0,0.6368964299781683,0.3909052193461387,1.0278016493243072,0.2021575437637748,0.8256441055605324,0.9584591606838684
2022,SF,Fred Warner,51222,LB,LB,1209,719,556,0.7732962447844228,13,2,72,2,1,5,0.8749392407346908,0.17599277194469018,1.0509320126793809,0.2264117320729514,0.8245202806064295,0.4773897406323413
2021,BUF,Jordan Poyer,8000,S,S,1106,666,61,0.0915915915915916,9,3,19,5,1,5,1.0073260778738546,0.06851775096960595,1.0758438288434606,0.2546539193746793,0.8211899094687813,0.5197404490308742
2023,NYJ,Jordan Whitehead,49196,S,S,1076,598,349,0.5836120401337793,2,1,26,4,0,3,0.9964294146163402,0.07608060083165016,1.07251001544799,0.2546539193746793,0.8178560960733108,0.532062516032823
2023,NYJ,C.J. Mosley,8652,LB,LB,1127,600,570,0.95,7,1,60,1,2,5,0.8670761638352634,0.17718834141679554,1.044264505252059,0.2264117320729514,0.8178527731791075,0.5079830889311227
2023,CHI,Montez Sweat,27271,ED,EDGE,764,11,14,1.2727272727272727,64,16,31,0,3,0,0.5482958849192253,0.46881780961783626,1.0171136945370618,0.2021575437637748,0.814956150773287,0.7466875726980378
2021,TB,Shaquil Barrett,9000,ED,EDGE,861,83,70,0.8433734939759037,76,11,30,2,3,2,0.5656517131293575,0.44042048395076183,1.0060721970801192,0.2021575437637748,0.8039146533163444,0.6535891490376784
2021,DAL,Anthony Brown,10823,CB,CB,1111,706,887,1.2563739376770537,0,0,22,4,1,12,1.0058321828757935,0.05628864807269217,1.0621208309484855,0.26270954927892354,0.799411281669562,0.503679475399364
2023,ATL,Jessie Bates III,49162,S,S,1134,643,297,0.4618973561430793,4,0,29,6,3,4,0.9916166365688424,0.058732478991938085,1.0503491155607805,0.2546539193746793,0.7956951961861012,0.4911698741889513
2021,DAL,Jayron Kearse,10878,S,S,1073,634,463,0.7302839116719243,11,1,33,2,0,10,0.9352134953161934,0.11433097634668685,1.0495444716628801,0.2546539193746793,0.7948905522882008,0.518567927867419
2023,NO,Tyrann Mathieu,7850,S,S,1096,648,249,0.38425925925925924,5,0,18,4,0,3,0.9693349440283352,0.06691127626925496,1.0362462202975902,0.2546539193746793,0.7815923009229109,0.4991921629982095
2023,CLE,Ogbo Okoronkwo,50130,ED,EDGE,459,15,0,0.0,33,5,22,0,0,0,0.5185269856984968,0.4648411369673135,0.9833681226658103,0.2021575437637748,0.7812105789020355,1.1913886824214048
2023,KC,L'Jarius Sneed,40588,CB,CB,1260,781,545,0.6978233034571063,6,0,25,2,1,12,0.9873629329254764,0.05628864807269217,1.0436515809981686,0.26270954927892354,0.780942031719245,0.4338566842884694
2022,PHI,Josh Sweat,50120,ED,EDGE,694,17,37,2.176470588235294,51,15,36,1,2,0,0.4037776847724543,0.5776659236156116,0.981443608388066,0.2021575437637748,0.7792860646242912,0.786023408122484
2023,LAC,Khalil Mack,8640,ED,EDGE,934,53,0,0.0,88,18,52,0,6,0,0.46025236411772413,0.5209327665481717,0.9811851306658957,0.2021575437637748,0.7790275869021209,0.583853651853838
2024,DEN,Zach Allen,49605,DI,IDL,1031,8,0,0.0,81,14,41,0,0,0,0.49292494313077123,0.4961508482304809,0.9890757913612522,0.22337835625431512,0.7656974351069371,0.5198721673858933
2021,ARI,Chandler Jones,7027,ED,EDGE,875,46,83,1.8043478260869565,47,11,30,0,6,0,0.4468879757414349,0.519833706465765,0.9667216822072001,0.2021575437637748,0.7645641384434253,0.6116513107547402
2023,BAL,Kyle Van Noy,8675,ED,EDGE,562,43,21,0.4883720930232558,53,9,24,0,2,1,0.5003373304438588,0.4641702570474004,0.964507587491259,0.2021575437637748,0.7623500437274842,0.9495463178100336
2022,SF,Tashaun Gipson Sr.,7288,S,S,1221,768,315,0.41015625,3,1,10,5,0,3,0.963431522275232,0.05356950755682346,1.0170010298320555,0.2546539193746793,0.7623471104573762,0.4370540354792493
2021,NO,Demario Davis,7079,LB,LB,1038,550,288,0.5236363636363637,18,3,39,0,0,5,0.8193979362687875,0.16730802015426505,0.9867059564230526,0.2264117320729514,0.7602942243501012,0.5127225019702031
2021,NO,Marcus Williams,11797,S,S,1037,672,112,0.16666666666666666,0,0,5,2,1,5,0.9552487881565186,0.051958752067100454,1.0072075402236191,0.2546539193746793,0.7525536208489398,0.5079918366386287
2024,PHI,C.J. Gardner-Johnson,49371,S,S,1170,775,327,0.42193548387096774,0,0,21,6,1,6,0.9418478009954598,0.0620295023266691,1.003877303322129,0.2546539193746793,0.7492233839474498,0.4482533066352264
2024,PHI,Zack Baun,34632,LB,LB,1204,695,510,0.7338129496402878,20,4,79,3,6,3,0.7609365700652454,0.21244452142822637,0.9733810914934719,0.2264117320729514,0.7469693594205205,0.4342845112910003
2021,BUF,Micah Hyde,7941,S,S,1146,684,211,0.3084795321637427,9,1,19,6,1,3,0.9326447819099164,0.06659607952926343,0.99924086143918,0.2546539193746793,0.7445869420645007,0.45480877787534946
2021,BUF,Ed Oliver,42200,DI,IDL,698,0,0,0.0,48,6,34,0,1,0,0.43712826191892035,0.5221745463711848,0.9593028082901053,0.22337835625431512,0.7359244520357902,0.7380331180874686
2021,DAL,Micah Parsons,81360,LB,LB,960,295,182,0.6169491525423729,70,14,58,0,3,0,0.7466032682870475,0.2153000247016869,0.9619032929887343,0.2264117320729514,0.7354915609157829,0.5362959298344251
2023,NE,Christian Barmore,82198,DI,IDL,750,0,0,0.0,49,8,40,0,1,0,0.48991393764825536,0.46865867765335645,0.9585726153016119,0.22337835625431512,0.7351942590472967,0.6861813084441437
2023,BAL,Marcus Williams,11797,S,S,765,500,195,0.39,0,0,9,1,0,10,0.9345329402004002,0.0550812193628358,0.9896141595632361,0.2546539193746793,0.7349602401885568,0.6725126380810323
2022,NE,Devin McCourty,5552,S,S,1097,680,231,0.3397058823529412,0,0,8,4,0,4,0.9309464264655114,0.05438249224959005,0.9853289187151014,0.2546539193746793,0.7306749993404221,0.4662465811652648
2023,NYJ,Sauce Gardner,100903,CB,CB,1049,583,251,0.4305317324185249,0,0,20,0,1,10,0.9301919383321606,0.05628864807269217,0.9864805864048529,0.26270954927892354,0.7237710371259294,0.48297399998870405
2021,LAR,Jalen Ramsey,10639,CB,CB,1269,787,873,1.1092757306226175,5,0,26,4,1,15,0.9276999064771672,0.05628864807269217,0.9839885545498593,0.26270954927892354,0.7212790052709358,0.39786863962935787
2022,NYJ,Quinnen Williams,44216,DI,IDL,690,0,0,0.0,52,13,32,0,2,1,0.5423345115291799,0.40011028323542924,0.9424447947646092,0.22337835625431512,0.7190664385102941,0.7294876912423273
2023,BAL,Brandon Stephens,45644,CB,CB,1206,812,814,1.0024630541871922,0,0,18,2,0,4,0.9248174174401664,0.05628864807269217,0.9811060655128587,0.26270954927892354,0.7183965162339352,0.4169797357908413
2023,DAL,DaRon Bland,56158,CB,CB,1020,614,730,1.1889250814332248,2,0,17,9,0,6,0.9237174021688599,0.05628864807269217,0.9800060502415522,0.26270954927892354,0.7172965009626286,0.4922623045821961
2023,PIT,Alex Highsmith,43507,ED,EDGE,974,86,77,0.8953488372093024,72,8,34,2,2,1,0.46659733971105327,0.4500359567138577,0.916633296424911,0.2021575437637748,0.7144757526611362,0.5134836004751492
2024,PHI,Jalen Carter,124019,DI,IDL,1067,4,0,0.0,75,7,32,0,3,0,0.4489678408678364,0.48740816616109794,0.9363760070289344,0.22337835625431512,0.7129976507746193,0.4677585337790379
2023,LV,Robert Spillane,50918,LB,LB,1100,606,557,0.9191419141914191,19,4,52,3,1,2,0.7916586987012649,0.14083770422314987,0.9324964029244148,0.2264117320729514,0.7060846708514634,0.44932660872365854
2021,TEN,Harold Landry III,48600,ED,EDGE,1043,149,143,0.959731543624161,70,16,42,0,1,0,0.48145039519387567,0.41541978534705515,0.8968701805409308,0.2021575437637748,0.694712636777156,0.46625009179674903
2021,CHI,Robert Quinn,6166,ED,EDGE,755,43,-4,-0.09302325581395349,47,18,35,0,4,0,0.5809764383866816,0.3141992206791143,0.895175659065796,0.2021575437637748,0.6930181153020212,0.6425333519356488
2021,BUF,Greg Rousseau,76889,ED,EDGE,599,17,42,2.4705882352941178,36,4,41,1,1,0,0.3245355903882671,0.5696275314599761,0.8941631218482433,0.2021575437637748,0.6920055780844685,0.8086876538549715
2021,NE,J.C. Jackson,42781,CB,CB,995,590,724,1.2271186440677966,0,0,14,8,1,12,0.8974950899928431,0.05628864807269217,0.9537837380655354,0.26270954927892354,0.6910741887866119,0.486182846382541
2021,CIN,Sam Hubbard,48457,ED,EDGE,1120,73,21,0.2876712328767123,65,12,46,0,2,0,0.3985080362657666,0.49406263300233466,0.8925706692681011,0.2021575437637748,0.6904131255043263,0.43150820344020396
2022,NE,Deatrich Wise Jr.,11886,ED,EDGE,828,11,8,0.7272727272727273,56,8,26,0,2,0,0.4037942485010815,0.4826939856876832,0.8864882341887645,0.2021575437637748,0.6843306904249897,0.5785404387650879
2023,NO,Alontae Taylor,83469,CB,CB,950,562,836,1.4875444839857652,4,1,27,2,0,7,0.8897531592043119,0.05628864807269217,0.9460418072770039,0.26270954927892354,0.6833322579980804,0.5035079795775329
2022,SF,Samson Ebukam,11880,ED,EDGE,681,9,0,0.0,50,6,28,0,1,0,0.46301200880502125,0.4192502009071223,0.8822622097121434,0.2021575437637748,0.6801046659483686,0.6990796859968547
2022,CIN,Sam Hubbard,48457,ED,EDGE,962,62,78,1.2580645161290323,62,10,36,0,0,1,0.4456268496785726,0.43617937817865093,0.8818062278572235,0.2021575437637748,0.6796486840934487,0.4945468595274574
2023,NE,Anfernee Jennings,25449,ED,EDGE,677,58,133,2.293103448275862,21,2,46,0,0,0,0.2356068370170012,0.6418241739604131,0.8774310109774143,0.2021575437637748,0.6752734672136395,0.6982148110037631
2021,CAR,Haason Reddick,11768,ED,EDGE,852,73,87,1.1917808219178083,44,15,35,0,1,0,0.4970696718844268,0.3755223424147958,0.8725920142992225,0.2021575437637748,0.6704344705354477,0.5508264429281847
2022,NYJ,Sauce Gardner,100903,CB,CB,1114,642,361,0.5623052959501558,3,0,16,2,0,14,0.8754741221782673,0.05628864807269217,0.9317627702509592,0.26270954927892354,0.6690532209720357,0.42041046201115345
2022,SF,Dre Greenlaw,51503,LB,LB,1034,616,708,1.1493506493506493,6,1,71,1,2,4,0.7083873838106447,0.18612849929334135,0.8945158831039861,0.2264117320729514,0.6681041510310347,0.452294879808244
2022,WAS,Jonathan Allen,11772,DI,IDL,802,8,15,1.875,47,8,43,1,2,0,0.37084236139040333,0.518047642241329,0.8888900036317324,0.22337835625431512,0.6655116473774173,0.5808705151673218
2022,PHI,James Bradberry,10696,CB,CB,1220,759,489,0.6442687747035574,0,0,18,4,0,12,0.8704781690433799,0.05628864807269217,0.9267668171160722,0.26270954927892354,0.6640572678371487,0.38101646515246235
2021,NO,Malcolm Jenkins,4937,S,S,1042,629,348,0.5532591414944356,5,1,27,1,1,4,0.8393090129727456,0.07818625498794639,0.9174952679606919,0.2546539193746793,0.6628413485860126,0.4452868944435785
2023,LV,Malcolm Koonce,55015,ED,EDGE,501,9,43,4.777777777777778,52,8,27,0,3,0,0.39673765447809844,0.4649085231034816,0.86164617758158,0.2021575437637748,0.6594886338178052,0.9214412049350572
2023,LV,Tre'von Moehrig,77847,S,S,1105,656,341,0.5198170731707317,3,1,20,3,0,4,0.8506311773953735,0.06268678949562692,0.9133179668910004,0.2546539193746793,0.6586640475163211,0.41725324277052017
2021,SF,Nick Bosa,42741,ED,EDGE,975,5,0,0.0,88,21,46,0,5,0,0.4489827458536927,0.4065612148503648,0.8555439607040575,0.2021575437637748,0.6533864169402827,0.4690979403673824
2024,MIN,Byron Murphy Jr.,44027,CB,CB,1109,732,779,1.064207650273224,0,0,23,6,1,5,0.8574760420381029,0.05628864807269217,0.9137646901107951,0.26270954927892354,0.6510551408318715,0.41094553524103705
2021,LAR,Leonard Floyd,10643,ED,EDGE,1134,108,140,1.2962962962962963,73,14,39,1,1,0,0.46834356586491144,0.38226769129103444,0.8506112571559458,0.2021575437637748,0.648453713392171,0.4002800699951673
2023,NYJ,Tony Adams,55953,S,S,879,506,239,0.4723320158102767,6,0,23,3,0,2,0.8234270830207674,0.0790626721105996,0.9024897551313669,0.2546539193746793,0.6478358357566876,0.5159102218767706
2023,NYJ,Bryce Huff,27128,ED,EDGE,481,13,0,0.0,67,10,16,0,0,0,0.6260579225188846,0.22008388881401333,0.8461418113328979,0.2021575437637748,0.6439842675691231,0.9371912417845866
2022,BUF,Matt Milano,11918,LB,LB,1090,648,500,0.7716049382716049,24,5,57,3,0,6,0.7191000840011829,0.14892492106823207,0.8680250050694149,0.2264117320729514,0.6416132729964635,0.41204522119038944
2023,SF,Nick Bosa,42741,ED,EDGE,1022,4,30,7.5,122,16,46,0,2,0,0.3703745968134721,0.4728383803404684,0.8432129771539405,0.2021575437637748,0.6410554333901657,0.43907906396586693
2021,BUF,Levi Wallace,25445,CB,CB,1116,684,650,0.9502923976608187,2,0,20,3,0,7,0.8466146603424812,0.05628864807269217,0.9029033084151734,0.26270954927892354,0.6401937591362499,0.40155522526467285
2024,DEN,Jonathon Cooper,43021,ED,EDGE,882,78,104,1.3333333333333333,64,13,41,0,1,0,0.3920657202370751,0.4493136962250889,0.841379416462164,0.2021575437637748,0.6392218726983891,0.5073189465860232
2022,DAL,Donovan Wilson,49408,S,S,1102,633,220,0.34755134281200634,14,5,40,1,1,3,0.7947624952523147,0.09872443854504963,0.8934869337973642,0.2546539193746793,0.6388330144226849,0.40579229591277627
2021,ARI,Markus Golden,9491,ED,EDGE,726,67,36,0.5373134328358209,46,12,31,0,4,0,0.4728766308757905,0.36568991076228774,0.8385665416380782,0.2021575437637748,0.6364089978743034,0.6136174910633779
2023,NE,Kyle Dugger,90621,S,S,1116,616,446,0.724025974025974,15,2,27,2,1,5,0.7946406220191863,0.09642056097151168,0.8910611829906979,0.2546539193746793,0.6364072636160186,0.3991801832716963
2024,DEN,Nik Bonitto,77196,ED,EDGE,761,69,30,0.43478260869565216,61,15,27,1,1,1,0.4814401966225294,0.3568864020540356,0.8383265986765651,0.2021575437637748,0.6361690549127903,0.5851752147686639
2021,CAR,Brian Burns,44522,ED,EDGE,838,53,131,2.4716981132075473,51,9,31,0,2,0,0.39315435239280294,0.4404863173156373,0.8336406697084402,0.2021575437637748,0.6314831259446654,0.5274918713141596
2022,NE,Jonathan Jones,11217,CB,CB,914,570,545,0.956140350877193,0,0,17,4,3,5,0.8372033056504627,0.05628864807269217,0.8934919537231549,0.26270954927892354,0.6307824044442314,0.48309374519798903
2021,TEN,Jeffery Simmons,43742,DI,IDL,991,1,0,0.0,66,14,49,0,0,0,0.4349714511104766,0.4175862942213128,0.8525577453317894,0.22337835625431512,0.6291793890774743,0.44442540096289807
2021,NO,Paulson Adebo,52280,CB,CB,851,577,733,1.2703639514731369,0,0,14,3,0,4,0.834642165780714,0.05628864807269217,0.8909308138534062,0.26270954927892354,0.6282212645744827,0.5167507464184934
2024,DEN,Brandon Jones,43049,S,S,1042,671,299,0.4456035767511177,5,0,28,3,1,6,0.8101429774265737,0.07146084734053396,0.8816038247671075,0.2546539193746793,0.6269499053924282,0.4211755602444336
2023,CLE,Denzel Ward,49558,CB,CB,657,419,488,1.1646778042959427,0,0,13,2,1,9,0.8324089458751152,0.05628864807269217,0.8886975939478073,0.26270954927892354,0.6259880446688838,0.666958342874001
2023,TB,Antoine Winfield Jr.,42475,S,S,1230,724,399,0.5511049723756906,20,6,27,3,6,8,0.8168198283708088,0.0635721906646964,0.8803920190355052,0.2546539193746793,0.6257380996608259,0.3561111136281123
2022,NE,Kyle Dugger,90621,S,S,752,459,392,0.8540305010893247,11,1,25,3,1,4,0.7575007310973176,0.12173179305791484,0.8792325241552325,0.2546539193746793,0.6245786047805532,0.5813896587053021
2023,KC,Chris Jones,10671,DI,IDL,947,2,0,0.0,91,15,25,0,1,0,0.5477973828163359,0.2970639173233197,0.8448613001396558,0.22337835625431512,0.6214829438853406,0.45938549178430665
2021,BUF,Matt Milano,11918,LB,LB,1038,543,403,0.7421731123388582,16,3,43,0,0,5,0.688050537789633,0.15861151694740105,0.846662054737034,0.2264117320729514,0.6202503226640826,0.4182805644170114
2021,DAL,Jourdan Lewis,11846,CB,CB,842,587,664,1.131175468483816,5,2,27,3,1,7,0.8243304840158873,0.05628864807269217,0.8806191320885794,0.26270954927892354,0.6179095828096559,0.513701553404702
2023,NYJ,D.J. Reed,26940,CB,CB,993,542,475,0.8763837638376384,2,0,20,1,1,6,0.8235944151090966,0.05628864807269217,0.8798830631817888,0.26270954927892354,0.6171735139028652,0.435066928229613
2023,KC,George Karlaftis,98319,ED,EDGE,973,45,22,0.4888888888888889,83,15,32,0,1,0,0.48089507938640963,0.33622126138002995,0.8171163407664396,0.2021575437637748,0.6149587970026648,0.4424164007213416
2023,KC,Justin Reid,49048,S,S,1247,734,468,0.6376021798365122,12,5,37,1,1,4,0.7834294797268119,0.08593426939850052,0.8693637491253122,0.2546539193746793,0.6147098297506329,0.3450656622497539
2021,CIN,Trey Hendrickson,11858,ED,EDGE,893,55,47,0.8545454545454545,87,20,24,0,4,0,0.5170873321010654,0.2993018330090916,0.8163891651101568,0.2021575437637748,0.614231621346382,0.48148055424688396
2022,WAS,Kendall Fuller,10718,CB,CB,1030,622,604,0.9710610932475884,1,0,15,3,0,7,0.8201664396789246,0.05628864807269217,0.8764550877516167,0.26270954927892354,0.6137455384726932,0.41710861837950025
2021,PIT,T.J. Watt,11785,ED,EDGE,814,51,32,0.6274509803921569,67,23,42,0,5,0,0.44696079187342125,0.36703143272112615,0.8139922245945473,0.2021575437637748,0.6118346808307725,0.5261477599281827
2022,DAL,Jayron Kearse,10878,S,S,922,498,382,0.7670682730923695,11,2,31,2,1,5,0.7681651827491044,0.09579963470815162,0.863964817457256,0.2546539193746793,0.6093108980825767,0.46260046492169593
2024,MIN,Camryn Bynum,38408,S,S,1056,724,395,0.5455801104972375,0,0,14,3,0,5,0.8055309594774,0.05321271847817496,0.8587436779555749,0.2546539193746793,0.6040897585808956,0.4004382869380937
2022,NO,Cameron Jordan,6176,ED,EDGE,790,13,0,0.0,37,9,35,0,1,1,0.3519355704710419,0.4529922694263171,0.8049278398973589,0.2021575437637748,0.6027702961335841,0.5341002623968467
2024,GB,Xavier McKinney,55775,S,S,1125,678,320,0.471976401179941,4,1,13,8,0,3,0.7967456737784923,0.05989868746179772,0.8566443612402899,0.2546539193746793,0.6019904418656106,0.37457183049415765
2024,PHI,Quinyon Mitchell,130628,CB,CB,1158,764,529,0.6924083769633508,0,0,13,2,0,10,0.8054506935650568,0.05628864807269217,0.8617393416377489,0.26270954927892354,0.5990297923588254,0.3621078192151794
2023,JAC,Darious Williams,55724,CB,CB,1035,705,613,0.8695035460992908,1,0,13,4,1,15,0.8023632631916128,0.05628864807269217,0.858651911264305,0.26270954927892354,0.5959423619853814,0.40305280520750436
2024,MIN,Harrison Smith,7641,S,S,1062,636,434,0.6823899371069182,11,1,22,3,0,5,0.7840557351299335,0.06462465923178702,0.8486803943617206,0.2546539193746793,0.5940264749870413,0.3915428742852438
2022,NE,Joshua Uche,27379,ED,EDGE,373,41,109,2.658536585365854,56,12,19,0,2,0,0.48029877305487817,0.31459473487697387,0.794893507931852,0.2021575437637748,0.5927359641680772,1.11237312310363
2024,HOU,Derek Stingley Jr.,98253,CB,CB,1119,709,456,0.6431593794076164,0,0,20,7,1,11,0.7984026679529032,0.05628864807269217,0.8546913160255953,0.26270954927892354,0.5919817667466718,0.3703192464009564
2022,NYJ,C.J. Mosley,8652,LB,LB,1113,615,477,0.775609756097561,6,2,51,1,0,6,0.684272261564687,0.13323158373088378,0.8175038452955709,0.2264117320729514,0.5910921132226195,0.37175604605196194
2021,BUF,Taron Johnson,49511,CB,CB,990,641,525,0.8190327613104524,5,4,32,1,1,6,0.793558115402318,0.05628864807269217,0.8498467634750102,0.26270954927892354,0.5871372141960867,0.41514752518915216
2022,IND,DeForest Buckner,10641,DI,IDL,874,2,0,0.0,56,9,47,0,2,0,0.4221169554338402,0.38786318023703525,0.8099801356708755,0.22337835625431512,0.5866017794165603,0.46981835880044875
2023,NYG,Kayvon Thibodeaux,98444,ED,EDGE,981,84,38,0.4523809523809524,43,13,29,0,3,0,0.46433226539031924,0.3231900667137256,0.7875223321040448,0.2021575437637748,0.58536478834027,0.41769149015105905
2023,KC,Mike Edwards,51282,S,S,809,559,311,0.556350626118068,6,1,11,2,0,6,0.7818941940476061,0.05755704520195043,0.8394512392495564,0.2546539193746793,0.5847973198748772,0.5060050975431569
2023,DAL,DeMarcus Lawrence,8669,ED,EDGE,647,8,1,0.125,48,4,32,0,1,0,0.2856781617879913,0.5009738630175052,0.7866520248054966,0.2021575437637748,0.5844944810417217,0.6323742453310746
2024,DEN,Pat Surtain II,83119,CB,CB,1054,682,396,0.5806451612903226,1,0,12,4,1,5,0.7908815886377877,0.05628864807269217,0.8471702367104798,0.26270954927892354,0.5844606874315562,0.38816174687105254
2022,SF,Deommodore Lenoir,55686,CB,CB,1072,688,845,1.2281976744186047,3,1,19,3,0,3,0.7904702928660005,0.05628864807269217,0.8467589409386926,0.26270954927892354,0.5840493916597691,0.3813755355987299
2023,CHI,T.J. Edwards,30737,LB,LB,1042,609,666,1.0935960591133005,13,3,61,3,1,4,0.6625059556978836,0.14726500776045232,0.809770963458336,0.2264117320729514,0.5833592313853846,0.39189199805160196
2023,CLE,Shelby Harris,8869,DI,IDL,462,6,0,0.0,22,2,18,0,1,0,0.3886355811295655,0.4145007169491207,0.8031362980786863,0.22337835625431512,0.5797579418243711,0.8784211239763199
2021,CAR,Donte Jackson,49377,CB,CB,717,417,455,1.091127098321343,0,0,17,2,1,8,0.786052992598897,0.05628864807269217,0.8423416406715892,0.26270954927892354,0.5796320913926657,0.5658890710946527
2024,PHI,Nolan Smith,99014,ED,EDGE,755,53,33,0.6226415094339622,50,11,28,0,2,0,0.43136277670767886,0.3492955040899627,0.7806582807976414,0.2021575437637748,0.5785007370338666,0.5363582992366975
2021,MIA,Andrew Van Ginkel,30267,ED,EDGE,801,168,225,1.3392857142857142,45,6,38,0,1,2,0.3347399085883699,0.44353568970558566,0.7782755982939555,0.2021575437637748,0.5761180545301807,0.5034739552698209
2024,HOU,Will Anderson Jr.,123903,ED,EDGE,645,10,0,0.0,60,16,30,0,1,0,0.4381767626068876,0.33984144500679414,0.7780182076136817,0.2021575437637748,0.5758606638499069,0.6249650615425345
2023,BAL,Michael Pierce,11101,DI,IDL,698,18,0,0.0,36,2,28,0,1,0,0.39638901611623995,0.4022360788731683,0.7986250949894083,0.22337835625431512,0.5752467387350931,0.5768950101927868
2022,DAL,Osa Odighizuwa,42754,DI,IDL,706,3,0,0.0,38,5,31,0,1,0,0.3762839155997413,0.42101158055237714,0.7972954961521184,0.22337835625431512,0.5739171398978032,0.5690396571224677
2022,NO,Tyrann Mathieu,7850,S,S,1128,631,219,0.347068145800317,4,1,19,3,1,4,0.7486801272008381,0.079692059761496,0.8283721869623341,0.2546539193746793,0.5737182675876548,0.356030839815034
2024,PHI,Josh Sweat,50120,ED,EDGE,821,41,26,0.6341463414634146,67,11,30,0,0,0,0.4534179511698519,0.32152148984700546,0.7749394410168575,0.2021575437637748,0.5727818972530827,0.48836458961894996
2023,CHI,Tyrique Stevenson,97562,CB,CB,830,553,836,1.511754068716094,0,0,20,4,1,13,0.7772845333500107,0.05628864807269217,0.8335731814227029,0.26270954927892354,0.5708636321437793,0.4814512560248741
2024,MIN,Blake Cashman,35413,LB,LB,947,465,442,0.9505376344086022,31,6,45,0,0,4,0.6680661062267255,0.1273573796650549,0.7954234858917805,0.2264117320729514,0.5690117538188291,0.42060002922194334
2021,TEN,Kevin Byard,10698,S,S,1123,755,372,0.49271523178807947,6,1,18,5,2,6,0.7589859194144225,0.06440307075604611,0.8233889901704686,0.2546539193746793,0.5687350707957893,0.35450983932061664
2023,CLE,Alex Wright,98318,ED,EDGE,407,13,31,2.3846153846153846,21,5,16,0,2,1,0.35638411986805774,0.41360824696293075,0.7699923668309885,0.2021575437637748,0.5678348230672137,0.9766200888133897
2022,PHI,T.J. Edwards,30737,LB,LB,1183,689,413,0.5994194484760522,11,2,54,0,0,8,0.6515192282255358,0.14255262346654976,0.7940718516920856,0.2264117320729514,0.5676601196191342,0.3358935619048132
2024,MIN,Stephon Gilmore,7016,CB,CB,904,611,581,0.9509001636661211,0,0,18,1,1,9,0.7728282822385074,0.05628864807269217,0.8291169303111996,0.26270954927892354,0.5664073810322761,0.4385897861975589
2021,TB,Devin White,43089,LB,LB,1218,668,643,0.9625748502994012,49,4,50,0,0,4,0.6580565925848298,0.13202780013336882,0.7900843927181987,0.2264117320729514,0.5636726606452473,0.323949804968533
2022,NYJ,Jordan Whitehead,49196,S,S,1129,651,283,0.434715821812596,1,0,30,2,0,5,0.7399540352439613,0.07825564493392319,0.8182096801778844,0.2546539193746793,0.5635557608032051,0.34941455497098634
2022,WAS,Daron Payne,48698,DI,IDL,907,10,2,0.2,49,12,44,0,0,0,0.4163537586837313,0.3700238496820412,0.7863776083657725,0.22337835625431512,0.5629992521114574,0.43450879435283374
2023,HOU,Jonathan Greenard,48407,ED,EDGE,697,10,0,0.0,53,14,37,0,1,0,0.45906629016685235,0.30446544065808645,0.7635317308249389,0.2021575437637748,0.561374187061164,0.5637904317687443
2024,HOU,Danielle Hunter,9521,ED,EDGE,859,7,0,0.0,74,12,39,0,2,0,0.4034275824563827,0.35798730317953037,0.761414885635913,0.2021575437637748,0.5592573418721382,0.45573939384225465
2023,BUF,Greg Rousseau,76889,ED,EDGE,660,19,25,1.3157894736842106,62,7,31,0,1,1,0.3200650462921954,0.4403775118809772,0.7604425581731725,0.2021575437637748,0.5582850144093977,0.592120469828149
2022,PHI,Darius Slay,7817,CB,CB,1145,713,559,0.7840112201963534,0,0,15,3,0,9,0.7620879630540833,0.05628864807269217,0.8183766111267755,0.26270954927892354,0.555667061847852,0.3397091207803462
2023,NE,Jabrill Peppers,11780,S,S,955,526,132,0.2509505703422053,5,1,28,2,1,5,0.7378109620885912,0.07227189964936219,0.8100828617379534,0.2546539193746793,0.5554289423632741,0.4071206907374784
2022,CIN,Trey Hendrickson,11858,ED,EDGE,732,41,42,1.024390243902439,74,9,24,0,3,1,0.43041703262650244,0.3262945499441713,0.7567115825706736,0.2021575437637748,0.5545540388068988,0.5303112392962147
2023,DAL,Stephon Gilmore,7016,CB,CB,1055,622,734,1.180064308681672,0,0,17,2,1,9,0.7586939656591738,0.05628864807269217,0.814982613731866,0.26270954927892354,0.5522730644529424,0.3664371043763599
2022,CIN,Vonn Bell,10695,S,S,1223,732,445,0.6079234972677595,12,3,24,4,2,2,0.7183080967242595,0.08668133557400585,0.8049894322982655,0.2546539193746793,0.5503355129235862,0.3149917081328784
2021,NE,Devin McCourty,5552,S,S,1075,620,159,0.2564516129032258,1,0,2,3,0,8,0.7519203434538958,0.05246830435217082,0.8043886478060667,0.2546539193746793,0.5497347284313874,0.35796679990881036
2023,HOU,Steven Nelson,9531,CB,CB,1192,737,711,0.9647218453188603,0,0,14,5,0,8,0.755125593354516,0.05628864807269217,0.8114142414272081,0.26270954927892354,0.5487046921482845,0.3222259098186235
2024,PHI,Reed Blankenship,56065,S,S,1084,720,423,0.5875,0,0,20,4,0,2,0.7439118297518315,0.05807908725464311,0.8019909170064746,0.2546539193746793,0.5473369976317953,0.35344640068473865
2021,NE,Deatrich Wise Jr.,11886,ED,EDGE,562,0,0,0.0,28,4,25,0,1,0,0.3491263865291931,0.39953566414722425,0.7486620506764173,0.2021575437637748,0.5465045069126425,0.6806995637701952
2022,WAS,Darrick Forrest,55087,S,S,849,508,308,0.6062992125984252,0,0,16,4,2,5,0.7321567770327425,0.06886401229456522,0.8010207893273078,0.2546539193746793,0.5463668699526285,0.45047916250511183
2023,NO,Cameron Jordan,6176,ED,EDGE,770,11,0,0.0,45,3,21,0,0,0,0.41216551912236804,0.3363238073783684,0.7484893265007365,0.2021575437637748,0.5463317827369617,0.49666525703360154
2022,NYJ,D.J. Reed,26940,CB,CB,1135,659,467,0.708649468892261,0,0,26,1,1,10,0.7507503446508013,0.05628864807269217,0.8070389927234933,0.26270954927892354,0.5443294434445698,0.33570978890854525
2024,LAC,Tuli Tuipulotu,131840,ED,EDGE,774,74,36,0.4864864864864865,43,9,20,0,1,1,0.40397618866128343,0.342054927511254,0.7460311161725375,0.2021575437637748,0.5438735724087627,0.49187532388389393
2024,PHI,Darius Slay,7817,CB,CB,946,625,553,0.8848,0,0,14,1,1,16,0.7502457063270709,0.05628864807269217,0.8065343543997631,0.26270954927892354,0.5438248051208395,0.4024073610830737
2021,BUF,Mario Addison,6558,ED,EDGE,539,25,16,0.64,38,7,19,0,2,0,0.36920240917882907,0.3742316718881326,0.7434340810669616,0.2021575437637748,0.5412765373031868,0.7029565419521906
2023,CLE,Grant Delpit,60685,S,S,738,399,188,0.47117794486215536,12,1,33,1,0,1,0.6759171484815498,0.11981426075563643,0.7957314092371863,0.2546539193746793,0.541077489862507,0.513217131305901
2022,SF,Charles Omenihu,50612,ED,EDGE,659,2,0,0.0,62,7,13,0,2,0,0.5059529038374168,0.2366309045015846,0.7425838083390014,0.2021575437637748,0.5404262645752266,0.5740491429478886
2022,PHI,C.J. Gardner-Johnson,49371,S,S,872,540,338,0.6259259259259259,5,1,22,6,0,3,0.7319074786217878,0.06252259035019418,0.7944300689719821,0.2546539193746793,0.5397761495973028,0.4333065421079265
2023,DET,Aidan Hutchinson,82330,ED,EDGE,1146,47,28,0.5957446808510638,121,14,38,1,3,0,0.39710575860880604,0.3410877576453408,0.7381935162541469,0.2021575437637748,0.536035972490372,0.3274216236852185
2022,NO,Demario Davis,7079,LB,LB,1132,584,276,0.4726027397260274,18,9,43,1,0,4,0.6527781699645542,0.1089523903662521,0.7617305603308064,0.2264117320729514,0.535318828257855,0.33102754397570544
2022,DAL,Dorance Armstrong,48557,ED,EDGE,618,28,51,1.8214285714285714,43,9,25,0,1,0,0.4091946144592153,0.3251380070970305,0.7343326215562458,0.2021575437637748,0.532175077792471,0.6027873049429283
2021,TB,Antoine Winfield Jr.,42475,S,S,1014,676,269,0.3979289940828402,9,2,25,2,3,5,0.7267895684318383,0.05919001880671753,0.7859795872385557,0.2546539193746793,0.5313256678638764,0.36679286736165034
2023,KC,Trent McDuffie,72191,CB,CB,1243,718,637,0.8871866295264624,19,3,35,0,5,7,0.7334053710525068,0.05628864807269217,0.789694019125199,0.26270954927892354,0.5269844698462754,0.296773233219946
2022,DAL,Malik Hooker,11770,S,S,1008,611,119,0.19476268412438624,1,0,12,3,0,1,0.7290487311177493,0.051958752067100454,0.7810074831848497,0.2546539193746793,0.5263535638101704,0.36552330820150725
2021,ARI,Byron Murphy Jr.,44027,CB,CB,1027,583,637,1.0926243567753002,5,1,13,4,1,5,0.7319813565130907,0.05628864807269217,0.7882700045857829,0.26270954927892354,0.5255604553068594,0.3582203687583267
2021,ARI,Jalen Thompson,49116,S,S,1044,635,449,0.7070866141732284,2,0,43,3,0,4,0.6974944213680584,0.08160047359501295,0.7790948949630715,0.2546539193746793,0.5244409755883922,0.3516366694558185
2024,GB,Rashan Gary,42905,ED,EDGE,670,2,0,0.0,49,9,33,0,1,0,0.40829135089156293,0.31823969127621193,0.7265310421677748,0.2021575437637748,0.5243734984039999,0.5478529087802985
2021,NO,C.J. Gardner-Johnson,49371,CB,CB,627,418,483,1.1555023923444976,10,2,17,3,0,4,0.7259042500922925,0.05628864807269217,0.7821928981649847,0.26270954927892354,0.5194833488860612,0.5799654612763043
2023,BUF,Ed Oliver,42200,DI,IDL,817,6,0,0.0,72,11,32,1,0,0,0.42379707994928156,0.31898792850789,0.7427850084571715,0.22337835625431512,0.5194066522028564,0.44502405941493206
2022,CAR,Brian Burns,44522,ED,EDGE,951,65,32,0.49230769230769234,68,13,32,0,1,1,0.42536852219363047,0.2947369278827463,0.7201054500763766,0.2021575437637748,0.5179479063126018,0.3812445156875092
2024,DEN,Ja'Quan McMillian,100931,CB,CB,918,635,794,1.2503937007874015,8,1,34,2,1,6,0.7232025977389368,0.05628864807269217,0.779491245811629,0.26270954927892354,0.5167816965327054,0.39406011718180156
2021,CAR,Shaq Thompson,9458,LB,LB,796,380,313,0.8236842105263158,12,2,41,2,0,3,0.6308786461134509,0.11074009423892647,0.7416187403523775,0.2264117320729514,0.5152070082794261,0.4530714896929626
2022,CIN,Jessie Bates III,49162,S,S,1213,747,429,0.5742971887550201,3,0,19,4,1,4,0.7092636214267529,0.057184197091445316,0.7664478185181982,0.2546539193746793,0.5117938991435189,0.2953468502889227
2023,SF,Charvarius Ward,43034,CB,CB,1148,784,653,0.8329081632653061,1,0,25,5,1,17,0.7169558481655527,0.05628864807269217,0.7732444962382449,0.26270954927892354,0.5105349469593213,0.3113017969264154
2021,NE,Adrian Phillips,9177,S,S,921,513,220,0.42884990253411304,3,0,31,4,1,5,0.662048473943131,0.10262583089663152,0.7646743048397626,0.2546539193746793,0.5100203854650833,0.3876376436759591
2022,BUF,Tremaine Edmunds,50905,LB,LB,905,536,359,0.6697761194029851,10,2,42,1,0,10,0.6235354393507918,0.11212678822373448,0.7356622275745263,0.2264117320729514,0.5092504955015749,0.39389541088519603
2023,NO,Bryan Bresee,122142,DI,IDL,539,6,0,0.0,31,5,15,0,0,0,0.4565233255011078,0.27590798888171686,0.7324313143828247,0.22337835625431512,0.5090529581285096,0.6611077378292333
2024,LAC,Daiyan Henley,61500,LB,LB,1071,611,634,1.0376432078559739,14,1,50,1,0,6,0.6113289013154243,0.12344270027793491,0.7347716015933591,0.2264117320729514,0.5083598695204077,0.33226135262771744
2024,PIT,T.J. Watt,11785,ED,EDGE,1002,33,17,0.5151515151515151,57,12,39,0,6,0,0.32309473797337673,0.38629857388270883,0.7093933118560856,0.2021575437637748,0.5072357680923107,0.3543563250145883
2021,CAR,Jeremy Chinn,43179,S,S,1015,521,260,0.4990403071017274,10,1,41,1,1,3,0.6510602930159131,0.11072323148469683,0.7617835245006099,0.2546539193746793,0.5071296051259306,0.3497445552592625
2023,PIT,Patrick Peterson,6157,CB,CB,1162,716,431,0.6019553072625698,3,0,12,2,0,6,0.7122420812432839,0.05628864807269217,0.7685307293159761,0.26270954927892354,0.5058211800370526,0.3047115542391883
2023,NO,Nathan Shepherd,24614,DI,IDL,593,4,0,0.0,23,4,27,0,0,0,0.4106263219664226,0.3159656208274716,0.7265919427938942,0.22337835625431512,0.503213586539579,0.5940126653924205
2023,NO,Isaac Yiadom,49355,CB,CB,517,319,289,0.9059561128526645,1,0,10,1,0,11,0.7095778718813401,0.05628864807269217,0.7658665199540323,0.26270954927892354,0.5031569706751088,0.6812570202564335
2022,PHI,Brandon Graham,5538,ED,EDGE,524,12,2,0.16666666666666666,55,14,28,0,2,0,0.37414062773904944,0.33040417374512737,0.7045448014841768,0.2021575437637748,0.5023872577204019,0.6711280160387049
2023,NYG,Bobby Okereke,50954,LB,LB,1128,527,301,0.571157495256167,20,3,56,2,4,5,0.5870514434425809,0.13877652289736914,0.72582796633995,0.2264117320729514,0.49941623426699855,0.30992142197420125
2023,BUF,Terrel Bernard,57739,LB,LB,1031,589,536,0.9100169779286927,20,8,54,3,0,2,0.6089533170681684,0.11579574159673582,0.7247490586649042,0.2264117320729514,0.49833732659195284,0.3383473604407051
2024,LAC,Khalil Mack,8640,ED,EDGE,668,17,11,0.6470588235294118,52,9,26,0,2,0,0.3755788519428738,0.32421083599034617,0.69978968793322,0.2021575437637748,0.49763214416944523,0.5214708097584007
2023,NYJ,Quinton Jefferson,10781,DI,IDL,468,3,0,0.0,29,8,22,0,0,0,0.47497741738723986,0.24590760992227673,0.7208850273095165,0.22337835625431512,0.4975066710552014,0.7441339096979509
2023,NO,Pete Werner,58093,LB,LB,919,471,470,0.9978768577494692,9,1,38,1,0,0,0.5868035967318687,0.1364205741099908,0.7232241708418595,0.2264117320729514,0.4968124387689081,0.3784207912276776
2021,DAL,Randy Gregory,9493,ED,EDGE,477,7,5,0.7142857142857143,47,6,13,1,2,0,0.4164911527450598,0.2809827032088803,0.6974738559539401,0.2021575437637748,0.49531631219016525,0.7268792841365108
2021,MIA,Xavien Howard,10672,CB,CB,1026,642,717,1.1168224299065421,3,1,13,5,2,7,0.6997771317978422,0.05628864807269217,0.7560657798705344,0.26270954927892354,0.4933562305916108,0.33659781814242457
2024,MIN,Josh Metellus,43395,S,S,1030,615,622,1.0113821138211383,19,0,33,2,1,2,0.6412073126252721,0.10500553007495685,0.746212842700229,0.2546539193746793,0.49155892332554973,0.33406917119212115
2021,DAL,DeMarcus Lawrence,8669,ED,EDGE,320,6,11,1.8333333333333333,30,3,17,1,2,0,0.28292220685336816,0.4092347413898215,0.6921569482431896,0.2021575437637748,0.4899994044794148,1.07187369729872
2023,CLE,Dalvin Tomlinson,11810,DI,IDL,650,5,0,0.0,36,4,12,0,0,0,0.4893445387428383,0.22386548594735936,0.7132100246901977,0.22337835625431512,0.48983166843588255,0.527511027546335
2024,DEN,Cody Barton,50727,LB,LB,1129,639,515,0.8059467918622848,14,2,34,2,1,2,0.6186615285353988,0.0967393345023617,0.7154008630377605,0.2264117320729514,0.4889891309648091,0.3031819235388542
2021,LAR,Taylor Rapp,51172,S,S,1140,705,517,0.7333333333333333,4,2,19,4,0,2,0.6818089742563377,0.0607266540672778,0.7425356283236154,0.2546539193746793,0.4878817089489361,0.29957648795110114
2021,LAR,Darious Williams,55724,CB,CB,1164,749,807,1.0774365821094793,0,0,19,0,0,10,0.6917336054464661,0.05628864807269217,0.7480222535191582,0.26270954927892354,0.48531270424023465,0.2918547190448147
2023,ATL,Calais Campbell,4364,ED,EDGE,712,10,13,1.3,42,7,36,0,1,0,0.32315379870848565,0.3643092616658299,0.6874630603743156,0.2021575437637748,0.4853055166105408,0.4771262101508125
2022,CIN,Logan Wilson,29623,LB,LB,1155,668,629,0.9416167664670658,16,3,57,1,2,3,0.5770552030079518,0.13461908382805005,0.7116742868360018,0.2264117320729514,0.48526255476305036,0.29409851803821235
2021,MIA,Christian Wilkins,50293,DI,IDL,734,10,0,0.0,31,5,43,0,1,0,0.29666053329135567,0.4116730703414535,0.7083336036328092,0.22337835625431512,0.48495524737849405,0.4624913803337137
2022,WAS,Montez Sweat,27271,ED,EDGE,731,5,11,2.2,62,8,30,0,0,0,0.3630580373480847,0.32256661897286726,0.685624656320952,0.2021575437637748,0.4834671125571772,0.46296440326952676
2022,NE,Ja'Whaun Bentley,50966,LB,LB,907,407,251,0.6167076167076168,20,3,47,1,0,1,0.5795666915330269,0.13011640922301015,0.709683100756037,0.2264117320729514,0.4832713686830856,0.37297680052718846
2021,DAL,Damontae Kazee,11904,S,S,930,602,81,0.1345514950166113,0,0,6,2,2,2,0.6852879295245199,0.05246134390042731,0.7377492734249471,0.2546539193746793,0.4830953540502678,0.36362015896256716
2022,NE,Davon Godchaux,11934,DI,IDL,659,2,0,0.0,17,2,29,0,0,0,0.33544645119497885,0.3707329560237286,0.7061794072187074,0.22337835625431512,0.4828010509643923,0.5128387491275791
2023,MIN,Camryn Bynum,38408,S,S,1120,691,554,0.8017366136034733,1,1,23,2,3,6,0.6803291275689521,0.05701497388286139,0.7373441014518134,0.2546539193746793,0.4826901820771341,0.3016813637982088
2023,CLE,Sione Takitaki,12666,LB,LB,608,321,206,0.6417445482866043,9,1,24,1,0,2,0.6046588366014002,0.10424445528052004,0.7089032918819204,0.2264117320729514,0.48249155980896896,0.5555001510958524
2024,CLE,Myles Garrett,11756,ED,EDGE,822,17,23,1.3529411764705883,83,14,35,0,3,0,0.38251745049094665,0.3020103299507963,0.684527780441743,0.2021575437637748,0.4823702366779682,0.4107775738133549
2022,NYJ,Lamarcus Joyner,8676,S,S,872,514,299,0.5817120622568094,3,0,8,3,0,3,0.6834002861072677,0.0527638544852059,0.7361641405924735,0.2546539193746793,0.4815102212177942,0.38653343446382565
2023,JAC,Travon Walker,98940,ED,EDGE,869,86,103,1.197674418604651,59,11,27,0,0,0,0.4120390502168266,0.2705547768643761,0.6825938270812026,0.2021575437637748,0.4804362833174278,0.38700275986444127
2023,BAL,Odafe Oweh,82161,ED,EDGE,491,22,42,1.9090909090909092,54,5,14,0,2,0,0.36427301188642724,0.31827542526396846,0.6825484371503956,0.2021575437637748,0.4803908933866208,0.6848750007548564
2023,TB,Lavonte David,7060,LB,LB,1086,629,578,0.918918918918919,22,6,70,0,2,4,0.5505089790592139,0.156266048779756,0.7067750278389701,0.2264117320729514,0.48036329576601866,0.3096264337350028
2023,KC,Mike Danna,48415,ED,EDGE,932,28,19,0.6785714285714286,47,8,34,0,0,0,0.3285814219136765,0.3529073005452206,0.681488722458897,0.2021575437637748,0.4793311786951222,0.3600126878611433
2023,MIA,Bradley Chubb,48526,ED,EDGE,837,57,10,0.17543859649122806,70,13,39,0,6,0,0.3190454618464809,0.36205606195656864,0.6811015238030496,0.2021575437637748,0.47894398003927474,0.40055052094085103
2023,BAL,Travis Jones,76914,DI,IDL,518,8,0,0.0,24,2,23,0,0,0,0.38127243818601897,0.3183851485434544,0.6996575867294733,0.22337835625431512,0.4762792304751582,0.6436205817231867
2022,IND,Rodney McLeod,7271,S,S,1034,578,353,0.610726643598616,2,0,28,2,0,6,0.638983940516384,0.09025144132681734,0.7292353818432012,0.2546539193746793,0.47458146246852195,0.32128338851834176
2023,NE,Deatrich Wise Jr.,11886,ED,EDGE,615,1,0,0.0,36,5,24,0,1,0,0.3971952069952036,0.27917249198405775,0.6763676989792613,0.2021575437637748,0.4742101552154865,0.5397513961802285
2021,ARI,Budda Baker,11791,S,S,1080,594,251,0.4225589225589226,6,2,23,3,0,2,0.6625157190676065,0.06548659642843861,0.728002315496045,0.2546539193746793,0.4733483961213657,0.30679988637495925
2024,DET,Kerby Joseph,83239,S,S,1158,781,231,0.29577464788732394,2,0,18,9,0,2,0.6635303031181923,0.06414853331162292,0.7276788364298151,0.2546539193746793,0.47302491705513583,0.285939069031602
2021,TB,Jordan Whitehead,49196,S,S,921,565,386,0.6831858407079646,6,0,41,2,1,5,0.6281320364746356,0.09951595105442414,0.7276479875290596,0.2546539193746793,0.4729940681543803,0.35949603442786776
2021,NO,Kwon Alexander,9557,LB,LB,535,280,322,1.15,17,4,32,1,1,1,0.567150942640211,0.13128673124861587,0.698437673888827,0.2264117320729514,0.47202594181587565,0.6176040360207719
2021,BUF,Tremaine Edmunds,50905,LB,LB,995,566,724,1.2791519434628975,13,0,45,1,0,1,0.5560089994810226,0.14236528498021359,0.6983742844612362,0.2264117320729514,0.4719625523882848,0.3320339564540697
2024,PHI,Nakobe Dean,99018,LB,LB,880,489,529,1.081799591002045,14,3,60,1,1,2,0.5387343154869959,0.15899069613296166,0.6977250116199575,0.2264117320729514,0.4713132795470061,0.37490829054875485
2022,IND,Yannick Ngakoue,10703,ED,EDGE,733,3,0,0.0,44,12,19,0,1,0,0.4670352571044648,0.20276177982724225,0.669797036931707,0.2021575437637748,0.4676394931679322,0.44658614627224086
2022,NYJ,Carl Lawson,11871,ED,EDGE,663,5,12,2.4,49,8,19,0,1,0,0.36120948803663466,0.3071565689386098,0.6683660569752445,0.2021575437637748,0.4662085132114697,0.49222618287787145
2022,NO,Carl Granderson,48500,ED,EDGE,480,10,0,0.0,22,8,34,0,0,0,0.30011672092355535,0.3678139102561549,0.6679306311797102,0.2021575437637748,0.46577308741593537,0.6792524191482391
2022,DAL,DaRon Bland,56158,CB,CB,745,464,621,1.3383620689655173,2,0,14,5,0,2,0.6718199473387836,0.05628864807269217,0.7281085954114758,0.26270954927892354,0.46539904613255223,0.4372876943527336
2023,NO,Tanoh Kpassagnon,11814,ED,EDGE,406,3,0,0.0,34,4,14,0,0,0,0.44282531540227416,0.2241845877279435,0.6670099031302177,0.2021575437637748,0.46485235936644287,0.8014695851145567
2023,NE,Jahlani Tavai,51055,LB,LB,838,333,186,0.5585585585585585,13,1,35,2,2,3,0.5707420346371257,0.12031593636787462,0.6910579710050004,0.2264117320729514,0.46464623893204904,0.3881293165303512
2022,DAL,Sam Williams,99106,ED,EDGE,306,4,10,2.5,22,4,15,0,1,1,0.28569435618582284,0.37948338581970487,0.6651777420055277,0.2021575437637748,0.4630201982417529,1.0591965319255785
2022,SF,Jimmie Ward,8665,S,S,640,446,535,1.1995515695067265,2,0,25,3,1,3,0.664402353068887,0.0531423000679934,0.7175446531368804,0.2546539193746793,0.46289073376220113,0.5062867400524075
2023,CHI,Jaquan Brisker,101665,S,S,896,572,290,0.506993006993007,10,2,34,1,2,5,0.6196365773203704,0.09679915721147753,0.7164357345318478,0.2546539193746793,0.46178181515716854,0.3607670430915379
2022,PHI,Javon Hargrave,10723,DI,IDL,809,0,0,0.0,66,12,36,0,1,0,0.38786308195278574,0.29710090540633277,0.6849639873591185,0.22337835625431512,0.46158563110480333,0.3993942419942674
2023,BUF,Rasul Douglas,11854,CB,CB,1040,617,535,0.86709886547812,1,1,20,5,1,9,0.6678645555338608,0.05628864807269217,0.724153203606553,0.26270954927892354,0.46144365432762946,0.31058707502821215
2021,TB,William Gholston,7908,DI,IDL,549,4,0,0.0,29,5,21,0,0,0,0.4223242330009546,0.2616850458839417,0.6840092788848964,0.22337835625431512,0.46063092263058125,0.5873254022612148
2023,NYJ,Solomon Thomas,11758,DI,IDL,483,4,0,0.0,17,6,18,0,0,0,0.39865542691945605,0.28521346195250596,0.683868888871962,0.22337835625431512,0.46049053261764683,0.6673775835038359
2024,PHI,Milton Williams,56682,DI,IDL,653,1,0,0.0,54,8,17,0,2,0,0.4242419867321056,0.2582843824821129,0.6825263692142185,0.22337835625431512,0.4591480129599034,0.49219541971199443
2022,IND,Zaire Franklin,49834,LB,LB,1136,604,559,0.9254966887417219,8,2,58,0,2,6,0.5584085693673625,0.12702109352709587,0.6854296628944585,0.2264117320729514,0.4590179308215071,0.28284555596395683
2023,JAC,Rayshawn Jenkins,11868,S,S,1099,677,366,0.5406203840472673,7,1,28,2,0,6,0.623453962025411,0.08931996494086072,0.7127739269662717,0.2546539193746793,0.45812000759159244,0.29179618317935824
2022,IND,Stephon Gilmore,7016,CB,CB,1064,599,585,0.9766277128547579,0,0,12,2,0,8,0.6639632201644655,0.05628864807269217,0.7202518682371577,0.26270954927892354,0.45754231895823416,0.30101468352515404
2021,MIA,Emmanuel Ogbah,10666,ED,EDGE,755,16,3,0.1875,61,11,30,0,1,1,0.37623820281899367,0.28279496430483303,0.6590331671238266,0.2021575437637748,0.45687562336005183,0.423593293181505
2021,PIT,Alex Highsmith,43507,ED,EDGE,910,55,40,0.7272727272727273,38,9,45,0,1,0,0.27349548351426406,0.3845224042627425,0.6580178877770064,0.2021575437637748,0.4558603440132316,0.3506618030871012
2023,NE,Ja'Whaun Bentley,50966,LB,LB,984,461,387,0.8394793926247288,22,4,39,0,1,2,0.5647222813362893,0.11556647731193076,0.6802887586482202,0.2264117320729514,0.45387702657526885,0.3228799985799677
2022,NYJ,John Franklin-Myers,50088,ED,EDGE,643,4,0,0.0,51,7,22,0,0,0,0.4356012626540548,0.2191086554532405,0.6547099181072953,0.2021575437637748,0.45255237434352047,0.4926697698918574
2024,MIN,Pat Jones II,43974,ED,EDGE,459,32,51,1.59375,24,7,24,0,0,0,0.34230699959709965,0.31217043285094775,0.6544774324480473,0.2021575437637748,0.45231988868427253,0.6898124664030301
2022,BUF,Von Miller,6154,ED,EDGE,450,4,0,0.0,45,8,21,0,1,0,0.3757121449754236,0.2786216250672256,0.6543337700426493,0.2021575437637748,0.45217622627887444,0.703385240878249
2024,GB,Keisean Nixon,56167,CB,CB,1077,664,529,0.7966867469879518,9,3,28,1,3,6,0.6584795987374285,0.05628864807269217,0.7147682468101206,0.26270954927892354,0.4520586975311971,0.2938171664548171
2024,LAC,Joey Bosa,10637,ED,EDGE,503,5,0,0.0,39,6,18,0,2,0,0.3854642264509479,0.2685364005320597,0.6540006269830075,0.2021575437637748,0.4518430832192327,0.6288074716768646
2024,LAC,Derwin James Jr.,51368,S,S,1059,595,458,0.7697478991596639,15,6,36,1,0,3,0.6231335515490656,0.08209500022589125,0.7052285517749567,0.2546539193746793,0.4505746324002774,0.29783025748837977
2022,BUF,Greg Rousseau,76889,ED,EDGE,552,18,16,0.8888888888888888,51,9,22,0,1,0,0.3492652639998449,0.30331033643893257,0.6525756004387775,0.2021575437637748,0.4504180566750027,0.5711823182472859
2023,NO,Jordan Howden,83305,S,S,569,373,157,0.42091152815013405,3,1,13,0,1,5,0.6467810783382408,0.05752350849341264,0.7043045868316535,0.2546539193746793,0.44965066745697424,0.5531730531105131
2024,CLE,Denzel Ward,49558,CB,CB,757,440,635,1.4431818181818181,1,0,13,2,1,17,0.6544121227146189,0.05628864807269217,0.710700770787311,0.26270954927892354,0.44799122150838744,0.41425872530498176
2021,IND,Kenny Moore II,51596,CB,CB,1062,655,844,1.2885496183206107,8,1,36,4,1,9,0.6539968245204969,0.05628864807269217,0.710285472593189,0.26270954927892354,0.44757592331426543,0.29501237883237835
2023,CLE,Maurice Hurst,38563,DI,IDL,302,3,0,0.0,18,2,14,1,0,0,0.42668673848039673,0.24369663746898962,0.6703833759493864,0.22337835625431512,0.4470050196950712,1.036104350286589
2023,JAC,Foyesade Oluokun,24904,LB,LB,1110,624,553,0.8862179487179487,21,3,61,1,1,3,0.5388300345915892,0.1341886485430596,0.6730186831346489,0.2264117320729514,0.44660695106169745,0.28164402319206144
2023,CHI,Jaylon Johnson,56259,CB,CB,809,530,195,0.36792452830188677,0,0,18,4,1,6,0.6508986939641285,0.05628864807269217,0.7071873420368207,0.26270954927892354,0.4444777927578971,0.384591415241691
2022,PHI,Kyzir White,44485,LB,LB,953,576,480,0.8333333333333334,4,2,51,0,0,6,0.5542039691410218,0.11612446991273524,0.6703284390537569,0.2264117320729514,0.44391670698080554,0.32606683618737026
2021,NE,Kyle Van Noy,8675,LB,LB,864,306,129,0.4215686274509804,29,5,27,1,2,4,0.5597338086911086,0.109458151032842,0.6691919597239506,0.2264117320729514,0.4427802276509992,0.3587339807357633
2023,ATL,Richie Grant,43196,S,S,945,526,532,1.0114068441064639,11,3,21,1,2,4,0.6314137923160599,0.06558096547604167,0.6969947577921015,0.2546539193746793,0.4423408384174222,0.3276598803092016
2021,NO,P.J. Williams,9511,S,S,545,347,201,0.579250720461095,5,2,20,3,1,0,0.6413956572472932,0.052924295508566054,0.6943199527558592,0.2546539193746793,0.43966603338117993,0.564708666728121
2023,IND,Samson Ebukam,11880,ED,EDGE,703,6,0,0.0,48,10,38,0,3,0,0.3156086414316915,0.3260462199619553,0.6416548613936467,0.2021575437637748,0.4394973176298719,0.4376217956485211
2022,BUF,Dane Jackson,32989,CB,CB,885,592,553,0.9341216216216216,2,0,11,2,1,10,0.6457457987317141,0.05628864807269217,0.7020344468044063,0.26270954927892354,0.43932489752548276,0.34748861951168125
2021,DAL,Osa Odighizuwa,42754,DI,IDL,643,2,0,0.0,38,3,19,0,0,0,0.33786687595389775,0.32424998070530364,0.6621168566592014,0.22337835625431512,0.43873850040488627,0.4776313379213381
2023,MIN,Byron Murphy Jr.,44027,CB,CB,906,570,715,1.2543859649122806,3,0,17,3,1,6,0.6449086313558446,0.05628864807269217,0.7011972794285367,0.26270954927892354,0.4384877301496132,0.33878742947541857
2022,NYJ,Michael Carter II,60644,CB,CB,732,490,544,1.110204081632653,3,0,27,2,0,6,0.6445349397121538,0.05628864807269217,0.700823587784846,0.26270954927892354,0.43811403850592245,0.4189615122324395
2022,PHI,Marcus Epps,51391,S,S,1239,762,483,0.6338582677165354,0,0,20,0,1,5,0.6266977739166126,0.06481143709649459,0.6915092110131071,0.2546539193746793,0.43685529163842785,0.2468108992307502
2023,KC,Nick Bolton,81322,LB,LB,708,395,473,1.1974683544303797,12,3,40,1,0,3,0.5475382548883245,0.11418120582403561,0.6617194607123602,0.2264117320729514,0.4353077286394088,0.43038899724235335
2022,BAL,Patrick Queen,57941,LB,LB,1082,593,658,1.109612141652614,25,7,56,2,1,3,0.5404465109237971,0.1204005892124853,0.6608471001362826,0.2264117320729514,0.43443536806333116,0.28105800151971516
2023,NYJ,John Franklin-Myers,50088,ED,EDGE,626,4,0,0.0,50,3,11,0,0,0,0.40743970545549857,0.22862094221244864,0.6360606476679472,0.2021575437637748,0.4339031039041724,0.48519516411009694
2024,DET,Brian Branch,123907,S,S,982,622,504,0.8102893890675241,12,1,44,4,2,11,0.6145085555997853,0.07280224944070987,0.6873108050404952,0.2546539193746793,0.43265688566581595,0.30841122196137594
2023,KC,Charles Omenihu,50612,ED,EDGE,502,6,0,0.0,37,8,14,0,3,0,0.38387729590911013,0.25092313179328496,0.6348004277023951,0.2021575437637748,0.43264288393862027,0.6032868899542514
2024,LAC,Tarheeb Still,129537,CB,CB,826,536,582,1.085820895522388,1,1,16,4,0,4,0.6387655644506179,0.05628864807269217,0.69505421252331,0.26270954927892354,0.4323446632443865,0.366393782410497
2021,IND,Shaquille Leonard,49684,LB,LB,1000,574,543,0.945993031358885,12,0,37,4,7,4,0.5354886367342929,0.12246922291052881,0.6579578596448218,0.2264117320729514,0.4315461275718704,0.3020822893003093
2021,LAR,A'Shawn Robinson,10680,DI,IDL,628,0,0,0.0,20,4,44,0,2,0,0.27878124561813894,0.37590233198535994,0.6546835776034988,0.22337835625431512,0.4313052213491837,0.4807542276185169
2023,CHI,Tremaine Edmunds,50905,LB,LB,876,546,611,1.119047619047619,4,0,35,4,0,2,0.5546717304644072,0.10256092479817024,0.6572326552625775,0.2264117320729514,0.43082092318962606,0.34426329478623086
2024,SEA,Leonard Williams,9439,DI,IDL,750,16,0,0.0,55,11,41,1,0,0,0.3660892279296529,0.2868525940481546,0.6529418219778075,0.22337835625431512,0.42956346572349235,0.4009259013419262
2023,DAL,Osa Odighizuwa,42754,DI,IDL,676,1,0,0.0,44,3,27,0,0,0,0.31266769885074336,0.3392725832985627,0.6519402821493061,0.22337835625431512,0.428561925894991,0.44377714219895514
2021,PIT,Cameron Heyward,6183,DI,IDL,1000,0,0,0.0,61,11,47,1,2,0,0.3488480630911521,0.3027695676375202,0.6516176307286723,0.22337835625431512,0.42823927447435717,0.29976749213205
2022,NE,Adrian Phillips,9177,S,S,702,469,216,0.4605543710021322,3,0,21,0,0,3,0.5919886554251002,0.09008993618711555,0.6820785916122157,0.2546539193746793,0.42742467223753644,0.42620693812859756
2023,HOU,Derek Stingley Jr.,98253,CB,CB,812,488,395,0.8094262295081968,0,0,12,5,0,6,0.6325880006873674,0.05628864807269217,0.6888766487600596,0.26270954927892354,0.42616709948113607,0.36738543058718626
2021,IND,DeForest Buckner,10641,DI,IDL,843,5,0,0.0,49,9,29,0,0,0,0.39164697167327983,0.25769374217927016,0.64934071385255,0.22337835625431512,0.42596235759823486,0.35370539776840376
2023,NO,Marshon Lattimore,11766,CB,CB,621,400,317,0.7925,0,0,11,1,0,6,0.6321815419822547,0.05628864807269217,0.688470190054947,0.26270954927892354,0.4257606407760235,0.47992342760582357
2023,ATL,A.J. Terrell,55586,CB,CB,1065,611,508,0.8314238952536824,0,0,19,0,0,8,0.6311950050856324,0.05628864807269217,0.6874836531583247,0.26270954927892354,0.4247741038794012,0.27919424668129655
2022,CIN,B.J. Hill,49894,DI,IDL,977,6,0,0.0,45,5,35,0,1,0,0.3488659000180338,0.29879390968816266,0.6476598097061964,0.22337835625431512,0.4242814534518813,0.3039887588703346
2022,LV,Maxx Crosby,26316,ED,EDGE,1082,12,11,0.9166666666666666,81,15,57,0,4,0,0.30352646001028233,0.3225444315714312,0.6260708915817135,0.2021575437637748,0.42391334781793866,0.27425077954949817
2021,CIN,Vonn Bell,10695,S,S,1271,817,488,0.5973072215422277,10,2,38,2,3,4,0.5826720939910668,0.09291037006195389,0.6755824640530207,0.2546539193746793,0.4209285446783414,0.2318253196497553
2021,NO,Tanoh Kpassagnon,11814,ED,EDGE,220,1,0,0.0,16,4,14,0,1,0,0.38519369235515466,0.23656251415101961,0.6217562065061742,0.2021575437637748,0.41959866274239943,1.3350866541803619
2021,TB,Carlton Davis III,49335,CB,CB,773,530,405,0.7641509433962265,1,0,14,1,0,11,0.6259342921277781,0.05628864807269217,0.6822229402004703,0.26270954927892354,0.4195133909215467,0.3798956968241691
2022,NYJ,Sheldon Rankins,10646,DI,IDL,558,9,0,0.0,25,4,26,0,1,1,0.35064802422100233,0.29222539550963506,0.6428734197306374,0.22337835625431512,0.41949506347632226,0.5262482875150996
2023,LV,Amik Robertson,55619,CB,CB,674,419,445,1.062052505966587,1,1,17,2,1,5,0.6252946247957993,0.05628864807269217,0.6815832728684916,0.26270954927892354,0.4188737235895681,0.435032057140501
2024,LAC,Poona Ford,48875,DI,IDL,652,2,0,0.0,25,3,23,1,0,0,0.3357234441909912,0.3058850239719157,0.641608468162907,0.22337835625431512,0.41823011190859183,0.4490200587975679
2023,CLE,Anthony Walker Jr.,11916,LB,LB,454,245,148,0.6040816326530613,4,0,16,0,1,5,0.5499422809375797,0.09464032119681293,0.6445826021343927,0.2264117320729514,0.41817087006144127,0.6447568481123543
2021,LAR,Greg Gaines,48706,DI,IDL,1000,2,0,0.0,46,6,35,0,0,0,0.3416827802009161,0.29982798629541274,0.6415107664963288,0.22337835625431512,0.41813241024201364,0.29269268716940955
2023,LAR,Byron Young,146932,ED,EDGE,1021,132,50,0.3787878787878788,51,8,33,0,2,0,0.30778643782276777,0.3119866193575595,0.6197730571803273,0.2021575437637748,0.41761551341655245,0.28631817766071177
2023,SF,Fred Warner,51222,LB,LB,1200,760,689,0.906578947368421,17,3,56,4,4,4,0.5259941588723244,0.117849785246224,0.6438439441185484,0.2264117320729514,0.417432212045597,0.2435021236932649
2021,ARI,Jordan Hicks,9517,LB,LB,1113,564,508,0.900709219858156,17,4,40,0,1,2,0.53981487704758,0.10312706677377319,0.6429419438213533,0.2264117320729514,0.4165302117484019,0.261968686634215
2021,ARI,Isaiah Simmons,42451,LB,LB,1024,521,494,0.9481765834932822,12,1,36,1,4,3,0.5340453911200159,0.10806323895083031,0.6421086300708463,0.2264117320729514,0.4156968979978949,0.2841678013657485
2023,TB,Vita Vea,48956,DI,IDL,691,7,0,0.0,39,7,30,0,2,0,0.3511637291583813,0.2873240398757823,0.6384877690341637,0.22337835625431512,0.4151094127798486,0.4205160476785731
2023,LAR,Aaron Donald,8648,DI,IDL,916,2,0,0.0,87,10,34,0,0,0,0.35140511939301355,0.28627888638280996,0.6376840057758235,0.22337835625431512,0.4143056495215084,0.3166091208133798
2022,DAL,Dante Fowler Jr.,9436,ED,EDGE,378,9,10,1.1111111111111112,40,6,15,0,2,0,0.31969730907734156,0.29671410246483726,0.6164114115421788,0.2021575437637748,0.414253867778404,0.7671367921822296
2021,DAL,Dorance Armstrong,48557,ED,EDGE,535,9,25,2.7777777777777777,36,6,20,0,0,0,0.35767256111496787,0.25868875541211267,0.6163613165270806,0.2021575437637748,0.4142037727633058,0.5419488615594655
2021,TEN,Denico Autry,8982,ED,EDGE,755,10,17,1.7,64,13,26,0,0,0,0.38705139302164715,0.22874335767030518,0.6157947506919523,0.2021575437637748,0.4136372069281775,0.3835046951651977
2022,HOU,Jalen Pitre,57737,S,S,1088,567,351,0.6190476190476191,3,1,31,5,0,4,0.600949745460256,0.06567468505241915,0.6666244305126752,0.2546539193746793,0.4119705111379959,0.26505455679834294
2023,TB,Yaya Diaby,122705,ED,EDGE,590,34,45,1.3235294117647058,30,9,27,0,1,0,0.30573839662563074,0.30762044776138103,0.6133588443870117,0.2021575437637748,0.4112013006232369,0.487865949891976
2023,LAC,Tuli Tuipulotu,131840,ED,EDGE,852,69,87,1.2608695652173914,51,8,34,0,2,0,0.28253882250148044,0.3302057158055852,0.6127445383070658,0.2021575437637748,0.41058699454329095,0.33733673260599023
2022,BUF,Jordan Poyer,8000,S,S,886,566,184,0.3250883392226148,0,0,14,4,1,3,0.6015132739496634,0.06372051595364228,0.6652337899033056,0.2546539193746793,0.4105798705286263,0.32438590222351965
2021,NE,Kyle Dugger,90621,S,S,779,449,282,0.6280623608017817,5,0,32,4,0,1,0.5494198187401094,0.11514116221004786,0.6645609809501573,0.2546539193746793,0.40990706157547796,0.3683375392847684
2021,CIN,Larry Ogunjobi,11820,DI,IDL,752,1,0,0.0,41,8,31,0,0,0,0.35603105189255174,0.2766257390830605,0.6326567909756122,0.22337835625431512,0.4092784347212971,0.3809772663629096
2021,NO,Shy Tuttle,37279,DI,IDL,494,1,0,0.0,7,0,24,0,1,0,0.2459253350497329,0.385939593907392,0.631864928957125,0.22337835625431512,0.40848657270280986,0.5788271273116739
2023,LV,Adam Butler,12214,DI,IDL,526,15,0,0.0,28,6,15,0,1,0,0.38681873114777576,0.24455856013255106,0.6313772912803268,0.22337835625431512,0.4079989350260117,0.5429643622019167
2023,NYG,Dexter Lawrence,25991,DI,IDL,709,5,15,3.0,65,6,35,0,0,0,0.33744226687619183,0.2926942636466608,0.6301365305228527,0.22337835625431512,0.40675817426853755,0.40159481239488903
2022,NE,Myles Bryant,43336,CB,CB,689,497,487,0.9798792756539235,1,0,14,1,0,3,0.6129127487323814,0.05628864807269217,0.6692013968050736,0.26270954927892354,0.4064918475261501,0.41298155771887524
2021,CIN,Eli Apple,10644,CB,CB,1242,844,686,0.8127962085308057,0,0,11,2,0,8,0.6125782393086763,0.05628864807269217,0.6688668873813683,0.26270954927892354,0.4061573381024448,0.22891315351989644
2024,HOU,Calen Bullock,146424,S,S,1083,683,159,0.232796486090776,0,0,3,5,0,5,0.6077023312150197,0.051958752067100454,0.6596610832821201,0.2546539193746793,0.40500716390744085,0.26177748359668385
2022,LAC,Asante Samuel Jr.,76625,CB,CB,1045,639,715,1.1189358372456963,0,0,15,5,0,11,0.6107837610735644,0.05628864807269217,0.6670724091462565,0.26270954927892354,0.404362859867333,0.2708650735953427
2023,PIT,Joey Porter Jr.,101364,CB,CB,855,565,404,0.7150442477876107,0,0,8,1,0,6,0.6106942382052462,0.05628864807269217,0.6669828862779383,0.26270954927892354,0.4042733369990148,0.33098401859568466
2021,CIN,Jessie Bates III,49162,S,S,1221,816,496,0.6078431372549019,3,0,20,3,0,5,0.603191339115022,0.05523327953415088,0.6584246186491729,0.2546539193746793,0.4037706992744936,0.23148197337604057
2021,MIA,Zach Sieler,66917,DI,IDL,518,6,0,0.0,23,2,38,0,1,1,0.2594242387109475,0.36759937234425255,0.6270236110552,0.22337835625431512,0.40364525480088487,0.5454665605417364
2022,CIN,Eli Apple,10644,CB,CB,1101,716,749,1.0460893854748603,1,0,13,0,0,9,0.6099928686254008,0.05628864807269217,0.666281516698093,0.26270954927892354,0.40357196741916945,0.25658526538911774
2022,BUF,Taron Johnson,49511,CB,CB,1114,706,748,1.0594900849858357,5,0,40,1,0,7,0.6088426875994414,0.05628864807269217,0.6651313356721337,0.26270954927892354,0.40242178639321013,0.2528682679311015
2021,LAR,Troy Reeder,38268,LB,LB,864,455,536,1.178021978021978,11,2,26,2,0,4,0.5373500569561893,0.08966922224027735,0.6270192791964667,0.2264117320729514,0.4006075471235153,0.32456629975284806
2022,LAC,Khalil Mack,8640,ED,EDGE,921,44,62,1.4090909090909092,59,9,26,0,2,0,0.31600365854903345,0.2847143666639498,0.6007180252129832,0.2021575437637748,0.3985604814492084,0.3029232758028728
2023,MIN,Josh Metellus,43395,S,S,1063,556,747,1.3435251798561152,29,3,45,1,4,3,0.5607695335371664,0.09197812168859125,0.6527476552257576,0.2546539193746793,0.3980937358510783,0.2621501553111522
2021,MIA,Jevon Holland,83873,S,S,893,527,208,0.3946869070208729,16,3,11,2,1,6,0.5991487588657233,0.05305160080736106,0.6522003596730843,0.2546539193746793,0.397546440298405,0.3116265489461182
2024,PHI,Cooper DeJean,144867,CB,CB,881,606,564,0.9306930693069307,4,1,25,1,2,7,0.6039634266945828,0.05628864807269217,0.660252074767275,0.26270954927892354,0.39754252548835145,0.31586806792491035
2023,LV,Marcus Epps,51391,S,S,1030,614,203,0.3306188925081433,0,0,13,0,1,2,0.5897001391381502,0.06208662669262738,0.6517867658307775,0.2546539193746793,0.39713284645609825,0.2698961092420085
2023,ATL,Nate Landman,57788,LB,LB,809,398,396,0.9949748743718593,8,2,58,1,3,2,0.4890248748545999,0.1332793000952914,0.6223041749498914,0.2264117320729514,0.39589244287694003,0.34255217554246975
2021,CIN,Logan Wilson,29623,LB,LB,976,613,678,1.1060358890701467,7,1,43,5,1,1,0.5101827449130516,0.11162290381819238,0.6218056487312441,0.2264117320729514,0.3953939166582927,0.2835817025213165
2022,DAL,Leighton Vander Esch,50950,LB,LB,882,468,231,0.4935897435897436,4,1,33,0,1,2,0.5129395368493922,0.10850797600371383,0.621447512853106,0.2264117320729514,0.39503578078015456,0.3135204609366306
2023,NYG,Jason Pinnock,56144,S,S,1011,547,284,0.5191956124314442,10,2,19,2,2,5,0.592669727376123,0.05688310125556398,0.649552828631687,0.2546539193746793,0.39489890925700766,0.27342159889209233
2023,TB,Carlton Davis III,49335,CB,CB,847,542,828,1.5276752767527675,0,0,18,2,0,8,0.6008980039176915,0.05628864807269217,0.6571866519903836,0.26270954927892354,0.3944771027114601,0.32601413447228106
2021,NE,Lawrence Guy Sr.,6385,DI,IDL,562,0,0,0.0,15,2,33,0,0,0,0.2842598736957132,0.33288226682506006,0.6171421405207732,0.22337835625431512,0.3937637842664581,0.4904531120756595
2023,ATL,David Onyemata,10754,DI,IDL,594,3,0,0.0,34,5,28,0,1,1,0.35240483188030686,0.26396338560587207,0.616368217486179,0.22337835625431512,0.39298986123186386,0.46311936508805507
2022,BAL,Roquan Smith,50892,LB,LB,1094,556,513,0.9226618705035972,15,5,64,3,0,2,0.5022397058403119,0.11712730146729926,0.6193670073076112,0.2264117320729514,0.3929552752346598,0.251433905543201
2023,MIN,D.J. Wonnum,44550,ED,EDGE,826,83,109,1.3132530120481927,38,9,32,0,0,0,0.33703874696207664,0.2579813005192269,0.5950200474813035,0.2021575437637748,0.39286250371752873,0.3329343251843464
2024,DEN,P.J. Locke,51189,S,S,1076,686,311,0.45335276967930027,6,2,19,0,1,2,0.5799604215984644,0.06693594531691643,0.6468963669153809,0.2546539193746793,0.3922424475407016,0.25517631345584674
2023,CHI,DeMarcus Walker,11806,ED,EDGE,714,10,18,1.8,47,4,19,0,0,0,0.28422619827243784,0.3100033584718249,0.5942295567442628,0.2021575437637748,0.392072012980488,0.3843843264514588
2023,BUF,Leonard Floyd,10643,ED,EDGE,627,20,19,0.95,45,12,21,0,1,0,0.35717561102452927,0.23600725768639816,0.5931828687109275,0.2021575437637748,0.3910253249471527,0.4365513994625309
2023,HOU,Will Anderson Jr.,123903,ED,EDGE,695,3,13,4.333333333333333,68,8,33,0,0,0,0.32219206208098333,0.27083221108487054,0.5930242731658539,0.2021575437637748,0.3908667294020791,0.39367872026108686
2023,NYJ,Michael Carter II,60644,CB,CB,671,434,258,0.5944700460829493,5,0,19,0,1,4,0.5967875753746348,0.05628864807269217,0.653076223447327,0.26270954927892354,0.3903666741684034,0.40723796112948196
2024,DEN,John Franklin-Myers,50088,DI,IDL,569,5,0,0.0,53,8,23,0,0,0,0.36695520627288286,0.24660149778561635,0.6135567040584992,0.22337835625431512,0.39017834780418403,0.48000851223713326
2021,TB,Lavonte David,7060,LB,LB,915,576,455,0.7899305555555556,9,1,40,0,2,2,0.48837069956592877,0.12803948709678167,0.6164101866627104,0.2264117320729514,0.389998454589759,0.29835947345664626
2023,NYG,Xavier McKinney,55775,S,S,1128,614,288,0.46905537459283386,4,0,26,3,1,3,0.5741596729820742,0.07014133856878256,0.6443010115508568,0.2546539193746793,0.38964709217617755,0.24180227351358535
2023,ATL,Kaden Elliss,51485,LB,LB,1082,533,304,0.5703564727954972,26,4,47,0,0,1,0.5021553608299276,0.11288941899306482,0.6150447798229924,0.2264117320729514,0.38863304775004104,0.25142618615991563
2022,BUF,Ed Oliver,42200,DI,IDL,631,1,0,0.0,37,5,22,0,1,0,0.3290072596427525,0.2828805223591843,0.6118877820019368,0.22337835625431512,0.3885094257476217,0.43099302380877214
2021,BUF,Harrison Phillips,48690,DI,IDL,555,0,0,0.0,25,1,28,0,0,0,0.2760270488543285,0.33542737722011545,0.6114544260744439,0.22337835625431512,0.38807606982012877,0.4894653132866489
2022,IND,Kwity Paye,56713,ED,EDGE,547,1,0,0.0,34,6,28,0,0,0,0.3394640088084209,0.2493897063804927,0.5888537151889136,0.2021575437637748,0.3866961714251388,0.4948579890266858
2023,NE,Myles Bryant,43336,CB,CB,852,545,570,1.0458715596330275,6,1,17,1,2,5,0.5924744919329797,0.05628864807269217,0.6487631400056719,0.26270954927892354,0.3860535907267484,0.3171801801745585
2024,PIT,Cameron Heyward,6183,DI,IDL,838,0,0,0.0,60,10,47,0,0,0,0.3327827874074906,0.2763778561058323,0.609160643513323,0.22337835625431512,0.38578228725900787,0.32225250725692783
2022,NE,Lawrence Guy Sr.,6385,DI,IDL,504,0,0,0.0,18,3,20,0,0,0,0.35498147615710984,0.25316943349509147,0.6081509096522014,0.22337835625431512,0.3847725533978863,0.5344063241637309
2022,CIN,Germaine Pratt,29407,LB,LB,900,436,408,0.9357798165137615,8,1,41,2,1,4,0.5013951095719564,0.10972412917901017,0.6111192387509665,0.2264117320729514,0.3847075066780151,0.2992169496384562
2022,NYJ,Quincy Williams,49779,LB,LB,792,409,464,1.1344743276283618,12,4,50,0,0,1,0.4655085093676454,0.14398068468076533,0.6094891940484107,0.2264117320729514,0.38307746197545933,0.3385785648772999
2023,DAL,Jayron Kearse,10878,S,S,860,469,371,0.7910447761194029,5,2,19,1,0,3,0.5560566721409597,0.08132255588680277,0.6373792280277625,0.2546539193746793,0.3827253086530832,0.31152060006646304
2024,DEN,Riley Moss,83259,CB,CB,912,577,706,1.2235701906412477,3,0,30,1,1,4,0.5890338123517626,0.05628864807269217,0.6453224604244546,0.26270954927892354,0.3826129111455311,0.2936721905722278
2023,TB,Calijah Kancey,99822,DI,IDL,663,5,0,0.0,45,6,27,0,0,0,0.3497668407973042,0.2560630669482793,0.6058299077455834,0.22337835625431512,0.3824515514912683,0.4037950015744914
2021,NE,Christian Barmore,82198,DI,IDL,631,1,0,0.0,51,2,25,0,0,0,0.32654540782942915,0.27825561946024857,0.6048010272896777,0.22337835625431512,0.38142267103536254,0.42313133078407883
2022,IND,Rodney Thomas II,108389,S,S,720,428,98,0.22897196261682243,0,0,3,4,0,1,0.5828285138512529,0.051958752067100454,0.6347872659183533,0.2546539193746793,0.38013334654367403,0.36957408691746085
2022,HOU,Jerry Hughes,5556,ED,EDGE,689,3,0,0.0,58,9,17,1,2,0,0.3652963960361541,0.21580810316931956,0.5811044992054737,0.2021575437637748,0.3789469554416989,0.3849969068348174
2021,TEN,Kristian Fulton,42894,CB,CB,803,523,537,1.0267686424474187,2,0,15,2,0,11,0.5853556070857531,0.05628864807269217,0.6416442551584453,0.26270954927892354,0.3789347058795217,0.33032913339435266
2022,IND,Grover Stewart,11899,DI,IDL,781,1,0,0.0,17,4,38,0,0,0,0.2847466013494929,0.3175250336529144,0.6022716350024073,0.22337835625431512,0.3788932787480922,0.33959704881391106
2021,NE,Jalen Mills,10867,CB,CB,914,526,440,0.8365019011406845,0,0,10,0,0,8,0.584928593753698,0.05628864807269217,0.6412172418263903,0.26270954927892354,0.37850769254746675,0.28988554133832245
2023,BAL,Brent Urban,8769,DI,IDL,309,2,0,0.0,13,3,15,0,0,0,0.3890766060282027,0.21254801040005017,0.6016246164282529,0.22337835625431512,0.3782462601739378,0.8568685505558461
2023,TB,Joe Tryon-Shoyinka,58272,ED,EDGE,625,98,60,0.6122448979591837,30,6,30,0,1,0,0.28856931828722454,0.2914665260483157,0.5800358443355402,0.2021575437637748,0.3778783005717654,0.42322369664037723
2022,CLE,Myles Garrett,11756,ED,EDGE,816,4,0,0.0,73,18,39,0,2,0,0.3627721090628227,0.2168948054326555,0.5796669144954781,0.2021575437637748,0.3775093707317033,0.32384382293160824
2023,DAL,Dorance Armstrong,48557,ED,EDGE,468,10,19,1.9,35,9,23,0,0,0,0.3406541004961005,0.2385810482930674,0.5792351487891679,0.2021575437637748,0.3770776050253931,0.5640049647815709
2023,CLE,D'Anthony Bell,111578,S,S,256,159,77,0.48427672955974843,1,0,8,2,1,3,0.5626446773128521,0.06867109825434851,0.6313157755672006,0.2546539193746793,0.37666185619252135,1.0299347630264255
2023,TB,Devin White,43089,LB,LB,933,473,354,0.7484143763213531,27,3,31,2,0,2,0.5193245440998506,0.08349990779864189,0.6028244518984925,0.2264117320729514,0.37641271982554114,0.2824104007265582
2023,BAL,Marlon Humphrey,11771,CB,CB,553,381,244,0.6404199475065617,3,0,10,1,0,4,0.5823660436644568,0.05628864807269217,0.638654691737149,0.26270954927892354,0.3759451424582254,0.47587992716231065
2023,LAR,Ahkello Witherspoon,11821,CB,CB,1115,692,785,1.134393063583815,0,0,12,3,0,10,0.5816131501177431,0.05628864807269217,0.6379017981904352,0.26270954927892354,0.3751922489115117,0.23554670335251854
2023,HOU,Christian Harris,98996,LB,LB,869,483,456,0.9440993788819876,13,3,48,1,1,4,0.49698185197397593,0.1045889406590428,0.6015707926330188,0.2264117320729514,0.3751590605600674,0.30219947340856984
2023,ATL,Bud Dupree,9455,ED,EDGE,725,19,11,0.5789473684210527,38,8,16,0,2,0,0.32820932153112264,0.24890385810099924,0.5771131796321219,0.2021575437637748,0.3749556358683471,0.3620261311832317
2023,BUF,Jordan Poyer,8000,S,S,1103,664,349,0.5256024096385542,7,1,28,0,2,5,0.5476281667986985,0.08176539283341003,0.6293935596321085,0.2546539193746793,0.37473964025742923,0.23782207450607476
2021,CIN,Chidobe Awuzie,11815,CB,CB,1043,700,810,1.1571428571428573,0,0,26,3,0,10,0.5809891474233569,0.05628864807269217,0.637277795496049,0.26270954927892354,0.3745682462171255,0.2513880847094802
2021,TB,Mike Edwards,51282,S,S,600,451,317,0.7028824833702882,4,0,19,4,1,1,0.5685847173186057,0.058601463783514135,0.6271861811021199,0.2546539193746793,0.3725322617274406,0.4346209720153474
2023,IND,DeForest Buckner,10641,DI,IDL,841,10,0,0.0,52,9,43,0,2,0,0.3139287990421669,0.28176723785417296,0.5956960368963399,0.22337835625431512,0.37231768064202475,0.3098958102846817
2023,NYJ,Ashtyn Davis,49560,S,S,218,110,107,0.9727272727272728,1,0,6,3,0,4,0.5657521357029383,0.06080608631518727,0.6265582220181255,0.2546539193746793,0.3719043026434462,1.194188127754185
2021,IND,Al-Quadin Muhammad,11951,ED,EDGE,800,17,7,0.4117647058823529,37,7,21,0,1,0,0.3104222633127124,0.26288969773242454,0.5733119610451369,0.2021575437637748,0.3711544172813621,0.32476011512119185
2022,JAC,Josh Hines-Allen,50235,ED,EDGE,1005,100,157,1.57,77,7,37,0,4,0,0.27560069329921966,0.29747769896296966,0.5730783922621893,0.2021575437637748,0.37092084849841445,0.25835282979989066
2023,LAC,Asante Samuel Jr.,76625,CB,CB,1111,672,737,1.0967261904761905,0,0,10,2,0,11,0.5773138361119582,0.05628864807269217,0.6336024841846504,0.26270954927892354,0.37089293490572683,0.23368591758236612
2023,NO,Malcolm Roach,50191,DI,IDL,290,2,0,0.0,6,0,24,0,0,0,0.23829192673307031,0.35573402799383463,0.594025954726905,0.22337835625431512,0.3706475984725899,0.8946666170028031
2021,ARI,Zach Allen,49605,ED,EDGE,727,27,24,0.8888888888888888,26,4,31,1,0,0,0.29944199629803336,0.2729301176577696,0.5723721139558029,0.2021575437637748,0.3702145701920281,0.3564651982591742
2021,DAL,Tarell Basham,11835,ED,EDGE,650,18,34,1.8888888888888888,36,4,16,0,1,0,0.30725841268641024,0.2650954879184927,0.572353900604903,0.2021575437637748,0.37019635684112817,0.39867299967506115
2024,HOU,Eric Murray,10740,S,S,961,585,462,0.7897435897435897,4,1,23,2,0,8,0.5599368829916919,0.06481074746765678,0.6247476304593488,0.2546539193746793,0.3700937110846695,0.2695791860138071
2021,BUF,Jerry Hughes,5556,ED,EDGE,624,20,19,0.95,55,4,11,0,2,0,0.3165889346043092,0.2556038782702319,0.572192812874541,0.2021575437637748,0.37003526911076623,0.4151036672716929
2022,SF,Kevin Givens,28308,DI,IDL,428,2,0,0.0,15,3,13,0,0,0,0.3218804657140625,0.2705149882788746,0.5923954539929371,0.22337835625431512,0.369017097738622,0.6035326364884005
2021,LAR,Nick Scott,49012,S,S,655,511,187,0.3659491193737769,0,0,6,3,0,3,0.5715741511942183,0.051958752067100454,0.6235329032613187,0.2546539193746793,0.3688789838866394,0.39422181484068336
2023,JAC,Devin Lloyd,58238,LB,LB,966,558,533,0.9551971326164874,11,0,48,0,0,7,0.4932233714011806,0.10200045339636489,0.5952238247975455,0.2264117320729514,0.36881209272459414,0.267255139655503
2023,LV,Nate Hobbs,55948,CB,CB,775,470,588,1.251063829787234,5,1,22,1,1,4,0.5751492814782397,0.05628864807269217,0.6314379295509319,0.26270954927892354,0.3687283802720084,0.33304498863278176
2022,HOU,Christian Kirksey,8706,LB,LB,1139,546,587,1.075091575091575,17,4,40,2,0,2,0.5030182561091608,0.09057180826339514,0.5935900643725561,0.2264117320729514,0.3671783322996047,0.22565832538167102
2023,CLE,Ronnie Hickman Jr.,97702,S,S,322,232,43,0.1853448275862069,2,0,7,1,0,2,0.5698594560451533,0.051958752067100454,0.6218182081122537,0.2546539193746793,0.36716428873757445,0.7981832363860315
2023,CLE,Juan Thornhill,50426,S,S,643,377,157,0.41644562334217505,3,0,10,0,0,1,0.5695403750307259,0.052133623963099895,0.6216739989938258,0.2546539193746793,0.3670200796191465,0.3995552966304861
2023,PIT,Levi Wallace,25445,CB,CB,762,502,548,1.091633466135458,0,0,5,2,0,6,0.5725069131563862,0.05628864807269217,0.6287955612290784,0.26270954927892354,0.3660860119501549,0.3362994860434494
2021,IND,Bobby Okereke,50954,LB,LB,1072,619,523,0.8449111470113085,15,1,50,2,0,2,0.4830227782480804,0.10854156242555829,0.5915643406736386,0.2264117320729514,0.3651526086006872,0.23843920337731442
2023,TB,Shaquil Barrett,9000,ED,EDGE,746,99,127,1.2828282828282829,56,5,21,1,3,0,0.3228129136170965,0.24444813457503622,0.5672610481921327,0.2021575437637748,0.36510350442835793,0.3425904197048935
2023,DAL,Donovan Wilson,49408,S,S,776,453,217,0.47902869757174393,6,0,23,2,1,2,0.5379526540839881,0.0800936296303212,0.6180462837143093,0.2546539193746793,0.36339236433962996,0.32780239051255283
2024,LAC,Elijah Molden,56290,S,S,761,500,173,0.346,0,0,17,3,0,2,0.5631820938853027,0.054550114351511816,0.6177322082368146,0.2546539193746793,0.36307828886213533,0.3339747729349471
2023,NO,Zack Baun,34632,ED,EDGE,303,56,54,0.9642857142857143,15,2,13,1,0,0,0.3123452042180731,0.25280803134729046,0.5651532355653636,0.2021575437637748,0.36299569180158875,0.8386039084525152
2024,SEA,Julian Love,51081,S,S,1079,658,351,0.5334346504559271,1,0,29,3,2,8,0.5565934802693404,0.060442805085289035,0.6170362853546295,0.2546539193746793,0.3623823659799502,0.23509514011674248
2022,PHI,Fletcher Cox,7018,DI,IDL,808,0,0,0.0,45,9,22,0,1,0,0.35097945009630843,0.2347258297012758,0.5857052797975842,0.22337835625431512,0.3623269235432691,0.3138970872280797
2021,TB,Jamel Dean,34918,CB,CB,823,579,446,0.770293609671848,0,0,22,2,1,5,0.5678421521071155,0.05628864807269217,0.6241308001798077,0.26270954927892354,0.3614212509008842,0.3074056812036682
2021,MIA,Byron Jones,9460,CB,CB,976,621,655,1.0547504025764896,2,0,12,0,0,10,0.5669700277843662,0.05628864807269217,0.6232586758570585,0.26270954927892354,0.360549126578135,0.2585905620949739
2023,LV,Divine Deablo,42208,LB,LB,771,434,416,0.9585253456221198,8,1,34,0,0,2,0.48275983864394933,0.10377433396908974,0.5865341726130391,0.2264117320729514,0.3601224405400877,0.3269594142387307
2021,MIA,Jerome Baker,28091,LB,LB,971,450,387,0.86,31,6,38,1,1,2,0.4876540861734824,0.09790678444942363,0.5855608706229062,0.2264117320729514,0.3591491385499548,0.25891287022138865
2021,SF,Jimmie Ward,8665,S,S,1197,742,298,0.40161725067385445,2,0,17,3,0,2,0.5572547080544061,0.05564126011555639,0.6128959681699625,0.2546539193746793,0.3582420487952832,0.20949827414928843
2022,DAL,Anthony Brown,10823,CB,CB,728,431,561,1.3016241299303943,0,0,6,0,1,6,0.5639502573376792,0.05628864807269217,0.6202389054103714,0.26270954927892354,0.3575293561314479,0.3437782270494691
2021,TB,Vita Vea,48956,DI,IDL,670,16,18,1.125,48,6,27,0,0,0,0.3188331686109015,0.25860584944601944,0.5774390180569209,0.22337835625431512,0.35406066180260576,0.36991412427137915
2023,PIT,Cameron Heyward,6183,DI,IDL,497,0,0,0.0,21,2,27,0,0,0,0.28216770648510114,0.294624869636676,0.5767925761217773,0.22337835625431512,0.35341421986746213,0.4977665068555805
2021,NO,David Onyemata,10754,DI,IDL,430,0,0,0.0,32,3,14,0,0,0,0.3790794549841582,0.19695792892292904,0.5760373839070873,0.22337835625431512,0.35265902765277213,0.5740960915277685
2023,MIA,Andrew Van Ginkel,30267,ED,EDGE,727,147,62,0.4217687074829932,53,8,31,1,0,4,0.3421088342500945,0.21268074667004122,0.5547895809201357,0.2021575437637748,0.35263203715636093,0.33953566163611093
2023,LAR,Michael Hoecht,108840,ED,EDGE,1016,256,313,1.22265625,43,7,30,0,1,1,0.3074637520567921,0.24674451818312446,0.5542082702399166,0.2021575437637748,0.3520507264761418,0.24255463438316852
2023,JAC,Andre Cisco,76641,S,S,848,553,332,0.6003616636528029,1,1,11,4,1,1,0.5512445012570313,0.0548012947589322,0.6060457960159635,0.2546539193746793,0.35139187664128424,0.29006404911426764
2022,LAR,Jalen Ramsey,10639,CB,CB,1078,620,712,1.1483870967741936,8,2,27,4,2,11,0.5576754172420111,0.05628864807269217,0.6139640653147033,0.26270954927892354,0.35125451603577973,0.22808734807518166
2021,CAR,Yetur Gross-Matos,56444,ED,EDGE,349,2,0,0.0,12,4,16,0,1,0,0.30035249489584853,0.25201423025908404,0.5523667251549326,0.2021575437637748,0.35020918139115775,0.7024252921885685
2021,MIN,Xavier Woods,11946,S,S,1207,749,414,0.5527369826435247,1,1,18,3,2,6,0.5475327298103666,0.057294370914208526,0.6048271007245751,0.2546539193746793,0.35017318134989583,0.20308303806539113
2022,CAR,Frankie Luvu,51028,LB,LB,941,415,496,1.1951807228915663,23,7,63,1,2,1,0.4432353844565065,0.13299969639682147,0.5762350808533281,0.2264117320729514,0.3498233487803767,0.26022990876329827
2022,LAC,Kyle Van Noy,8675,ED,EDGE,784,114,74,0.6491228070175439,37,5,26,0,1,1,0.27256767398329046,0.2768327605243202,0.5494004345076107,0.2021575437637748,0.34724289074383585,0.3100382953069963
2021,DAL,Leighton Vander Esch,50950,LB,LB,717,345,277,0.8028985507246377,6,1,41,1,0,1,0.44865350847718305,0.12455039499503671,0.5732039034722197,0.2264117320729514,0.3467921713992683,0.33856976287236795
2022,HOU,Ogbo Okoronkwo,50130,ED,EDGE,517,4,0,0.0,36,5,27,0,1,0,0.2954886711238229,0.25337799432382857,0.5488666654476514,0.2021575437637748,0.3467091216838766,0.46943207964934935
2022,WAS,Bobby McCain,9578,S,S,970,586,316,0.5392491467576792,3,0,20,0,1,5,0.5407022905127465,0.06045132046286342,0.60115361097561,0.2546539193746793,0.34649969160093075,0.2500513238357232
2021,LAR,Jordan Fuller,45326,S,S,1028,644,318,0.4937888198757764,1,0,24,1,0,2,0.5400967502828452,0.06043240585216546,0.6005291561350107,0.2546539193746793,0.3458752367603314,0.2355181573270739
2024,LAC,Bud Dupree,9455,ED,EDGE,570,20,15,0.75,27,6,18,1,1,0,0.31922933100302053,0.22880312178897788,0.5480324527919984,0.2021575437637748,0.3458749090282236,0.4247586602100991
2021,BUF,Tre'Davious White,11782,CB,CB,630,403,305,0.7568238213399504,3,1,12,1,1,5,0.552274701126551,0.05628864807269217,0.6085633491992433,0.26270954927892354,0.3458537999203197,0.38428199991146633
2021,NO,Carl Granderson,48500,ED,EDGE,448,9,3,0.3333333333333333,28,3,13,0,0,0,0.3052269615558849,0.24277200654752432,0.5479989681034092,0.2021575437637748,0.3458414243396344,0.5403772255306787
2023,BAL,Ronald Darby,9483,CB,CB,554,385,353,0.9168831168831169,0,0,10,0,1,5,0.551543568330371,0.05628864807269217,0.6078322164030632,0.26270954927892354,0.34512266712413964,0.43607557217851584
2023,NYJ,Will McDonald IV,76842,ED,EDGE,183,2,0,0.0,12,4,9,0,1,0,0.3477480762782039,0.19939130936922964,0.5471393856474336,0.2021575437637748,0.34498184188365877,1.3196026738719189
2022,IND,Bobby Okereke,50954,LB,LB,970,531,651,1.2259887005649717,3,0,53,0,2,4,0.45006297325893524,0.12032376622605051,0.5703867394849857,0.2264117320729514,0.34397500741203435,0.24822938679218973
2023,BAL,Tavius Robinson,124147,ED,EDGE,338,10,0,0.0,9,1,12,0,0,0,0.3397813486222543,0.20618841602240237,0.5459697646446566,0.2021575437637748,0.3438122208808818,0.7120371438361458
2023,KC,Drue Tranquill,51276,LB,LB,721,369,304,0.8238482384823849,22,5,42,0,2,1,0.4450468644135092,0.12496325014732945,0.5700101145608387,0.2264117320729514,0.3435983824878873,0.33359066260959935
2022,LAC,Drue Tranquill,51276,LB,LB,1051,553,440,0.7956600361663653,15,5,53,2,0,2,0.46619368608147743,0.10329924059219123,0.5694929266736687,0.2264117320729514,0.3430811946007173,0.228503174329688
2022,PIT,Alex Highsmith,43507,ED,EDGE,941,61,43,0.7049180327868853,55,15,41,0,5,1,0.27980935634271814,0.2652118512100397,0.5450212075527578,0.2021575437637748,0.34286366378898303,0.255052672319116
2023,NYJ,Micheal Clemons,56872,ED,EDGE,368,1,0,0.0,8,1,12,0,1,0,0.2595314031687806,0.28440243760635475,0.5439338407751353,0.2021575437637748,0.3417762970113605,0.6501179562716096
2022,BUF,Shaq Lawson,10653,ED,EDGE,537,13,0,0.0,23,4,14,0,1,0,0.29595429633121645,0.24697045700398376,0.5429247533352002,0.2021575437637748,0.34076720957142537,0.4442030664804427
2022,DEN,Pat Surtain II,83119,CB,CB,1104,676,417,0.6168639053254438,3,0,13,2,1,7,0.5471678366372809,0.05628864807269217,0.603456484709973,0.26270954927892354,0.3407469354310495,0.21605331050881763
2023,LAR,Jordan Fuller,45326,S,S,1057,664,334,0.5030120481927711,0,0,17,3,3,5,0.5341275543945296,0.060149465236512746,0.5942770196310424,0.2546539193746793,0.3396231002563631,0.22491596043467754
2024,DEN,Malcolm Roach,50191,DI,IDL,524,7,0,0.0,26,3,25,0,0,1,0.3041744190840067,0.2578197638580831,0.5619941829420898,0.22337835625431512,0.3386158266877747,0.45234938679664555
2023,DAL,Jourdan Lewis,11846,CB,CB,771,491,609,1.240325865580448,0,0,15,1,3,4,0.5444328239024978,0.05628864807269217,0.60072147197519,0.26270954927892354,0.33801192269626645,0.30688501412112384
2021,CAR,Derrick Brown,43883,DI,IDL,631,0,0,0.0,23,3,25,0,0,0,0.30245989393062733,0.25814512392363403,0.5606050178542614,0.22337835625431512,0.3372266615999463,0.37410247721071693
2023,LV,Marcus Peters,9451,CB,CB,732,426,356,0.8356807511737089,0,0,10,1,0,4,0.5435465603984001,0.05628864807269217,0.5998352084710923,0.26270954927892354,0.33712565919216875,0.32238792545699196
2023,LAR,Kobie Turner,66894,DI,IDL,729,0,0,0.0,50,12,36,0,0,0,0.34631578828984355,0.21371317373943746,0.5600289620292811,0.22337835625431512,0.33665060577496597,0.32325846919406886
2024,LAC,Alohi Gilman,41662,S,S,731,478,163,0.3410041841004184,1,1,10,1,1,4,0.5350647934875817,0.05601260441499153,0.5910773979025732,0.2546539193746793,0.3364234785278939,0.3221565457859449
2022,BAL,Odafe Oweh,82161,ED,EDGE,665,63,49,0.7777777777777778,43,6,25,0,1,0,0.2566003867567514,0.2806328365824568,0.5372332233392082,0.2021575437637748,0.3350756795754334,0.35271124165835094
2022,MIA,Christian Wilkins,50293,DI,IDL,1022,8,0,0.0,33,7,58,0,1,0,0.23397537386938455,0.32425323086687863,0.5582286047362632,0.22337835625431512,0.3348502484819481,0.2293494852616083
2023,IND,Dayo Odeyingbo,56923,ED,EDGE,623,1,0,0.0,29,12,25,0,2,0,0.31956915668190045,0.21650162969378242,0.5360707863756828,0.2021575437637748,0.333913242611908,0.3751834186650652
2023,LV,John Jenkins,7863,DI,IDL,595,0,0,0.0,15,1,28,0,0,0,0.25600934426496336,0.3010726991316059,0.5570820433965693,0.22337835625431512,0.3337036871422542,0.39259257310853435
2021,CLE,Myles Garrett,11756,ED,EDGE,866,11,0,0.0,78,18,30,0,1,0,0.3459033683974388,0.18983573706593487,0.5357391054633738,0.2021575437637748,0.33358156169959896,0.26963867573870587
2021,CIN,Mike Hilton,10898,CB,CB,1031,698,731,1.0472779369627507,11,1,29,3,1,6,0.5386799077881252,0.05628864807269217,0.5949685558608175,0.26270954927892354,0.332259006581894,0.22558807430390473
2021,NE,Davon Godchaux,11934,DI,IDL,673,1,0,0.0,17,1,26,0,1,0,0.26258843278414196,0.2922226599796605,0.5548110927638025,0.22337835625431512,0.33143273650948735,0.34472944362056634
2021,LAR,Ernest Jones,81399,LB,LB,519,299,195,0.6521739130434783,12,3,24,2,0,3,0.4700458198949273,0.08748164658541435,0.5575274664803417,0.2264117320729514,0.3311157344073903,0.4465915492970582
2021,TEN,David Long Jr.,29367,LB,LB,675,437,452,1.034324942791762,10,1,29,2,0,3,0.4591162063165507,0.09821426598251481,0.5573304722990655,0.2264117320729514,0.3309187402261141,0.3431749898641183
2023,PIT,Elandon Roberts,10848,LB,LB,622,297,365,1.228956228956229,16,3,50,0,0,3,0.42958865743109026,0.12698467601442806,0.5565733334455184,0.2264117320729514,0.330161601372567,0.3715645031524066
2021,TB,Anthony Nelson,48405,ED,EDGE,399,31,26,0.8387096774193549,26,5,15,0,0,1,0.3059876952428555,0.2260722905285433,0.5320599857713988,0.2021575437637748,0.329902442007624,0.5787762140484631
2023,TB,Zyon McCollum,66769,CB,CB,870,574,635,1.1062717770034842,1,0,18,0,1,8,0.5360350407415301,0.05628864807269217,0.5923236888142223,0.26270954927892354,0.3296141395352987,0.2652067789364473
2023,CHI,Justin Jones,48940,DI,IDL,740,13,34,2.6153846153846154,36,5,22,0,0,0,0.29538332184088,0.257405728863953,0.5527890507048331,0.22337835625431512,0.32941069445051796,0.31160471096670617
2023,NYG,A'Shawn Robinson,10680,DI,IDL,515,2,0,0.0,9,0,36,0,0,0,0.24020802984329218,0.31231132872504913,0.5525193585683412,0.22337835625431512,0.3291410023140261,0.4473761196501326
2023,NO,Khalen Saunders,31534,DI,IDL,522,1,0,0.0,14,0,22,0,0,0,0.24754310855282602,0.3048063647559407,0.5523494733087668,0.22337835625431512,0.3289711170544517,0.4411490075442839
2024,HOU,Kamari Lassiter,146727,CB,CB,906,552,430,0.7789855072463768,2,0,23,4,0,6,0.5353156702067268,0.05628864807269217,0.591604318279419,0.26270954927892354,0.3288947690004954,0.25411295618139823
2022,IND,Dayo Odeyingbo,56923,ED,EDGE,519,1,0,0.0,25,6,19,0,0,0,0.33028223372665966,0.20035110836215828,0.530633342088818,0.2021575437637748,0.32847579832504314,0.44303094186422004
2021,SF,Fred Warner,51222,LB,LB,1170,680,459,0.675,8,2,56,0,2,4,0.44496098138740403,0.10961008400285303,0.554571065390257,0.2264117320729514,0.3281593333173056,0.19633464386505464
2024,MIN,Jalen Redmond,76861,DI,IDL,236,1,0,0.0,5,1,14,0,0,0,0.25960398218054304,0.29104863447694734,0.5506526166574904,0.22337835625431512,0.3272742604031753,0.9707287384839945
2022,DEN,Dre'Mont Jones,28075,DI,IDL,715,0,0,0.0,45,7,25,0,1,0,0.3199536875765483,0.2298608525864645,0.5498145401630128,0.22337835625431512,0.32643618390869766,0.31958787235816555
2023,HOU,Blake Cashman,35413,LB,LB,746,413,347,0.8401937046004843,9,3,48,1,0,3,0.45224368189825914,0.10039069645684585,0.552634378355105,0.2264117320729514,0.3262226462821536,0.3061070407473291
2023,BUF,Christian Benford,79181,CB,CB,837,552,453,0.8206521739130435,1,0,10,2,3,7,0.5326298563303145,0.05628864807269217,0.5889185044030066,0.26270954927892354,0.3262089551240831,0.27281513570711846
2021,TEN,Amani Hooker,51378,S,S,770,528,219,0.4147727272727273,0,0,13,2,1,4,0.5208092297473116,0.060009903380916434,0.580819133128228,0.2546539193746793,0.3261652137535487,0.2965138306850443
2023,HOU,Jalen Pitre,57737,S,S,1032,592,242,0.40878378378378377,7,0,27,0,2,5,0.5147632694785609,0.06563283010427134,0.5803960995828322,0.2546539193746793,0.32574218020815293,0.2209491532419642
2022,BAL,Marlon Humphrey,11771,CB,CB,1107,702,586,0.8347578347578347,6,3,19,3,1,2,0.5317079928398634,0.05628864807269217,0.5879966409125555,0.26270954927892354,0.325287091633632,0.2056919278622786
2021,PIT,Terrell Edmunds,51334,S,S,1209,717,351,0.4895397489539749,2,1,26,2,0,4,0.5056228295385023,0.0736172117446929,0.5792400412831953,0.2546539193746793,0.324586121908516,0.18793241136142366
2022,SF,Drake Jackson,70839,ED,EDGE,315,1,0,0.0,16,4,8,1,0,0,0.38596645927850654,0.1401453076415,0.5261117669200066,0.2021575437637748,0.3239542231562318,0.7198982736805151
2024,MIA,Zach Sieler,66917,DI,IDL,749,10,0,0.0,46,11,28,1,1,0,0.3448846463108136,0.2024460119956257,0.5473306583064393,0.22337835625431512,0.3239523020521242,0.30275916079637777
2023,NYG,Deonte Banks,101384,CB,CB,844,496,644,1.2983870967741935,0,0,17,2,0,6,0.5300064989581248,0.05628864807269217,0.586295147030817,0.26270954927892354,0.32358559775189344,0.26837668059991165
2023,HOU,Maliek Collins,10701,DI,IDL,780,4,0,0.0,48,7,24,0,0,0,0.3436063202617524,0.20316192136084293,0.5467682416225953,0.22337835625431512,0.32338988536828017,0.2902216919971745
2023,SF,Deommodore Lenoir,55686,CB,CB,1198,801,860,1.0736579275905118,3,0,29,3,1,6,0.5297162778204753,0.05628864807269217,0.5860049258931673,0.26270954927892354,0.3232953766142438,0.1889038093739321
2021,NO,Christian Ringo,9643,DI,IDL,315,1,0,0.0,7,0,17,0,1,0,0.25019548057954366,0.2948901912544968,0.5450856718340404,0.22337835625431512,0.3217073155797253,0.714905145732723
2023,LV,Bilal Nichols,28451,DI,IDL,616,1,0,0.0,19,2,23,0,0,0,0.27667036872257245,0.2683291311321535,0.544999499854726,0.22337835625431512,0.32162114360041083,0.36547857227319414
2021,TB,Ndamukong Suh,5527,DI,IDL,798,9,5,0.5555555555555556,43,7,18,0,1,0,0.3432644245909989,0.20149716306296947,0.5447615876539684,0.22337835625431512,0.3213832313996533,0.28191511526285373
2022,BUF,A.J. Epenesa,56369,ED,EDGE,438,10,24,2.4,30,7,12,0,2,0,0.28669439287615006,0.23641473243371422,0.5231091253098642,0.2021575437637748,0.3209515815460894,0.5129363175394123
2024,MIN,Jonathan Bullard,10706,DI,IDL,590,2,0,0.0,6,1,22,0,0,0,0.2608636825270202,0.2828221974112297,0.5436858799382498,0.22337835625431512,0.32030752368393467,0.3800258755572106
2022,NE,Christian Barmore,82198,DI,IDL,327,2,0,0.0,23,3,14,0,0,0,0.3821830082355839,0.16078053394205544,0.5429635421776394,0.22337835625431512,0.3195851859233243,0.6841273093159846
2022,BAL,Marcus Williams,11797,S,S,695,442,143,0.3235294117647059,2,0,6,4,0,4,0.5207777452861911,0.05326065713248553,0.5740384024186768,0.2546539193746793,0.31938448304399747,0.3216822131378392
2023,BAL,Arthur Maulet,12224,CB,CB,458,333,425,1.2762762762762763,9,2,22,1,0,2,0.5255259982076017,0.05628864807269217,0.5818146462802939,0.26270954927892354,0.31910509700137035,0.48771521375755295
2024,LAC,Kristian Fulton,42894,CB,CB,827,501,491,0.9800399201596807,0,0,20,1,0,5,0.5254177506775954,0.05628864807269217,0.5817063987502876,0.26270954927892354,0.3189968494713641,0.27000942518736987
2023,DAL,Markquese Bell,56033,LB,LB,701,401,374,0.9326683291770573,3,0,34,0,2,3,0.43173009630966197,0.11361386066981301,0.5453439569794749,0.2264117320729514,0.3189322249065235,0.31847725739595784
2021,SEA,Quandre Diggs,9633,S,S,1230,738,251,0.34010840108401086,0,0,9,5,0,2,0.5212718420011431,0.051958752067100454,0.5732305940682435,0.2546539193746793,0.3185766746935642,0.18130379860609344
2023,CIN,Trey Hendrickson,11858,ED,EDGE,742,30,37,1.2333333333333334,79,20,30,0,3,0,0.31001792030150715,0.209673568907893,0.5196914892094001,0.2021575437637748,0.3175339454456253,0.29956032589209936
2024,LV,Jack Jones,29050,CB,CB,1047,647,679,1.0494590417310665,0,0,22,3,0,10,0.5228997356593551,0.05628864807269217,0.5791883837320474,0.26270954927892354,0.31647883445312386,0.21159043373179245
2022,NE,Jahlani Tavai,51055,LB,LB,570,236,229,0.9703389830508474,6,2,20,0,0,3,0.455319686982593,0.08729437554151273,0.5426140625241058,0.2264117320729514,0.3162023304511544,0.3883186514312423
2023,PIT,Larry Ogunjobi,11820,DI,IDL,816,4,0,0.0,35,3,25,0,1,0,0.31698509267057884,0.22220466153884752,0.5391897542094264,0.22337835625431512,0.31581139795511126,0.270916640402669
2023,IND,Julian Blackmon,49434,S,S,987,545,365,0.6697247706422018,4,0,30,4,0,2,0.4944469286526136,0.07601512772245829,0.5704620563750719,0.2546539193746793,0.31580813700039256,0.22397740212793799
2022,HOU,Desmond King II,11906,CB,CB,916,511,413,0.8082191780821918,5,0,28,2,0,6,0.5213908827061242,0.05628864807269217,0.5776795307788164,0.26270954927892354,0.31496998149989286,0.24069758411563863
2023,LAC,Alohi Gilman,41662,S,S,928,544,292,0.5367647058823529,0,0,15,2,3,7,0.512273886694088,0.05712177690516953,0.5693956635992574,0.2546539193746793,0.3147417442245781,0.23741295361767745
2022,BAL,Justin Houston,6222,ED,EDGE,423,24,0,0.0,42,12,16,1,1,0,0.3803209468428945,0.13622589915838915,0.5165468460012836,0.2021575437637748,0.3143893022375088,0.5202659847902037
2023,KC,Jaylen Watson,131960,CB,CB,533,380,286,0.7526315789473684,2,2,14,0,0,7,0.5203620969104855,0.05628864807269217,0.5766507449831778,0.26270954927892354,0.31394119570425427,0.41230551030577484
2024,DEN,Justin Strnad,42659,LB,LB,736,425,460,1.0823529411764705,12,3,38,0,0,1,0.41935729513153064,0.1206766322800192,0.5400339274115499,0.2264117320729514,0.3136221953385985,0.29828197926225397
2024,PHI,Jalyx Hunt,105989,ED,EDGE,343,18,0,0.0,19,4,14,0,1,0,0.3213228644750445,0.19413228407014402,0.5154551485451885,0.2021575437637748,0.31329760478141366,0.6393828669008442
2023,DAL,Malik Hooker,11770,S,S,862,530,160,0.3018867924528302,1,0,5,1,1,1,0.5159380235405774,0.051958752067100454,0.5678967756076778,0.2546539193746793,0.3132428562329985,0.25437354914512644
2022,DEN,Justin Simmons,10732,S,S,808,495,416,0.8404040404040404,1,0,16,6,3,1,0.5026915346768007,0.0651740865086371,0.5678656211854379,0.2546539193746793,0.31321170181075864,0.27134677137070673
2021,DAL,Carlos Watkins,11897,DI,IDL,469,2,0,0.0,5,1,16,1,0,0,0.26183538562301983,0.27450360514569483,0.5363389907687146,0.22337835625431512,0.3129606345143995,0.4671054246483574
2023,MIA,Zach Sieler,66917,DI,IDL,924,0,0,0.0,60,9,37,1,1,0,0.3114993412537379,0.22444828863812913,0.5359476298918671,0.22337835625431512,0.31256927363755194,0.23679490427087269
2022,LAC,Sebastian Joseph-Day,49935,DI,IDL,758,1,0,0.0,20,3,33,1,0,0,0.253094780696325,0.2824722979037108,0.5355670786000358,0.22337835625431512,0.3121887223457207,0.2883009309261273
2022,CAR,Shaq Thompson,9458,LB,LB,1089,593,505,0.851602023608769,7,1,60,0,0,4,0.43267219196006623,0.10592765066853174,0.538599842628598,0.2264117320729514,0.31218811055564655,0.20067188006331732
2022,SF,Jordan Willis,11828,ED,EDGE,266,1,0,0.0,14,2,8,0,1,0,0.3022115090109778,0.21209708943263555,0.5143085984436133,0.2021575437637748,0.3121510546798385,0.8214501438943118
2024,GB,Edgerrin Cooper,124311,LB,LB,549,274,341,1.2445255474452555,12,4,39,1,1,2,0.41912553340960285,0.11830683296417352,0.5374323663737764,0.2264117320729514,0.31102063430082505,0.39656547178611573
2023,HOU,Sheldon Rankins,10646,DI,IDL,673,1,0,0.0,42,6,28,0,1,0,0.3127630053009842,0.22159662109554376,0.534359626396528,0.22337835625431512,0.3109812701422129,0.3234574875179035
2023,BAL,Broderick Washington,50049,DI,IDL,452,5,0,0.0,19,2,9,0,0,0,0.3754700842679571,0.15819494279942536,0.5336650270673825,0.22337835625431512,0.3102866708130674,0.48053245479899814
2022,MIA,Jaelan Phillips,56902,ED,EDGE,901,99,96,0.9696969696969697,77,10,42,0,1,1,0.26341537186070685,0.24846904188203084,0.5118844137427377,0.2021575437637748,0.3097268699789629,0.2406313085297159
2023,NE,Keion White,60998,ED,EDGE,522,10,0,0.0,20,1,19,0,0,0,0.2823205483929957,0.22858965135280618,0.510910199745802,0.2021575437637748,0.30875265598202717,0.41403612871153067
2023,PIT,Damontae Kazee,11904,S,S,791,506,400,0.7905138339920948,0,0,6,2,0,1,0.5113342356603353,0.051958752067100454,0.5632929877274359,0.2546539193746793,0.30863906835275656,0.2731319188962447
2023,IND,Zaire Franklin,49834,LB,LB,1090,576,745,1.2934027777777777,7,2,54,0,2,5,0.4405986002382736,0.09441291889291425,0.5350115191311878,0.2264117320729514,0.30859978705823643,0.19818334948694083
2023,MIN,Harrison Phillips,48690,DI,IDL,838,28,0,0.0,21,4,39,0,0,0,0.2899042599515869,0.24184357314268679,0.5317478330942738,0.22337835625431512,0.30836947683995863,0.25758786848206566
2024,SEA,Tariq Woolen,61790,CB,CB,889,547,393,0.7184643510054844,2,0,9,3,1,8,0.5142063317549844,0.05628864807269217,0.5704949798276766,0.26270954927892354,0.30778543054875307,0.24235073271555357
2022,NE,Marcus Jones,55717,CB,CB,371,266,366,1.3759398496240602,0,0,3,2,0,4,0.5137678891955698,0.05628864807269217,0.570056537268262,0.26270954927892354,0.30734698798933846,0.5798999773383744
2022,NYJ,Micheal Clemons,56872,ED,EDGE,311,2,0,0.0,13,3,16,0,0,0,0.30812699572797986,0.20137659067607322,0.509503586404053,0.2021575437637748,0.3073460426402782,0.6917756586758674
2023,DET,Alex Anzalone,11831,LB,LB,1189,690,535,0.7753623188405797,30,3,57,0,0,5,0.4339112316790418,0.09938041510949881,0.5332916467885406,0.2264117320729514,0.3068799147155892,0.18066941993348395
2022,LAR,Bobby Wagner,7050,LB,LB,1079,529,420,0.7939508506616257,20,6,50,2,0,3,0.44176942972955835,0.09122078722339894,0.5329902169529573,0.2264117320729514,0.30657848488000594,0.19889243690083794
2022,ARI,J.J. Watt,6163,DI,IDL,816,3,5,1.6666666666666667,56,13,32,0,1,0,0.31909438801106327,0.21078255672355461,0.5298769447346179,0.22337835625431512,0.30649858848030276,0.26292771070614207
2022,NE,Jack Jones,29050,CB,CB,434,260,306,1.176923076923077,0,0,10,2,1,4,0.5125257112055197,0.05628864807269217,0.5688143592782118,0.26270954927892354,0.30610480999928824,0.49371743548272295
2021,TEN,Janoris Jenkins,7043,CB,CB,927,650,599,0.9215384615384615,0,0,12,1,1,4,0.5124791024460216,0.05628864807269217,0.5687677505187138,0.26270954927892354,0.3060582012397902,0.23111191032130868
2022,CIN,Cam Taylor-Britt,83326,CB,CB,788,495,484,0.9777777777777777,0,0,15,1,1,8,0.5124116408270795,0.05628864807269217,0.5687002888997716,0.26270954927892354,0.3059907396208481,0.2718191849423778
2021,TB,Rakeem Nunez-Roches,9650,DI,IDL,477,11,0,0.0,16,0,10,0,1,0,0.31669548951459453,0.21254709993052495,0.5292425894451195,0.22337835625431512,0.30586423319080436,0.4488573652695242
2021,DEN,Justin Simmons,10732,S,S,1082,656,353,0.538109756097561,3,1,20,5,0,7,0.498929318384423,0.06111523553047876,0.5600445539149018,0.2546539193746793,0.3053906345402225,0.1975724992404397
2023,NO,Marcus Maye,11794,S,S,444,247,166,0.6720647773279352,3,1,9,2,0,0,0.49932227563000464,0.060375615259240026,0.5596978908892446,0.2546539193746793,0.3050439715145653,0.48092518031575615
2024,GB,Kingsley Enagbare,82409,ED,EDGE,538,30,30,1.0,26,5,21,0,2,0,0.25793648726498236,0.24884864375539437,0.5067851310203768,0.2021575437637748,0.304627587256602,0.3963555968022702
2023,CHI,Yannick Ngakoue,10703,ED,EDGE,592,18,0,0.0,34,4,11,0,0,0,0.3503702788371597,0.1550159415072539,0.5053862203444136,0.2021575437637748,0.3032286765806388,0.3585474216325121
2023,BUF,Taron Johnson,49511,CB,CB,1044,654,518,0.7920489296636085,8,1,40,0,3,4,0.5091476081562231,0.05628864807269217,0.5654362562289152,0.26270954927892354,0.3027267069499917,0.20297767707374922
2022,NYJ,Jermaine Johnson,99015,ED,EDGE,312,3,0,0.0,14,3,19,0,0,0,0.3068234372545877,0.19790812086251736,0.5047315581171051,0.2021575437637748,0.3025740143533303,0.6788519552799077
2022,LAC,Derwin James Jr.,51368,S,S,909,509,235,0.46168958742632615,9,4,29,2,2,4,0.4814520702966072,0.07556258763613516,0.5570146579327423,0.2546539193746793,0.302360738558063,0.232841052794988
2023,ATL,Lorenzo Carter,50126,ED,EDGE,431,13,4,0.3076923076923077,21,3,23,0,1,0,0.23506893644548904,0.26929322497194075,0.5043621614174298,0.2021575437637748,0.302204617653655,0.49081956463470655
2021,BUF,Boogie Basham,44320,ED,EDGE,244,2,0,0.0,14,4,10,0,0,0,0.3289421360555899,0.17536011762930273,0.5043022536848927,0.2021575437637748,0.30214470992111786,0.8668085940359939
2024,LV,Maxx Crosby,26316,ED,EDGE,766,9,26,2.888888888888889,54,8,27,0,0,0,0.25826913915326666,0.24577467906205713,0.5040438182153238,0.2021575437637748,0.30188627445154903,0.2758751855301362
2021,NE,Ja'Whaun Bentley,50966,LB,LB,711,317,290,0.9148264984227129,11,1,30,0,2,2,0.39645853695472516,0.13154423220618824,0.5280027691609135,0.2264117320729514,0.3015910370879621,0.29692507167591203
2023,LAR,Ernest Jones,81399,LB,LB,988,487,341,0.7002053388090349,37,6,51,0,0,4,0.41379340508843354,0.11397660298610163,0.5277700080745352,0.2264117320729514,0.3013582760015838,0.2135129485841181
2021,MIA,Jaelan Phillips,56902,ED,EDGE,603,48,21,0.4375,39,10,16,0,0,0,0.32576139184365327,0.17753019171671552,0.5032915835603687,0.2021575437637748,0.3011340397965939,0.3495751705764772
2022,JAC,Tyson Campbell,83217,CB,CB,1275,789,512,0.6489226869455006,1,0,17,3,1,9,0.5068883996113989,0.05628864807269217,0.5631770476840912,0.26270954927892354,0.3004674984051676,0.1649625481440136
2022,LAC,Michael Davis,12040,CB,CB,837,478,445,0.9309623430962343,2,1,9,1,0,12,0.5065740551427125,0.05628864807269217,0.5628627032154047,0.26270954927892354,0.3001531539364811,0.2510241430771049
2023,BUF,Micah Hyde,7941,S,S,912,574,314,0.5470383275261324,3,0,8,2,0,2,0.49866359112030656,0.055735338241573666,0.5543989293618803,0.2546539193746793,0.299745009987201,0.23006744187614112
2023,SF,Dre Greenlaw,51503,LB,LB,999,635,593,0.9338582677165355,8,2,49,2,0,3,0.43007913307059664,0.09461628145289881,0.5246954145234954,0.2264117320729514,0.29828368245054404,0.2090075853006815
2021,CIN,B.J. Hill,49894,DI,IDL,720,4,5,1.25,38,8,30,1,0,0,0.3064559760010525,0.2150414232829412,0.5214973992839936,0.22337835625431512,0.2981190430296785,0.28983795850107635
2024,PHI,Brandon Graham,5538,ED,EDGE,324,16,5,0.3125,21,4,13,0,1,0,0.2599287537938332,0.23993435859710519,0.4998631123909384,0.2021575437637748,0.2977055686271636,0.6431910433302916
2023,MIA,Christian Wilkins,50293,DI,IDL,968,1,0,0.0,61,10,34,0,1,0,0.30712909105266123,0.21379344044791293,0.5209225315005742,0.22337835625431512,0.2975441752462591,0.21516624243014604
2023,DET,Kerby Joseph,83239,S,S,1043,669,512,0.7653213751868461,1,0,10,4,0,6,0.49688979846090026,0.05500840570253021,0.5518982041634304,0.2546539193746793,0.2972442847887511,0.1994928085830544
2023,MIN,Harrison Smith,7641,S,S,1111,593,262,0.4418212478920742,12,3,30,0,3,1,0.4810509725403751,0.07041315103184832,0.5514641235722235,0.2546539193746793,0.2968102041975442,0.18700912955740862
2024,GB,Quay Walker,82547,LB,LB,804,425,373,0.8776470588235294,14,3,33,0,0,2,0.42844548687360295,0.09455651177933559,0.5230019986529386,0.2264117320729514,0.2965902665799872,0.25822535647511324
2023,DAL,Damone Clark,81282,LB,LB,834,387,202,0.5219638242894057,8,0,33,0,0,2,0.4155998177653824,0.10714555349885077,0.5227453712642331,0.2264117320729514,0.29633363919128175,0.24872127989675927
2021,MIN,Sheldon Richardson,7794,DI,IDL,688,1,0,0.0,37,4,24,0,1,0,0.25443743479101266,0.2647459106880238,0.5191833454790364,0.22337835625431512,0.2958049892247213,0.30096437857166414
2021,PHI,Josh Sweat,50120,ED,EDGE,654,6,0,0.0,46,9,26,0,1,0,0.310598146032418,0.18720775713807358,0.49780590317049167,0.2021575437637748,0.29564835940671685,0.3164431981417459
2021,MIN,Eric Kendricks,9478,LB,LB,1032,566,533,0.941696113074205,11,5,44,2,0,2,0.4260348460310192,0.09598567412449197,0.5220205201555113,0.2264117320729514,0.29560878808255986,0.20050983687770532
2022,NE,Jalen Mills,10867,CB,CB,468,287,333,1.1602787456445993,1,0,9,2,0,3,0.5019986881202579,0.05628864807269217,0.5582873361929501,0.26270954927892354,0.2955777869140266,0.4421035274355098
2021,IND,Kwity Paye,56713,ED,EDGE,638,16,0,0.0,39,5,20,0,1,0,0.3177333827406003,0.17986974056865243,0.49760312330925277,0.2021575437637748,0.295445579545478,0.32415659197779717
2022,BAL,Chuck Clark,11941,S,S,1149,721,256,0.3550624133148405,3,0,19,0,1,4,0.48966116330740633,0.05946811474365964,0.549129278051066,0.2546539193746793,0.29447535867638674,0.17940187212660635
2022,GB,Jaire Alexander,49350,CB,CB,901,487,572,1.1745379876796715,0,0,17,5,0,8,0.5007736481246416,0.05628864807269217,0.5570622961973338,0.26270954927892354,0.2943527469184103,0.22868692879343752
2024,PIT,Patrick Queen,57941,LB,LB,1164,633,728,1.1500789889415481,14,1,41,0,2,5,0.4321580444941303,0.08829885402962076,0.5204568985237511,0.2264117320729514,0.2940451664507997,0.17683128566628847
2022,WAS,Benjamin St-Juste,56061,CB,CB,655,413,555,1.3438256658595642,4,2,11,0,1,6,0.4998615837370811,0.05628864807269217,0.5561502318097733,0.26270954927892354,0.29344068253084976,0.3136007294222822
2021,PHI,Javon Hargrave,10723,DI,IDL,779,0,0,0.0,63,10,34,0,0,0,0.33033047851885594,0.1864701070833223,0.5168005856021782,0.22337835625431512,0.2934222293478631,0.26366567463864465
2022,CIN,Mike Hilton,10898,CB,CB,846,538,621,1.154275092936803,11,1,34,1,0,5,0.49912743797362286,0.05628864807269217,0.5554160860463151,0.26270954927892354,0.29270653676739156,0.24219216990209705
2023,KC,Willie Gay,57987,LB,LB,698,329,317,0.9635258358662614,14,1,26,1,1,0,0.41766782117545126,0.10121295908567512,0.5188807802611263,0.2264117320729514,0.2924690481881749,0.29330706838355647
2021,TB,Jason Pierre-Paul,5540,ED,EDGE,699,55,82,1.490909090909091,29,4,15,0,1,0,0.26756434875242663,0.2269804560933433,0.49454480484577,0.2021575437637748,0.2923872610819952,0.2928055547316118
2024,BUF,Greg Rousseau,76889,ED,EDGE,861,24,44,1.8333333333333333,70,11,40,0,3,0,0.25812947294752125,0.23639354591834905,0.49452301886587036,0.2021575437637748,0.29236547510209554,0.2376955082130858
2022,DEN,Josey Jewell,50720,LB,LB,825,423,635,1.5011820330969268,11,3,40,2,1,2,0.4207045890590194,0.09750712686868482,0.5182117159277042,0.2264117320729514,0.2917999838547528,0.24758786508888117
2021,GB,Rashan Gary,42905,ED,EDGE,722,9,10,1.1111111111111112,87,12,29,0,2,0,0.2754697324427967,0.21845464857498037,0.4939243810177771,0.2021575437637748,0.2917668372540023,0.28287643501080556
2021,NYG,James Bradberry,10696,CB,CB,1160,689,729,1.058055152394775,0,0,9,4,0,13,0.49814596305639397,0.05628864807269217,0.5544346111290861,0.26270954927892354,0.29172506185016256,0.17604098559923603
2022,TEN,Kevin Byard,10698,S,S,1139,767,409,0.5332464146023468,2,0,18,4,0,2,0.4878989207639942,0.05829146626375929,0.5461903870277535,0.2546539193746793,0.29153646765307417,0.17917078784648982
2022,LAR,Aaron Donald,8648,DI,IDL,615,0,0,0.0,40,5,33,0,1,0,0.2610657633002062,0.25363186773554686,0.5146976310357531,0.22337835625431512,0.29131927478143793,0.3315829143853765
2021,BUF,Dane Jackson,32989,CB,CB,620,390,298,0.764102564102564,0,0,9,0,0,5,0.49668341425473594,0.05628864807269217,0.5529720623274281,0.26270954927892354,0.2902625130485046,0.3277157405386342
2022,CAR,Jaycee Horn,83375,CB,CB,812,452,310,0.6858407079646017,4,1,13,3,0,3,0.4965338887293064,0.05628864807269217,0.5528225368019987,0.26270954927892354,0.2901129875230751,0.25009740303713374
2022,DEN,Baron Browning,58095,ED,EDGE,569,78,82,1.0512820512820513,38,6,14,1,0,0,0.306755483143364,0.18534174115001142,0.49209722429337543,0.2021575437637748,0.2899396805296006,0.3566920498606686
2021,CAR,Morgan Fox,11184,DI,IDL,561,5,0,0.0,26,3,16,0,1,0,0.30367854331446575,0.20895105352415577,0.5126295968386215,0.22337835625431512,0.2892512405843064,0.36091955153122013
2021,NO,Payton Turner,56624,ED,EDGE,144,1,0,0.0,10,1,10,0,0,0,0.27968877977287643,0.21118995250437483,0.49087873227725126,0.2021575437637748,0.2887211885134765,1.4035057774960662
2023,NYG,Micah McFadden,81246,LB,LB,736,274,298,1.0875912408759123,14,2,36,1,0,3,0.4027649039371097,0.11224405592578941,0.5150089598628992,0.2264117320729514,0.2885972277899478,0.2744810590393525
2022,TEN,Jeffery Simmons,43742,DI,IDL,840,6,0,0.0,53,8,27,0,1,0,0.3016982795725683,0.21003388329977288,0.5117321628723412,0.22337835625431512,0.2883538066180261,0.2402948388483551
2024,MIA,Calais Campbell,4364,DI,IDL,616,13,0,0.0,39,5,37,0,1,0,0.26072187170990707,0.2508509122193886,0.5115727839292956,0.22337835625431512,0.2881944276749805,0.3274936678124778
2022,BUF,DaQuan Jones,8747,DI,IDL,692,0,0,0.0,33,5,20,0,0,0,0.3185444384324952,0.1929524447390511,0.5114968831715464,0.22337835625431512,0.2881185269172313,0.2914493769393958
2021,CIN,DJ Reader,10800,DI,IDL,777,1,0,0.0,32,3,29,0,0,0,0.2869977157704393,0.22446503166826917,0.5114627474387086,0.22337835625431512,0.28808439118439344,0.2595354875535076
2024,LAC,Teair Tart,82261,DI,IDL,378,0,0,0.0,18,1,14,1,1,0,0.2880908158850067,0.22313195787950374,0.5112227737645104,0.22337835625431512,0.2878444175101953,0.5330452176114727
2021,CAR,Jermaine Carter,28838,LB,LB,852,412,386,0.9368932038834952,11,0,38,0,0,1,0.41524196593346585,0.098902425692367,0.5141443916258329,0.2264117320729514,0.2877326595528815,0.23640007240260216
2022,NO,Paulson Adebo,52280,CB,CB,814,496,652,1.314516129032258,0,0,22,0,0,7,0.4938172926447451,0.05628864807269217,0.5501059407174372,0.26270954927892354,0.2873963914385137,0.24714677396432383
2022,JAC,Rayshawn Jenkins,11868,S,S,1263,743,559,0.7523553162853297,9,1,30,3,2,4,0.46920231985928257,0.07253296840211028,0.5417352882613928,0.2546539193746793,0.28708136888671354,0.15911081410981748
2022,HOU,Steven Nelson,9531,CB,CB,957,487,366,0.7515400410677618,1,1,13,1,1,6,0.49314043175491595,0.05628864807269217,0.5494290798276081,0.26270954927892354,0.2867195305486846,0.20972170468555823
2023,SF,Chase Young,56436,ED,EDGE,891,15,24,1.6,74,11,24,0,0,0,0.28198607261642183,0.2056161696022927,0.48760224221871445,0.2021575437637748,0.2854446984549397,0.22425509418457665
2022,PHI,Milton Williams,56682,DI,IDL,446,0,0,0.0,16,4,21,0,0,0,0.2596280826216935,0.24879073192144485,0.5084188145431384,0.22337835625431512,0.2850404582888233,0.4473729165968079
2024,MIN,Shaquill Griffin,11845,CB,CB,597,451,418,0.926829268292683,0,0,11,2,0,2,0.4908823165226347,0.05628864807269217,0.5471709645953269,0.26270954927892354,0.28446141531640334,0.3335393479421815
2023,HOU,Derek Barnett,11769,ED,EDGE,415,5,0,0.0,22,4,17,0,0,0,0.28145615340007424,0.2050710140416371,0.48652716744171126,0.2021575437637748,0.2843696236779365,0.4796596062037483
2021,IND,Grover Stewart,11899,DI,IDL,643,8,0,0.0,22,1,23,0,1,1,0.24157857741793953,0.265620697492287,0.5071992749102265,0.22337835625431512,0.2838209186559114,0.30898078236257853
2024,MIA,Emmanuel Ogbah,10666,ED,EDGE,734,55,40,0.7272727272727273,33,6,26,1,1,0,0.25604556153244623,0.22973352106670333,0.4857790825991496,0.2021575437637748,0.2836215388353748,0.27048375638251004
2023,BUF,A.J. Epenesa,56369,ED,EDGE,438,8,23,2.875,33,7,12,2,1,0,0.306976529137473,0.17864982492313608,0.4856263540606091,0.2021575437637748,0.28346881029683435,0.4530323452232512
2023,DET,Brian Branch,123907,CB,CB,873,554,468,0.8447653429602888,10,2,44,3,1,11,0.4898479617487472,0.05628864807269217,0.5461366098214393,0.26270954927892354,0.28342706054251576,0.22726110238231506
2023,CLE,Isaiah McGuire,98948,ED,EDGE,93,3,0,0.0,8,2,4,0,0,0,0.3752976649093125,0.10981133104173457,0.485108995951047,0.2021575437637748,0.28295145218727225,2.129742113237533
2024,LV,Robert Spillane,50918,LB,LB,1093,585,572,0.9777777777777777,13,2,51,2,0,4,0.4201881794658958,0.08904044327105336,0.5092286227369492,0.2264117320729514,0.28281689066399784,0.1811270114042072
2021,PIT,Minkah Fitzpatrick,51206,S,S,1148,679,416,0.6126656848306333,0,0,13,2,1,4,0.48510542201687273,0.0520666714393034,0.5371720934561762,0.2546539193746793,0.28251817408149693,0.17226717931798594
2022,GB,Rasul Douglas,11854,CB,CB,915,526,536,1.0190114068441065,1,1,32,4,1,7,0.4885209884282912,0.05628864807269217,0.5448096365009834,0.26270954927892354,0.2821000872220598,0.2158142743775321
2023,LV,Jack Jones,29050,CB,CB,471,323,243,0.7523219814241486,1,0,8,2,0,2,0.4884725909777625,0.05628864807269217,0.5447612390504547,0.26270954927892354,0.28205168977153117,0.41918510157127775
2023,MIN,Mekhi Blackmon,83036,CB,CB,434,329,285,0.8662613981762918,0,0,10,1,0,8,0.4879108384121782,0.05628864807269217,0.5441994864848704,0.26270954927892354,0.28148993720594684,0.45401602775152716
2021,MIN,Harrison Smith,7641,S,S,1048,615,237,0.3853658536585366,8,3,22,1,1,5,0.47462707414699906,0.06111309866746171,0.5357401728144607,0.2546539193746793,0.28108625343978144,0.18774845172504487
2021,LAR,Ogbo Okoronkwo,50130,ED,EDGE,314,34,17,0.5,21,3,13,0,2,0,0.22135693552867125,0.26163726185457503,0.4829941973832463,0.2021575437637748,0.2808366536194715,0.6260689730370385
2023,NYG,Adoree' Jackson,11773,CB,CB,792,451,753,1.6696230598669624,0,0,11,1,1,6,0.4869409953680402,0.05628864807269217,0.5432296434407323,0.26270954927892354,0.2805200941618088,0.24793442665816431
2024,GB,Lukas Van Ness,129482,ED,EDGE,458,11,14,1.2727272727272727,20,4,17,0,1,0,0.2271113024526024,0.2548069534450295,0.48191825589763193,0.2021575437637748,0.2797607121338571,0.427581874440393
2021,CIN,Germaine Pratt,29407,LB,LB,914,487,526,1.0800821355236139,5,1,40,2,2,1,0.39346606808098245,0.11260442802958223,0.5060704961105646,0.2264117320729514,0.27965876403761325,0.21418067267650903
2023,IND,Kenny Moore II,51596,CB,CB,1089,594,603,1.0151515151515151,4,2,34,3,0,2,0.48562387819834446,0.05628864807269217,0.5419125262710367,0.26270954927892354,0.27920297699211316,0.17946931487096346
2022,TB,Devin White,43089,LB,LB,1144,542,466,0.8597785977859779,33,6,51,0,2,5,0.41606353233360127,0.08887011896165398,0.5049336512952554,0.2264117320729514,0.27852191922230396,0.1704242512723888
2023,DAL,Sam Williams,99106,ED,EDGE,314,8,6,0.75,24,5,14,0,1,0,0.2588458325862856,0.22147595853387286,0.4803217911201585,0.2021575437637748,0.2781642473563837,0.6201113794569063
2023,SF,Tashaun Gipson Sr.,7288,S,S,1194,802,246,0.30673316708229426,8,1,15,1,1,3,0.476145894155662,0.055894325151718036,0.53204021930738,0.2546539193746793,0.2773862999327007,0.16262178388014278
2022,SF,Arik Armstead,9450,DI,IDL,486,2,0,0.0,30,2,11,0,0,0,0.32290552398531347,0.17770461757302486,0.5006101415583384,0.22337835625431512,0.27723178530402326,0.3993050405613504
2022,JAC,Roy Robertson-Harris,11341,DI,IDL,821,3,0,0.0,37,4,36,0,0,2,0.26299935311950495,0.23709184069188866,0.5000911938113937,0.22337835625431512,0.27671283755707854,0.23593055577339217
2021,TB,Joe Tryon-Shoyinka,58272,ED,EDGE,608,67,38,0.5671641791044776,33,4,13,0,0,0,0.2922955322323258,0.18641291151502057,0.47870844374734633,0.2021575437637748,0.2765508999835715,0.3183974177442435
2021,SF,Azeez Al-Shaair,49792,LB,LB,829,460,558,1.2130434782608697,9,2,49,1,1,3,0.40322049434106,0.09926444600903232,0.5024849403500923,0.2264117320729514,0.2760732082771409,0.23311368612062558
2022,BUF,Damar Hamlin,43291,S,S,845,518,170,0.3281853281853282,5,2,23,0,1,2,0.46445451632225787,0.0658121043626811,0.530266620684939,0.2546539193746793,0.2756127013102597,0.22831821410317374
2022,GB,Preston Smith,9471,ED,EDGE,825,41,116,2.8292682926829267,42,10,31,0,1,0,0.27879371427456495,0.19887350472726623,0.4776672190018312,0.2021575437637748,0.27550967523805636,0.23376578505047207
2023,MIN,Akayleb Evans,65033,CB,CB,855,524,594,1.133587786259542,0,0,17,1,3,3,0.4818072923885658,0.05628864807269217,0.5380959404612581,0.26270954927892354,0.27538639118233454,0.22546254248846104
2022,NYJ,Bryce Huff,27128,ED,EDGE,191,2,0,0.0,36,4,3,0,1,0,0.35744662986048464,0.12008003790858301,0.47752666776906755,0.2021575437637748,0.2753691240052928,1.009206213631963
2023,LAC,Derwin James Jr.,51368,S,S,1001,560,468,0.8357142857142857,7,2,30,1,0,5,0.46398158484618657,0.06556787065132709,0.5295494554975136,0.2546539193746793,0.27489553612283435,0.1922346406453387
2022,HOU,Maliek Collins,10701,DI,IDL,601,0,0,0.0,37,4,26,0,0,0,0.2782952509343684,0.2196972887693408,0.4979925397037092,0.22337835625431512,0.2746141834493941,0.3198501304735039
2024,PHI,Jordan Davis,94854,DI,IDL,444,0,0,0.0,15,3,19,0,0,0,0.28554398629864625,0.21198565218544743,0.49752963848409376,0.22337835625431512,0.27415128222977864,0.43222049000190327
2023,MIA,DeShon Elliott,28854,S,S,987,619,314,0.5072697899838449,1,0,11,1,0,6,0.4733929458624755,0.05474004527624298,0.5281329911387185,0.2546539193746793,0.2734790717640392,0.19395678848513415
2022,BAL,Nnamdi Madubuike,44304,DI,IDL,684,13,0,0.0,32,6,25,0,0,0,0.2812508175321826,0.21522374910143852,0.49647456663362116,0.22337835625431512,0.27309621037930604,0.2794844258267752
2021,SF,Arik Armstead,9450,DI,IDL,979,4,0,0.0,59,10,36,0,0,0,0.30562024098912166,0.18997652856499678,0.4955967695541185,0.22337835625431512,0.2722184132998034,0.1946403363737103
2023,MIN,Jordan Hicks,9517,LB,LB,813,366,402,1.098360655737705,14,1,33,1,1,2,0.408722899006184,0.08973391445478923,0.4984568134609732,0.2264117320729514,0.2720450813880218,0.2342331574066608
2022,NO,Kaden Elliss,51485,LB,LB,632,235,234,0.9957446808510638,20,8,36,0,2,2,0.39802231167498037,0.10028998783559842,0.4983122995105788,0.2264117320729514,0.2719005674376274,0.30115569178218227
2024,DEN,Jonah Elliss,146458,ED,EDGE,441,51,83,1.6274509803921569,20,6,16,0,0,0,0.2416920565826119,0.2320425038726548,0.4737345604552667,0.2021575437637748,0.2715770166914919,0.43107462966903476
2022,CAR,Xavier Woods,11946,S,S,1001,551,211,0.38294010889292196,4,1,15,0,0,5,0.4658390812438192,0.060211218320415115,0.5260502995642343,0.2546539193746793,0.27139638018955503,0.18978767845423428
2021,PIT,Cameron Sutton,11850,CB,CB,1153,684,595,0.8698830409356725,2,0,21,2,1,4,0.4777352764107504,0.05628864807269217,0.5340239244834426,0.26270954927892354,0.27131437520451906,0.16471818095677654
2022,TB,Lavonte David,7060,LB,LB,1143,638,545,0.85423197492163,6,3,62,0,2,5,0.39604681134873626,0.10143910581038758,0.4974859171591238,0.2264117320729514,0.2710741850861724,0.16601218684192537
2024,MIA,Jordyn Brooks,50851,LB,LB,1039,569,725,1.2741652021089631,20,3,59,0,0,5,0.39889176954452626,0.09844945318502936,0.49734122272955567,0.2264117320729514,0.27092949065660427,0.18253189938366024
2022,LAC,Kenneth Murray Jr.,58099,LB,LB,784,420,370,0.8809523809523809,15,2,36,1,1,4,0.3978842426846409,0.09919385022243815,0.4970780929070791,0.2264117320729514,0.2706663608341277,0.24166639360189973
2024,DET,Za'Darius Smith,9555,ED,EDGE,655,17,25,1.4705882352941178,67,10,18,0,0,0,0.3144160188766345,0.1583237663268946,0.4727397852035291,0.2021575437637748,0.2705822414397543,0.2891718610806534
2024,DET,Terrion Arnold,146603,CB,CB,1021,699,792,1.1330472103004292,0,0,17,0,0,9,0.47670377915590223,0.05628864807269217,0.5329924272285944,0.26270954927892354,0.2702828779496709,0.18530657645912793
2024,LAC,Morgan Fox,11184,DI,IDL,619,9,0,0.0,32,4,18,0,0,0,0.32262798996057057,0.1708272344786619,0.49345522443923256,0.22337835625431512,0.27007686818491744,0.30541810618649795
2022,LAC,Morgan Fox,11184,DI,IDL,614,1,0,0.0,42,7,24,0,0,0,0.30577880925082074,0.18724007080470162,0.4930188800555223,0.22337835625431512,0.2696405238012072,0.30740776329127856
2023,DET,Cameron Sutton,11850,CB,CB,1261,826,1173,1.4200968523002422,1,0,19,1,1,7,0.4759102835206014,0.05628864807269217,0.5321989315932937,0.26270954927892354,0.26948938231437014,0.14959759525777883
2023,CAR,Brian Burns,44522,ED,EDGE,814,69,37,0.5362318840579711,40,9,32,0,1,1,0.26270963763814903,0.20889291011826305,0.471602547756412,0.2021575437637748,0.26944500399263727,0.23170946289293132
2024,HOU,Tim Settle,48966,DI,IDL,685,0,0,0.0,43,5,23,0,0,0,0.27246044690001814,0.21922540534434823,0.4916858522443663,0.22337835625431512,0.26830749599005116,0.27418284261757053
2021,TB,Steve McLendon,5232,DI,IDL,296,5,0,0.0,14,1,7,1,1,0,0.3604605137229916,0.13075459874557607,0.4912151124685677,0.22337835625431512,0.26783675621425257,0.6333977342904621
2021,ARI,Marco Wilson,55592,CB,CB,799,515,569,1.104854368932039,0,0,10,0,1,3,0.47398333724038766,0.05628864807269217,0.5302719853130798,0.26270954927892354,0.2675624360341563,0.23441014421014944
2021,PHI,Darius Slay,7817,CB,CB,1024,615,489,0.7951219512195122,0,0,17,3,0,5,0.4738521047902997,0.05628864807269217,0.5301407528629919,0.26270954927892354,0.26743120358406836,0.18281429932504673
2024,PIT,Donte Jackson,49377,CB,CB,832,531,508,0.9566854990583804,0,0,10,5,0,3,0.4737913477423405,0.05628864807269217,0.5300799958150327,0.26270954927892354,0.2673704465361092,0.22495109684528417
2022,NYJ,Nathan Shepherd,24614,DI,IDL,416,0,0,0.0,17,2,15,0,0,0,0.29442717347128505,0.19623837056267351,0.4906655440339586,0.22337835625431512,0.2672871877796435,0.4497620948215155
2022,JAC,Andre Cisco,76641,S,S,1129,670,192,0.2865671641791045,1,1,7,3,0,5,0.469138935101544,0.05268400771493323,0.5218229428164772,0.2546539193746793,0.26716902344179794,0.16564952737755406
2023,CHI,Eddie Jackson,11867,S,S,646,417,203,0.486810551558753,0,0,7,1,0,3,0.46982188424742327,0.051958752067100454,0.5217806363145238,0.2546539193746793,0.26712671693984447,0.28945619482645685
2023,ATL,Arnold Ebiketie,56862,ED,EDGE,385,72,77,1.0694444444444444,28,7,12,0,2,0,0.3181505136240493,0.151059243651987,0.46920975727603625,0.2021575437637748,0.2670522135122615,0.48554947911320273
2023,TB,Jamel Dean,34918,CB,CB,824,539,665,1.2337662337662338,0,0,23,0,0,7,0.4724549074765707,0.05628864807269217,0.5287435555492629,0.26270954927892354,0.26603400627033935,0.22599976260829802
2023,NE,Jonathan Jones,11217,CB,CB,724,423,387,0.9148936170212766,0,0,15,0,0,5,0.471927369699001,0.05628864807269217,0.5282160177716931,0.26270954927892354,0.2655064684927696,0.25670514909521924
2023,LAC,Kenneth Murray Jr.,58099,LB,LB,968,509,660,1.2966601178781925,14,3,46,1,0,1,0.39711669115368414,0.09475213554536596,0.49186882669905013,0.2264117320729514,0.26545709462609873,0.1919627750395342
2021,BUF,Star Lotulelei,7795,DI,IDL,370,0,0,0.0,16,4,10,0,0,0,0.32896529145724374,0.15917920948580436,0.4881445009430481,0.22337835625431512,0.264766144688733,0.5009089223840895
2023,HOU,Jerry Hughes,5556,ED,EDGE,474,9,0,0.0,30,3,22,0,1,0,0.25896487398199436,0.2077535287227281,0.46671840270472253,0.2021575437637748,0.2645608589409477,0.39070169041912106
2022,LAR,Leonard Floyd,10643,ED,EDGE,932,79,79,1.0,54,9,21,0,0,0,0.31517492832709243,0.15145338178450196,0.4666283101115944,0.2021575437637748,0.26447076634781963,0.19863684167754694
2023,CHI,Kyler Gordon,83451,CB,CB,646,427,393,0.9203747072599532,6,1,26,2,0,3,0.4706839190452016,0.05628864807269217,0.5269725671178938,0.26270954927892354,0.2642630178389702,0.2863531153053857
2024,GB,Devonte Wyatt,82268,DI,IDL,366,7,0,0.0,32,5,16,0,0,0,0.31530366441980257,0.1723371795757307,0.48764084399553326,0.22337835625431512,0.26426248774121813,0.5054200585214554
2022,TEN,Roger McCreary,83176,CB,CB,1164,771,719,0.9325551232166018,2,0,19,1,0,6,0.47066699773097787,0.05628864807269217,0.52695564580367,0.26270954927892354,0.2642460965247465,0.158910882789796
2021,NYG,Leonard Williams,9439,DI,IDL,890,0,0,0.0,47,8,36,0,2,0,0.2872600408741441,0.2003099567835346,0.48756999765767867,0.22337835625431512,0.26419164140336354,0.20779117863185897
2022,JAC,Darious Williams,55724,CB,CB,1075,699,558,0.7982832618025751,2,0,12,0,0,15,0.4706055972194899,0.05628864807269217,0.5268942452921821,0.26270954927892354,0.26418469601325856,0.1720272439156102
2024,PIT,Alex Highsmith,43507,ED,EDGE,592,32,28,0.875,54,7,27,0,1,1,0.2675001788818577,0.19795118327708433,0.46545136215894206,0.2021575437637748,0.2632938183951673,0.3113271501294208
2023,ATL,Zach Harrison,98503,ED,EDGE,343,2,0,0.0,13,3,21,0,0,0,0.2653350724967078,0.19960326948742182,0.4649383419841297,0.2021575437637748,0.26278079822035494,0.5362873433068468
2022,DAL,Anthony Barr,8644,LB,LB,707,363,262,0.721763085399449,8,1,29,0,0,0,0.39371886922103133,0.09461822571219396,0.4883370949332253,0.2264117320729514,0.2619253628602739,0.2593320424359148
2021,ARI,Robert Alford,7841,CB,CB,580,408,420,1.0294117647058822,1,0,6,1,0,4,0.46810668333933664,0.05628864807269217,0.5243953314120288,0.26270954927892354,0.2616857821331052,0.3158276680916787
2021,NYG,Azeez Ojulari,81959,ED,EDGE,781,57,45,0.7894736842105263,42,10,30,0,1,0,0.2758468677745053,0.1873155886144974,0.4631624563890027,0.2021575437637748,0.26100491262522796,0.23393526099572287
2022,JAC,Foyesade Oluokun,24904,LB,LB,1283,700,741,1.0585714285714285,19,2,84,0,3,2,0.36413164015029625,0.12305960643984198,0.48719124659013824,0.2264117320729514,0.26077951451718684,0.14228032748404582
2021,TEN,Zach Cunningham,11812,LB,LB,689,361,397,1.0997229916897506,2,0,43,0,1,3,0.3481501369317754,0.13899134145673034,0.4871414783885057,0.2264117320729514,0.2607297463155543,0.26489234023350944
2021,SF,Emmanuel Moseley,50430,CB,CB,807,495,468,0.9454545454545454,0,0,17,1,0,8,0.4671355840738439,0.05628864807269217,0.5234242321465361,0.26270954927892354,0.26071468286761257,0.22614656506484362
2021,CHI,Trevis Gipson,35241,ED,EDGE,489,23,41,1.7826086956521738,27,10,20,0,5,0,0.23472979372608666,0.22810618540383237,0.4628359791299191,0.2021575437637748,0.2606784353661443,0.37315931443006345
2022,MIA,Xavien Howard,10672,CB,CB,1047,704,910,1.2926136363636365,1,0,7,2,0,12,0.46688886940269647,0.05628864807269217,0.5231775174753887,0.26270954927892354,0.2604679681964651,0.1741428631686013
2023,LAC,Eric Kendricks,9478,LB,LB,847,465,530,1.1397849462365592,16,4,39,0,1,5,0.39686608817116836,0.08998806499676465,0.486854153167933,0.2264117320729514,0.2604424210949816,0.21524167032643107
2023,DEN,Justin Simmons,10732,S,S,985,597,324,0.542713567839196,1,1,16,3,2,5,0.45858398765768105,0.05647684966547506,0.5150608373231561,0.2546539193746793,0.2604069179484768,0.18506075387201398
2023,MIN,Ivan Pace Jr.,53587,LB,LB,704,319,182,0.5705329153605015,15,3,30,1,1,1,0.41048577187797985,0.07599556689448957,0.48648133877246946,0.2264117320729514,0.26006960669951806,0.2585919384796344
2023,IND,Kwity Paye,56713,ED,EDGE,700,3,10,3.3333333333333335,28,8,28,0,2,0,0.23250944226614356,0.22955858520471473,0.4620680274708583,0.2021575437637748,0.2599104837070835,0.2599104837070835
2021,LAR,David Long Jr.,27377,CB,CB,671,510,474,0.9294117647058824,1,0,10,2,0,2,0.4662779457354492,0.05628864807269217,0.5225665938081413,0.26270954927892354,0.25985704452921776,0.2710878258874105
2024,MIN,Ivan Pace Jr.,53587,LB,LB,454,175,292,1.6685714285714286,20,3,36,1,0,0,0.36250381901293854,0.12354528699129934,0.4860491060042379,0.2264117320729514,0.2596373739312865,0.400321942184803
2021,DAL,Keanu Neal,10651,LB,LB,579,338,388,1.1479289940828403,3,1,23,0,0,0,0.3838834266150381,0.10198301548155826,0.4858664420965964,0.2264117320729514,0.259454710023645,0.31367581522720467
2022,JAC,Devin Lloyd,58238,LB,LB,1030,567,795,1.402116402116402,14,1,33,3,0,5,0.4186706480623698,0.06709609921932018,0.48576674728169,0.2264117320729514,0.2593550152087386,0.17626068994768646
2023,IND,Tyquan Lewis,48475,ED,EDGE,437,0,0,0.0,44,5,17,0,0,0,0.2614850568521985,0.19976850352051242,0.461253560372711,0.2021575437637748,0.2590960166089362,0.41502794422484063
2024,HOU,Henry To'oTo'o,98982,LB,LB,936,504,522,1.0357142857142858,10,1,40,1,1,1,0.38086877654814527,0.10438250712805108,0.48525128367619635,0.2264117320729514,0.25883955160324496,0.1935765877374695
2024,MIA,Tyrel Dodson,51045,LB,LB,854,455,371,0.8153846153846154,12,2,39,3,1,2,0.40560289667773336,0.0791391669508386,0.484742063628572,0.2264117320729514,0.2583303315556206,0.21174617340624635
2023,NYG,Jihad Ward,10678,ED,EDGE,661,48,51,1.0625,20,6,13,0,1,0,0.2896917452973212,0.17065027176183215,0.4603420170591534,0.2021575437637748,0.25818447329537864,0.27341774781658856
2021,GB,Preston Smith,9471,ED,EDGE,732,45,31,0.6888888888888889,63,9,28,0,2,1,0.24506561699382823,0.21517064325994315,0.4602362602537714,0.2021575437637748,0.2580787164899966,0.2467965868073738
2022,CAR,Derrick Brown,43883,DI,IDL,870,0,0,0.0,40,1,31,1,0,0,0.26905337427464177,0.2116999967463794,0.4807533710210212,0.22337835625431512,0.2573750147667061,0.2070833452145911
2021,ARI,J.J. Watt,6163,DI,IDL,365,5,0,0.0,28,1,13,0,1,0,0.2609996650860311,0.21965701527913342,0.4806566803651645,0.22337835625431512,0.2572783241108494,0.4934104845961495
2022,TB,Carlton Davis III,49335,CB,CB,878,541,649,1.1996303142329021,2,0,21,1,0,11,0.4636207584089391,0.05628864807269217,0.5199094064816313,0.26270954927892354,0.25719985720270777,0.20505683376070097
2023,DEN,Nik Bonitto,77196,ED,EDGE,524,50,29,0.58,47,9,21,0,1,0,0.2502675406960211,0.20851617870228706,0.4587837193983082,0.2021575437637748,0.2566261756345334,0.34282122699269724
2021,NO,Bradley Roby,8666,CB,CB,395,253,313,1.2371541501976284,4,1,8,1,0,2,0.4629982759158065,0.05628864807269217,0.5192869239884986,0.26270954927892354,0.2565773747095751,0.454694081763804
2023,LV,Tyree Wilson,82432,ED,EDGE,493,9,18,2.0,24,4,16,0,1,0,0.2617928697137323,0.1959791637534994,0.45777203346723166,0.2021575437637748,0.2556144897034569,0.3629414661103851
2022,MIA,Jevon Holland,83873,S,S,1197,746,303,0.4061662198391421,9,2,17,3,1,4,0.45694868801570476,0.053101752544145404,0.5100504405598503,0.2546539193746793,0.255396521185171,0.14935469075156196
2024,GB,Karl Brooks,76941,DI,IDL,459,6,0,0.0,28,4,17,0,1,0,0.29713631147250674,0.18159185849986026,0.47872816997236706,0.22337835625431512,0.25534981371805193,0.3894223738619529
2023,BUF,Tyrel Dodson,51045,LB,LB,589,293,212,0.7235494880546075,12,3,41,0,1,2,0.3593790103899845,0.12231981402266272,0.48169882441264716,0.2264117320729514,0.25528709233969576,0.30339722349369613
2021,CHI,Roquan Smith,50892,LB,LB,1010,485,408,0.8412371134020619,9,3,67,1,0,2,0.3753003217967109,0.10564539145762858,0.48094571325433955,0.2264117320729514,0.25453398118138815,0.17640968992769476
2021,ARI,Devon Kennard,8809,ED,EDGE,280,18,4,0.2222222222222222,11,0,17,0,0,0,0.16804351897473993,0.28853102606920916,0.4565745450439491,0.2021575437637748,0.2544170012801743,0.6360425032004358
2022,NO,David Onyemata,10754,DI,IDL,682,3,0,0.0,35,5,26,0,0,0,0.285525427988895,0.19169087210004385,0.47721630008893895,0.22337835625431512,0.2538379438346238,0.2605374790091447
2021,BUF,A.J. Klein,7930,LB,LB,299,151,238,1.576158940397351,2,0,15,1,0,4,0.39549572761673624,0.08430062999629609,0.4797963576130323,0.2264117320729514,0.2533846255400809,0.5932081534383165
2024,DET,Jack Campbell,101515,LB,LB,1047,565,423,0.7486725663716814,13,2,47,0,1,3,0.3816499562829476,0.09762610356360718,0.47927605984655486,0.2264117320729514,0.25286432777360346,0.16905924492982083
2023,NE,J.C. Jackson,42781,CB,CB,524,324,515,1.5895061728395061,0,0,4,1,0,4,0.4590861796048711,0.05628864807269217,0.5153748276775633,0.26270954927892354,0.2526652783986397,0.3375299520592515
2024,GB,Isaiah McDuffie,57754,LB,LB,728,379,566,1.4934036939313984,8,0,28,0,1,3,0.39423210327052177,0.08467465317161528,0.47890675644213704,0.2264117320729514,0.25249502436918564,0.24278367727806313
2024,MIA,Jalen Ramsey,10639,CB,CB,1027,607,546,0.899505766062603,12,1,14,2,0,5,0.45889112938930415,0.05628864807269217,0.5151797774619963,0.26270954927892354,0.25247022818307274,0.1720829208648013
2022,TEN,Rashad Weaver,42495,ED,EDGE,640,41,23,0.5609756097560976,34,5,19,0,2,1,0.24454956158685692,0.20957812446724178,0.4541276860540987,0.2021575437637748,0.2519701422903239,0.2755923431300417
2021,SF,K'Waun Williams,9332,CB,CB,828,531,564,1.0621468926553672,8,1,23,2,1,4,0.4581697821159841,0.05628864807269217,0.5144584301886763,0.26270954927892354,0.2517488809097528,0.21283117951307604
2022,TEN,Denico Autry,8982,ED,EDGE,531,13,20,1.5384615384615385,54,8,21,0,2,0,0.2763765275539812,0.17709470168345595,0.4534712292374371,0.2021575437637748,0.2513136854736623,0.3312986437505906
2021,CLE,Jadeveon Clowney,8636,ED,EDGE,677,5,8,1.6,53,11,26,0,2,0,0.24802087641263976,0.20506417255640763,0.4530850489690474,0.2021575437637748,0.2509275052052726,0.2594523687499126
2022,WAS,Jamin Davis,57905,LB,LB,833,421,382,0.9073634204275535,13,1,47,0,0,0,0.3638878401871996,0.1122537404080339,0.4761415805952335,0.2264117320729514,0.24972984852228208,0.20985701556494293
2023,LAC,Michael Davis,12040,CB,CB,886,550,788,1.4327272727272726,2,0,18,1,0,7,0.45596929775779627,0.05628864807269217,0.5122579458304884,0.26270954927892354,0.2495483965515649,0.19716013271568333
2023,MIN,Jonathan Bullard,10706,DI,IDL,643,8,0,0.0,9,2,29,0,1,0,0.24469663538092154,0.22808546824132922,0.4727821036222508,0.22337835625431512,0.2494037473679357,0.2715126332154821
2024,PIT,DeShon Elliott,28854,S,S,895,515,453,0.8796116504854369,3,0,33,1,2,5,0.4286015817202468,0.07533354337208176,0.5039351250923286,0.2546539193746793,0.24928120571764933,0.19496854078475367
2024,HOU,Azeez Al-Shaair,49792,LB,LB,672,377,394,1.0450928381962865,16,2,39,0,2,3,0.3721760519995778,0.10346859616899866,0.4756446481685765,0.2264117320729514,0.2492329160956251,0.2596176209329428
2024,LV,Tre'von Moehrig,77847,S,S,1099,608,354,0.5822368421052632,12,2,29,2,0,3,0.4356362512575743,0.06812931845374157,0.5037655697113159,0.2546539193746793,0.24911165033663663,0.15866984097874945
2021,TB,Ross Cockrell,8744,CB,CB,477,351,384,1.0940170940170941,4,0,9,0,1,7,0.45540283547893606,0.05628864807269217,0.5116914835516283,0.26270954927892354,0.24898193427270476,0.36538229348195667
2024,PIT,Joey Porter Jr.,101364,CB,CB,1038,646,642,0.9938080495356038,0,0,15,1,0,5,0.45523707864219776,0.05628864807269217,0.51152572671489,0.26270954927892354,0.2488161774359665,0.16779511002425487
2024,GB,Kenny Clark,10661,DI,IDL,725,6,0,0.0,34,1,21,0,0,0,0.2584239155263459,0.21360093123157345,0.47202484675791945,0.22337835625431512,0.24864649050360432,0.24007247358968692
2021,SEA,Carlos Dunlap,5579,ED,EDGE,482,44,20,0.45454545454545453,35,10,20,0,1,0,0.2946811663588821,0.15567708505026914,0.45035825140915126,0.2021575437637748,0.24820070764537647,0.3604574592360239
2022,CAR,CJ Henderson,55593,CB,CB,765,489,642,1.312883435582822,0,0,13,2,1,3,0.45446069978572023,0.05628864807269217,0.5107493478584124,0.26270954927892354,0.24803979857948888,0.2269645215760029
2022,PIT,Cameron Heyward,6183,DI,IDL,801,0,0,0.0,58,12,43,0,1,0,0.2741863367035608,0.19685560827343496,0.4710419449769957,0.22337835625431512,0.24766358872268057,0.21643509626201798
2021,SF,Samson Ebukam,11880,ED,EDGE,681,15,12,0.8,45,9,26,0,1,0,0.2555676066071029,0.19384860725623973,0.4494162138633427,0.2021575437637748,0.2472586700995679,0.2541572233035206
2023,NE,Mack Wilson Sr.,43190,LB,LB,305,102,45,0.4411764705882353,15,5,12,0,1,2,0.40182175436184847,0.07170509485801797,0.4735268492198665,0.2264117320729514,0.2471151171469151,0.5671494491896412
2022,DEN,Kareem Jackson,5545,S,S,1137,706,249,0.3526912181303116,0,0,22,0,0,3,0.4459817277913256,0.05568324130209532,0.501664969093421,0.2546539193746793,0.24701104971874166,0.15207364538532908
2023,BAL,David Ojabo,101420,ED,EDGE,83,9,0,0.0,2,1,3,0,1,0,0.33234289087936464,0.11633708885975351,0.4486799797391181,0.2021575437637748,0.24652243597534332,2.079104881719763
2022,CIN,DJ Reader,10800,DI,IDL,528,2,0,0.0,32,1,23,0,1,0,0.2564840878895068,0.21319011861256232,0.46967420650206904,0.22337835625431512,0.2462958502477539,0.3265285893436131
2023,IND,E.J. Speed,94351,LB,LB,730,394,324,0.8223350253807107,7,1,50,0,3,4,0.362030940012518,0.11007925837557206,0.47211019838809004,0.2264117320729514,0.24569846631513864,0.235601269069311
2024,HOU,Derek Barnett,11769,ED,EDGE,413,0,0,0.0,19,5,16,0,2,0,0.2536640424681948,0.19400859859168074,0.44767264105987564,0.2021575437637748,0.24551509729610085,0.4161272835527133
2024,PIT,Minkah Fitzpatrick,51206,S,S,1158,701,402,0.5734664764621968,1,0,14,1,0,3,0.4452404304812197,0.05412384550758134,0.49936427598880107,0.2546539193746793,0.24471035661412177,0.14792508603617033
2022,ARI,Marco Wilson,55592,CB,CB,778,513,516,1.0058479532163742,4,0,10,3,1,7,0.45098041781870524,0.05628864807269217,0.5072690658913974,0.26270954927892354,0.24455951661247388,0.2200406961808891
2022,JAC,Travon Walker,98940,ED,EDGE,897,80,58,0.725,43,5,26,1,1,1,0.25424643128426205,0.1917532882120387,0.4459997194963007,0.2021575437637748,0.2438421757325259,0.1902893233141228
2021,NYG,Lorenzo Carter,50126,ED,EDGE,617,73,53,0.726027397260274,31,5,20,1,2,1,0.23617988635506126,0.20976723718293402,0.4459471235379953,0.2021575437637748,0.24378957977422053,0.27658461238566345
2023,SF,Clelin Ferrell,25955,ED,EDGE,471,1,0,0.0,30,4,17,0,1,0,0.23138318752055495,0.21424194580740505,0.44562513332795994,0.2021575437637748,0.24346758956418516,0.3618414282270268
2024,SEA,Coby Bryant,55088,S,S,785,494,213,0.4311740890688259,5,0,15,3,2,3,0.44591475305967887,0.051958752067100454,0.4978735051267793,0.2546539193746793,0.2432195857521,0.21688370704008916
2023,PIT,Nick Herbig,129920,ED,EDGE,211,23,41,1.7826086956521738,10,3,13,0,2,0,0.2039364501849895,0.24105271361194333,0.4449891637969328,0.2021575437637748,0.24283162003315803,0.8056025309156901
2023,HOU,DeAndre Houston-Carson,10819,S,S,589,361,257,0.7119113573407202,0,0,13,2,0,3,0.443772385943184,0.053554990117361416,0.4973273760605454,0.2546539193746793,0.2426734566858661,0.2884064850256473
2023,SF,Javon Hargrave,10723,DI,IDL,775,4,0,0.0,64,8,30,0,0,0,0.28402551167246054,0.18195004732303371,0.46597555899549425,0.22337835625431512,0.24259720274117913,0.21912005408880694
2023,DEN,Pat Surtain II,83119,CB,CB,1121,669,701,1.047832585949178,1,0,16,1,0,9,0.44841548386019875,0.05628864807269217,0.5047041319328909,0.26270954927892354,0.24199458265396734,0.1511116930042615
2023,DEN,Zach Allen,49605,DI,IDL,913,4,0,0.0,60,7,36,0,1,0,0.25672854964369823,0.20862146591618383,0.46535001555988215,0.22337835625431512,0.24197165930556702,0.1855204397742573
2022,CIN,Cam Sample,56462,ED,EDGE,480,27,27,1.0,22,3,16,0,0,0,0.23077896956531002,0.21286966677845942,0.44364863634376955,0.2021575437637748,0.24149109257999476,0.35217451001249234
2023,KC,Bryan Cook,55940,S,S,593,378,201,0.5317460317460317,0,0,4,1,0,0,0.4440928892151947,0.051958752067100454,0.4960516412822952,0.2546539193746793,0.24139772190761588,0.28495515233614016
2021,SEA,D.J. Reed,26940,CB,CB,1002,606,383,0.6320132013201321,0,0,19,2,0,6,0.4477825918845184,0.05628864807269217,0.5040712399572106,0.26270954927892354,0.24136169067828706,0.16861595157165762
2021,NYG,Xavier McKinney,55775,S,S,1134,671,376,0.5603576751117735,1,0,15,5,0,4,0.4425353813024533,0.05267067293832418,0.4952060542407774,0.2546539193746793,0.2405521348660981,0.14848897213956672
2023,CHI,Gervon Dexter Sr.,124374,DI,IDL,433,2,0,0.0,29,4,13,0,0,0,0.3438589272098131,0.1198380575794233,0.46369698478923643,0.22337835625431512,0.2403186285349213,0.38850586599178966
2024,LV,Adam Butler,12214,DI,IDL,856,31,0,0.0,31,6,32,0,1,0,0.2653807576896333,0.19825847116055603,0.46363922885018943,0.22337835625431512,0.2402608725958743,0.19647501263681308
2023,DAL,Dante Fowler Jr.,9436,ED,EDGE,275,4,6,1.5,36,5,9,0,1,0,0.25899220136276047,0.1832187084933387,0.4422109098560991,0.2021575437637748,0.24005336609232433,0.6110449318713711
2024,NO,Carl Granderson,48500,ED,EDGE,825,32,36,1.125,61,9,37,0,1,0,0.2419031839742244,0.2003041381044452,0.44220732207866964,0.2021575437637748,0.24004977831489485,0.20367859978233502
2024,GB,Brenton Cox Jr.,81957,ED,EDGE,187,2,0,0.0,18,4,9,0,1,0,0.28970875230674653,0.15233438729452772,0.4420431396012742,0.2021575437637748,0.23988559583749944,0.8979674710494632
2023,IND,Rodney Thomas II,108389,S,S,962,549,254,0.46265938069216755,0,0,0,2,0,2,0.4421187058908711,0.051958752067100454,0.4940774579579716,0.2546539193746793,0.2394235385832923,0.17421671206684472
2024,SEA,Devon Witherspoon,101388,CB,CB,1103,641,575,0.8970358814352574,8,1,39,0,0,6,0.4458049257065509,0.05628864807269217,0.502093573779243,0.26270954927892354,0.23938402450031948,0.15192095843175307
2023,LAR,Derion Kendrick,78022,CB,CB,871,571,623,1.0910683012259195,0,0,13,1,0,7,0.4454746380086005,0.05628864807269217,0.5017632860812926,0.26270954927892354,0.23905373680236908,0.1921212580501244
2021,DEN,Pat Surtain II,83119,CB,CB,900,533,560,1.050656660412758,0,0,6,4,0,8,0.4444081778459462,0.05628864807269217,0.5006968259186384,0.26270954927892354,0.23798727663971486,0.18510121516422268
2022,NE,Daniel Ekuale,48874,DI,IDL,362,1,0,0.0,22,3,7,0,0,0,0.35920397339606963,0.10203974699898624,0.46124372039505596,0.22337835625431512,0.23786536414074083,0.4599606488909353
2024,LAC,Cam Hart,102955,CB,CB,502,358,282,0.7877094972067039,2,1,9,0,1,6,0.4436037346289214,0.05628864807269217,0.4998923827016137,0.26270954927892354,0.23718283342269014,0.33073303465315357
2021,SF,D.J. Jones,11953,DI,IDL,654,5,10,2.0,24,3,46,0,1,0,0.18500550834213522,0.27553694062309253,0.4605424489652278,0.22337835625431512,0.23716409271091266,0.2538453591707016
2024,SEA,Boye Mafe,55220,ED,EDGE,608,61,41,0.6721311475409836,47,6,19,0,1,1,0.25877245884524774,0.17998806082534646,0.43876051967059426,0.2021575437637748,0.23660297590681947,0.2724047419979829
2021,DAL,Malik Hooker,11770,S,S,474,280,66,0.2357142857142857,1,0,13,1,0,1,0.4251832573222421,0.06585344270393652,0.49103670002617866,0.2546539193746793,0.23638278065149937,0.34908849463301594
2022,HOU,Jonathan Owens,66930,S,S,970,522,360,0.6896551724137931,2,1,14,0,0,3,0.4355452323741228,0.05508835855127047,0.49063359092539327,0.2546539193746793,0.23597967155071398,0.17029460833556678
2024,IND,Jaylon Jones,124328,CB,CB,1146,641,727,1.1341653666146645,0,0,27,2,1,10,0.44066134503630033,0.05628864807269217,0.4969499931089926,0.26270954927892354,0.2342404438300691,0.14307880513180485
2024,IND,Zaire Franklin,49834,LB,LB,1157,596,668,1.1208053691275168,15,4,61,2,4,3,0.3708129746661399,0.08979742476369228,0.46061039942983223,0.2264117320729514,0.23419866735688083,0.14169323003441364
2023,GB,Rashan Gary,42905,ED,EDGE,667,4,0,0.0,66,10,27,0,2,0,0.2590427264172605,0.17701025870127862,0.43605298511853907,0.2021575437637748,0.23389544135476428,0.24546747968266117
2023,CLE,Sam Kamara,24176,ED,EDGE,79,3,0,0.0,4,0,4,0,0,0,0.30206999996883166,0.13397106735122621,0.4360410673200579,0.2021575437637748,0.23388352355628308,2.0723856517645336
2023,CLE,Duron Harmon,7872,S,S,222,139,54,0.38848920863309355,2,1,8,1,0,0,0.4192198462180101,0.06923284814383973,0.48845269436184985,0.2546539193746793,0.23379877498717055,0.7372033445541414
2021,SEA,Bobby Wagner,7050,LB,LB,1129,626,679,1.084664536741214,10,1,51,1,1,2,0.368342166937316,0.09121278798487976,0.4595549549221957,0.2264117320729514,0.23314322284924432,0.14455292825019578
2022,BAL,Calais Campbell,4364,DI,IDL,583,17,0,0.0,35,6,16,0,2,0,0.2971184885174682,0.15932710868260905,0.4564455972000772,0.22337835625431512,0.2330672409457621,0.27984059804808487
2023,DEN,Jonathon Cooper,43021,ED,EDGE,836,82,125,1.524390243902439,55,9,32,1,1,0,0.2719218516776166,0.16324717691049231,0.4351690285881089,0.2021575437637748,0.23301148482433412,0.19510531025960992
2024,TB,Zyon McCollum,66769,CB,CB,1123,757,793,1.0475561426684281,1,0,18,2,0,14,0.4393939113505785,0.05628864807269217,0.4956825594232706,0.26270954927892354,0.23297301014434707,0.14521915147020745
2024,GB,Evan Williams,73864,S,S,533,340,168,0.49411764705882355,0,0,14,1,1,3,0.4324382442879098,0.05515297417532664,0.4875912184632364,0.2546539193746793,0.2329372990885571,0.30592140593243894
2022,CLE,Grant Delpit,60685,S,S,1086,595,349,0.5865546218487395,3,0,32,4,0,5,0.4232037125371368,0.06427554257871322,0.48747925511584994,0.2546539193746793,0.23282533574117065,0.15007157920701608
2022,BAL,Kyle Hamilton,102684,S,S,600,408,461,1.1299019607843137,8,2,24,0,2,5,0.4294838989374044,0.0578623083648627,0.487346207302267,0.2546539193746793,0.23269228792758773,0.271474335915519
2024,TB,Yaya Diaby,122705,ED,EDGE,841,99,105,1.0606060606060606,70,6,41,0,1,0,0.20622226891302498,0.2285143566270166,0.43473662554004155,0.2021575437637748,0.23257908177626677,0.19358544261996044
2021,PIT,Joe Schobert,10733,LB,LB,956,461,380,0.824295010845987,5,0,37,1,1,4,0.3775345930983915,0.08137845351112327,0.45891304660951476,0.2264117320729514,0.23250131453656336,0.1702415483008309
2022,SF,T.Y. McGill,10156,DI,IDL,216,1,0,0.0,11,0,8,0,0,0,0.2479971425061559,0.2070638186779004,0.4550609611840563,0.22337835625431512,0.2316826049297412,0.7508232567167538
2022,NO,Alontae Taylor,83469,CB,CB,663,371,283,0.7628032345013477,0,0,10,0,0,8,0.4377879033740138,0.05628864807269217,0.494076551446706,0.26270954927892354,0.23136700216778244,0.24427888614999654
2021,CHI,Jaylon Johnson,56259,CB,CB,933,520,541,1.0403846153846155,0,0,17,1,1,7,0.4377031519873741,0.05628864807269217,0.4939918000600663,0.26270954927892354,0.23128225078114278,0.1735236608218649
2021,MIN,Anthony Barr,8644,LB,LB,783,419,373,0.8902147971360382,13,3,23,3,0,1,0.38496635007590363,0.07250887071221776,0.4574752207881214,0.2264117320729514,0.23106348871517002,0.20657016871088
2023,NE,Marco Wilson,55592,CB,CB,704,399,732,1.8345864661654134,1,0,5,0,0,4,0.4372673328208731,0.05628864807269217,0.4935559808935652,0.26270954927892354,0.2308464316146417,0.22953480416228578
2022,SF,Hassan Ridgeway,10750,DI,IDL,285,1,0,0.0,8,1,12,0,0,0,0.26882585736116205,0.18520793588818432,0.45403379324934645,0.22337835625431512,0.23065543699503133,0.5665221259527086
2022,CAR,Yetur Gross-Matos,56444,ED,EDGE,847,9,0,0.0,28,3,22,0,0,0,0.25983340142181033,0.1729073876717678,0.4327407890935781,0.2021575437637748,0.23058324532980332,0.19056466556182092
2024,SEA,Ernest Jones,81399,LB,LB,995,522,447,0.8563218390804598,13,1,48,1,1,1,0.36043332383220117,0.09632736397627828,0.45676068780847945,0.2264117320729514,0.23034895573552805,0.16205454172348707
2022,ARI,Jalen Thompson,49116,S,S,1098,672,297,0.4419642857142857,1,0,15,1,0,6,0.42870064089698806,0.05625192457257984,0.48495256546956794,0.2546539193746793,0.23029864609488865,0.14682063047943722
2023,GB,Preston Smith,9471,ED,EDGE,838,50,71,1.42,52,11,34,0,2,2,0.25503521836054194,0.17649584707602384,0.4315310654365658,0.2021575437637748,0.229373521672791,0.19160079376008793
2024,GB,Eric Wilson,38587,LB,LB,559,279,277,0.992831541218638,9,2,23,1,1,1,0.36444026539919244,0.09107814191388412,0.4555184073130765,0.2264117320729514,0.22910667524012512,0.28689565772466474
2024,GB,Carrington Valentine,53750,CB,CB,606,371,328,0.8840970350404312,0,0,7,2,2,3,0.4349457908162865,0.05628864807269217,0.4912344388889786,0.26270954927892354,0.22852488961005507,0.26397264476409
2024,CLE,Isaiah McGuire,98948,ED,EDGE,469,10,12,1.2,29,3,17,0,3,0,0.19482875593963692,0.23535497523518717,0.4301837311748241,0.2021575437637748,0.22802618741104932,0.3403375931508199
2023,LV,Jerry Tillery,49949,DI,IDL,504,0,0,0.0,29,2,13,0,0,0,0.29816217868867595,0.1532354896140784,0.45139766830275435,0.22337835625431512,0.22801931204843923,0.3166934889561656
2021,BUF,A.J. Epenesa,56369,ED,EDGE,376,5,2,0.4,25,2,11,0,0,1,0.2693106029886263,0.16045437072304408,0.42976497371167044,0.2021575437637748,0.22760742994789565,0.42373723660512486
2021,SEA,Darrell Taylor,36001,ED,EDGE,545,31,9,0.2903225806451613,36,7,20,0,1,0,0.2601399258176533,0.16913864590193572,0.429278571719589,0.2021575437637748,0.2271210279558142,0.29171508177811
2022,NE,Mack Wilson Sr.,43190,LB,LB,234,137,143,1.0437956204379562,10,3,8,0,1,2,0.3778398498261908,0.07532502237706638,0.45316487220325713,0.2264117320729514,0.22675314013030573,0.6783213593641625
2023,PIT,Markus Golden,9491,ED,EDGE,281,21,11,0.5238095238095238,16,5,15,0,0,0,0.26760992139912126,0.1611249546776008,0.428734876076722,0.2021575437637748,0.22657733231294722,0.5644275182173062
2021,MIA,Eric Rowe,9480,S,S,638,419,416,0.9928400954653938,6,0,24,0,3,4,0.40655967921449776,0.07451762964653143,0.48107730886102923,0.2546539193746793,0.22642338948634994,0.24842691636433378
2022,GB,Quay Walker,82547,LB,LB,846,405,304,0.7506172839506173,12,2,42,0,3,5,0.364381489265006,0.08815743913807972,0.4525389284030858,0.2264117320729514,0.2261271963301344,0.18710288112422466
2021,MIA,Nik Needham,50356,CB,CB,608,413,448,1.0847457627118644,5,1,14,2,0,3,0.43211746089501085,0.05628864807269217,0.488406108967703,0.26270954927892354,0.22569655968877944,0.2598480127995816
2022,DEN,K'Waun Williams,9332,CB,CB,596,410,351,0.8560975609756097,7,1,7,1,0,7,0.43193109347665737,0.05628864807269217,0.4882197415493495,0.26270954927892354,0.22551019227042596,0.2648609640760036
2022,PHI,Josiah Scott,55634,CB,CB,395,260,409,1.573076923076923,1,0,10,2,0,5,0.4317289230193133,0.05628864807269217,0.48801757109200555,0.26270954927892354,0.22530802181308202,0.3992800386560947
2023,MIN,Pat Jones II,43974,ED,EDGE,634,47,23,0.48936170212765956,32,1,16,0,0,0,0.2093500596838611,0.21783341587088886,0.42718347555475,0.2021575437637748,0.22502593179097521,0.2484513442487108
2021,MIN,D.J. Wonnum,44550,ED,EDGE,951,35,18,0.5142857142857142,42,8,23,0,1,1,0.26773388383641356,0.15912366659010782,0.4268575504265213,0.2021575437637748,0.2247000066627465,0.16539432667079132
2023,CIN,Logan Wilson,29623,LB,LB,1068,611,697,1.1407528641571194,9,2,32,4,2,4,0.3757210344861207,0.07515490336789225,0.4508759378540129,0.2264117320729514,0.22446420578106152,0.14712073412616392
2023,LAC,Joey Bosa,10637,ED,EDGE,320,10,0,0.0,24,7,18,0,1,0,0.26912225262322087,0.15735551647823173,0.42647776910145263,0.2021575437637748,0.22432022533767784,0.49070049292617024
2023,MIA,Xavien Howard,10672,CB,CB,743,475,502,1.0568421052631578,1,0,8,1,0,8,0.43019981989192163,0.05628864807269217,0.48648846796461376,0.26270954927892354,0.22377891868569022,0.21082805259755472
2021,SEA,Jordyn Brooks,50851,LB,LB,1109,586,1010,1.7235494880546076,9,1,48,0,0,4,0.3546544376716813,0.09550931695337578,0.4501637546250572,0.2264117320729514,0.2237520225521058,0.1412321152267575
2024,NO,Alontae Taylor,83469,CB,CB,1075,649,998,1.5377503852080123,9,5,23,0,2,11,0.4299064432292808,0.05628864807269217,0.4861950913019729,0.26270954927892354,0.22348554202304938,0.14552546922431123
2022,TB,Jamel Dean,34918,CB,CB,884,539,412,0.764378478664193,0,0,15,2,1,5,0.42951592167957753,0.05628864807269217,0.48580456975226977,0.26270954927892354,0.22309502047334623,0.17665895286350947
2024,HOU,Jalen Pitre,57737,S,S,660,379,419,1.1055408970976253,7,0,23,1,1,5,0.4112024522334352,0.066535684940311,0.47773813717374625,0.2546539193746793,0.22308421779906695,0.23660447342325283
2021,PHI,Alex Singleton,9994,LB,LB,784,489,684,1.3987730061349692,7,1,44,1,1,3,0.3583880140559248,0.09071890718299742,0.4491069212389222,0.2264117320729514,0.2226951891659708,0.19883499032675966
2024,NO,Chase Young,56436,ED,EDGE,740,20,0,0.0,66,7,19,0,1,1,0.2690031845345344,0.1545435909359972,0.42354677547053166,0.2021575437637748,0.22138923170675687,0.20942224620909433
2021,SEA,Rasheem Green,48731,ED,EDGE,847,26,51,1.9615384615384615,34,8,25,0,0,0,0.2652514833583642,0.15809122527372746,0.4233427086320917,0.2021575437637748,0.22118516486831694,0.18279765691596442
2022,GB,Rashan Gary,42905,ED,EDGE,378,2,0,0.0,38,6,25,0,1,0,0.2565151968217094,0.16608160035477282,0.4225967971764822,0.2021575437637748,0.2204392534127074,0.40822083965316186
2024,DET,Alim McNeill,76996,DI,IDL,631,6,0,0.0,45,4,17,0,1,0,0.25692490201108636,0.18684908290737984,0.44377398491846626,0.22337835625431512,0.22039562866415113,0.24449594305056385
2021,BAL,Tyus Bowser,11802,ED,EDGE,832,218,165,0.7568807339449541,40,8,30,0,2,2,0.24711039354313166,0.17519719943025217,0.4223075929733838,0.2021575437637748,0.22015004920960904,0.18522239717154607
2024,MIN,Harrison Phillips,48690,DI,IDL,701,4,17,4.25,16,2,21,0,1,0,0.20883770688742007,0.23461144995632652,0.4434491568437466,0.22337835625431512,0.22007080058943146,0.21975686221483884
2022,ARI,Zaven Collins,77190,LB,LB,1025,509,422,0.8290766208251473,16,2,37,1,1,3,0.3597603037005619,0.08654159932765443,0.4463019030282163,0.2264117320729514,0.21989017095526492,0.15016889723774188
2021,PIT,Devin Bush,27375,LB,LB,795,397,469,1.181360201511335,7,2,25,1,1,4,0.3771683077166457,0.06910704998305166,0.4462753576996974,0.2264117320729514,0.219863625626746,0.193590613759399
2022,TEN,DeMarcus Walker,11806,DI,IDL,427,1,0,0.0,32,8,21,0,0,0,0.29340425229364003,0.14952229764154903,0.4429265499351891,0.22337835625431512,0.21954819368087397,0.35991507160799013
2022,JAC,DaVon Hamilton,28072,DI,IDL,710,4,0,0.0,31,3,35,0,1,1,0.24147256531075725,0.20119839688176921,0.4426709621925265,0.22337835625431512,0.21929260593821137,0.21620397768556052
2023,TB,Dee Delaney,31078,S,S,455,344,160,0.46511627906976744,0,0,5,2,0,1,0.4199222344934638,0.05361806068674394,0.4735402951802077,0.2546539193746793,0.2188863758055284,0.3367482704700437
2023,PIT,Keeanu Benton,101536,DI,IDL,516,0,0,0.0,24,1,18,0,1,0,0.27829145542705225,0.16301937603844696,0.44131083146549926,0.22337835625431512,0.21793247521118414,0.2956448307128467
2021,TEN,Naquan Jones,44363,DI,IDL,356,2,0,0.0,9,4,18,0,0,0,0.25675697064576203,0.18448272071202085,0.44123969135778296,0.22337835625431512,0.21786133510346783,0.42837902969783
2021,PHI,Steven Nelson,9531,CB,CB,1052,628,569,0.9060509554140127,1,0,11,1,0,5,0.42374196853555773,0.05628864807269217,0.4800306166082499,0.26270954927892354,0.21732106732932638,0.1446052729377647
2022,NO,Kentavius Street,48404,DI,IDL,518,4,0,0.0,19,6,13,0,0,0,0.2776897380871082,0.1629637111733483,0.4406534492604566,0.22337835625431512,0.21727509300614145,0.29361499054883977
2022,LAC,Nasir Adderley,33880,S,S,884,523,171,0.32695984703632885,0,0,10,2,1,2,0.41606818255955064,0.05573338745844541,0.471801570017996,0.2546539193746793,0.2171476506433167,0.1719494971157485
2022,MIN,Danielle Hunter,9521,ED,EDGE,966,34,72,2.1176470588235294,76,13,43,0,1,0,0.24887856953977114,0.17035523198277353,0.41923380152254464,0.2021575437637748,0.21707625775876985,0.15730163605707959
2023,NE,Davon Godchaux,11934,DI,IDL,685,2,0,0.0,7,0,23,0,0,0,0.22987674087146023,0.21013172773298364,0.44000846860444387,0.22337835625431512,0.21663011235012875,0.22137383743808778
2023,HOU,Denzel Perryman,9481,LB,LB,633,328,439,1.3384146341463414,8,1,34,0,0,3,0.35717972192004627,0.08564068958969961,0.44282041150974594,0.2264117320729514,0.21640867943679454,0.2393144954277349
2022,HOU,Christian Harris,98996,LB,LB,711,332,515,1.5512048192771084,4,1,29,1,1,2,0.3569880881899797,0.08568522291500429,0.44267331110498404,0.2264117320729514,0.21626157903203264,0.2129157599471489
2023,HOU,Khalil Davis,48988,DI,IDL,481,0,0,0.0,23,2,19,0,1,0,0.24490209319167502,0.1946052416620906,0.43950733485376564,0.22337835625431512,0.21612897859945052,0.3145328170885974
2021,LAR,Sebastian Joseph-Day,49935,DI,IDL,343,0,0,0.0,15,3,22,0,0,0,0.2683506476826417,0.17061817806381646,0.43896882574645824,0.22337835625431512,0.2155904694921431,0.4399805499839655
2022,DAL,Carlos Watkins,11897,DI,IDL,303,0,0,0.0,9,0,10,0,1,0,0.23363799878443237,0.20500181569276643,0.4386398144771988,0.22337835625431512,0.21526145822288367,0.4973036988647478
2023,CLE,Cameron Mitchell,97340,CB,CB,283,209,201,0.9617224880382775,2,1,7,0,0,2,0.4215378801839115,0.05628864807269217,0.47782652825660377,0.26270954927892354,0.21511697897768023,0.5320914674359581
2023,ATL,Dee Alford,110542,CB,CB,571,337,433,1.28486646884273,2,0,17,0,0,5,0.421013854350196,0.05628864807269217,0.4773025024228882,0.26270954927892354,0.21459295314396465,0.2630736728559987
2021,IND,Khari Willis,51304,S,S,564,308,246,0.7987012987012987,6,2,19,2,0,2,0.4008510592282685,0.06775243282463282,0.4686034920529013,0.2546539193746793,0.213949572678222,0.2655402497779351
2021,PIT,Chris Wormley,11829,DI,IDL,769,0,0,0.0,29,8,26,0,1,0,0.27669494574975434,0.16055753069043877,0.43725247644019305,0.22337835625431512,0.21387412018587793,0.19468385452550657
2022,MIN,Za'Darius Smith,9555,ED,EDGE,822,33,37,1.121212121212121,80,10,31,0,3,0,0.23271191877878478,0.18319197134070744,0.41590389011949225,0.2021575437637748,0.21374634635571746,0.18202243606934576
2022,WAS,Kamren Curl,55800,S,S,727,430,312,0.7255813953488373,1,1,29,0,0,0,0.37618373063063953,0.09158674706687296,0.46777047769751245,0.2546539193746793,0.21311655832283316,0.20520163799997693
2023,TB,Christian Izien,83360,CB,CB,780,499,521,1.0440881763527055,9,0,21,2,2,0,0.41950266670135333,0.05628864807269217,0.47579131477404546,0.26270954927892354,0.21308176549512192,0.19122722544434018
2022,WAS,Danny Johnson,49379,CB,CB,292,176,205,1.1647727272727273,1,1,5,1,0,6,0.4189808858503917,0.05628864807269217,0.47526953392308396,0.26270954927892354,0.21255998464416043,0.5095616070236723
2022,BUF,Boogie Basham,44320,ED,EDGE,447,17,0,0.0,24,3,11,1,0,0,0.2982612270974936,0.11643639827337998,0.41469762537087357,0.2021575437637748,0.21254008160709878,0.3328368168343829
2021,DAL,Neville Gallimore,28094,DI,IDL,194,0,0,0.0,8,2,9,0,0,0,0.26844457298146385,0.16695606831364151,0.43540064129510536,0.22337835625431512,0.21202228504079024,0.7650288635492432
2023,KC,Joshua Williams,156083,CB,CB,420,310,103,0.33225806451612905,0,0,8,0,0,4,0.41829533944650193,0.05628864807269217,0.4745839875191941,0.26270954927892354,0.21187443824027058,0.3531240637337843
2024,LV,Tyree Wilson,82432,ED,EDGE,524,11,0,0.0,37,5,20,0,1,0,0.2543540907298251,0.15945395109755386,0.413808041827379,0.2021575437637748,0.21165049806360423,0.28273921497046367
2023,KC,Chamarri Conner,76662,S,S,468,300,181,0.6033333333333334,6,0,11,1,1,0,0.40932990097262917,0.05687786522076566,0.4662077661933948,0.2546539193746793,0.21155384681871553,0.31642669395961726
2024,MIN,Jerry Tillery,49949,DI,IDL,482,1,0,0.0,17,0,10,0,1,0,0.25524972295232967,0.17904883681810757,0.4342985597704373,0.22337835625431512,0.21092020351612217,0.30631564825992846
2023,CLE,Jordan Elliott,56734,DI,IDL,466,2,5,2.5,13,3,12,0,0,0,0.25136001570883476,0.18281240810625204,0.43417242381508686,0.22337835625431512,0.21079406756077174,0.3166434491256228
2022,IND,Kenny Moore II,51596,CB,CB,774,422,469,1.1113744075829384,1,1,21,0,0,3,0.41703287030464514,0.05628864807269217,0.47332151837733727,0.26270954927892354,0.21061196909841373,0.190475941045077
2021,GB,Adrian Amos,9575,S,S,1101,717,330,0.4602510460251046,1,0,15,3,0,7,0.40975892010631476,0.05542165382617085,0.46518057393248563,0.2546539193746793,0.21052665455780634,0.13384982578607124
2022,TB,Joe Tryon-Shoyinka,58272,ED,EDGE,884,113,53,0.4690265486725664,48,5,25,0,0,2,0.25811331072523996,0.1545357092633433,0.4126490199885833,0.2021575437637748,0.2104914762248085,0.16667877076625107
2022,ARI,Isaiah Simmons,42451,CB,CB,897,532,527,0.9906015037593985,9,4,20,2,2,3,0.4165582979782087,0.05628864807269217,0.47284694605090083,0.26270954927892354,0.2101373967719773,0.16398682022339364
2024,CLE,Jeremiah Owusu-Koramoah,58089,LB,LB,460,208,232,1.1153846153846154,13,3,26,1,1,1,0.3577443803297628,0.07874907783690059,0.43649345816666335,0.2264117320729514,0.21008172609371195,0.3196895831860834
2022,NYJ,Kwon Alexander,9557,LB,LB,558,252,342,1.3571428571428572,5,1,25,0,1,1,0.33098369460159455,0.10542505331214302,0.43640874791373757,0.2264117320729514,0.20999701584078617,0.26343711664614755
2021,MIA,Brandon Jones,43049,S,S,644,315,305,0.9682539682539683,17,5,18,1,1,0,0.3927478742917885,0.07190090064571998,0.46464877493750845,0.2546539193746793,0.20999485556282915,0.22825527778568386
2023,DET,Ifeatu Melifonwu,56203,S,S,535,356,185,0.5196629213483146,11,6,18,2,1,3,0.4031849465003506,0.06136193679504762,0.4645468832953982,0.2546539193746793,0.20989296392071893,0.27462630793365095
2024,SEA,Derick Hall,98130,ED,EDGE,673,36,20,0.5555555555555556,45,8,17,0,1,0,0.27686560064693305,0.13518187072129018,0.4120474713682234,0.2021575437637748,0.2098899276044486,0.21831047447713822
2021,DEN,Shelby Harris,8869,DI,IDL,564,0,0,0.0,32,7,23,0,1,0,0.26400328088379726,0.16905240910489147,0.4330556899886887,0.22337835625431512,0.20967733373437358,0.26023782555684666
2022,BAL,Marcus Peters,9451,CB,CB,791,542,559,1.0313653136531364,2,1,16,1,2,2,0.4160749915304612,0.05628864807269217,0.47236363960315336,0.26270954927892354,0.20965409032422982,0.18553459320728305
2022,NE,Anfernee Jennings,25449,ED,EDGE,344,27,15,0.5555555555555556,11,1,12,0,0,0,0.20464791857367462,0.2069718613088137,0.4116197798824883,0.2021575437637748,0.20946223611871354,0.4262312944276147
2022,SF,Emmanuel Moseley,50430,CB,CB,312,200,135,0.675,2,0,9,1,0,3,0.41565993033929066,0.05628864807269217,0.4719485784119828,0.26270954927892354,0.20923902913305925,0.46944653972160727
2021,NO,Jalyn Holmes,48400,ED,EDGE,189,2,0,0.0,2,0,7,0,0,0,0.23176328110537608,0.17960789846122535,0.41137117956660146,0.2021575437637748,0.20921363580282668,0.774865317788247
2021,MIA,Elandon Roberts,10848,LB,LB,620,252,283,1.123015873015873,10,1,28,1,1,2,0.33936802173263175,0.09593339265258907,0.43530141438522085,0.2264117320729514,0.20888968231226945,0.235843189707401
2024,LV,K'Lavon Chaisson,57945,ED,EDGE,508,40,82,2.05,29,6,20,1,1,0,0.24104934554854868,0.1698424258029593,0.410891771351508,0.2021575437637748,0.20873422758773322,0.2876259041563253
2023,BUF,Dane Jackson,32989,CB,CB,578,383,275,0.7180156657963447,0,0,14,0,1,6,0.4149922486499764,0.05628864807269217,0.4712808967226687,0.26270954927892354,0.20857134744374517,0.25259505745782285
2024,KC,Trent McDuffie,72191,CB,CB,1206,750,661,0.8813333333333333,7,1,20,2,1,8,0.41477451646345403,0.05628864807269217,0.47106316453614616,0.26270954927892354,0.20835361525722262,0.12093493422890202
2024,PIT,Nick Herbig,129920,ED,EDGE,433,40,52,1.3,27,7,14,0,4,0,0.23620727633409339,0.17403433289986323,0.41024160923395664,0.2021575437637748,0.20808406547018185,0.33639456311576743
2022,LAR,Taylor Rapp,51172,S,S,976,587,262,0.4463373083475298,2,0,14,2,0,3,0.4048341766524725,0.05781789163950851,0.462652068291981,0.2546539193746793,0.20799814891730173,0.14917900024806477
2023,GB,Kenny Clark,10661,DI,IDL,913,9,0,0.0,66,10,25,0,2,0,0.2581502872812974,0.17312601547970377,0.4312763027610012,0.22337835625431512,0.20789794650668608,0.1593960159415994
2022,TB,Mike Edwards,51282,S,S,876,520,409,0.7865384615384615,6,1,22,2,0,2,0.4038274483252912,0.0583721443090118,0.46219959263430316,0.2546539193746793,0.20754567325962386,0.16584699918006474
2022,NO,Pete Werner,58093,LB,LB,596,283,241,0.8515901060070671,4,0,37,0,2,3,0.32914013966244193,0.10467391453200554,0.43381405419444746,0.2264117320729514,0.20740232212149606,0.24359333135075042
2022,MIA,Bradley Chubb,48526,ED,EDGE,770,51,118,2.3137254901960786,54,10,25,0,5,1,0.24219857906297088,0.16707435607546975,0.4092729351384407,0.2021575437637748,0.20711539137466592,0.18828671943151448
2021,TEN,Elijah Molden,56290,CB,CB,671,445,519,1.1662921348314608,7,1,22,1,1,3,0.41351335745639395,0.05628864807269217,0.4698020055290861,0.26270954927892354,0.20709245625016254,0.21604280085709954
2023,DEN,Alex Singleton,9994,LB,LB,1089,573,672,1.1727748691099475,13,2,59,0,0,4,0.3480419816855933,0.08535496762223471,0.433396949307828,0.2264117320729514,0.20698521723487662,0.13304834900313464
2023,CLE,Rodney McLeod,7271,S,S,280,169,47,0.2781065088757396,1,0,11,0,0,1,0.40446650605930723,0.05646248440340266,0.46092899046270985,0.2546539193746793,0.20627507108803056,0.5156876777200764
2023,BAL,Rock Ya-Sin,49564,CB,CB,281,180,176,0.9777777777777777,0,0,2,0,0,4,0.41242620913213,0.05628864807269217,0.4687148572048222,0.26270954927892354,0.20600530792589866,0.5131804823776835
2024,BAL,Marlon Humphrey,11771,CB,CB,1000,640,549,0.8578125,11,1,24,6,2,10,0.4123362303398644,0.05628864807269217,0.4686248784125565,0.26270954927892354,0.20591532913363297,0.14414073039354308
2021,PHI,Fletcher Cox,7018,DI,IDL,805,0,0,0.0,44,4,22,0,2,0,0.24617647844728882,0.18279087596217944,0.4289673544094683,0.22337835625431512,0.2055889981551532,0.17877304187404627
2022,LAR,Nick Scott,49012,S,S,984,588,323,0.5493197278911565,0,0,16,2,2,3,0.40173849101736786,0.058338814155819325,0.46007730517318723,0.2546539193746793,0.20542338579850794,0.14613452241763777
2023,BAL,Andrew Adams,11240,S,S,21,3,0,0.0,0,0,0,0,0,0,0.40788174776526465,0.051958752067100454,0.45984049983236513,0.2546539193746793,0.20518658045768584,6.839552681922862
2022,ARI,Budda Baker,11791,S,S,969,548,318,0.5802919708029197,10,0,30,2,1,3,0.3943784213391873,0.06537254060833933,0.45975096194752674,0.2546539193746793,0.20509704257284744,0.14816091826727887
2022,MIA,Kader Kohou,156070,CB,CB,969,630,718,1.1396825396825396,4,0,28,1,1,10,0.4114874872303206,0.05628864807269217,0.4677761353030127,0.26270954927892354,0.20506658602408917,0.14813891663246895
2023,HOU,Kareem Jackson,5545,S,S,530,296,116,0.3918918918918919,0,0,6,2,0,2,0.4062557521266733,0.05341040566276191,0.45966615778943526,0.2546539193746793,0.20501223841475597,0.2707708809251494
2023,CHI,Andrew Billings,10756,DI,IDL,506,2,0,0.0,23,0,14,0,0,0,0.25146082158770106,0.1764731196498775,0.42793394123757855,0.22337835625431512,0.20455558498326343,0.28298203456182686
2023,CLE,Mohamoud Diabate,98780,LB,LB,26,6,0,0.0,0,0,0,0,0,0,0.3828946383595403,0.04762885606150876,0.4305234944210491,0.2264117320729514,0.2041117623480977,5.49531667860263
2021,PHI,Avonte Maddox,50543,CB,CB,780,520,491,0.9442307692307692,4,1,24,1,2,5,0.41042711812918325,0.05628864807269217,0.4667157662018754,0.26270954927892354,0.20400621692295184,0.18308250236675164
2022,BUF,Kaiir Elam,98693,CB,CB,570,365,380,1.0410958904109588,0,0,9,3,0,1,0.4102074546618482,0.05628864807269217,0.46649610273454045,0.26270954927892354,0.20378655345561691,0.25026418845426635
2021,NE,Dont'a Hightower,7030,LB,LB,679,263,323,1.2281368821292775,20,2,22,0,0,0,0.3538658190118082,0.07602105602936957,0.42988687504117773,0.2264117320729514,0.20347514296822633,0.20976818862703744
2021,PHI,T.J. Edwards,30737,LB,LB,719,406,469,1.1551724137931034,3,1,40,1,0,4,0.35149262045234153,0.07824852122099585,0.4297411416733374,0.2264117320729514,0.20332940960038598,0.19795630976393627
2024,CLE,Grant Delpit,60685,S,S,976,528,419,0.7935606060606061,11,1,42,0,0,2,0.37614968228336526,0.0818231591793557,0.45797284146272105,0.2546539193746793,0.20331892208804175,0.14582299739921026
2024,GB,Javon Bullard,146726,S,S,816,490,487,0.9938775510204082,3,0,26,0,0,1,0.39833731476659234,0.05944785597412251,0.4577851707407149,0.2546539193746793,0.2031312513660356,0.17425474994635407
2022,IND,Julian Blackmon,49434,S,S,720,399,440,1.1027568922305764,2,0,12,1,0,1,0.40578461240913394,0.051958752067100454,0.4577433644762344,0.2546539193746793,0.20308944510155513,0.19744807162651196
2023,LAR,John Johnson III,11847,S,S,574,397,134,0.33753148614609574,2,0,8,2,0,3,0.4039983260876265,0.05372357561233771,0.4577219016999642,0.2546539193746793,0.2030679823252849,0.24764388088449377
2022,NYJ,Solomon Thomas,11758,DI,IDL,374,4,0,0.0,11,1,12,0,0,0,0.2688450439675584,0.15726679962384427,0.4261118435914027,0.22337835625431512,0.20273348733708757,0.379447703572089
2021,IND,Rock Ya-Sin,49564,CB,CB,592,395,248,0.6278481012658228,0,0,6,0,1,7,0.4091392296916102,0.05628864807269217,0.46542787776430244,0.26270954927892354,0.2027183284853789,0.23970072624960345
2021,IND,Taylor Stallworth,48935,DI,IDL,331,0,0,0.0,22,4,12,0,0,1,0.2991492307178936,0.12675218404573302,0.42590141476362664,0.22337835625431512,0.20252305850931152,0.4282964983580606
2022,TEN,David Long Jr.,29367,LB,LB,740,477,468,0.9811320754716981,18,0,40,2,0,1,0.3402369368390044,0.08865852769044948,0.42889546452945393,0.2264117320729514,0.20248373245650253,0.1915386658372321
2024,PHI,Isaiah Rodgers,27069,CB,CB,421,276,200,0.7246376811594203,0,0,10,0,1,6,0.40839727245521223,0.05628864807269217,0.4646859205279045,0.26270954927892354,0.20197637124898093,0.3358276956633887
2022,WAS,Efe Obada,10235,ED,EDGE,391,2,0,0.0,26,4,14,0,0,0,0.28104729581952453,0.12248899007155756,0.40353628589108215,0.2021575437637748,0.20137874212730736,0.3605246022739518
2023,CIN,Dax Hill,97519,S,S,1089,649,457,0.7041602465331279,11,2,24,2,0,6,0.39875568628771946,0.05665880993473828,0.45541449622245767,0.2546539193746793,0.20076057684777837,0.12904720274880152
2022,JAC,Dawuane Smoot,11823,ED,EDGE,445,14,0,0.0,36,6,11,0,1,1,0.2767748540906954,0.12599864784381648,0.402773501934512,0.2021575437637748,0.2006159581707372,0.3155756645382383
2021,GB,De'Vondre Campbell,10749,LB,LB,1041,639,450,0.704225352112676,10,2,55,2,2,2,0.3344262689356668,0.0925138346001136,0.42694010353578044,0.2264117320729514,0.20052837146282904,0.13484136409604258
2022,DEN,DeShawn Williams,9891,DI,IDL,598,1,0,0.0,17,5,23,0,0,0,0.2709273723427045,0.1528200267413514,0.42374739908405584,0.22337835625431512,0.20036904282974072,0.23454570230906102
2024,SEA,Jarran Reed,10683,DI,IDL,679,22,0,0.0,48,4,23,0,1,0,0.26098567273756124,0.1625555893747234,0.4235412621122847,0.22337835625431512,0.2001629058579696,0.20635351119378306
2021,NO,Pete Werner,58093,LB,LB,394,197,159,0.8071065989847716,5,0,24,0,0,0,0.3111180314887401,0.11507550040290208,0.4261935318916423,0.2264117320729514,0.19978179981869088,0.3549422839418366
2024,DET,Carlton Davis III,49335,CB,CB,697,468,583,1.2457264957264957,0,0,21,2,1,6,0.4054884031020355,0.05628864807269217,0.46177705117472767,0.26270954927892354,0.19906750189580413,0.19992432041185493
2024,PHI,Charles Harris,11777,ED,EDGE,474,33,83,2.515151515151515,17,3,14,0,0,0,0.22857891521257717,0.17260816884319063,0.4011870840557678,0.2021575437637748,0.19902954029199302,0.29392548144387154
2024,TB,Lavonte David,7060,LB,LB,1149,621,737,1.1867954911433172,30,7,57,1,3,4,0.3442352462146113,0.08061725048064804,0.4248524966952594,0.2264117320729514,0.19844076462230797,0.12089515686302488
2021,CAR,Myles Hartsfield,49159,S,S,472,250,246,0.984,2,1,16,0,0,2,0.3944633831301133,0.05858546192985413,0.45304884505996745,0.2546539193746793,0.19839492568528816,0.2942297626688596
2024,NO,Demario Davis,7079,LB,LB,1090,596,387,0.6493288590604027,9,2,48,1,0,4,0.34434086201430697,0.08035798167663158,0.4246988436909386,0.2264117320729514,0.19828711161798718,0.12734034691063398
2022,HOU,Jonathan Greenard,48407,ED,EDGE,284,2,0,0.0,11,2,11,1,0,0,0.24335026301833257,0.15705671301824042,0.400406976036573,0.2021575437637748,0.1982494322727982,0.48864296686957304
2021,NYG,Tae Crowder,35774,LB,LB,1099,591,578,0.9780033840947546,10,0,37,2,0,4,0.3519853707903812,0.07216624925458127,0.42415162004496254,0.2264117320729514,0.19773988797201114,0.12594897323058035
2021,IND,Tyquan Lewis,48475,ED,EDGE,311,10,7,0.7,20,3,13,1,0,0,0.23042882931548664,0.1688983206312965,0.39932714994678314,0.2021575437637748,0.19716960618300836,0.44379011037976157
2022,TB,Anthony Nelson,48405,ED,EDGE,692,90,55,0.6111111111111112,15,6,25,0,3,0,0.21638840030327486,0.18287300796240227,0.3992614082656771,0.2021575437637748,0.1971038645019023,0.19938252189498787
2021,IND,Isaiah Rodgers,27069,CB,CB,525,366,407,1.1120218579234973,0,0,16,3,0,3,0.40308224448513286,0.05628864807269217,0.45937089255782504,0.26270954927892354,0.1966613432789015,0.26221512437186867
2023,NE,Lawrence Guy Sr.,6385,DI,IDL,522,0,0,0.0,6,0,20,0,0,0,0.22832655105197788,0.19095833513321642,0.4192848861851943,0.22337835625431512,0.1959065299308792,0.2627099060375775
2024,DET,Alex Anzalone,11831,LB,LB,681,398,360,0.9045226130653267,10,1,31,0,0,4,0.3374142294875663,0.08487219894262632,0.4222864284301926,0.2264117320729514,0.1958746963572412,0.2013396291484124
2023,CHI,Zacch Pickens,98911,DI,IDL,264,1,0,0.0,8,1,9,0,1,0,0.25612792762845676,0.162823097408347,0.4189510250368038,0.22337835625431512,0.1955726687824887,0.5185638944990231
2023,TB,Anthony Nelson,48405,ED,EDGE,446,65,74,1.1384615384615384,16,2,16,0,0,0,0.20286603870718067,0.1946978783322481,0.39756391703942884,0.2021575437637748,0.19540637327565405,0.3066916172487844
2023,NYG,Azeez Ojulari,81959,ED,EDGE,424,24,27,1.125,25,3,12,0,0,0,0.2358121385867114,0.1616644741441116,0.39747661273082296,0.2021575437637748,0.19531906896704818,0.3224607270682399
2022,DEN,Alex Singleton,9994,LB,LB,771,405,353,0.8716049382716049,13,0,62,0,0,1,0.30712712335238157,0.1140523650786686,0.4211794884310502,0.2264117320729514,0.1947677563580988,0.17683194481280043
2022,BUF,Tim Settle,48966,DI,IDL,435,1,0,0.0,12,1,12,0,1,0,0.22505783603593368,0.19306123418725332,0.41811907022318706,0.22337835625431512,0.19474071396887194,0.31337586155910424
2023,PIT,Minkah Fitzpatrick,51206,S,S,616,337,242,0.7181008902077152,1,0,19,0,0,2,0.38762444340698066,0.0614713827633713,0.449095826170352,0.2546539193746793,0.1944419067956727,0.22095671226780986
2023,DAL,Chauncey Golston,42718,DI,IDL,322,2,0,0.0,20,2,11,0,1,0,0.2587840642328365,0.15878231638806836,0.41756638062090495,0.22337835625431512,0.19418802436658983,0.42214787905780393
2024,PHI,Oren Burks,50203,LB,LB,377,241,183,0.7593360995850622,4,1,25,0,2,1,0.32236171867236685,0.09807189737880054,0.42043361605116736,0.2264117320729514,0.19402188397821596,0.3602528349728148
2021,SF,Josh Norman,7649,CB,CB,768,479,576,1.2025052192066805,0,0,12,1,7,4,0.4000307936162882,0.05628864807269217,0.45631944168898037,0.26270954927892354,0.19360989241005683,0.17646734985291637
2022,MIA,Zach Sieler,66917,DI,IDL,944,10,5,0.5,36,7,44,0,2,1,0.21703051151448152,0.1998096299836238,0.4168401414981054,0.22337835625431512,0.19346178524379026,0.1434568322782343
2024,GB,T.J. Slaton,56597,DI,IDL,457,2,0,0.0,14,1,20,0,0,0,0.23832873591850287,0.17829610889045605,0.416624844808959,0.22337835625431512,0.19324648855464388,0.29600118596991404
2021,IND,Xavier Rhodes,7806,CB,CB,638,402,524,1.3034825870646767,0,0,9,1,0,5,0.39956528068594294,0.05628864807269217,0.45585392875863506,0.26270954927892354,0.19314437947971153,0.21191389598087473
2022,DEN,Damarri Mathis,56143,CB,CB,794,484,456,0.9421487603305785,0,0,14,0,0,6,0.39931079494562166,0.05628864807269217,0.45559944301831384,0.26270954927892354,0.1928898937393903,0.17005406249064636
2024,DET,Amik Robertson,55619,CB,CB,630,491,601,1.2240325865580448,0,0,23,0,3,7,0.39924769640707625,0.05628864807269217,0.45553634447976843,0.26270954927892354,0.1928267952008449,0.21425199466760542
2021,NE,Myles Bryant,43336,CB,CB,428,317,357,1.1261829652996846,3,1,11,1,1,2,0.39906007881451744,0.05628864807269217,0.45534872688720957,0.26270954927892354,0.19263917760828603,0.3150640755275706
2021,GB,Darnell Savage,34247,S,S,1071,706,409,0.5793201133144475,4,0,9,2,0,7,0.39381310821148857,0.05336880027967729,0.4471819084911659,0.2546539193746793,0.1925279891164866,0.1258352870042396
2022,CAR,Jeremy Chinn,43179,S,S,684,396,364,0.9191919191919192,2,1,22,0,0,4,0.3891389610158341,0.057986273375293156,0.4471252343911273,0.2546539193746793,0.19247131501644799,0.19697356799928886
2022,PHI,Avonte Maddox,50543,CB,CB,522,349,391,1.1203438395415473,3,1,19,1,2,2,0.39868842444208846,0.05628864807269217,0.4549770725147807,0.26270954927892354,0.19226752323585716,0.2578300120021073
2021,IND,Andrew Sendejo,6118,S,S,610,399,68,0.17042606516290726,1,0,8,0,1,3,0.39022666248544374,0.05629829083677375,0.4465249533222175,0.2546539193746793,0.19187103394753818,0.22017987502176514
2023,LAC,Ja'Sir Taylor,55426,CB,CB,534,361,360,0.997229916897507,4,0,9,1,0,8,0.3980183727705129,0.05628864807269217,0.45430702084320507,0.26270954927892354,0.19159747156428153,0.25115773426029414
2023,JAC,Tre Herndon,50380,CB,CB,482,368,485,1.3179347826086956,7,0,14,0,1,6,0.3980045182168812,0.05628864807269217,0.4542931662895734,0.26270954927892354,0.19158361701064985,0.27823346868766574
2024,BUF,Christian Benford,79181,CB,CB,1046,653,415,0.6355283307810107,2,1,18,2,2,6,0.39786678934221414,0.05628864807269217,0.4541554374149063,0.26270954927892354,0.1914458881359828,0.12811866318851622
2022,NE,Jabrill Peppers,11780,S,S,398,211,148,0.7014218009478673,0,0,20,0,0,1,0.3550990143706813,0.09082380091339712,0.4459228152840784,0.2546539193746793,0.1912688959093991,0.3364025807451743
2022,GB,Adrian Amos,9575,S,S,977,531,307,0.5781544256120528,5,1,22,1,0,2,0.37866340058805437,0.06656808055161778,0.4452314811396722,0.2546539193746793,0.1905775617649929,0.13654482419190894
2024,KC,Nick Bolton,81322,LB,LB,1150,600,463,0.7716666666666666,17,4,57,1,1,4,0.3344804076734352,0.08229851358921907,0.41677892126265426,0.2264117320729514,0.19036718918970286,0.11587568037634086
2022,SEA,Uchenna Nwosu,50084,ED,EDGE,952,100,65,0.65,62,10,44,0,3,1,0.21311268918318838,0.1790931249044651,0.3922058140876535,0.2021575437637748,0.1900482703238787,0.1397413752381461
2023,PIT,Montravius Adams,11848,DI,IDL,427,1,0,0.0,16,0,12,0,1,0,0.24348090974037206,0.16988865223613855,0.41336956197651065,0.22337835625431512,0.18999120572219552,0.31146099298720575
2022,DAL,Chauncey Golston,42718,DI,IDL,278,0,0,0.0,11,0,12,0,0,0,0.23997211711139546,0.17335687082414128,0.4133289879355368,0.22337835625431512,0.18995063168122167,0.47829295747070205
2023,CHI,Jack Sanborn,82566,LB,LB,412,192,263,1.3697916666666667,6,1,29,1,0,1,0.3170129351700291,0.09908144911355984,0.41609438428358897,0.2264117320729514,0.18968265221063757,0.3222763508433163
2024,DEN,D.J. Jones,11953,DI,IDL,510,6,55,9.166666666666666,18,2,29,0,0,0,0.18230868769268474,0.23072797740546175,0.41303666509814657,0.22337835625431512,0.18965830884383145,0.26031532586408235
2021,DEN,Dre'Mont Jones,28075,DI,IDL,614,1,0,0.0,40,5,14,0,1,0,0.2502894541341149,0.16266152389026772,0.4129509780243827,0.22337835625431512,0.18957262177006756,0.21612513882580994
2023,MIA,Jaelan Phillips,56902,ED,EDGE,366,32,9,0.28125,27,7,22,1,0,0,0.24596057927488732,0.14564256616755897,0.39160314544244634,0.2021575437637748,0.18944560167867155,0.36232765348379803
2024,PIT,Beanie Bishop Jr.,83459,CB,CB,550,365,436,1.1945205479452055,3,1,10,4,0,3,0.3956566271795672,0.05628864807269217,0.4519452752522594,0.26270954927892354,0.18923572597333588,0.24084546942060928
2022,NO,Bradley Roby,8666,CB,CB,628,381,443,1.162729658792651,3,0,7,0,0,5,0.3955342967039325,0.05628864807269217,0.45182294477662466,0.26270954927892354,0.18911339549770112,0.21079518606431655
2023,MIA,Jerome Baker,28091,LB,LB,713,397,354,0.8916876574307305,11,2,32,2,0,0,0.3368542168769365,0.078556111205159,0.41541032808209555,0.2264117320729514,0.18899859600914415,0.18555261880280632
2022,LAC,Bryce Callahan,10000,CB,CB,653,437,507,1.160183066361556,8,0,13,3,0,3,0.3951788610322776,0.05628864807269217,0.4514675091049698,0.26270954927892354,0.18875795982604626,0.20234390792991178
2021,CLE,Denzel Ward,49558,CB,CB,855,530,419,0.7905660377358491,2,1,14,3,0,6,0.3951412637911642,0.05628864807269217,0.4514299118638564,0.26270954927892354,0.18872036258493285,0.1545078991923427
2022,HOU,Rasheem Green,48731,ED,EDGE,567,3,18,6.0,26,5,22,0,0,0,0.22617171821237342,0.1645498713327516,0.390721589545125,0.2021575437637748,0.1885640457813502,0.23279511824858048
2022,TEN,Teair Tart,82261,DI,IDL,520,4,0,0.0,26,2,23,1,0,1,0.2438747718382905,0.16783771867590436,0.4117124905141949,0.22337835625431512,0.18833413425987977,0.253526719195992
2024,DET,Aidan Hutchinson,82330,ED,EDGE,280,5,11,2.2,45,8,12,0,1,0,0.2740779461962253,0.11636484717450422,0.39044279337072946,0.2021575437637748,0.18828524960695467,0.47071312401738663
2023,KC,Leo Chenal,101463,LB,LB,527,173,187,1.0809248554913296,19,2,33,0,1,0,0.2916247698890043,0.1229763424275589,0.41460111231656327,0.2264117320729514,0.18818938024361187,0.24996691872965524
2022,DAL,Johnathan Hankins,7830,DI,IDL,290,1,0,0.0,6,1,13,0,0,0,0.2539914062504509,0.15714801242366933,0.41113941867412024,0.22337835625431512,0.1877610624198051,0.4532163575650468
2021,LAR,Travin Howard,50959,LB,LB,214,135,77,0.5703703703703704,1,0,10,2,0,3,0.35164008570619265,0.06196720500221115,0.41360729070840385,0.2264117320729514,0.18719555863545245,0.6123219207701716
2023,GB,Quay Walker,82547,LB,LB,973,520,571,1.0980769230769232,16,3,43,1,0,3,0.33607697987245966,0.07716776734317282,0.41324474721563254,0.2264117320729514,0.18683301514268114,0.13441224110984254
2021,BUF,Efe Obada,10235,ED,EDGE,273,5,37,7.4,20,4,9,0,0,0,0.26989918417826414,0.11890373387517048,0.38880291805343464,0.2021575437637748,0.18664537428965985,0.47857788279399965
2023,PIT,Cole Holcomb,49753,LB,LB,447,232,216,0.9310344827586207,4,0,21,0,1,2,0.32373417865287046,0.0886579096232751,0.4123920882761456,0.2264117320729514,0.1859803562031942,0.29124440568732873
2022,NO,Marcus Davenport,50291,ED,EDGE,490,7,0,0.0,34,1,11,0,0,0,0.2412649577124168,0.14661926186579366,0.38788421957821045,0.2021575437637748,0.18572667581443567,0.26532382259205095
2022,GB,Jarran Reed,10683,DI,IDL,705,0,0,0.0,33,4,28,0,1,0,0.2390065877939798,0.17007952729403025,0.40908611508801007,0.22337835625431512,0.18570775883369495,0.18439068252990987
2023,KC,Felix Anudike-Uzomah,122582,ED,EDGE,225,15,16,1.0666666666666667,11,1,8,0,1,0,0.1795069923441391,0.20807348350882074,0.3875804758529599,0.2021575437637748,0.18542293208918512,0.5768713442774648
2021,DAL,Donovan Wilson,49408,S,S,380,229,37,0.1615720524017467,4,0,11,0,0,1,0.37706979986211725,0.06281230460603215,0.43988210446814946,0.2546539193746793,0.18522818509347017,0.3412098146458661
2022,NO,Marcus Maye,11794,S,S,669,394,74,0.18781725888324874,0,0,8,0,1,2,0.38636251405352606,0.05330135575381841,0.43966386980734445,0.2546539193746793,0.18500995043266516,0.19358290777707862
2022,MIA,Jerome Baker,28091,LB,LB,1081,577,421,0.729636048526863,14,6,45,0,1,3,0.33358688991080127,0.0776557573027893,0.41124264721359055,0.2264117320729514,0.18483091514063915,0.11968699407811972
2021,SF,Arden Key,50201,ED,EDGE,434,3,0,0.0,39,8,14,0,0,0,0.28999350327315065,0.09681981763667266,0.38681332090982334,0.2021575437637748,0.18465577714604856,0.29783189862265896
2021,NYG,Austin Johnson,10677,DI,IDL,665,0,0,0.0,21,3,37,0,0,0,0.21941378056231328,0.1885700143208284,0.4079837948831417,0.22337835625431512,0.18460543862882656,0.19432151434613323
2021,CAR,A.J. Bouye,8110,CB,CB,401,250,301,1.204,1,0,12,0,1,3,0.3907237936739428,0.05628864807269217,0.447012441746635,0.26270954927892354,0.18430289246771148,0.3217257474498704
2024,MIA,Kader Kohou,156070,CB,CB,708,473,335,0.7082452431289641,2,0,11,2,1,3,0.3906176891842168,0.05628864807269217,0.4469063372569089,0.26270954927892354,0.1841967879779854,0.18211546833981604
2023,CHI,Rasheem Green,48731,ED,EDGE,385,5,0,0.0,14,2,9,0,0,0,0.284517252131873,0.1013366532862101,0.38585390541808307,0.2021575437637748,0.18369636165430828,0.33399338482601504
2022,BUF,Tre'Davious White,11782,CB,CB,449,280,277,0.9892857142857143,1,0,6,1,0,5,0.39003711621442266,0.05628864807269217,0.4463257642871149,0.26270954927892354,0.18361621500819136,0.2862613597009665
2023,MIA,Kader Kohou,156070,CB,CB,985,640,791,1.2359375,5,1,23,0,0,2,0.3898806334832817,0.05628864807269217,0.44616928155597385,0.26270954927892354,0.1834597322770503,0.13037747471465505
2023,PIT,Chandon Sullivan,49349,CB,CB,442,255,217,0.8509803921568627,5,0,8,1,1,3,0.38954644978466885,0.05628864807269217,0.445835097857361,0.26270954927892354,0.18312554857843744,0.2900178371151724
2022,TB,Antoine Winfield Jr.,42475,S,S,833,483,296,0.6128364389233955,9,4,24,1,1,2,0.3858157535656141,0.051958752067100454,0.43777450563271453,0.2546539193746793,0.18312058625803523,0.15388284559498758
2023,ATL,Jeff Okudah,55674,CB,CB,596,370,494,1.335135135135135,0,0,11,0,0,3,0.38936826871462593,0.05628864807269217,0.4456569167873181,0.26270954927892354,0.18294736750839458,0.2148710692212688
2024,GB,Jaire Alexander,49350,CB,CB,361,232,227,0.978448275862069,0,0,2,2,0,3,0.3891958179298552,0.05628864807269217,0.4454844660025473,0.26270954927892354,0.18277491672362378,0.3544111958629824
2023,CAR,Derrick Brown,43883,DI,IDL,938,0,0,0.0,41,2,53,1,0,0,0.2271105862802896,0.1789917258330165,0.4061023121133061,0.22337835625431512,0.18272395585899098,0.13636116108879923
2024,PHI,Moro Ojomo,76927,DI,IDL,490,0,0,0.0,39,1,9,0,0,0,0.28167498495239884,0.12439799511580764,0.4060729800682066,0.22337835625431512,0.18269462381389145,0.2609923197341307
2021,MIN,Patrick Peterson,6157,CB,CB,884,548,455,0.8302919708029197,0,0,15,1,0,3,0.38885959709057216,0.05628864807269217,0.44514824516326434,0.26270954927892354,0.1824386958843408,0.14446503067764543
2021,DEN,Malik Reed,48567,ED,EDGE,737,38,12,0.3157894736842105,27,6,18,0,2,0,0.2292261009221292,0.15517533872551667,0.3844014396476459,0.2021575437637748,0.1822438958838711,0.1730946093876659
2021,SEA,Jamal Adams,11761,S,S,872,468,252,0.5384615384615384,7,0,28,2,0,2,0.3731550211300661,0.0637036763553463,0.4368586974854124,0.2546539193746793,0.1822047781107331,0.14626530352925823
2023,HOU,Teair Tart,82261,DI,IDL,378,5,0,0.0,7,1,17,0,0,0,0.22091852878038737,0.18442211213009863,0.40534064091048605,0.22337835625431512,0.18196228465617093,0.33696719380772394
2023,CLE,Tanner McCalister,76591,CB,CB,19,17,0,0.0,0,0,0,0,0,0,0.3883032042279541,0.05628864807269217,0.4445918523006463,0.26270954927892354,0.18188230302172276,6.700926953431891
2024,MIA,Chop Robinson,144901,ED,EDGE,565,51,44,0.8627450980392157,56,7,14,0,0,0,0.25737368585442855,0.1263539082337129,0.38372759408814144,0.2021575437637748,0.18157005032436666,0.2249540446496578
2021,GB,Eric Stokes,55912,CB,CB,988,669,609,0.9103139013452914,0,0,14,1,0,9,0.38777958941304763,0.05628864807269217,0.4440682374857398,0.26270954927892354,0.18135868820681628,0.12849299771737996
2023,SF,Arik Armstead,9450,DI,IDL,661,1,0,0.0,58,8,18,0,0,0,0.28043630870675523,0.12393415774461734,0.4043704664513726,0.22337835625431512,0.18099211019705747,0.19167091851428172
2023,IND,Jaylon Jones,124328,CB,CB,788,475,330,0.6947368421052632,0,0,6,0,0,5,0.3873680308409982,0.05628864807269217,0.44365667891369037,0.26270954927892354,0.18094712963476683,0.16073983596997055
2024,IND,Nick Cross,97514,S,S,1156,629,402,0.6391096979332274,2,0,39,3,1,2,0.3654214836362363,0.06959599938404896,0.43501748302028526,0.2546539193746793,0.18036356364560596,0.10921669078886173
2023,DET,Josh Paschal,57908,ED,EDGE,510,6,0,0.0,19,1,15,0,0,0,0.211541464076565,0.17091704771507707,0.3824585117916421,0.2021575437637748,0.1803009680278673,0.24747191690099432
2023,MIA,Jevon Holland,83873,S,S,707,434,240,0.5529953917050692,1,0,12,1,3,3,0.37315984285557957,0.06169872483960727,0.4348585676951869,0.2546539193746793,0.1802046483205076,0.1784204438816907
2021,PIT,Ahkello Witherspoon,11821,CB,CB,410,268,266,0.9925373134328358,0,0,5,3,0,5,0.38621804795171183,0.05628864807269217,0.44250669602440396,0.26270954927892354,0.17979714674548042,0.3069707383459422
2021,SF,Jaquiski Tartt,9479,S,S,932,583,152,0.2607204116638079,3,0,24,0,0,1,0.37330245731552186,0.06100490544833271,0.4343073627638546,0.2546539193746793,0.17965344338917533,0.1349328437472347
2023,LAR,Jonah Williams,44597,DI,IDL,636,0,0,0.0,17,2,27,0,0,0,0.21167369741089584,0.19124503451761496,0.40291873192851085,0.22337835625431512,0.17954037567419573,0.1976073317168821
2021,MIN,Cameron Dantzler,42472,CB,CB,685,433,311,0.7182448036951501,0,0,17,1,1,6,0.3859146169549773,0.05628864807269217,0.4422032650276695,0.26270954927892354,0.17949371574874595,0.18342423507171118
2021,MIN,Dalvin Tomlinson,11810,DI,IDL,641,0,0,0.0,21,4,21,0,0,0,0.23522669161713033,0.167514851126151,0.4027415427432814,0.22337835625431512,0.17936318648896626,0.1958724345433329
2022,BUF,Jordan Phillips,9485,DI,IDL,365,1,0,0.0,19,2,13,0,0,0,0.2516196450794046,0.15106850718120898,0.4026881522606136,0.22337835625431512,0.17930979600629848,0.3438818005600245
2023,KC,Tershawn Wharton,40292,DI,IDL,525,10,0,0.0,23,3,11,0,0,0,0.28794979233897805,0.11453421857446433,0.4024840109134424,0.22337835625431512,0.17910565465912726,0.238807539545503
2021,ARI,Corey Peters,5607,DI,IDL,399,6,0,0.0,9,0,16,0,0,0,0.2122944495153047,0.1901850069603071,0.40247945647561184,0.22337835625431512,0.17910110022129672,0.3142124565285907
2023,MIA,Eli Apple,10644,CB,CB,624,384,658,1.7135416666666667,1,1,14,1,0,6,0.38507313773328666,0.05628864807269217,0.44136178580597885,0.26270954927892354,0.1786522365270553,0.20041116277073512
2023,IND,Grover Stewart,11899,DI,IDL,445,3,0,0.0,15,1,24,0,0,0,0.2066936237217455,0.19526517659453008,0.40195880031627557,0.22337835625431512,0.17858044406196044,0.28091305807499395
2021,TB,Jaelon Darden,61522,WR,UNKNOWN,1,0,0,0.0,0,0,0,0,0,0,0.3670802164911266,0.04762885606150876,0.4147090725526354,0.23648925173029245,0.17821982082234294,124.75387457564005
2024,LV,Isaiah Pola-Mao,60781,S,S,952,568,408,0.7183098591549296,1,1,15,0,2,5,0.3770541716943516,0.05576461086343442,0.432818782557786,0.2546539193746793,0.1781648631831067,0.1310035758699314
2022,ARI,Markus Golden,9491,ED,EDGE,781,43,81,1.8837209302325582,46,4,21,0,0,0,0.22019782319096307,0.15969435093011908,0.37989217412108217,0.2021575437637748,0.17773463035730738,0.15930120518580687
2022,MIN,Patrick Peterson,6157,CB,CB,1176,741,584,0.7881241565452092,1,0,17,5,0,9,0.38407362132300554,0.05628864807269217,0.4403622693956977,0.26270954927892354,0.1776527201167742,0.10574566673617511
2023,JAC,K'Lavon Chaisson,57945,ED,EDGE,283,31,4,0.12903225806451613,14,2,9,0,0,0,0.21934438453546826,0.1600291570276927,0.379373541563161,0.2021575437637748,0.1772159977993862,0.4383434574543122
2023,PIT,Keanu Neal,10651,S,S,430,266,250,0.9398496240601504,3,0,12,1,0,1,0.3680688140767029,0.06343860448967438,0.4315074185663773,0.2546539193746793,0.17685349919169802,0.28790104519578746
2021,PHI,Rodney McLeod,7271,S,S,756,474,180,0.379746835443038,0,0,13,2,0,2,0.37798793130437847,0.05337366989132378,0.43136160119570227,0.2546539193746793,0.17670768182102298,0.16361822390835462
2023,GB,Keisean Nixon,56167,CB,CB,937,633,717,1.132701421800948,2,2,35,1,0,5,0.3828711379541563,0.05628864807269217,0.43915978602684846,0.26270954927892354,0.17645023674792493,0.13181981400592044
2022,NO,Tanoh Kpassagnon,11814,ED,EDGE,356,1,0,0.0,16,4,9,0,0,0,0.2436854618386614,0.13483075634694458,0.378516218185606,0.2021575437637748,0.1763586744218312,0.346772674424949
2023,DAL,Johnathan Hankins,7830,DI,IDL,387,2,0,0.0,7,3,14,0,0,0,0.2654174808941813,0.1343102600673832,0.39972774096156455,0.22337835625431512,0.17634938470724942,0.3189782152327509
2023,MIA,David Long Jr.,29367,LB,LB,899,454,509,1.1211453744493391,23,1,48,0,1,0,0.29924620124221396,0.10342051074762833,0.40266671198984233,0.2264117320729514,0.17625497991689093,0.1372396951521954
2022,TB,Vita Vea,48956,DI,IDL,581,11,0,0.0,38,8,19,0,1,0,0.2789082987473617,0.12061436336760988,0.3995226621149716,0.22337835625431512,0.1761443058606565,0.212222055253803
2022,DAL,Neville Gallimore,28094,DI,IDL,422,0,0,0.0,9,1,11,0,0,0,0.256148277185688,0.14319941328548644,0.39934769047117447,0.22337835625431512,0.17596933421685934,0.29189226054929274
2022,WAS,Casey Toohill,38472,ED,EDGE,347,13,0,0.0,19,1,14,0,0,0,0.2204350392334746,0.15736441836390566,0.37779945759738026,0.2021575437637748,0.17564191383360547,0.35432086364127907
2022,CIN,Chidobe Awuzie,11815,CB,CB,471,286,219,0.7657342657342657,0,0,7,0,1,6,0.3817146658998362,0.05628864807269217,0.4380033139725284,0.26270954927892354,0.17529376469360486,0.26052151865291595
2022,CLE,Denzel Ward,49558,CB,CB,748,412,543,1.3179611650485437,1,0,8,3,0,7,0.38129289712974584,0.05628864807269217,0.437581545202438,0.26270954927892354,0.1748719959235145,0.1636502635647863
2024,CHI,Tyrique Stevenson,97562,CB,CB,810,442,596,1.3484162895927603,0,0,17,2,1,10,0.3809962603587501,0.05628864807269217,0.4372849084314423,0.26270954927892354,0.17457535915251876,0.1508675943293372
2021,CAR,Juston Burris,10752,S,S,420,228,72,0.3157894736842105,1,0,3,1,0,0,0.3755622528763605,0.05345915551143066,0.4290214083877912,0.2546539193746793,0.1743674890131119,0.29061248168851983
2024,PHI,Bryce Huff,27128,ED,EDGE,298,10,1,0.1,23,2,7,0,1,0,0.2357038873121268,0.14067252733182037,0.37637641464394717,0.2021575437637748,0.17421887088017238,0.40923895844335795
2022,WAS,James Smith-Williams,48455,ED,EDGE,506,20,15,0.75,24,3,12,0,0,0,0.2309388741096121,0.14543300036087248,0.3763718744704846,0.2021575437637748,0.1742143307067098,0.24100796738082383
2021,PHI,Anthony Harris,9895,S,S,897,534,243,0.4550561797752809,2,0,22,1,1,2,0.36352923561380474,0.06524749546157423,0.42877673107537895,0.2546539193746793,0.17412281170069965,0.13588179285450364
2021,TEN,Rashaan Evans,50213,LB,LB,445,264,231,0.875,2,0,16,2,1,0,0.3228465029346136,0.07760493493228676,0.4004514378669004,0.2264117320729514,0.174039705793949,0.27377032372081866
2023,NE,Jalen Mills,10867,S,S,459,303,157,0.5181518151815182,4,0,10,0,1,1,0.36922647381916585,0.05935218351916907,0.42857865733833495,0.2546539193746793,0.17392473796365565,0.2652446984195184
2023,JAC,Folorunso Fatukasi,38558,DI,IDL,415,1,0,0.0,16,0,20,0,0,0,0.21235132102546686,0.18490567172598105,0.39725699275144793,0.22337835625431512,0.1738786364971328,0.29328926638070596
2022,BAL,Broderick Washington,50049,DI,IDL,501,2,0,0.0,18,2,26,0,0,0,0.22873372785467572,0.16813418792523524,0.396867915779911,0.22337835625431512,0.17348955952559586,0.24240058217149124
2024,IND,Kwity Paye,56713,ED,EDGE,667,8,29,3.625,37,8,28,0,1,0,0.22610632203580278,0.14950610424878347,0.37561242628458624,0.2021575437637748,0.17345488252081145,0.18203660834268068
2023,DET,Jerry Jacobs,83025,CB,CB,743,479,602,1.2567849686847599,2,0,15,3,0,4,0.37979282598356556,0.05628864807269217,0.43608147405625775,0.26270954927892354,0.1733719247773342,0.16333828713880746
2023,MIA,Emmanuel Ogbah,10666,ED,EDGE,286,6,0,0.0,20,6,11,1,1,0,0.26141502401565436,0.11407935747642828,0.3754943814920827,0.2021575437637748,0.1733368377283079,0.42425100143292144
2023,MIA,Jalen Ramsey,10639,CB,CB,659,421,272,0.6460807600950119,0,0,5,3,0,2,0.3797017389664433,0.05628864807269217,0.4359903870391355,0.26270954927892354,0.17328083776021197,0.18406158790917812
2024,CHI,Montez Sweat,27271,ED,EDGE,616,10,0,0.0,49,6,18,0,2,0,0.22671190375388128,0.14872317108662114,0.37543507484050237,0.2021575437637748,0.17327753107672758,0.19690628531446314
2021,LAR,Terrell Lewis,42845,ED,EDGE,367,27,40,1.4814814814814814,21,3,8,0,1,0,0.20428826516425455,0.17110876822493326,0.37539703338918784,0.2021575437637748,0.17323948962541305,0.33042954424465704
2021,TB,Pierre Desir,8762,CB,CB,308,223,268,1.201793721973094,0,0,6,2,1,2,0.37941346288705047,0.05628864807269217,0.43570211095974265,0.26270954927892354,0.1729925616808191,0.3931649129109525
2024,BAL,Nnamdi Madubuike,44304,DI,IDL,894,13,0,0.0,60,11,30,0,1,0,0.23775924590933192,0.15858263454486737,0.3963418804541993,0.22337835625431512,0.1729635241998842,0.13543005250550216
2022,GB,Darnell Savage,34247,S,S,819,447,332,0.7427293064876958,0,0,3,1,0,4,0.3735223837328975,0.053698830472940724,0.42722121420583825,0.2546539193746793,0.17256729483115896,0.14749341438560595
2022,CAR,Marquis Haynes Sr.,50244,ED,EDGE,470,43,14,0.32558139534883723,26,5,12,0,0,0,0.2577981030434691,0.1164859766523553,0.37428407969582445,0.2021575437637748,0.17212653593204966,0.25635867053709527
2022,PIT,T.J. Watt,11785,ED,EDGE,502,19,6,0.3157894736842105,31,7,25,2,1,0,0.2188677376722718,0.1551472438150665,0.3740149814873383,0.2021575437637748,0.17185743772356352,0.23964184543126388
2023,NYG,Isaiah Simmons,42451,LB,LB,378,203,153,0.7536945812807881,8,1,16,1,0,2,0.3325708924134503,0.06563527430111095,0.39820616671456127,0.2264117320729514,0.17179443464160987,0.31813784192890715
2024,CLE,Greg Newsome II,83341,CB,CB,571,346,470,1.3583815028901733,2,0,8,1,0,3,0.3780930175866356,0.05628864807269217,0.4343816656593278,0.26270954927892354,0.17167211638040425,0.2104561847045236
2021,TB,Sean Murphy-Bunting,25891,CB,CB,524,357,563,1.57703081232493,0,0,15,0,1,3,0.3780631876792764,0.05628864807269217,0.4343518357519686,0.26270954927892354,0.17164228647304508,0.2292931307846022
2023,HOU,Jimmie Ward,8665,S,S,506,314,297,0.945859872611465,0,0,11,1,1,2,0.3701054222566734,0.056077066317468484,0.42618248857414187,0.2546539193746793,0.17152856919946258,0.23729248703482964
2023,LV,Jakorian Bennett,129496,CB,CB,361,223,270,1.210762331838565,0,0,6,0,0,3,0.37761339472532546,0.05628864807269217,0.4339020427980176,0.26270954927892354,0.17119249351909405,0.33195220349962834
2022,ATL,Grady Jarrett,9570,DI,IDL,856,1,0,0.0,45,7,29,0,0,0,0.2506305804539122,0.14364244339754517,0.39427302385145735,0.22337835625431512,0.17089466759714222,0.13975031228738266
2022,CIN,Joseph Ossai,77205,ED,EDGE,418,20,26,1.3,32,4,8,0,0,0,0.258894946605799,0.11405144943434477,0.3729463960401437,0.2021575437637748,0.1707888522763689,0.2860100396972685
2021,PHI,Derek Barnett,11769,ED,EDGE,776,19,0,0.0,35,3,18,0,0,0,0.23515364172437855,0.13763848189942254,0.37279212362380115,0.2021575437637748,0.17063457986002636,0.1539229457500238
2021,CLE,John Johnson III,11847,S,S,903,552,222,0.40217391304347827,2,1,13,3,1,2,0.3720208325548805,0.0530662169878161,0.4250870495426966,0.2546539193746793,0.1704331301680173,0.13211870555660257
2023,NE,Joshua Uche,27379,ED,EDGE,331,38,55,1.4473684210526316,37,3,6,0,0,0,0.28847217283854004,0.08410323023017734,0.3725754030687174,0.2021575437637748,0.1704178593049426,0.36040030668718975
2022,NO,Marshon Lattimore,11766,CB,CB,415,232,183,0.7887931034482759,0,0,7,1,0,3,0.3767080111392094,0.05628864807269217,0.4329966592119016,0.26270954927892354,0.17028710993297808,0.28723126976646907
2023,SF,Ambry Thomas,56058,CB,CB,573,419,459,1.0954653937947494,0,0,8,1,1,6,0.3764538901140724,0.05628864807269217,0.4327425381867645,0.26270954927892354,0.17003298890784097,0.2077191836570483
2023,LAR,Christian Rozeboom,49862,LB,LB,579,339,340,1.0029498525073746,4,0,32,1,0,2,0.3144760821417432,0.08189635993607632,0.3963724420778196,0.2264117320729514,0.16996071000486818,0.20547926943593733
2021,GB,Kenny Clark,10661,DI,IDL,828,0,0,0.0,68,4,31,0,0,0,0.22616375310656409,0.16713956270393276,0.3933033158104969,0.22337835625431512,0.16992495955618175,0.1436563667745498
2024,HOU,Mario Edwards Jr.,9468,DI,IDL,519,0,0,0.0,33,6,15,0,0,0,0.28300158844559187,0.1102850243338616,0.3932866127794534,0.22337835625431512,0.1699082565251383,0.22916335176800928
2022,NO,Shy Tuttle,37279,DI,IDL,557,4,0,0.0,10,3,25,0,0,0,0.22473892320294367,0.16849549275397444,0.3932344159569181,0.22337835625431512,0.16985605970260298,0.2134636297878314
2024,NO,Tyrann Mathieu,7850,S,S,1015,617,359,0.5818476499189628,3,0,9,3,2,2,0.3687198177706443,0.05568081863220692,0.42440063640285114,0.2546539193746793,0.16974671702817185,0.1170667013987392
2023,SF,Javon Kinlaw,56834,DI,IDL,544,2,0,0.0,35,4,21,0,0,0,0.23215643763525082,0.1607983585154562,0.39295479615070705,0.22337835625431512,0.16957643989639193,0.21820497780785728
2021,TB,Andrew Adams,11240,S,S,217,138,45,0.32608695652173914,4,0,5,1,0,2,0.3687739220318322,0.05537396156183812,0.42414788359367034,0.2546539193746793,0.16949396421899104,0.5467547232870679
2021,NYG,Logan Ryan,7864,S,S,1003,567,344,0.6067019400352733,9,2,23,0,2,6,0.3677901184557005,0.05611727280394199,0.4239073912596425,0.2546539193746793,0.1692534718849632,0.11812306113606605
2022,LAR,Michael Hoecht,108840,ED,EDGE,409,31,19,0.6129032258064516,24,5,17,0,1,0,0.22381919985055773,0.14754551166790378,0.3713647115184615,0.2021575437637748,0.16920716775468672,0.2895966196290482
2024,MIN,Dallas Turner,146604,ED,EDGE,310,55,58,1.0545454545454545,12,3,8,1,0,0,0.26618595526873345,0.10484877714389355,0.371034732412627,0.2021575437637748,0.16887718864885223,0.38133558727160183
2023,NE,Matthew Judon,10780,ED,EDGE,184,21,24,1.1428571428571428,16,4,6,0,0,0,0.28676367397150726,0.08410323023017734,0.3708669042016846,0.2021575437637748,0.16870936043790982,0.641829088622483
2021,DAL,Chauncey Golston,42718,ED,EDGE,422,8,45,5.625,23,2,12,0,0,0,0.2179813950856531,0.15273485745841545,0.37071625254406854,0.2021575437637748,0.16855870878029375,0.2795997539009612
2022,HOU,Derek Stingley Jr.,98253,CB,CB,599,309,414,1.3398058252427185,1,1,10,1,0,4,0.3746498309512772,0.05628864807269217,0.43093847902396937,0.26270954927892354,0.16822892974504583,0.1965947426068983
2021,TEN,Bud Dupree,9455,ED,EDGE,440,25,25,1.0,26,4,11,0,1,0,0.22920951140143425,0.14105687932661848,0.37026639072805273,0.2021575437637748,0.16810884696427794,0.2674458928977149
2021,LAR,Dont'e Deayon,11242,CB,CB,492,358,462,1.2905027932960893,1,0,13,0,0,3,0.37433746763461045,0.05628864807269217,0.4306261157073026,0.26270954927892354,0.16791656642837904,0.2389056839428157
2024,CHI,T.J. Edwards,30737,LB,LB,1054,517,739,1.4294003868471954,15,4,52,1,1,1,0.3119633639319856,0.08217169901544286,0.39413506294742845,0.2264117320729514,0.16772333087447705,0.11139120646312517
2022,PIT,Minkah Fitzpatrick,51206,S,S,939,559,369,0.6601073345259392,4,0,17,6,0,4,0.36893275888818017,0.053299981718906854,0.422232740607087,0.2546539193746793,0.1675788212324077,0.12492563883140084
2024,CHI,Kevin Byard,10698,S,S,1055,578,332,0.5743944636678201,4,2,27,1,1,5,0.3604723359493299,0.061320985577576335,0.42179332152690635,0.2546539193746793,0.16713940215222706,0.11089818152280467
2021,CAR,Stephon Gilmore,7016,CB,CB,304,172,155,0.9011627906976745,0,0,6,2,0,0,0.37333399449998234,0.05628864807269217,0.4296226425726745,0.26270954927892354,0.16691309329375098,0.3843393595579792
2024,PIT,Keeanu Benton,101536,DI,IDL,671,0,0,0.0,23,2,23,1,0,1,0.25754076687115096,0.13273026155292866,0.3902710284240797,0.22337835625431512,0.16689267216976456,0.17410561925310758
2024,LAR,Jared Verse,101912,ED,EDGE,933,31,22,0.7096774193548387,89,8,41,0,2,0,0.19504134460103478,0.17397855468773898,0.36901989928877377,0.2021575437637748,0.16686235552499898,0.12519147788585133
2023,PIT,Kwon Alexander,9557,LB,LB,362,187,188,1.0053475935828877,5,1,13,1,2,0,0.30542165537671845,0.08769940841919925,0.39312106379591766,0.2264117320729514,0.16670933172296626,0.32236611106650936
2024,MIA,Jordan Poyer,8000,S,S,964,600,301,0.5016666666666667,2,0,16,0,0,3,0.3644355862149419,0.05637553232411859,0.4208111185390604,0.2546539193746793,0.1661571991643811,0.12065356785795307
2023,NYG,Cor'Dale Flott,98834,CB,CB,519,332,452,1.3614457831325302,2,0,11,1,1,3,0.3725366473650257,0.05628864807269217,0.4288252954377178,0.26270954927892354,0.16611574615879426,0.22404821254557994
2021,BAL,Anthony Averett,50365,CB,CB,807,537,739,1.3761638733705772,2,0,7,3,0,8,0.37253575629422575,0.05628864807269217,0.42882440436691793,0.26270954927892354,0.1661148550879944,0.1440897132113954
2024,KC,Justin Reid,49048,S,S,1186,707,572,0.809052333804809,10,0,38,2,0,3,0.35228797998923617,0.06836016509663993,0.4206481450858761,0.2546539193746793,0.16599422571119682,0.09797298313477046
2024,IND,Samuel Womack III,65771,CB,CB,673,440,388,0.8818181818181818,0,0,13,2,0,7,0.3722810975146381,0.05628864807269217,0.4285697455873303,0.26270954927892354,0.16586019630840676,0.17251432008303821
2022,PIT,Cameron Sutton,11850,CB,CB,931,569,411,0.7223198594024605,2,0,15,3,0,8,0.3717875903782905,0.05628864807269217,0.4280762384509827,0.26270954927892354,0.16536668917205916,0.12433585652034522
2023,SF,Ji'Ayir Brown,129767,S,S,546,371,212,0.5714285714285714,3,0,9,3,0,2,0.367245779876232,0.05256947338607812,0.4198152532623102,0.2546539193746793,0.16516133388763088,0.21174529985593704
2023,BUF,DaQuan Jones,8747,DI,IDL,240,0,0,0.0,20,3,10,0,0,0,0.2567685194098162,0.13158551335480073,0.38835403276461694,0.22337835625431512,0.16497567651030182,0.48117905648838033
2022,NO,Daniel Sorensen,9253,S,S,166,93,39,0.41935483870967744,0,0,0,2,0,0,0.36758464937877705,0.051958752067100454,0.4195434014458775,0.2546539193746793,0.1648894820711982,0.6953170930713176
2022,BAL,Jason Pierre-Paul,5540,ED,EDGE,555,16,27,1.6875,22,4,15,1,0,0,0.2146653416311835,0.15234201683722776,0.36700735846841126,0.2021575437637748,0.16484981470463647,0.20791868521305504
2024,HOU,Folorunso Fatukasi,38558,DI,IDL,366,0,0,0.0,12,1,18,0,0,0,0.20350174410986124,0.18469430390799177,0.388196048017853,0.22337835625431512,0.1648176917635379,0.3152250935368211
2021,GB,Rasul Douglas,11854,CB,CB,734,490,360,0.7346938775510204,0,0,14,5,1,7,0.37121683522163074,0.05628864807269217,0.427505483294323,0.26270954927892354,0.16479593401539944,0.15716233489207032
2023,LAR,Russ Yeast,55629,S,S,836,519,382,0.7360308285163777,3,0,10,0,0,4,0.364706696122014,0.0547115976722029,0.4194182937942169,0.2546539193746793,0.16476437441953762,0.13796060059052193
2022,PHI,Reed Blankenship,56065,S,S,348,217,95,0.4377880184331797,1,0,12,1,1,2,0.3627517464377712,0.05662249012199676,0.41937423655976797,0.2546539193746793,0.16472031718508867,0.3313339713493163
2024,LAC,Marcus Maye,11794,S,S,405,241,87,0.36099585062240663,5,0,9,1,0,1,0.36121685898644784,0.058043939851047374,0.41926079883749523,0.2546539193746793,0.16460687946281594,0.2845057175900522
2024,BAL,Kyle Van Noy,8675,ED,EDGE,696,62,104,1.6774193548387097,56,14,31,0,2,0,0.22400198852307074,0.14237050876465174,0.36637249728772253,0.2021575437637748,0.16421495352394774,0.16515871762466008
2024,CLE,Dalvin Tomlinson,11810,DI,IDL,609,7,0,0.0,36,4,17,0,0,0,0.2600413133081307,0.12745286862526145,0.38749418193339213,0.22337835625431512,0.164115825679077,0.18863888009089314
2022,TEN,Mario Edwards Jr.,9468,ED,EDGE,463,8,0,0.0,34,3,14,0,0,0,0.230166832842808,0.13582914461115675,0.3659959774539647,0.2021575437637748,0.16383843369018994,0.24770389542793295
2021,SF,Kentavius Street,48404,DI,IDL,407,4,0,0.0,19,3,20,0,1,0,0.22322986387396765,0.16396724539132024,0.38719710926528794,0.22337835625431512,0.16381875301097282,0.2817521550557272
2023,JAC,Tyson Campbell,83217,CB,CB,589,394,494,1.2538071065989849,0,0,18,1,1,2,0.37020373155575836,0.05628864807269217,0.42649237962845055,0.26270954927892354,0.163782830349527,0.19464852503339372
2021,PIT,Joe Haden,5532,CB,CB,695,446,407,0.9125560538116592,0,0,12,0,1,6,0.3701547762581103,0.05628864807269217,0.4264434243308024,0.26270954927892354,0.16373387505187886,0.1649118165990147
2022,CAR,Matt Ioannidis,10786,DI,IDL,640,2,0,0.0,35,1,17,0,0,0,0.23825706875666713,0.14875661039309981,0.387013679149767,0.22337835625431512,0.16363532289545185,0.17897613441690047
2024,IND,Grover Stewart,11899,DI,IDL,690,1,0,0.0,15,4,38,0,1,0,0.20919188613206127,0.1777172709282894,0.38690915706035073,0.22337835625431512,0.1635308008060356,0.16590081241192017
2023,CIN,Germaine Pratt,29407,LB,LB,975,530,458,0.8641509433962264,12,3,35,2,2,1,0.31100770594045535,0.07811270702448934,0.3891204129649447,0.2264117320729514,0.1627086808919933,0.11681648884553365
2023,CAR,Frankie Luvu,51028,LB,LB,989,422,371,0.8791469194312796,20,7,47,0,2,2,0.3124650938181428,0.07658346887475877,0.38904856269290156,0.2264117320729514,0.16263683061995016,0.11511201358338231
2021,TEN,Kyle Peko,11027,DI,IDL,168,0,0,0.0,6,3,9,0,1,0,0.24348775256042451,0.1419746378993117,0.38546239045973624,0.22337835625431512,0.1620840342054211,0.675350142522588
2021,MIN,Danielle Hunter,9521,ED,EDGE,384,2,0,0.0,31,6,16,0,0,0,0.25521679922412416,0.10887719643710786,0.364093995661232,0.2021575437637748,0.16193645189745723,0.29519665710473975
2021,CHI,Deon Bush,10758,S,S,377,218,119,0.5458715596330275,1,0,9,2,0,4,0.3623976259787064,0.053369473513108966,0.41576709949181534,0.2546539193746793,0.16111318011713605,0.2991491408010484
2024,CHI,Tremaine Edmunds,50905,LB,LB,1055,539,540,1.0018552875695732,4,1,34,1,1,4,0.3195178989002742,0.06772600232075093,0.38724390122102514,0.2264117320729514,0.16083216914807374,0.10671328758639963
2024,CLE,Jordan Hicks,9517,LB,LB,602,306,265,0.8660130718954249,12,2,29,0,0,3,0.3155516419846357,0.07164918771864666,0.38720082970328246,0.2264117320729514,0.16078909763033106,0.18696406701201285
2023,IND,Darrell Baker Jr.,43542,CB,CB,469,306,451,1.473856209150327,0,0,5,0,0,7,0.3671278612519478,0.05628864807269217,0.42341650932464003,0.26270954927892354,0.1607069600457165,0.23986113439659176
2022,CAR,Myles Hartsfield,49159,S,S,812,465,414,0.8903225806451613,5,0,13,0,0,2,0.3611811869067421,0.05411190556077582,0.41529309246751794,0.2546539193746793,0.16063917309283865,0.1384820457696885
2021,NE,Jamie Collins Sr.,7833,LB,LB,335,115,83,0.7217391304347827,9,1,13,1,0,1,0.3043037016260803,0.08262048267479175,0.38692418430087205,0.2264117320729514,0.16051245222792065,0.3353991539090879
2024,IND,Kenny Moore II,51596,CB,CB,1013,536,487,0.9085820895522388,4,1,31,3,0,3,0.3666530662427572,0.05628864807269217,0.42294171431544936,0.26270954927892354,0.16023216503652582,0.11072311503017579
2022,DAL,Quinton Bohanna,56673,DI,IDL,264,0,0,0.0,3,0,9,0,0,0,0.23092680419751246,0.15243397211686693,0.3833607763143794,0.22337835625431512,0.1599824200600643,0.42419581076532203
2024,BUF,A.J. Epenesa,56369,ED,EDGE,712,16,28,1.75,22,6,30,0,1,1,0.20277353715370636,0.15892774871609663,0.361701285869803,0.2021575437637748,0.1595437421060282,0.1568548026323311
2021,BUF,Damar Hamlin,43291,S,S,65,37,0,0.0,0,0,1,0,0,2,0.36169505813084524,0.05203189012196927,0.41372694825281453,0.2546539193746793,0.15907302887813524,1.7130941571491487
2022,GB,Kenny Clark,10661,DI,IDL,807,0,0,0.0,45,5,18,0,1,0,0.2522548313945999,0.13011618397253302,0.38237101536713297,0.22337835625431512,0.15899265911281785,0.13791184805324966
2022,KC,Juan Thornhill,50426,S,S,1244,830,258,0.3108433734939759,2,1,10,3,0,8,0.3603129373163223,0.05245241563242956,0.4127653529487519,0.2546539193746793,0.1581114335740726,0.0889694561911984
2024,DEN,Dondrea Tillman,156124,ED,EDGE,275,12,29,2.4166666666666665,22,5,15,0,0,0,0.22203665524899366,0.13799830780502528,0.36003496305401894,0.2021575437637748,0.15787741929024415,0.4018697945569851
2021,CAR,Keith Taylor Jr.,56289,CB,CB,448,267,413,1.546816479400749,0,0,4,0,1,2,0.36378877858202874,0.05628864807269217,0.42007742665472086,0.26270954927892354,0.15736787737579733,0.2458873083996833
2021,MIN,Armon Watts,27844,DI,IDL,669,0,0,0.0,33,5,18,0,1,0,0.2538881148010682,0.1268234385341778,0.38071155333524603,0.22337835625431512,0.1573331970809309,0.16462367407571246
2023,CHI,Terell Smith,83302,CB,CB,377,262,239,0.9122137404580153,0,0,14,0,1,4,0.36372305110722764,0.05628864807269217,0.4200116991799198,0.26270954927892354,0.15730214990099628,0.29207295737585515
2024,IND,Julian Blackmon,49434,S,S,1084,613,252,0.4110929853181077,1,1,12,3,0,1,0.35915411186944907,0.052714874332913865,0.41186898620236295,0.2546539193746793,0.15721506682768366,0.10152264463042303
2023,DEN,Fabian Moreau,11836,CB,CB,739,465,506,1.0881720430107527,0,0,11,1,0,5,0.363446976922854,0.05628864807269217,0.4197356249955462,0.26270954927892354,0.15702607571662264,0.14873917862197003
2022,LV,Duron Harmon,7872,S,S,1076,635,221,0.3480314960629921,2,0,11,2,2,2,0.3573693495976218,0.054236813518304366,0.4116061631159262,0.2546539193746793,0.1569522437412469,0.1021064782703279
2021,SEA,Sidney Jones IV,11798,CB,CB,730,447,457,1.0223713646532437,0,0,16,0,0,8,0.36306228716951194,0.05628864807269217,0.41935093524220407,0.26270954927892354,0.15664138596328053,0.15020406873191283
2021,CAR,Sean Chandler,51315,S,S,538,313,89,0.28434504792332266,3,0,4,0,0,0,0.3578144385646598,0.053359140306955086,0.4111735788716149,0.2546539193746793,0.15651965949693558,0.2036501145870909
2021,SEA,Poona Ford,48875,DI,IDL,802,9,8,0.8888888888888888,33,3,25,0,0,0,0.2009736526457528,0.1788187933425796,0.37979244598833245,0.22337835625431512,0.15641408973401733,0.1365210259523842
2024,KC,George Karlaftis,98319,ED,EDGE,1006,34,29,0.8529411764705882,76,12,31,0,0,0,0.24217706194960176,0.11599333218295159,0.35817039413255336,0.2021575437637748,0.15601285036877857,0.10855764936197317
2024,MIA,Jevon Holland,83873,S,S,854,516,302,0.5852713178294574,4,1,14,0,1,3,0.3531148477763126,0.05750828266107818,0.4106231304373908,0.2546539193746793,0.1559692110627115,0.12784361562517335
2024,NO,Cameron Jordan,6176,ED,EDGE,565,8,0,0.0,28,4,21,1,0,0,0.22130630236177753,0.13680905218376363,0.35811535454554116,0.2021575437637748,0.15595781078176638,0.19322206645528578
2021,CHI,Tashaun Gipson Sr.,7288,S,S,660,362,220,0.6077348066298343,2,1,9,2,0,0,0.35630529271067296,0.05427352999838892,0.4105788227090619,0.2546539193746793,0.15592490333438258,0.16537489747586032
2023,CHI,Elijah Hicks,55584,S,S,487,322,160,0.4968944099378882,1,0,5,0,0,1,0.3583774864707508,0.05206792092678096,0.41044540739753177,0.2546539193746793,0.15579148802285248,0.22393027025872017
2024,IND,E.J. Speed,94351,LB,LB,1011,508,649,1.2775590551181102,8,0,51,1,0,3,0.3064444598675304,0.07522916184303761,0.381673621710568,0.2264117320729514,0.1552618896376166,0.10750081379459112
2021,BAL,Odafe Oweh,82161,ED,EDGE,615,26,5,0.19230769230769232,49,5,19,0,3,1,0.20679626911811233,0.15061807263591775,0.3574143417540301,0.2021575437637748,0.1552567979902553,0.1767150546230548
2021,NYG,Quincy Roche,43734,ED,EDGE,401,28,18,0.6428571428571429,14,3,16,0,1,0,0.1777859949802953,0.179606562398487,0.3573925573787823,0.2021575437637748,0.1552350136150075,0.27098381429053675
2021,MIN,Nick Vigil,10721,LB,LB,718,382,392,1.0261780104712042,10,1,31,1,0,0,0.29464040516520884,0.08686480107466589,0.3815052062398748,0.2264117320729514,0.15509347416692337,0.1512053369315409
2021,NYG,Dexter Lawrence,25991,DI,IDL,759,4,5,1.25,43,3,32,0,1,0,0.20361500434397814,0.17468491448578854,0.3782999188297667,0.22337835625431512,0.1549215625754516,0.14287891146616089
2021,SEA,Al Woods,5646,DI,IDL,620,7,10,1.4285714285714286,18,2,31,0,0,0,0.18056381793261853,0.19761893733987493,0.3781827552724935,0.22337835625431512,0.15480439901817838,0.1747791601818143
2021,MIN,Bashaud Breeland,8737,CB,CB,675,435,795,1.8275862068965518,0,0,14,2,2,3,0.36108770517799504,0.05628864807269217,0.41737635325068717,0.26270954927892354,0.15466680397176363,0.16039520411886599
2021,SF,Ambry Thomas,56058,CB,CB,483,317,437,1.3785488958990537,0,0,4,1,0,4,0.36107076122286863,0.05628864807269217,0.4173594092955608,0.26270954927892354,0.15464986001663727,0.22413023190816994
2023,NO,Lonnie Johnson Jr.,55615,S,S,124,110,41,0.37272727272727274,0,0,0,1,0,1,0.3572329426493341,0.051958752067100454,0.4091916947164346,0.2546539193746793,0.15453777534175528,0.8723906672518443
2021,TEN,Jayon Brown,11910,LB,LB,444,277,256,0.924187725631769,2,0,18,1,0,1,0.31506260299588734,0.06576826267413713,0.3808308656700245,0.2264117320729514,0.1544191335970731,0.2434535890043945
2024,GB,Zayne Anderson,34622,S,S,122,75,0,0.0,0,0,1,1,0,1,0.3568010069758706,0.05217189925006051,0.4089729062259311,0.2546539193746793,0.15431898685125178,0.8854368098022642
2022,CLE,John Johnson III,11847,S,S,1056,586,270,0.46075085324232085,3,1,22,1,2,3,0.34972009346631927,0.05868701912531297,0.40840711259163226,0.2546539193746793,0.15375319321695297,0.10191973035214685
2022,CLE,Martin Emerson Jr.,97872,CB,CB,783,500,503,1.006,1,1,13,0,0,9,0.3601697420830476,0.05628864807269217,0.4164583901557398,0.26270954927892354,0.15374884087681628,0.13745107102652795
2024,PHI,Thomas Booker IV,82168,DI,IDL,179,0,0,0.0,3,0,10,0,0,0,0.2231279496474711,0.15358805409770468,0.3767160037451758,0.22337835625431512,0.15333764749086065,0.5996444315285053
2022,NE,Carl Davis Jr.,9523,DI,IDL,218,0,0,0.0,5,1,4,0,0,0,0.29947669304401253,0.07686512402338516,0.3763418170673977,0.22337835625431512,0.1529634608130826,0.49116707600531107
2024,CHI,Jaylon Johnson,56259,CB,CB,1031,575,424,0.7373913043478261,0,0,17,2,1,4,0.35932699461954604,0.05628864807269217,0.4156156426922383,0.26270954927892354,0.15290609341331474,0.10381597030971902
2021,CHI,Kindle Vildor,49346,CB,CB,822,472,608,1.2881355932203389,1,1,8,0,0,4,0.3592668311618034,0.05628864807269217,0.4155554792344956,0.26270954927892354,0.15284592995557206,0.13016076760206866
2022,IND,Tyquan Lewis,48475,ED,EDGE,273,2,0,0.0,17,1,10,0,0,0,0.23250894981459644,0.12238445276281595,0.3548934025774124,0.2021575437637748,0.15273585881363763,0.3916304072144554
2023,GB,Rudy Ford,11963,S,S,626,348,88,0.25287356321839083,1,0,12,2,0,4,0.35254855356661724,0.0544425688996324,0.4069911224662497,0.2546539193746793,0.1523372030915704,0.17034511527811386
2023,GB,Devonte Wyatt,82268,DI,IDL,644,2,0,0.0,48,7,26,0,1,0,0.23036510432329207,0.14525043056896583,0.37561553489225796,0.22337835625431512,0.15223717863794284,0.165475194171677
2022,DEN,Randy Gregory,9493,ED,EDGE,187,15,0,0.0,20,2,6,0,2,0,0.22470643196629994,0.12967044792894883,0.3543768798952488,0.2021575437637748,0.152219336131474,0.5698050015616675
2023,IND,JuJu Brents,83256,CB,CB,497,295,453,1.535593220338983,0,0,6,1,1,5,0.358513509419103,0.05628864807269217,0.41480215749179516,0.26270954927892354,0.15209260821287163,0.21421494114488962
2022,KC,L'Jarius Sneed,40588,CB,CB,1243,755,801,1.0609271523178807,20,4,44,3,3,8,0.358323847602991,0.05628864807269217,0.4146124956756832,0.26270954927892354,0.15190294639675966,0.08554470030388717
2023,ATL,Grady Jarrett,9570,DI,IDL,318,2,0,0.0,16,2,11,0,0,0,0.2609294217176696,0.11403548470639828,0.3749649064240679,0.22337835625431512,0.15158655016975275,0.33368108527932994
2023,SF,Talanoa Hufanga,83903,S,S,577,384,96,0.25,3,0,15,3,0,0,0.3496740837051458,0.0561622589467602,0.405836342651906,0.2546539193746793,0.1511824232772267,0.18341021888051767
2021,PIT,Tre Norwood,55675,S,S,402,305,352,1.1540983606557378,3,0,12,1,0,4,0.3507209205800082,0.05499777295188547,0.40571869353189366,0.2546539193746793,0.15106477415721437,0.2630481142041046
2022,GB,De'Vondre Campbell,10749,LB,LB,694,360,363,1.0083333333333333,4,0,27,2,0,1,0.3052184426374066,0.07224153904186938,0.37745998167927597,0.2264117320729514,0.15104824960632457,0.15235414225421787
2022,BAL,Tyus Bowser,11802,ED,EDGE,390,61,24,0.39344262295081966,16,3,10,0,1,0,0.20560126779874513,0.14715905070294225,0.3527603185016874,0.2021575437637748,0.1506027747379126,0.27031267260650976
2022,ARI,Zach Allen,49605,DI,IDL,660,8,13,1.625,35,6,21,0,0,0,0.23566810300658128,0.13814216765510792,0.37381027066168926,0.22337835625431512,0.15043191440737413,0.15954900012903317
2021,CIN,Khalid Kareem,42993,ED,EDGE,165,10,0,0.0,4,0,7,0,1,0,0.2174545661090049,0.13474883260362158,0.35220339871262646,0.2021575437637748,0.15004585494885167,0.6365581725102798
2022,DAL,Israel Mukuamu,83377,S,S,212,143,102,0.7132867132867133,1,0,3,1,0,1,0.3505326586748927,0.05406446417473444,0.4045971228496271,0.2546539193746793,0.14994320347494783,0.49509548317199753
2022,HOU,Roy Lopez,48676,DI,IDL,557,0,0,0.0,19,1,13,0,0,0,0.22092974097249204,0.152378798566014,0.37330853953850607,0.22337835625431512,0.14993018328419094,0.18842213339126332
2021,NE,Joshua Uche,27379,ED,EDGE,241,42,28,0.6666666666666666,17,3,7,0,0,0,0.256832960601101,0.09522768250516064,0.3520606431062616,0.2021575437637748,0.14990309934248683,0.4354031931109576
2023,DEN,Josey Jewell,50720,LB,LB,796,404,352,0.8712871287128713,12,3,33,0,2,3,0.30620077726283157,0.06975358472702231,0.37595436198985394,0.2264117320729514,0.14954262991690254,0.13150733786662283
2024,SEA,Dre'Mont Jones,28075,ED,EDGE,616,12,24,2.0,45,3,13,0,0,0,0.2018538130007964,0.14967665117689397,0.35153046417769035,0.2021575437637748,0.14937292041391556,0.16974195501581316
2022,DEN,D.J. Jones,11953,DI,IDL,558,0,0,0.0,30,2,22,0,0,0,0.22390328481294,0.14879793118272405,0.3727012159956641,0.22337835625431512,0.14932285974134896,0.18732258390491804
2024,DET,Levi Onwuzurike,43679,DI,IDL,697,6,22,3.6666666666666665,47,3,20,0,1,0,0.2168953305597664,0.15572586468099506,0.37262119524076154,0.22337835625431512,0.1492428389864464,0.14988520414707673
2022,SF,Kerry Hyder Jr.,9045,DI,IDL,410,1,0,0.0,14,1,7,0,0,0,0.27679261746404515,0.09582218826203319,0.3726148057260784,0.22337835625431512,0.1492364494717633,0.2547939381225227
2023,HOU,Kurt Hinish,56787,DI,IDL,542,2,0,0.0,16,3,14,0,0,0,0.25090618348882154,0.12134132443235221,0.3722475079211738,0.22337835625431512,0.14886915166685866,0.19226643204206836
2023,CIN,Mike Hilton,10898,CB,CB,876,540,492,0.9111111111111111,6,2,37,2,1,4,0.3552829127807712,0.05628864807269217,0.41157156085346336,0.26270954927892354,0.14886201157453982,0.11895366221709804
2023,DET,Alim McNeill,76996,DI,IDL,682,2,12,6.0,43,6,20,0,1,0,0.2288868907778578,0.14334594546798984,0.3722328362458477,0.22337835625431512,0.14885447999153256,0.15278319060714488
2022,NE,Raekwon McMillan,11809,LB,LB,250,146,138,0.9452054794520548,3,1,10,0,0,0,0.27994058525683263,0.09527084665912382,0.3752114319159565,0.2264117320729514,0.14879969984300512,0.41663915956041436
2024,BUF,Taylor Rapp,51172,S,S,840,510,236,0.4627450980392157,0,0,15,3,1,3,0.34526323065803244,0.05812349307901151,0.403386723737044,0.2546539193746793,0.1487328043623647,0.12394400363530392
2022,ATL,Lorenzo Carter,50126,ED,EDGE,909,123,131,1.065040650406504,33,5,28,1,0,0,0.22618797920677947,0.12448600041503062,0.35067397962181013,0.2021575437637748,0.14851643585803534,0.11436909251993921
2021,CHI,Angelo Blackson,9533,DI,IDL,584,4,0,0.0,25,3,28,1,0,0,0.2331000339301542,0.13872312875827048,0.37182316268842464,0.22337835625431512,0.1484448064341095,0.17793041867102166
2022,SF,Javon Kinlaw,56834,DI,IDL,243,1,0,0.0,6,0,5,0,0,0,0.2390558551735624,0.1326847076820682,0.3717405628556306,0.22337835625431512,0.1483622066013155,0.42738084206140264
2023,NE,Christian Gonzalez,131679,CB,CB,209,127,157,1.236220472440945,1,1,6,1,0,2,0.3547710728664659,0.05628864807269217,0.4110597209391581,0.26270954927892354,0.14835017166023456,0.49686660364671864
2023,ATL,Kentavius Street,48404,DI,IDL,267,2,0,0.0,8,1,11,0,0,0,0.22594701449529825,0.14560996222911146,0.3715569767244097,0.22337835625431512,0.14817862047009456,0.3884832746406973
2021,TEN,Derick Roberson,30462,ED,EDGE,86,4,0,0.0,6,2,5,0,0,0,0.22659444218009644,0.12355767645078215,0.35015211863087864,0.2021575437637748,0.14799457486710385,1.2046070047322406
2024,IND,Dayo Odeyingbo,56923,ED,EDGE,746,1,0,0.0,42,4,19,0,0,0,0.22595303853803522,0.12418525582267877,0.35013829436071403,0.2021575437637748,0.14798075059693924,0.1388559321955194
2022,SEA,Tariq Woolen,61790,CB,CB,1200,678,637,0.93952802359882,0,0,13,6,0,10,0.35395784745774933,0.05628864807269217,0.4102464955304415,0.26270954927892354,0.14753694625151798,0.08606321864671881
2024,DET,Josh Paschal,57908,ED,EDGE,613,14,11,0.7857142857142857,34,2,15,0,0,0,0.18865257426206128,0.1610411072402196,0.3496936815022809,0.2021575437637748,0.14753613773850613,0.16847519807007225
2022,KC,Chris Jones,10671,DI,IDL,1079,1,-2,-2.0,97,17,35,0,2,0,0.22789249326432362,0.1427015519141069,0.37059404517843053,0.22337835625431512,0.1472156889241154,0.09550600764307765
2022,LAR,Ernest Jones,81399,LB,LB,723,380,443,1.1657894736842105,5,0,39,1,1,1,0.2872296176856791,0.08621333482133656,0.37344295250701565,0.2264117320729514,0.14703122043406425,0.14235387870517976
2024,PIT,Larry Ogunjobi,11820,DI,IDL,550,0,0,0.0,16,2,18,0,0,0,0.22438993899231421,0.14595771106362768,0.3703476500559419,0.22337835625431512,0.14696929380162677,0.1870518284747977
2023,KC,Mike Pennel,9316,DI,IDL,160,2,0,0.0,1,0,9,0,0,0,0.2219992683448231,0.14812811889855196,0.37012738724337507,0.22337835625431512,0.14674903098905995,0.6420270105771373
2022,NE,Quandre Mosely,98902,CB,CB,1,1,0,0.0,0,0,0,0,0,0,0.35309981424097636,0.05628864807269217,0.4093884623136685,0.26270954927892354,0.14667891303474495,102.67523912432146
2024,KC,Chris Jones,10671,DI,IDL,930,2,0,0.0,88,7,26,0,0,0,0.2531541387071962,0.1166542119048811,0.36980835061207734,0.22337835625431512,0.14642999435776222,0.11021612478541241
2023,LAR,Cobie Durant,79126,CB,CB,683,448,413,0.921875,3,0,3,0,0,6,0.35254327424222237,0.05628864807269217,0.40883192231491455,0.26270954927892354,0.14612237303599102,0.14975938671331435
2021,LAR,Justin Hollins,48498,ED,EDGE,279,47,61,1.297872340425532,5,2,13,0,1,0,0.18538305129628113,0.16281370693264982,0.348196758228931,0.2021575437637748,0.1460392144651562,0.36640663127458545
2022,NYJ,Vinny Curry,7061,ED,EDGE,184,0,0,0.0,9,0,6,0,0,0,0.2418194567991027,0.10603913763605052,0.3478585944351532,0.2021575437637748,0.14570105067137842,0.554297475380244
2021,MIA,Justin Coleman,9892,CB,CB,371,275,266,0.9672727272727273,3,0,5,2,0,1,0.3520155045432032,0.05628864807269217,0.4083041526158954,0.26270954927892354,0.14559460333697188,0.27470679874900356
2021,BAL,Chuck Clark,11941,S,S,1023,623,448,0.7191011235955056,10,1,24,2,0,4,0.34271301235931906,0.05739308113701523,0.4001060934963343,0.2546539193746793,0.145452174121655,0.0995273918721002
2023,KC,Malik Herring,56616,ED,EDGE,213,5,8,1.6,7,2,7,0,1,0,0.1744286623723096,0.17305912784512612,0.34748779021743564,0.2021575437637748,0.14533024645366086,0.4776111385801061
2023,DEN,D.J. Jones,11953,DI,IDL,568,2,0,0.0,18,2,26,0,3,0,0.18932323650620062,0.17937776439897904,0.36870100090517965,0.22337835625431512,0.14532264465086453,0.17909480854860063
2023,DEN,P.J. Locke,51189,S,S,538,334,202,0.6047904191616766,3,3,12,1,2,4,0.34435717968190704,0.05561705389661173,0.3999742335785188,0.2546539193746793,0.1453203142038395,0.1890784757299027
2022,LV,Amik Robertson,55619,CB,CB,677,444,511,1.1509009009009008,2,1,13,2,1,6,0.3511482183643243,0.05628864807269217,0.40743686643701654,0.26270954927892354,0.144727317158093,0.14964419794780665
2024,CLE,Martin Emerson Jr.,97872,CB,CB,827,503,604,1.2007952286282306,0,0,18,0,1,2,0.3510436263139487,0.05628864807269217,0.40733227438664094,0.26270954927892354,0.1446227251077174,0.12241343116735451
2021,TEN,Olasunkanmi Adeniyi,50154,ED,EDGE,216,8,0,0.0,14,3,8,0,0,0,0.25756834283468877,0.08917501721449604,0.34674336004918477,0.2021575437637748,0.14458581628540998,0.4685651453693842
2023,PIT,Mykal Walker,57834,LB,LB,321,167,220,1.3173652694610778,3,0,14,1,0,1,0.30092464819115816,0.07000089398066017,0.37092554217181833,0.2264117320729514,0.14451381009886693,0.315139149748308
2024,CLE,Rodney McLeod,7271,S,S,565,304,131,0.4309210526315789,0,0,10,0,0,6,0.3405441396694009,0.05854102560280157,0.39908516527220245,0.2546539193746793,0.14443124589752315,0.17894136659870127
2022,NO,Payton Turner,56624,ED,EDGE,171,2,0,0.0,13,2,9,0,0,0,0.21156644345370615,0.13483075634694458,0.34639719980065076,0.2021575437637748,0.14423965603687597,0.5904547323146969
2022,CIN,Zach Carter,56349,DI,IDL,461,1,0,0.0,5,1,14,0,0,0,0.2276431499770261,0.13980898592844254,0.36745213590546866,0.22337835625431512,0.14407377965115353,0.21876712745294463
2024,MIN,Jay Ward,98833,S,S,30,17,0,0.0,1,0,0,0,0,1,0.3466857930216495,0.051958752067100454,0.3986445450887499,0.2546539193746793,0.14399062571407062,3.3597812666616482
2024,IND,DeForest Buckner,10641,DI,IDL,579,3,0,0.0,35,7,33,0,0,0,0.24823829523944618,0.11902872820546569,0.3672670234449119,0.22337835625431512,0.1438886671905968,0.17395866499726725
2021,MIN,Mackensie Alexander,10688,CB,CB,689,495,685,1.3838383838383839,2,0,13,0,0,4,0.35011240683858524,0.05628864807269217,0.40640105491127737,0.26270954927892354,0.14369150563235383,0.14598556450311712
2024,TB,Calijah Kancey,99822,DI,IDL,595,7,0,0.0,40,8,21,0,1,0,0.22651466432941786,0.1404491010044692,0.366963765333887,0.22337835625431512,0.1435854090795719,0.16892401068184928
2023,HOU,Henry To'oTo'o,98982,LB,LB,459,250,419,1.676,8,0,23,0,1,2,0.2960339088358858,0.07359506758825583,0.36962897642414166,0.2264117320729514,0.14321724435119026,0.21841409813907012
2024,LAC,Troy Dye,28251,LB,LB,355,190,235,1.236842105263158,3,2,21,0,0,1,0.29428058214807806,0.0750842280608876,0.36936481020896567,0.2264117320729514,0.14295307813601427,0.28187930900059155
2023,DET,Derrick Barnes,58120,LB,LB,791,374,397,1.0614973262032086,20,1,33,1,1,0,0.28732116327604873,0.08195059127624434,0.36927175455229305,0.2264117320729514,0.14286002247934165,0.12642479865428463
2023,NO,Johnathan Abram,34646,S,S,209,129,128,0.9922480620155039,1,0,9,1,1,0,0.32757408080670314,0.06990985264468638,0.3974839334513895,0.2546539193746793,0.1428300140767102,0.47837803757749825
2023,SF,Sebastian Joseph-Day,49935,DI,IDL,623,1,0,0.0,25,3,23,0,0,0,0.22337632272241853,0.14278358116985398,0.36615990389227254,0.22337835625431512,0.14278154763795742,0.1604287052111881
2023,DEN,Ja'Quan McMillian,100931,CB,CB,669,439,469,1.0683371298405466,8,2,24,2,2,2,0.34880109065531106,0.05628864807269217,0.4050897387280032,0.26270954927892354,0.14238018944907965,0.14897777670307288
2024,DET,DJ Reader,10800,DI,IDL,566,2,0,0.0,22,3,14,0,0,0,0.23716196206360246,0.12857341392302213,0.3657353759866246,0.22337835625431512,0.14235701973230946,0.17605991839684915
2024,BUF,Damar Hamlin,43291,S,S,1042,605,294,0.4859504132231405,2,1,20,2,0,2,0.33901691440957415,0.05721594485235297,0.3962328592619271,0.2546539193746793,0.1415789398872478,0.09511061220832386
2022,TB,Keanu Neal,10651,S,S,580,317,283,0.8927444794952681,7,1,21,1,0,3,0.33438232916469013,0.06183772948568885,0.39622005865037896,0.2546539193746793,0.14156613927569967,0.17085568533274098
2022,TB,Sean Murphy-Bunting,25891,CB,CB,497,305,259,0.8491803278688524,1,0,8,2,1,4,0.3476176193119999,0.05628864807269217,0.40390626738469204,0.26270954927892354,0.1411967181057685,0.1988686170503782
2024,SEA,Johnathan Hankins,7830,DI,IDL,389,1,0,0.0,8,1,16,1,0,0,0.21598928922205707,0.1484451603258524,0.36443444954790943,0.22337835625431512,0.1410560932935943,0.25382844551546535
2023,BUF,Taylor Rapp,51172,S,S,422,284,139,0.4894366197183099,3,0,4,1,0,1,0.34175893753925285,0.05349284602815896,0.3952517835674118,0.2546539193746793,0.1405978641927325,0.23321920600690227
2023,PIT,DeMarvin Leal,98919,DI,IDL,206,0,0,0.0,7,1,8,0,0,0,0.255854350824193,0.10805931029647309,0.3639136611206661,0.22337835625431512,0.14053530486635096,0.4775471524584741
2023,MIA,Brandon Jones,43049,S,S,542,330,55,0.16666666666666666,4,0,15,2,2,0,0.3376590931220307,0.057119184498091266,0.39477827762012196,0.2546539193746793,0.14012435824544267,0.18097241839817318
2023,GB,Kingsley Enagbare,82409,ED,EDGE,493,23,29,1.2608695652173914,27,2,19,0,1,0,0.16230630494283363,0.17994594123531785,0.34225224617815153,0.2021575437637748,0.14009470241437674,0.19891742736321244
2024,HOU,Jimmie Ward,8665,S,S,461,296,370,1.25,0,0,12,2,0,1,0.33497742263092456,0.059570142330957254,0.3945475649618818,0.2546539193746793,0.13989364558720252,0.21241985230160904
2022,PIT,Levi Wallace,25445,CB,CB,709,456,615,1.3486842105263157,0,0,9,4,0,6,0.34596647317263546,0.05628864807269217,0.40225512124532764,0.26270954927892354,0.1395455719664041,0.13777418952959503
2022,WAS,Cole Holcomb,49753,LB,LB,446,252,155,0.6150793650793651,3,0,20,0,0,1,0.29335316584733384,0.07238827490006991,0.36574144074740383,0.2264117320729514,0.13932970867445243,0.21867891495990294
2024,MIN,Kamu Grugier-Hill,10842,LB,LB,182,104,126,1.2115384615384615,3,0,6,2,0,1,0.31001033679635775,0.055562967642658535,0.3655733044390163,0.2264117320729514,0.1391615723660649,0.5352368167925574
2023,CIN,Sam Hubbard,48457,ED,EDGE,713,54,46,0.8518518518518519,40,6,30,0,0,0,0.20485329649105063,0.13642526236023006,0.3412785588512807,0.2021575437637748,0.13912101508750593,0.13658444678997778
2021,CHI,Alec Ogletree,7811,LB,LB,697,330,214,0.6484848484848484,4,0,39,0,1,2,0.2786344488773064,0.08630785505077594,0.36494230392808236,0.2264117320729514,0.13853057185513096,0.1391268296966882
2024,LAC,Ja'Sir Taylor,55426,CB,CB,353,271,312,1.151291512915129,4,0,7,0,0,3,0.3448140741025419,0.05628864807269217,0.40110272217523407,0.26270954927892354,0.13839317289631053,0.27443405390203224
2021,NYG,Adoree' Jackson,11773,CB,CB,815,496,304,0.6129032258064516,1,0,20,1,0,5,0.34461302372689495,0.05628864807269217,0.4009016717995871,0.26270954927892354,0.13819212252066354,0.11869262056989506
2024,BUF,Terrel Bernard,57739,LB,LB,917,497,507,1.0201207243460764,10,1,41,2,2,1,0.29124050210938,0.07284553283606021,0.36408603494544023,0.2264117320729514,0.13767430287248883,0.10509488768892276
2022,TEN,Andrew Adams,11240,S,S,726,506,302,0.5968379446640316,4,0,12,1,0,1,0.33691898255096414,0.055361854702842585,0.39228083725380675,0.2546539193746793,0.13762691787912745,0.13269813018648655
2022,WAS,John Ridgeway,66694,DI,IDL,279,0,0,0.0,3,0,18,0,1,0,0.1863762507930511,0.17404095927746563,0.3604172100705167,0.22337835625431512,0.13703885381620157,0.34382508125928707
2024,SEA,Josh Jobe,83122,CB,CB,443,313,352,1.1246006389776357,0,0,9,1,0,5,0.3431965793300152,0.05628864807269217,0.39948522740270737,0.26270954927892354,0.13677567812378383,0.21612409635812344
2023,PIT,Armon Watts,27844,DI,IDL,286,0,0,0.0,17,1,9,0,0,0,0.266249760617119,0.09347454271731634,0.3597243033344354,0.22337835625431512,0.13634594708012027,0.33371385648980484
2023,ATL,Clark Phillips III,131871,CB,CB,414,231,175,0.7575757575757576,1,0,9,0,0,3,0.3425865581814443,0.05628864807269217,0.3988752062541364,0.26270954927892354,0.13616565697521288,0.23023178715615705
2023,PIT,Eric Rowe,9480,S,S,212,144,195,1.3541666666666667,1,0,5,1,1,2,0.3335035182925106,0.05727352594474143,0.390777044237252,0.2546539193746793,0.13612312486257272,0.4494631481311363
2022,DAL,Jourdan Lewis,11846,CB,CB,315,206,220,1.0679611650485437,1,1,9,1,0,0,0.34246014169137906,0.05628864807269217,0.3987487897640713,0.26270954927892354,0.13603924048514776,0.30230942330032834
2023,CHI,Quindell Johnson,76689,S,S,35,23,0,0.0,0,0,0,1,0,0,0.3385709427517257,0.051958752067100454,0.3905296948188262,0.2546539193746793,0.13587577544414692,2.7175155088829386
2024,KC,Bryan Cook,55940,S,S,1099,712,392,0.550561797752809,0,0,15,3,0,0,0.33561106022360115,0.0547698565920065,0.39038091681560766,0.2546539193746793,0.13572699744092837,0.08645031684135565
2022,BAL,Brandon Stephens,45644,CB,CB,452,296,371,1.2533783783783783,1,1,9,0,0,4,0.34196997158133535,0.05628864807269217,0.39825861965402753,0.26270954927892354,0.135549070375104,0.20992112668710797
2022,MIN,Harrison Smith,7641,S,S,984,625,425,0.68,2,0,16,5,1,3,0.3352182138413148,0.054935263552698683,0.39015347739401346,0.2546539193746793,0.13549955801933417,0.0963919620056239
2021,CAR,DaQuan Jones,8747,DI,IDL,640,3,7,2.3333333333333335,23,1,16,0,1,0,0.19590145864484812,0.1628865194630469,0.35878797810789503,0.22337835625431512,0.1354096218535799,0.14810427390235303
2022,BUF,Christian Benford,79181,CB,CB,363,234,310,1.3247863247863247,0,0,7,1,0,3,0.341771655930178,0.05628864807269217,0.3980603040028702,0.26270954927892354,0.13535075472394664,0.261006965032404
2023,CIN,Cam Taylor-Britt,83326,CB,CB,653,420,532,1.2666666666666666,0,0,10,4,1,5,0.34145681029041314,0.05628864807269217,0.3977454583631053,0.26270954927892354,0.13503590908418178,0.14475518584828062
2021,MIA,Raekwon Davis,44582,DI,IDL,424,3,0,0.0,5,1,15,0,0,0,0.22161752663248252,0.1366669692694579,0.35828449590194045,0.22337835625431512,0.13490613964762532,0.22272240036164556
2023,DAL,Neville Gallimore,28094,DI,IDL,304,1,0,0.0,12,1,9,0,0,0,0.2362256638595702,0.12188152940956734,0.3581071932691376,0.22337835625431512,0.13472883701482247,0.3102308747051833
2021,CAR,Marquis Haynes Sr.,50244,ED,EDGE,222,13,4,0.3076923076923077,11,3,11,0,0,0,0.22619960073896228,0.11047376056152688,0.3366733613004892,0.2021575437637748,0.1345158175367144,0.42414897421486525
2022,GB,Justin Hollins,48498,ED,EDGE,435,35,36,1.0285714285714285,15,4,19,0,1,0,0.19191705275463164,0.14471417427940958,0.3366312270340412,0.2021575437637748,0.1344736832702664,0.21639443284870458
2021,BAL,Justin Houston,6222,ED,EDGE,577,26,56,2.1538461538461537,40,6,23,0,1,1,0.20674606679784802,0.1298163295263883,0.3365623963242363,0.2021575437637748,0.1344048525604615,0.16305614695376613
2024,CLE,Mohamoud Diabate,98780,LB,LB,581,264,63,0.23863636363636365,8,1,29,0,0,2,0.28619021189621957,0.07458818409071512,0.3607783959869347,0.2264117320729514,0.13436666391398328,0.1618875468843172
2023,CAR,Xavier Woods,11946,S,S,795,427,132,0.3091334894613583,1,0,17,2,0,5,0.33239464678214103,0.056358862519686054,0.38875350930182706,0.2546539193746793,0.13409958992714777,0.11807511062767727
2021,TB,Kevin Minter,7826,LB,LB,335,188,107,0.5691489361702128,8,1,13,0,0,0,0.2929390218660232,0.06736761416996491,0.3603066360359881,0.2264117320729514,0.13389490396303672,0.27978039634067375
2021,PHI,Milton Williams,56682,DI,IDL,495,1,0,0.0,19,2,19,0,0,0,0.2087793600647938,0.1484820457575224,0.35726140582231625,0.22337835625431512,0.13388304956800112,0.18932956504565815
2023,TB,Greg Gaines,48706,DI,IDL,525,4,0,0.0,12,2,10,0,0,0,0.26626763114071694,0.09096288639243984,0.3572305175331568,0.22337835625431512,0.1338521612788417,0.17846954837178894
2024,PHI,Avonte Maddox,50543,CB,CB,359,226,134,0.5929203539823009,0,0,4,0,0,3,0.3402268124949114,0.05628864807269217,0.39651546056760356,0.26270954927892354,0.13380591128868002,0.26090289109213377
2021,IND,Kemoko Turay,21702,ED,EDGE,224,10,17,1.7,22,6,5,0,0,0,0.2664847752814543,0.06920526072807792,0.3356900360095323,0.2021575437637748,0.1335324922457575,0.4172890382679922
2021,CAR,Bravvion Roy,25644,DI,IDL,341,0,0,0.0,9,0,12,0,0,0,0.231839274660173,0.1249283361505704,0.3567676108107434,0.22337835625431512,0.13338925455642825,0.27381958413343044
2022,MIN,Eric Kendricks,9478,LB,LB,1166,692,694,1.0028901734104045,12,2,42,0,0,6,0.29221633991517726,0.06756098887482616,0.35977732879000335,0.2264117320729514,0.13336559671705195,0.08006510952138625
2024,KC,Felix Anudike-Uzomah,122582,ED,EDGE,358,11,0,0.0,15,4,20,0,1,0,0.20536175290520273,0.12989179002558307,0.3352535429307858,0.2021575437637748,0.133095999167011,0.260243573790245
2022,CAR,Donte Jackson,49377,CB,CB,442,271,342,1.2619926199261993,0,0,16,2,0,1,0.33943492373883744,0.05628864807269217,0.39572357181152956,0.26270954927892354,0.13301402253260602,0.21065569179371996
2023,NE,Alex Austin,97683,CB,CB,216,122,107,0.8770491803278688,0,0,5,1,0,2,0.3392375362160472,0.05628864807269217,0.39552618428873937,0.26270954927892354,0.13281663500981583,0.43042428012440315
2024,LAC,Otito Ogbonnia,82450,DI,IDL,538,1,0,0.0,16,0,12,0,0,0,0.24187227667998118,0.11425193642586584,0.35612421310584697,0.22337835625431512,0.13274585685153184,0.17271765761351726
2023,DEN,Baron Browning,58095,ED,EDGE,445,35,18,0.5142857142857142,35,5,16,0,2,0,0.20106191243011667,0.13380943812578447,0.33487135055590117,0.2021575437637748,0.13271380679212638,0.20876329158312018
2023,TB,Logan Hall,76919,DI,IDL,600,1,0,0.0,18,0,10,0,0,0,0.23691472438892358,0.11898672165369006,0.3559014460426137,0.22337835625431512,0.13252308978829858,0.15461027141968167
2022,TEN,Bud Dupree,9455,ED,EDGE,453,24,49,2.0416666666666665,29,4,11,0,1,0,0.204352857870182,0.13030890592538158,0.3346617637955636,0.2021575437637748,0.13250422003178883,0.2047526578857664
2022,TEN,Joshua Kalu,51203,S,S,494,346,200,0.5780346820809249,1,0,16,1,1,3,0.3326803754002847,0.05440677113879797,0.38708714653908266,0.2546539193746793,0.13243322716440337,0.18765841905887118
2022,LAC,Alohi Gilman,41662,S,S,548,344,321,0.9331395348837209,0,0,12,1,1,2,0.33102048664974587,0.056024416863535535,0.3870449035132814,0.2546539193746793,0.13239098413860212,0.1691125709799662
2021,NO,Albert Huggins,36862,DI,IDL,219,3,0,0.0,6,0,7,0,0,0,0.2495745279575983,0.10590852627003382,0.3554830542276321,0.22337835625431512,0.13210469797331698,0.4222524592754424
2024,DET,Al-Quadin Muhammad,11951,ED,EDGE,293,8,0,0.0,26,3,8,0,0,1,0.24035347619268257,0.09389974766986334,0.33425322386254597,0.2021575437637748,0.13209568009877118,0.31558694904143286
2023,JAC,Roy Robertson-Harris,11341,DI,IDL,683,1,8,8.0,42,4,13,0,0,0,0.2442829745852123,0.11111889104227052,0.3554018656274828,0.22337835625431512,0.1320235093731677,0.1353095996503915
2023,CIN,DJ Turner II,101376,CB,CB,827,518,664,1.281853281853282,1,1,11,0,0,6,0.33838571271740187,0.05628864807269217,0.39467436079009405,0.26270954927892354,0.1319648115111705,0.1116993567809182
2021,IND,George Odum,31342,S,S,472,307,193,0.6286644951140065,2,0,5,1,0,1,0.3332169684644683,0.05305141418657715,0.38626838265104546,0.2546539193746793,0.13161446327636617,0.19519094129969558
2022,LAR,Greg Gaines,48706,DI,IDL,731,0,0,0.0,16,4,18,0,0,0,0.2259666934646416,0.12893579781281372,0.3549024912774553,0.22337835625431512,0.1315241350231402,0.12594650412612604
2024,SEA,Byron Murphy II,131252,DI,IDL,457,2,0,0.0,21,1,17,0,0,0,0.20262671731024,0.1521408529316709,0.3547675702419109,0.22337835625431512,0.1313892139875958,0.2012526253639323
2021,DEN,Kareem Jackson,5545,S,S,895,531,223,0.4199623352165725,1,1,15,1,0,1,0.3295529183105472,0.056418196560925934,0.3859711148714731,0.2546539193746793,0.13131719549679383,0.10270618642207338
2022,GB,Kingsley Enagbare,82409,ED,EDGE,465,13,9,0.6923076923076923,25,3,18,0,0,1,0.19607241787337315,0.13734477716780563,0.3334171950411788,0.2021575437637748,0.131259651277404,0.1975951739659845
2023,NYJ,Al Woods,5646,DI,IDL,140,0,0,0.0,2,1,4,0,0,0,0.2549077067198332,0.09971672769028676,0.3546244344101199,0.22337835625431512,0.1312460781558048,0.656230390779024
2024,LAR,Byron Young,146932,ED,EDGE,936,154,99,0.6428571428571429,54,11,32,0,1,0,0.20187795952158177,0.13134175611776394,0.3332197156393457,0.2021575437637748,0.13106217187557093,0.0980165815308757
2022,HOU,Mario Addison,6558,ED,EDGE,367,1,0,0.0,20,2,8,0,1,0,0.22645286277540108,0.10638133826130454,0.3328342010367056,0.2021575437637748,0.1306766572729308,0.24924703022084893
2022,CLE,Greg Newsome II,83341,CB,CB,907,499,400,0.8016032064128257,2,1,16,0,0,6,0.3362175889548381,0.05628864807269217,0.39250623702753035,0.26270954927892354,0.1297966877486068,0.10017384942009346
2021,CHI,Bilal Nichols,28451,DI,IDL,679,2,0,0.0,31,4,20,0,0,0,0.21805071818134555,0.13508481338495107,0.3531355315662966,0.22337835625431512,0.1297571753119815,0.13377028382678505
2021,PHI,Marcus Epps,51391,S,S,537,336,177,0.5267857142857143,0,0,11,1,0,3,0.3303866056332919,0.053675655129628956,0.3840622607629209,0.2546539193746793,0.1294083413882416,0.16868871316903
2024,GB,Arron Mosby,55908,ED,EDGE,150,13,0,0.0,9,1,4,0,0,1,0.2501777103389323,0.08136082247121243,0.3315385328101448,0.2021575437637748,0.12938098904637,0.60377794888306
2022,IND,Brandon Facyson,50564,CB,CB,455,276,303,1.0978260869565217,0,0,7,0,0,3,0.33574619233404196,0.05628864807269217,0.39203484040673414,0.26270954927892354,0.1293252911278106,0.19896198635047785
2021,BUF,Justin Zimmer,10975,DI,IDL,161,0,0,0.0,9,1,4,0,0,0,0.25900931507989977,0.09369309498280774,0.3527024100627075,0.22337835625431512,0.1293240538083924,0.5622784948190974
2021,GB,Chandon Sullivan,49349,CB,CB,843,613,588,0.9592169657422512,0,0,9,3,0,1,0.33558507531856846,0.05628864807269217,0.39187372339126064,0.26270954927892354,0.1291641741123371,0.10725376260810911
2023,CIN,B.J. Hill,49894,DI,IDL,776,8,0,0.0,42,5,22,2,0,0,0.25436683012539185,0.09801438886454246,0.35238121898993435,0.22337835625431512,0.12900286273561923,0.11636856174604826
2021,CLE,Greedy Williams,43254,CB,CB,591,393,436,1.10941475826972,1,0,8,2,1,7,0.33506122525775023,0.05628864807269217,0.3913498733304424,0.26270954927892354,0.12864032405151887,0.15236586605086838
2024,BAL,Ar'Darius Washington,77848,S,S,830,559,375,0.6708407871198568,4,1,20,2,1,8,0.3280882740626974,0.05515117458406186,0.3832394486467593,0.2546539193746793,0.12858552927208,0.10844562709693494
2021,NO,Malcolm Roach,50191,DI,IDL,194,1,0,0.0,6,0,3,1,0,0,0.281693363947223,0.07013163129053852,0.35182499523776156,0.22337835625431512,0.12844663898344644,0.4634672540639819
2022,DEN,Jonathon Cooper,43021,ED,EDGE,443,54,50,0.9259259259259259,19,2,19,0,0,0,0.2016354056649226,0.12891518702790786,0.3305505926928305,0.2021575437637748,0.1283930489290557,0.20287840688564107
2023,TB,William Gholston,7908,DI,IDL,286,0,0,0.0,7,0,11,1,0,0,0.2559781159183284,0.09572927902609212,0.35170739494442055,0.22337835625431512,0.12832903869010542,0.31409205273802027
2024,NO,Paulson Adebo,52280,CB,CB,436,281,428,1.5231316725978647,2,0,10,3,0,7,0.3344344996894213,0.05628864807269217,0.3907231477621134,0.26270954927892354,0.12801359848318988,0.20552641958310303
2024,PHI,Sydney Brown,83241,S,S,87,49,3,0.061224489795918366,0,0,0,1,0,1,0.33060466256800825,0.051958752067100454,0.38256341463510873,0.2546539193746793,0.12790949526042944,1.0291568584172484
2021,CLE,Jeremiah Owusu-Koramoah,58089,LB,LB,597,322,168,0.5217391304347826,10,3,34,0,2,4,0.2790280935460064,0.07483607077851573,0.3538641643245221,0.2264117320729514,0.1274524322515707,0.14944171285778812
2023,DET,John Cominsky,88313,DI,IDL,663,6,0,0.0,33,2,19,0,0,0,0.23958173920496334,0.11115885645143955,0.350740595656403,0.22337835625431512,0.12736223940208785,0.1344699360203039
2022,DAL,Damone Clark,81282,LB,LB,398,191,169,0.8848167539267016,3,0,16,0,2,0,0.2721553376893,0.08157188073676724,0.3537272184260673,0.2264117320729514,0.1273154863531159,0.22392170966628425
2021,ARI,Leki Fotu,44614,DI,IDL,386,5,0,0.0,4,0,10,0,1,0,0.2070091015914994,0.1436121635671906,0.35062126515869,0.22337835625431512,0.1272429089043749,0.23075138920482494
2021,NE,Joejuan Williams,29113,CB,CB,295,179,246,1.3743016759776536,1,0,2,0,0,4,0.3335946606462024,0.05628864807269217,0.38988330871889465,0.26270954927892354,0.1271737594399711,0.3017682427389145
2023,SF,Randy Gregory,9493,ED,EDGE,488,10,55,5.5,25,4,13,0,0,0,0.18708037525550197,0.14176862184279734,0.3288489970982993,0.2021575437637748,0.1266914533345245,0.18172954371755562
2024,HOU,Tommy Togiai,82501,DI,IDL,280,1,0,0.0,10,3,16,0,0,0,0.2229721411259467,0.12695317529609948,0.3499253164220462,0.22337835625431512,0.1265469601677311,0.31636740041932776
2023,NYJ,Craig James,26360,CB,CB,42,27,0,0.0,0,0,1,0,0,1,0.3328944845005635,0.05628864807269217,0.3891831325732557,0.26270954927892354,0.12647358329433217,2.1078930549055364
2024,CLE,Ogbo Okoronkwo,50130,ED,EDGE,464,10,9,0.9,24,3,14,0,1,0,0.19212963278312753,0.1364762771050862,0.3286059098882138,0.2021575437637748,0.12644836612443902,0.19076262130842095
2023,JAC,Montaric Brown,55797,CB,CB,475,318,487,1.5314465408805031,0,0,6,0,0,3,0.3327568549264863,0.05628864807269217,0.3890455029991785,0.26270954927892354,0.12633595372025497,0.1861793002193231
2022,JAC,Arden Key,50201,ED,EDGE,541,27,58,2.1481481481481484,51,5,18,0,0,0,0.2232861751667027,0.10509589001495465,0.32838206518165736,0.2021575437637748,0.12622452141788257,0.16332193159430275
2023,LAC,Nick Williams,8006,DI,IDL,399,0,0,0.0,10,1,12,0,0,0,0.19110374649152545,0.15838959787729745,0.34949334436882296,0.22337835625431512,0.12611498811450783,0.22125436511317165
2022,TB,Logan Ryan,7864,S,S,481,318,143,0.449685534591195,1,0,8,1,1,3,0.32753075298873496,0.05318880430885855,0.38071955729759355,0.2546539193746793,0.12606563792291425,0.18346350633272343
2024,SEA,Roy Robertson-Harris,11341,DI,IDL,398,7,0,0.0,16,2,12,0,0,0,0.21572838438232078,0.1336623899025782,0.34939077428489895,0.22337835625431512,0.12601241803058383,0.22162988095831326
2022,KC,Nick Bolton,81322,LB,LB,1319,803,673,0.838107098381071,12,2,61,2,1,0,0.2780720849575334,0.07433488224491014,0.3524069672024436,0.2264117320729514,0.12599523512949218,0.06686631128934384
2024,MIA,Da'Shawn Hand,48386,DI,IDL,564,2,0,0.0,15,1,17,0,1,0,0.20173553511334036,0.14749568156511983,0.3492312166784602,0.22337835625431512,0.12585286042414506,0.15620035868244955
2024,LAC,Eddie Jackson,11867,S,S,390,288,250,0.8680555555555556,2,0,4,0,0,1,0.32532657328167236,0.05480208563976814,0.38012865892144054,0.2546539193746793,0.12547473954676125,0.22521107098136636
2022,SF,Azeez Al-Shaair,49792,LB,LB,383,182,129,0.7087912087912088,6,0,12,0,0,0,0.2821981099316302,0.06954801724704882,0.3517461271786791,0.2264117320729514,0.1253343951057277,0.22907069601569027
2024,NO,Will Harris,51336,S,S,860,508,280,0.5511811023622047,3,0,18,1,0,3,0.3215457571592778,0.058233485356422185,0.37977924251569994,0.2546539193746793,0.12512532314102065,0.10184619325431912
2023,GB,Jonathan Owens,66930,S,S,927,580,269,0.46379310344827585,2,1,17,0,1,3,0.32030951363133897,0.05938309635187135,0.3796926099832103,0.2546539193746793,0.125038690608531,0.09441972322111294
2022,MIN,Jordan Hicks,9517,LB,LB,991,591,736,1.245346869712352,14,2,53,1,1,4,0.28152232909703195,0.06988345121092875,0.3514057803079607,0.2264117320729514,0.12499404823500931,0.08829044779465844
2022,CIN,Akeem Davis-Gaither,34788,LB,LB,250,141,174,1.2340425531914894,7,0,18,1,0,1,0.27749150930049626,0.07380325395822901,0.35129476325872533,0.2264117320729514,0.12488303118577393,0.34967248732016704
2024,BAL,Roquan Smith,50892,LB,LB,1099,651,482,0.7403993855606759,12,1,57,1,1,3,0.2784106647233975,0.07282811960750027,0.35123878433089784,0.2264117320729514,0.12482705225794644,0.07950767659741811
2023,LAC,Morgan Fox,11184,DI,IDL,437,3,0,0.0,37,5,8,0,0,0,0.25977044366641633,0.08842702133314853,0.3481974649995649,0.22337835625431512,0.12481910874524976,0.19993907579330625
2022,ATL,Richie Grant,43196,S,S,1117,606,396,0.6534653465346535,4,0,28,2,1,5,0.3215955642544306,0.0577650079495879,0.3793605722040185,0.2546539193746793,0.12470665282933918,0.07815099103002456
2021,CAR,Jaycee Horn,83375,CB,CB,142,95,8,0.08421052631578947,0,0,3,1,0,0,0.33087703033761867,0.05628864807269217,0.3871656784103109,0.26270954927892354,0.12445612913138737,0.6135161295209236
2021,NE,Daniel Ekuale,48874,DI,IDL,115,0,0,0.0,3,2,6,0,0,0,0.26348943463529023,0.0842689455795257,0.3477583802148159,0.22337835625431512,0.1243800239605008,0.7570957980204397
2021,ARI,Jordan Phillips,9485,DI,IDL,284,7,16,2.2857142857142856,15,3,15,0,0,0,0.22241960813294726,0.12503880066258688,0.3474584087955342,0.22337835625431512,0.12408005254121907,0.30583111541849767
2024,BAL,Odafe Oweh,82161,ED,EDGE,683,35,55,1.5714285714285714,55,11,32,0,1,0,0.20970114001504883,0.11651643502512549,0.32621757504017435,0.2021575437637748,0.12406003127639956,0.12714790906805226
2024,BAL,Kyle Hamilton,102684,S,S,1150,724,389,0.537292817679558,12,2,42,1,2,4,0.3151655256627379,0.0634268705993997,0.37859239626213764,0.2546539193746793,0.12393847688745835,0.0754408120184529
2023,BUF,Jordan Phillips,9485,DI,IDL,391,2,0,0.0,19,3,9,0,0,0,0.25501811935431146,0.09203084855486529,0.3470489679091768,0.22337835625431512,0.12367061165486165,0.2214051871058904
2022,TB,Shaquil Barrett,9000,ED,EDGE,382,35,51,1.457142857142857,22,3,17,0,1,0,0.18209826941853974,0.14364568818994072,0.32574395760848046,0.2021575437637748,0.12358641384470567,0.22646725050076957
2024,LV,John Jenkins,7863,DI,IDL,606,1,0,0.0,11,2,23,0,0,0,0.21006067259976244,0.13674782553123369,0.3468084981309962,0.22337835625431512,0.12343014187668105,0.1425760714747141
2023,NYG,Dane Belton,101398,S,S,295,165,141,0.8545454545454545,4,1,4,2,0,0,0.3212359614222904,0.05638647981064593,0.37762244123293626,0.2546539193746793,0.12296852185825696,0.2917897128839996
2023,ATL,Ta'Quon Graham,56868,DI,IDL,364,2,0,0.0,10,1,8,0,1,0,0.22957063082026855,0.11669387679612112,0.3462645076163897,0.22337835625431512,0.12288615136207459,0.23631952185014346
2023,NYG,D.J. Davidson,56523,DI,IDL,244,0,-2,0.0,4,1,7,0,0,0,0.25298741760306065,0.0931780207740658,0.34616543837712643,0.22337835625431512,0.12278708212281131,0.35225802248347504
2024,NO,Bryan Bresee,122142,DI,IDL,708,4,0,0.0,38,8,14,0,1,0,0.2540767423990845,0.09191848069906124,0.34599522309814573,0.22337835625431512,0.12261686684383061,0.12123136552356134
2022,MIA,Melvin Ingram III,7024,ED,EDGE,536,64,71,1.109375,38,8,14,0,1,0,0.2121495889910321,0.11243544007622316,0.3245850290672552,0.2021575437637748,0.12242748530348044,0.15988664125454535
2023,GB,Lukas Van Ness,129482,ED,EDGE,444,6,5,0.8333333333333334,22,6,21,0,0,0,0.18452032000190896,0.13975375300395743,0.3242740730058664,0.2021575437637748,0.12211652924209163,0.19252605961591024
2022,LV,Denzel Perryman,9481,LB,LB,555,257,182,0.708171206225681,9,1,36,2,0,0,0.27163492302151565,0.0765342401291015,0.34816916315061713,0.2264117320729514,0.12175743107766573,0.15356793108894778
2021,CHI,DeAndre Houston-Carson,10819,S,S,420,245,132,0.5387755102040817,3,0,12,1,0,3,0.3194138852917765,0.056954627960336006,0.37636851325211246,0.2546539193746793,0.12171459387743316,0.2028576564623886
2024,CLE,Shelby Harris,8869,DI,IDL,527,6,12,2.0,21,2,20,0,1,0,0.1817023782743862,0.16316195343434683,0.34486433170873304,0.22337835625431512,0.12148597545441792,0.1613665708123198
2023,DAL,Mazi Smith,101419,DI,IDL,308,0,0,0.0,8,1,7,0,0,0,0.23583328210142138,0.10887991512221505,0.3447131972236364,0.22337835625431512,0.12133484096932129,0.2757610022030029
2023,DET,Jack Campbell,101515,LB,LB,745,341,418,1.2258064516129032,10,2,28,0,0,1,0.2765888280496982,0.07095462225831863,0.34754345030801687,0.2264117320729514,0.12113171823506547,0.11381503726784674
2024,GB,Colby Wooden,98312,DI,IDL,260,2,0,0.0,8,2,7,0,0,0,0.2493827574115633,0.0950566408163305,0.3444393982278938,0.22337835625431512,0.1210610419735787,0.3259335745442503
2024,IND,Laiatu Latu,100551,ED,EDGE,618,8,27,3.375,38,4,17,0,3,0,0.1946060878664693,0.12855087425274309,0.3231569621192124,0.2021575437637748,0.12099941835543762,0.13705435736052804
2023,GB,Carrington Valentine,53750,CB,CB,846,537,470,0.8752327746741154,0,0,9,0,0,5,0.32730594619854736,0.05628864807269217,0.3835945942712395,0.26270954927892354,0.12088504499231595,0.10002308687307467
2023,PIT,Trenton Thompson,43455,S,S,212,128,44,0.34375,0,0,3,1,0,1,0.3216034723794678,0.05384080977145634,0.3754442821509241,0.2546539193746793,0.12079036277624483,0.3988361035064688
2022,DEN,Caden Sterns,76725,S,S,274,174,59,0.3390804597701149,0,0,4,2,0,2,0.3225025840098846,0.05291066758821675,0.3754132515981013,0.2546539193746793,0.120759332223422,0.30850924290655257
2022,ATL,Rashaan Evans,50213,LB,LB,1104,545,491,0.9009174311926605,11,2,46,0,1,4,0.2753982349499539,0.07155201141004112,0.3469502463599951,0.2264117320729514,0.12053851428704371,0.07642840579794438
2021,SEA,Alton Robinson,56857,ED,EDGE,371,31,20,0.6451612903225806,18,1,10,0,1,0,0.16346520252921687,0.1591821517972413,0.3226473543264582,0.2021575437637748,0.1204898105626834,0.2273392652126102
2022,IND,Isaiah Rodgers,27069,CB,CB,434,283,125,0.4416961130742049,0,0,12,0,1,2,0.32689715557418764,0.05628864807269217,0.3831858036468798,0.26270954927892354,0.12047625436795628,0.1943165393031553
2024,PIT,Payton Wilson,77127,LB,LB,520,324,240,0.7407407407407407,5,0,26,1,1,0,0.2743795231909063,0.07250639195665802,0.34688591514756434,0.2264117320729514,0.12047418307461294,0.1621767849081328
2021,NO,Kaden Elliss,51485,ED,EDGE,192,64,94,1.46875,5,1,7,0,0,0,0.20995928461246313,0.11266052348434077,0.32261980809680385,0.2021575437637748,0.12046226433302906,0.4391853387141684
2024,HOU,Denico Autry,8982,ED,EDGE,351,4,0,0.0,24,4,7,0,0,0,0.24672191777171512,0.075762276289391,0.3224841940611061,0.2021575437637748,0.12032665029733133,0.23996767865564653
2021,SEA,Ugo Amadi,49352,CB,CB,692,482,577,1.1970954356846473,2,0,10,1,1,2,0.32627634708608644,0.05628864807269217,0.3825649951587786,0.26270954927892354,0.11985544587985508,0.12124105797095168
2021,DAL,Trysten Hill,44519,DI,IDL,194,0,0,0.0,9,1,6,0,0,0,0.25148265762264177,0.0916276743329307,0.3431103319555725,0.22337835625431512,0.11973197570125738,0.4320225927364957
2024,LAR,Kobie Turner,66894,DI,IDL,919,0,0,0.0,62,10,47,0,1,0,0.21214622705707487,0.1308576944174158,0.34300392147449066,0.22337835625431512,0.11962556522017553,0.09111849363887146
2021,ARI,Michael Dogbe,48850,DI,IDL,268,4,0,0.0,7,1,13,0,0,0,0.22886343871519774,0.11414015524836425,0.343003593963562,0.22337835625431512,0.11962523770924688,0.3124539790913165
2023,LV,Janarius Robinson,42447,ED,EDGE,78,3,0,0.0,4,1,5,0,0,0,0.24398637049159205,0.0775082435856808,0.32149461407727287,0.2021575437637748,0.11933707031349808,1.0709737079416495
2023,BAL,Daryl Worley,10711,S,S,124,81,21,0.25925925925925924,0,0,1,0,0,1,0.3216930366399161,0.05213057789370888,0.37382361453362495,0.2546539193746793,0.11916969515894565,0.6727321500908222
2023,ATL,DeMarcco Hellams,98863,S,S,370,249,36,0.14457831325301204,2,0,10,0,0,0,0.31925378170818114,0.05427212930497896,0.3735259110131601,0.2546539193746793,0.11887199163848078,0.22489295715388255
2022,CIN,Jay Tufele,56913,DI,IDL,142,0,0,0.0,4,0,9,0,0,0,0.20926108398398627,0.13270978123017804,0.3419708652141643,0.22337835625431512,0.11859250895984919,0.5846109596612284
2024,MIN,Theo Jackson,62919,S,S,79,58,23,0.39655172413793105,0,0,3,1,0,2,0.3200119033665725,0.05319741083715337,0.37320931420372583,0.2546539193746793,0.11855539482904653,1.0504908402573743
2023,DAL,Juanyeh Thomas,76655,S,S,192,110,72,0.6545454545454545,1,0,7,0,0,3,0.31571764109944667,0.057314198252150166,0.3730318393515968,0.2546539193746793,0.11837791997691749,0.43158616658251164
2023,TB,Ryan Neal,49132,S,S,615,349,431,1.2349570200573066,2,0,13,0,0,0,0.30626726653992586,0.06674751696263162,0.3730147835025575,0.2546539193746793,0.11836086412787822,0.13471968274717847
2022,TEN,Kristian Fulton,42894,CB,CB,652,455,436,0.9582417582417583,0,0,18,1,1,2,0.32478061288288423,0.05628864807269217,0.3810692609555764,0.26270954927892354,0.11835971167665288,0.12707331008229603
2021,TB,Benning Potoa'e,50195,DI,IDL,9,0,0,0.0,0,0,0,0,0,0,0.29827080378460713,0.043298960055917046,0.3415697638405242,0.22337835625431512,0.11819140758620905,9.192665034482927
2023,TB,J.J. Russell,57958,LB,LB,71,24,0,0.0,4,1,2,0,0,0,0.2949509305268478,0.04943055247702932,0.34438148300387716,0.2264117320729514,0.11796975093092577,1.1630820514316624
2023,NE,Marte Mapu,56159,S,S,204,105,128,1.2190476190476192,0,0,2,1,0,1,0.3187115118600262,0.053895640668551445,0.3726071525285777,0.2546539193746793,0.11795323315389838,0.4047414863123964
2022,HOU,Kurt Hinish,56787,DI,IDL,435,0,0,0.0,9,1,10,0,0,0,0.2125046610498658,0.12881273384471356,0.3413173948945794,0.22337835625431512,0.11793903864026428,0.18978695873145976
2021,LAR,Robert Rochell,33693,CB,CB,233,146,176,1.2054794520547945,0,0,0,1,0,3,0.32435917279185217,0.05628864807269217,0.3806478208645443,0.26270954927892354,0.11793827158562076,0.35432098759628555
2021,CLE,Malik McDowell,11790,DI,IDL,645,4,0,0.0,24,3,17,0,0,1,0.20894805302354252,0.13232398715635166,0.34127204017989415,0.22337835625431512,0.11789368392557903,0.12794663371768267
2024,CLE,Devin Bush,27375,LB,LB,497,195,186,0.9538461538461539,10,1,24,0,0,3,0.2686288587407193,0.07561532742484622,0.34424418616556557,0.2264117320729514,0.11783245409261417,0.1659612029473439
2023,BAL,Trenton Simpson,122157,LB,LB,49,8,1,0.125,1,1,3,0,0,0,0.28497796825000615,0.059071467023513735,0.3440494352735199,0.2264117320729514,0.11763770320056849,1.6805386171509784
2022,SF,Oren Burks,50203,LB,LB,177,97,80,0.8247422680412371,1,1,8,0,0,1,0.28011450979046587,0.06387550860078829,0.3439900183912542,0.2264117320729514,0.1175782863183028,0.4649988724452654
2022,LAR,Troy Hill,9881,CB,CB,703,418,460,1.1004784688995215,0,0,22,1,0,3,0.3239692715821863,0.05628864807269217,0.3802579196548785,0.26270954927892354,0.11754837037595495,0.11704674148388118
2022,TEN,Tre Avery,56146,CB,CB,289,193,273,1.4145077720207253,0,0,3,0,0,7,0.3235031339303028,0.05628864807269217,0.37979178200299496,0.26270954927892354,0.11708223272407142,0.2835901830686851
2022,DEN,Jacob Martin,50152,ED,EDGE,261,22,12,0.5454545454545454,25,3,6,0,1,0,0.2103673547258973,0.10853384871772828,0.3189012034436256,0.2021575437637748,0.11674365967985081,0.3131056006739294
2021,NO,Braxton Hoyett,48665,DI,IDL,15,0,0,0.0,0,0,4,0,0,0,0.23259136197248226,0.10751569147419082,0.3401070534466731,0.22337835625431512,0.11672869719235796,5.447339202310038
2024,SEA,Tyrice Knight,122025,LB,LB,550,275,296,1.0763636363636364,10,2,20,0,0,1,0.27549978152871263,0.06739647905218452,0.34289626058089717,0.2264117320729514,0.11648452850794577,0.1482530362828401
2024,GB,Eric Stokes,55912,CB,CB,588,398,326,0.8190954773869347,0,0,7,0,0,0,0.32290336674547854,0.05628864807269217,0.3791920148181708,0.26270954927892354,0.11648246553924724,0.13866960183243718
2021,NYG,Julian Love,51081,S,S,612,363,352,0.9696969696969697,4,0,16,1,1,5,0.3152002202264995,0.05591498803094738,0.37111520825744687,0.2546539193746793,0.11646128888276758,0.13320735656525703
2021,DEN,Kenny Young,51029,LB,LB,645,348,427,1.2270114942528736,12,2,30,0,2,1,0.2631495249579564,0.07954457224263957,0.34269409720059607,0.2264117320729514,0.11628236512764467,0.12619791564240507
2024,CHI,DeMarcus Walker,11806,ED,EDGE,738,13,6,0.46153846153846156,39,4,25,0,0,0,0.1874692589524006,0.13045440447129503,0.3179236634236957,0.2021575437637748,0.11576611965992092,0.1098052625500605
2023,CLE,Mike Ford,50535,CB,CB,159,108,181,1.6759259259259258,0,0,4,1,0,0,0.3221091307477146,0.05628864807269217,0.37839777882040676,0.26270954927892354,0.11568822954148322,0.5093192495536998
2021,MIN,Everson Griffen,5624,ED,EDGE,457,8,5,0.625,33,5,10,0,1,0,0.2155152996281749,0.102323309025847,0.31783860865402197,0.2021575437637748,0.11568106489024718,0.1771920031141642
2022,PIT,Larry Ogunjobi,11820,DI,IDL,636,0,0,0.0,30,2,23,0,0,0,0.19784569858140855,0.1409505309189482,0.33879622950035676,0.22337835625431512,0.11541787324604164,0.12703225042803326
2021,NO,Andrew Dowell,38956,LB,LB,20,9,0,0.0,0,0,0,0,0,0,0.29415429041226515,0.04762885606150876,0.34178314647377395,0.2264117320729514,0.11537141440082255,4.037999504028789
2021,TEN,Chris Jackson,42512,CB,CB,388,274,336,1.2262773722627738,1,0,7,0,0,3,0.32172985046772923,0.05628864807269217,0.37801849854042135,0.26270954927892354,0.11530894926149782,0.208031609492393
2022,TEN,Amani Hooker,51378,S,S,522,332,240,0.7228915662650602,4,0,11,1,1,2,0.3123082889000058,0.05748136857643969,0.36978965747644554,0.2546539193746793,0.11513573810176625,0.15439658366137235
2022,TB,Carl Nassib,10699,ED,EDGE,275,19,16,0.8421052631578947,12,4,16,0,0,0,0.18306788331974738,0.13421617689839443,0.3172840602181419,0.2021575437637748,0.11512651645436708,0.2930493146111162
2023,JAC,Andrew Wingard,49268,S,S,330,179,74,0.4134078212290503,2,0,12,1,1,1,0.30647079972569397,0.06279818813914949,0.36926898786484347,0.2546539193746793,0.11461506849016417,0.2431228725548937
2021,MIN,Michael Pierce,11101,DI,IDL,251,0,0,0.0,16,3,10,0,1,0,0.2173945728742074,0.12025570176494704,0.3376502746391545,0.22337835625431512,0.11427191838483935,0.3186866249776396
2022,LAC,Austin Johnson,10677,DI,IDL,287,1,0,0.0,7,1,15,0,0,0,0.20212811301703526,0.13505581995078633,0.3371839329678216,0.22337835625431512,0.1138055767135065,0.27757457735001584
2022,ATL,Mykal Walker,57834,LB,LB,769,384,439,1.1432291666666667,6,1,29,2,1,4,0.27567200439269146,0.06421533845930845,0.33988734285199984,0.2264117320729514,0.11347561077904844,0.10329379394711821
2024,HOU,Neville Hewitt,9836,LB,LB,351,195,65,0.3333333333333333,1,0,18,1,1,1,0.2723374010364856,0.06736392113451797,0.3397013221710036,0.2264117320729514,0.11328959009805217,0.22593365546620092
2024,LV,Jakorian Bennett,129496,CB,CB,459,294,176,0.5986394557823129,0,0,3,0,0,7,0.3194829146784393,0.05628864807269217,0.37577156275113155,0.26270954927892354,0.11306201347220801,0.17242572860685315
2021,CIN,Damion Square,8042,DI,IDL,226,0,0,0.0,9,2,6,0,0,0,0.25006988437557465,0.08616840360357554,0.33623828797915023,0.22337835625431512,0.1128599317248351,0.3495661602096663
2022,CIN,Josh Tupou,12093,DI,IDL,334,0,0,0.0,7,2,8,0,0,0,0.24905256919786906,0.08692389924361811,0.3359764684414872,0.22337835625431512,0.11259811218717208,0.23598406745814507
2023,LAR,Bobby Brown III,82429,DI,IDL,335,0,0,0.0,6,1,15,0,0,0,0.1924856292295849,0.1433893696004671,0.33587499883005206,0.22337835625431512,0.11249664257573694,0.23506761135228613
2024,BUF,Taron Johnson,49511,CB,CB,785,488,633,1.2971311475409837,4,1,26,2,1,3,0.31864340081608006,0.05628864807269217,0.37493204888877224,0.26270954927892354,0.1122224996098487,0.10007101876037464
2023,PIT,Blake Martinez,10765,LB,LB,21,7,0,0.0,0,0,0,0,0,0,0.29090318278071703,0.04762885606150876,0.3385320388422259,0.2264117320729514,0.11212030676927448,3.737343558975816
2024,DEN,Kris Abrams-Draine,124194,CB,CB,123,91,74,0.8131868131868132,0,0,1,1,0,2,0.31826769515944253,0.05628864807269217,0.3745563432321347,0.26270954927892354,0.11184679395321118,0.6365264696524213
2021,NE,Jonathan Jones,11217,CB,CB,224,170,249,1.464705882352941,0,0,4,1,0,2,0.318255153846733,0.05628864807269217,0.3745438019194251,0.26270954927892354,0.11183425264050156,0.34948203950156737
2021,SF,Charles Omenihu,50612,ED,EDGE,416,0,0,0.0,33,2,11,0,1,0,0.21784251433960572,0.09604503075828406,0.31388754509788985,0.2021575437637748,0.11173000133411506,0.18800721378336668
2022,TB,William Gholston,7908,DI,IDL,522,2,0,0.0,10,0,23,0,0,0,0.19065640992168978,0.14441206645835228,0.33506847638004206,0.22337835625431512,0.11169012012572693,0.1497760231571051
2024,MIA,Kendall Fuller,10718,CB,CB,556,342,316,0.9239766081871345,0,0,12,0,0,5,0.318090621399289,0.05628864807269217,0.37437926947198114,0.26270954927892354,0.1116697201930576,0.14059137434377755
2023,MIA,Raekwon Davis,44582,DI,IDL,531,0,0,0.0,24,1,17,0,0,0,0.20616821706989036,0.12866871141998448,0.33483692848987484,0.22337835625431512,0.11145857223555972,0.14693220445365687
2022,GB,Rudy Ford,11963,S,S,443,266,249,0.9360902255639098,0,0,9,3,1,1,0.31296190551958847,0.053126812270700034,0.36608871779028845,0.2546539193746793,0.11143479841560916,0.17608207424588357
2024,LAC,Denzel Perryman,9481,LB,LB,343,170,151,0.888235294117647,6,1,25,0,0,0,0.2582879239295091,0.07955426557219437,0.33784218950170347,0.2264117320729514,0.11143045742875207,0.22740909679337157
2023,GB,Jaire Alexander,49350,CB,CB,560,338,363,1.0739644970414202,1,0,9,1,1,6,0.3178467191315787,0.05628864807269217,0.3741353672042709,0.26270954927892354,0.11142581792534734,0.13928227240668417
2021,MIA,Adam Butler,12214,DI,IDL,592,40,0,0.0,24,2,7,0,0,0,0.2569215816787184,0.07780497790735502,0.3347265595860735,0.22337835625431512,0.11134820333175838,0.13166172691255215
2023,HOU,Adrian Amos,9575,S,S,395,208,53,0.2548076923076923,0,0,10,0,0,2,0.3116435292162419,0.05426188020595779,0.3659054094221996,0.2546539193746793,0.11125149004752033,0.19715453932471957
2022,NE,DaMarcus Mitchell,129826,ED,EDGE,5,0,0,0.0,0,0,0,0,0,0,0.2743846093569985,0.038969064050325346,0.31335367340732384,0.2021575437637748,0.11119612964354905,15.567458150096869
2023,BUF,Matt Milano,11918,LB,LB,211,122,162,1.3278688524590163,2,0,11,2,1,0,0.26533188023538334,0.07226133830219567,0.33759321853757907,0.2264117320729514,0.11118148646462767,0.3688485332949733
2022,PHI,Jordan Davis,94854,DI,IDL,270,0,0,0.0,12,0,10,0,0,0,0.21140336670783288,0.12273959594122544,0.33414296264905835,0.22337835625431512,0.11076460639474323,0.2871674980604454
2023,HOU,Desmond King II,11906,CB,CB,400,230,232,1.008695652173913,5,2,24,0,0,2,0.31711233363157526,0.05628864807269217,0.3734009817042675,0.26270954927892354,0.11069143242534396,0.19371000674435196
2024,BUF,Rasul Douglas,11854,CB,CB,997,593,569,0.9595278246205734,1,0,19,0,1,3,0.3168281846456343,0.05628864807269217,0.3731168327183264,0.26270954927892354,0.11040728343940287,0.07751765136166701
2024,TB,Tykee Smith,99500,CB,CB,672,448,458,1.0223214285714286,7,0,23,2,3,4,0.31671004493891397,0.05628864807269217,0.37299869301160615,0.26270954927892354,0.11028914373268262,0.1148845247215444
2023,CLE,Tony Fields II,57698,LB,LB,253,113,85,0.7522123893805309,2,0,7,0,0,0,0.275858658076219,0.060747162793067154,0.3366058208692862,0.2264117320729514,0.1101940887963348,0.3048848306617959
2022,CLE,Jadeveon Clowney,8636,ED,EDGE,494,4,21,5.25,29,3,15,0,1,0,0.17094947869403024,0.14130186601837805,0.3122513447124083,0.2021575437637748,0.1100938009486335,0.15600336166810413
2022,KC,Frank Clark,9496,ED,EDGE,884,20,21,1.05,56,9,28,0,1,0,0.18402677650575316,0.12810592321605857,0.31213269972181173,0.2021575437637748,0.10997515595803695,0.08708439951428265
2021,NO,Chase Hansen,51448,LB,LB,1,0,0,0.0,0,0,0,0,0,0,0.2881599578947699,0.04762885606150876,0.3357888139562787,0.2264117320729514,0.10937708188332729,76.5639573183291
2024,KC,Mike Danna,48415,ED,EDGE,626,32,7,0.21875,31,6,19,0,2,0,0.19322426052350344,0.11828417329360905,0.31150843381711246,0.2021575437637748,0.10935089005333767,0.12227735309478653
2022,DEN,Nik Bonitto,77196,ED,EDGE,357,45,16,0.35555555555555557,19,2,7,0,1,0,0.19815011563158894,0.11326785519023262,0.31141797082182165,0.2021575437637748,0.10926042705804687,0.21423613148636642
2022,PIT,Terrell Edmunds,51334,S,S,886,514,357,0.6945525291828794,4,2,17,0,0,4,0.30693943587511335,0.056903149225194474,0.36384258510030776,0.2546539193746793,0.10918866572562846,0.08626644018954845
2021,PIT,James Pierre,60649,CB,CB,415,282,430,1.524822695035461,0,0,8,1,1,3,0.3155275961717303,0.05628864807269217,0.3718162442444225,0.26270954927892354,0.10910669496549896,0.18403538909843198
2023,LAR,Quentin Lake,56245,CB,CB,506,337,312,0.9258160237388724,2,0,18,0,0,5,0.31550507489240415,0.05628864807269217,0.37179372296509633,0.26270954927892354,0.10908417368617279,0.15090695964490308
2021,CHI,Eddie Jackson,11867,S,S,787,429,269,0.627039627039627,1,0,13,0,1,1,0.30388946361483843,0.05980176924917178,0.3636912328640102,0.2546539193746793,0.10903731348933093,0.09698363334502116
2022,ARI,Myjai Sanders,76816,ED,EDGE,260,21,46,2.1904761904761907,17,3,16,0,1,0,0.17781110345699175,0.13328890597264195,0.3111000094296337,0.2021575437637748,0.10894246566585888,0.2933066383311585
2021,CLE,Malcolm Smith,6394,LB,LB,425,245,311,1.2693877551020407,0,0,26,2,0,3,0.2696291030825835,0.06548159196587729,0.3351106950484608,0.2264117320729514,0.1086989629755094,0.1790335860773096
2021,DEN,Stephen Weatherly,10861,ED,EDGE,344,3,20,6.666666666666667,21,4,12,0,0,0,0.18932260881140614,0.1215183340586842,0.31084094287009034,0.2021575437637748,0.10868339910631555,0.2211580795768049
2024,TB,Vita Vea,48956,DI,IDL,756,9,6,0.6666666666666666,53,7,27,0,0,0,0.20288088631906645,0.12917860185359492,0.3320594881726614,0.22337835625431512,0.10868113191834627,0.10063067770217247
2023,GB,Darnell Savage,34247,S,S,701,419,183,0.43675417661097854,1,0,15,1,0,2,0.30883747234928655,0.0544334521857936,0.36327092453508014,0.2546539193746793,0.10861700516040085,0.10846205936131326
2022,SF,Michael Dwumfour,27376,DI,IDL,238,0,0,0.0,7,0,6,0,0,0,0.2436165599171833,0.08831886994687374,0.33193542986405705,0.22337835625431512,0.10855707360974193,0.31928551061688804
2022,MIN,Camryn Bynum,38408,S,S,1232,777,355,0.4568854568854569,0,0,3,2,0,2,0.31118046842378355,0.0520173725581124,0.363197840981896,0.2546539193746793,0.10854392160721671,0.06167268273137313
2022,MIA,Elandon Roberts,10848,LB,LB,721,339,305,0.8997050147492626,13,5,41,0,0,0,0.25751756944313464,0.07738922638927562,0.33490679583241023,0.2264117320729514,0.10849506375945883,0.1053350133586979
2023,SF,Oren Burks,50203,LB,LB,433,233,200,0.8583690987124464,8,1,20,1,0,1,0.2680596789054357,0.06670882950025436,0.3347685084056901,0.2264117320729514,0.10835677633273871,0.17517261762798408
2022,LAC,Joey Bosa,10637,ED,EDGE,203,2,21,10.5,18,3,8,0,1,0,0.1902346197664074,0.12021272198721986,0.3104473417536273,0.2021575437637748,0.10828979798985253,0.3734130965167329
2022,ARI,Byron Murphy Jr.,44027,CB,CB,595,363,350,0.9641873278236914,3,1,9,0,0,5,0.3143156076262738,0.05628864807269217,0.370604255698966,0.26270954927892354,0.10789470642004245,0.1269349487294617
2024,PIT,Preston Smith,9471,ED,EDGE,469,26,39,1.5,18,5,14,0,0,0,0.2020841028117921,0.10771728756627157,0.30980139037806365,0.2021575437637748,0.10764384661428886,0.16066245763326695
2023,CHI,Noah Sewell,131722,LB,LB,27,4,0,0.0,0,0,2,0,0,0,0.28414326981881444,0.04985437751257686,0.3339976473313913,0.2264117320729514,0.10758591525843991,2.789264469663257
2021,CIN,Markus Bailey,49681,LB,LB,273,151,119,0.7880794701986755,2,1,9,0,0,3,0.27550188317386576,0.058440293540164986,0.3339421767140308,0.2264117320729514,0.10753044464107941,0.27571908882328056
2023,JAC,Adam Gotsis,10697,DI,IDL,427,2,13,6.5,20,1,13,0,0,0,0.1824512376861837,0.1483872473487138,0.3308384850348975,0.22337835625431512,0.10746012878058236,0.1761641455419383
2023,IND,Taven Bryan,48753,DI,IDL,343,4,0,0.0,11,2,10,0,1,0,0.20526140903656445,0.1252765596797408,0.3305379687163053,0.22337835625431512,0.10715961246199018,0.21869308665712284
2021,ARI,Tanner Vallejo,11950,LB,LB,159,74,4,0.05405405405405406,1,0,6,0,0,1,0.27129511066000095,0.0622704212603418,0.3335655319203428,0.2264117320729514,0.10715379984739137,0.47174628863631424
2021,CIN,Cam Sample,56462,ED,EDGE,375,15,9,0.6,17,3,12,0,0,0,0.2028024050776957,0.10645320345500495,0.3092556085327006,0.2021575437637748,0.10709806476892583,0.19991638756866156
2022,DEN,Mike Purcell,8530,DI,IDL,529,0,0,0.0,10,1,22,0,0,0,0.1986547312127605,0.13178506234571782,0.3304397935584784,0.22337835625431512,0.10706143730416329,0.14166919870116126
2022,ATL,Jaylinn Hawkins,51423,S,S,955,522,177,0.3390804597701149,6,0,11,2,1,4,0.30755462692396807,0.054023557030043474,0.36157818395401153,0.2546539193746793,0.10692426457933224,0.07837380649793986
2022,CAR,Henry Anderson,9526,ED,EDGE,203,2,0,0.0,5,0,10,0,0,0,0.1891124249644432,0.11991852351657512,0.3090309484810183,0.2021575437637748,0.10687340471724352,0.3685289817835984
2024,CHI,Gervon Dexter Sr.,124374,DI,IDL,616,5,0,0.0,39,6,24,0,0,0,0.23280835074677314,0.0971607189887975,0.32996906973557066,0.22337835625431512,0.10659071348125554,0.12112581077415402
2021,CHI,Akiem Hicks,7090,DI,IDL,304,1,0,0.0,15,5,17,0,0,0,0.21433650199699417,0.11563199342401415,0.32996849542100837,0.22337835625431512,0.10659013916669324,0.2454378204496226
2022,LV,Tre'von Moehrig,77847,S,S,906,556,354,0.6366906474820144,1,0,8,0,0,5,0.3073040163129156,0.053614458559932424,0.3609184748728481,0.2546539193746793,0.10626455549816882,0.08210285744891631
2021,CAR,CJ Henderson,55593,CB,CB,390,218,305,1.3990825688073394,0,0,9,0,0,1,0.3125727181634012,0.05628864807269217,0.36886136623609345,0.26270954927892354,0.10615181695716991,0.19052890223081778
2021,MIA,Jason McCourty,5127,S,S,312,190,98,0.5157894736842106,0,0,3,0,0,3,0.307690894349188,0.05285059991310685,0.36054149426229487,0.2546539193746793,0.10588757488761558,0.2375682769914452
2022,TB,Ifeadi Odenigbo,11975,ED,EDGE,262,2,0,0.0,19,4,7,0,0,0,0.22479576750082364,0.08319790427613173,0.30799367177695536,0.2021575437637748,0.10583612801318057,0.2827682809512458
2021,GB,Krys Barnes,42548,LB,LB,564,312,402,1.2884615384615385,3,1,36,0,0,4,0.2557715897923659,0.07602421778644892,0.3317958075788148,0.2264117320729514,0.10538407550586343,0.13079583839380213
2023,CAR,Yetur Gross-Matos,56444,ED,EDGE,465,52,44,0.8461538461538461,19,5,20,0,0,0,0.20024150797993065,0.10706798117062448,0.30730948915055517,0.2021575437637748,0.10515194538678038,0.15829325111988446
2022,CLE,Deion Jones,10686,LB,LB,422,245,198,0.8081632653061225,8,3,16,1,0,2,0.2710092587492699,0.06046575154480257,0.3314750102940725,0.2264117320729514,0.1050632782211211,0.17427557998764165
2021,SF,Kevin Givens,28308,DI,IDL,290,6,0,0.0,14,1,15,0,1,0,0.20203713598793277,0.12612408404189376,0.32816122002982656,0.22337835625431512,0.10478286377551144,0.2529241539408897
2022,LV,Chandler Jones,7027,ED,EDGE,783,35,51,1.457142857142857,47,5,19,0,1,0,0.19895160670663734,0.10784367001335794,0.3067952767199953,0.2021575437637748,0.1046377329562205,0.09354586598895831
2024,BUF,Cam Lewis,49395,S,S,635,422,435,1.0308056872037914,7,0,26,1,1,3,0.30021537822309485,0.058903166204750196,0.3591185444278451,0.2546539193746793,0.10446462505316578,0.11515785438931661
2023,SF,Kevin Givens,28308,DI,IDL,454,3,0,0.0,15,2,14,0,0,0,0.20619027045778618,0.12163189236227649,0.3278221628200627,0.22337835625431512,0.10444380656574759,0.16103670615864166
2021,DEN,Caden Sterns,76725,S,S,311,241,267,1.107883817427386,3,2,9,2,0,2,0.30465615179296685,0.05434886342197549,0.3590050152149423,0.2546539193746793,0.10435109584026303,0.23487384915814832
2024,DEN,Jordan Jackson,56957,DI,IDL,329,0,0,0.0,9,1,8,0,0,0,0.23945735692901968,0.08817202434578392,0.32762938127480357,0.22337835625431512,0.10425102502048844,0.22181069153295416
2023,CHI,Dylan Cole,24304,LB,LB,3,1,0,0.0,0,0,0,0,0,0,0.2828388013171512,0.04762885606150876,0.33046765737866,0.2264117320729514,0.10405592530570862,24.279715904665345
2022,MIA,Andrew Van Ginkel,30267,ED,EDGE,357,95,56,0.5894736842105263,11,1,18,1,0,0,0.18190887348773502,0.1241718377346031,0.30608071122233815,0.2021575437637748,0.10392316745856336,0.20377091658541838
2021,CLE,Greg Newsome II,83341,CB,CB,691,410,416,1.0146341463414634,0,0,11,0,0,8,0.31027051764849906,0.05628864807269217,0.3665591657211912,0.26270954927892354,0.10384961644226764,0.10520221636698604
2022,JAC,Folorunso Fatukasi,38558,DI,IDL,481,0,0,0.0,20,3,15,0,0,0,0.2280046001992489,0.09916526453189173,0.3271698647311406,0.22337835625431512,0.1037915084768255,0.15104793333425748
2023,KC,Matt Dickerson,49601,DI,IDL,206,1,0,0.0,1,0,6,0,0,0,0.22168839169180493,0.10542743836612734,0.3271158300579323,0.22337835625431512,0.1037374738036172,0.3525059789443303
2024,TB,Jamel Dean,34918,CB,CB,745,516,497,0.9631782945736435,0,0,15,1,1,6,0.31011406720294105,0.05628864807269217,0.36640271527563323,0.26270954927892354,0.10369316599670969,0.097429820399593
2023,GB,T.J. Slaton,56597,DI,IDL,679,0,0,0.0,16,0,35,0,0,1,0.18154585679834828,0.1454412289335736,0.3269870857319219,0.22337835625431512,0.1036087294776068,0.1068131231727905
2024,LV,Jonah Laulu,75763,DI,IDL,474,5,0,0.0,10,1,20,0,0,1,0.20759218705523602,0.1191863542199035,0.32677854127513956,0.22337835625431512,0.10340018502082443,0.1527006951784327
2023,ATL,LaCale London,87179,DI,IDL,204,2,0,0.0,5,0,9,0,0,0,0.20693651270530683,0.11983194421518675,0.32676845692049356,0.22337835625431512,0.10339010066617843,0.35476995326629857
2022,SEA,Quandre Diggs,9633,S,S,1221,687,135,0.1965065502183406,2,0,10,4,0,3,0.30577595947171654,0.052083968606645624,0.3578599280783622,0.2546539193746793,0.1032060087036829,0.05916806395788537
2021,ARI,Antonio Hamilton Sr.,11353,CB,CB,313,196,231,1.1785714285714286,3,0,6,0,0,2,0.3096107542606674,0.05628864807269217,0.3658994023333596,0.26270954927892354,0.10318985305443606,0.2307760291952244
2021,LAR,Marquise Copeland,38540,DI,IDL,139,0,0,0.0,6,0,5,1,0,0,0.23631394673632553,0.09022705425456731,0.32654100099089284,0.22337835625431512,0.10316264473657771,0.5195241101842043
2022,KC,Justin Reid,49048,S,S,1311,826,416,0.5036319612590799,8,1,27,0,0,5,0.3018170609819727,0.05594602392606494,0.3577630849080376,0.2546539193746793,0.1031091655333583,0.05505447435038201
2022,TEN,Terrance Mitchell,8888,CB,CB,397,307,473,1.5407166123778502,0,0,10,1,1,3,0.30932619243879106,0.05628864807269217,0.36561484051148324,0.26270954927892354,0.1029052912325597,0.18144509789116323
2021,CLE,Anthony Walker Jr.,11916,LB,LB,701,399,281,0.7042606516290727,5,1,37,0,0,2,0.26128669511682706,0.06749053418259017,0.3287772292994173,0.2264117320729514,0.10236549722646587,0.10221946941301871
2022,CIN,Tre Flowers,49059,CB,CB,183,158,150,0.9493670886075949,0,0,3,1,0,2,0.3083190985028696,0.05628864807269217,0.3646077465755618,0.26270954927892354,0.10189819729663824,0.3897745251783976
2024,LV,Nate Hobbs,55948,CB,CB,554,318,280,0.8805031446540881,3,0,16,1,0,3,0.30828691980216505,0.05628864807269217,0.36457556787485723,0.26270954927892354,0.1018660185959337,0.12871157584323753
2024,KC,Drue Tranquill,51276,LB,LB,968,438,355,0.8105022831050228,19,4,36,0,0,1,0.2642529406420388,0.0640224213653872,0.328275362007426,0.2264117320729514,0.10186362993447462,0.07366171586170686
2022,IND,E.J. Speed,94351,LB,LB,316,113,55,0.48672566371681414,5,1,21,0,2,0,0.23356621033435923,0.09464811930428714,0.32821432963864644,0.2264117320729514,0.10180259756569504,0.22551208321514724
2022,DAL,Markquese Bell,56033,S,S,25,14,0,0.0,0,0,0,0,0,0,0.3043831661112505,0.051958752067100454,0.3563419181783509,0.2546539193746793,0.10168799880367163,2.8472639665028057
2021,NE,Carl Davis Jr.,9523,DI,IDL,277,0,0,0.0,4,1,6,0,0,0,0.24060600283198955,0.0842689455795257,0.32487494841151526,0.22337835625431512,0.10149659215720014,0.2564895830687368
2023,PIT,Isaiahh Loudermilk,44416,DI,IDL,184,0,0,0.0,4,0,8,0,0,0,0.23694410074290845,0.08789947797716086,0.32484357872006936,0.22337835625431512,0.10146522246575423,0.3860089985110215
2024,LAC,Nick Niemann,43500,LB,LB,44,13,0,0.0,0,0,1,0,0,0,0.2788444389639866,0.04874636543933545,0.3275908044033221,0.2264117320729514,0.10117907233037071,1.609667059801352
2023,NYG,Boogie Basham,44320,ED,EDGE,194,4,0,0.0,0,0,6,0,0,0,0.2286459985300358,0.07458743291832337,0.3032334314483591,0.2021575437637748,0.10107588768458434,0.3647068112330363
2023,NYJ,Bryce Hall,42313,CB,CB,138,101,96,0.9504950495049505,0,0,2,1,0,0,0.307487652740231,0.05628864807269217,0.3637763008129231,0.26270954927892354,0.10106675153399958,0.5126574353173892
2021,CAR,Daviyon Nixon,82488,DI,IDL,82,0,0,0.0,4,1,4,0,0,0,0.24363251989422974,0.08074531521215902,0.3243778351063888,0.22337835625431512,0.10099947885207367,0.8621906731274581
2023,CHI,A.J. Thomas,56309,S,S,6,6,0,0.0,0,0,0,0,0,0,0.3032992683550075,0.051958752067100454,0.35525802042210797,0.2546539193746793,0.10060410104742867,11.737145122200012
2024,BAL,Brandon Stephens,45644,CB,CB,1135,784,926,1.1811224489795917,1,1,16,0,0,5,0.30694389580896747,0.05628864807269217,0.36323254388165965,0.26270954927892354,0.10052299460273612,0.061996560547942975
2022,MIA,Eric Rowe,9480,S,S,637,420,579,1.3785714285714286,5,3,23,0,3,2,0.28804418382579733,0.06708979415060001,0.35513397797639734,0.2546539193746793,0.10048005860171805,0.11041764681507478
2021,TEN,Buster Skrine,6289,CB,CB,240,181,188,1.0386740331491713,1,0,7,1,0,2,0.3067298578919369,0.05628864807269217,0.3630185059646291,0.26270954927892354,0.10030895668570555,0.2925677903333079
2021,GB,Dean Lowry,10771,DI,IDL,718,0,0,0.0,42,6,15,0,0,0,0.22601330920454377,0.09759985604210654,0.3236131652466503,0.22337835625431512,0.10023480899233517,0.09772195862762482
2024,DEN,Levi Wallace,25445,CB,CB,308,237,281,1.1856540084388185,0,0,6,0,0,1,0.3066176985313774,0.05628864807269217,0.3629063466040696,0.26270954927892354,0.10019679732514608,0.22771999392078657
2023,LAR,Desjuan Johnson,76850,DI,IDL,105,0,0,0.0,5,2,5,0,1,0,0.20326471730617268,0.1201293557941295,0.32339407310030227,0.22337835625431512,0.10001571684598715,0.6667714456399143
2021,TEN,Dane Cruikshank,25546,S,S,437,322,301,0.9347826086956522,2,0,10,0,0,0,0.2947126356670919,0.05993440624550841,0.35464704191260027,0.2546539193746793,0.09999312253792098,0.16017204983191002
2021,CIN,Tre Flowers,49059,CB,CB,440,282,394,1.3971631205673758,0,0,7,0,0,3,0.3062796145220385,0.05628864807269217,0.36256826259473063,0.26270954927892354,0.09985871331580709,0.1588661348206022
2022,NO,Justin Evans,11805,S,S,391,257,186,0.7237354085603113,0,0,10,0,1,1,0.29994938293228346,0.054469140233759476,0.35441852316604294,0.2546539193746793,0.09976460379136365,0.17860670755487096
2024,PHI,Tristin McCollum,66771,S,S,259,167,201,1.2035928143712575,0,0,5,0,0,2,0.29979469591654606,0.054436704202174946,0.354231400118721,0.2546539193746793,0.09957748074404171,0.26912832633524786
2023,DAL,Trevon Diggs,41817,CB,CB,101,71,26,0.36619718309859156,0,0,1,1,1,2,0.3059638465112504,0.05628864807269217,0.3622524945839426,0.26270954927892354,0.09954294530501906,0.6899016011238945
2023,LAC,Austin Johnson,10677,DI,IDL,641,0,0,0.0,16,0,17,0,0,0,0.18515806827384165,0.13750328505912202,0.3226613533329637,0.22337835625431512,0.09928299707864857,0.10842136966467082
2023,JAC,Jeremiah Ledbetter,11960,DI,IDL,369,5,0,0.0,8,0,10,0,0,0,0.20838740960678678,0.11410231589094906,0.32248972549773586,0.22337835625431512,0.09911136924342073,0.18801614761624527
2023,NYJ,Chazz Surratt,40313,LB,LB,9,0,0,0.0,0,0,1,0,0,0,0.2759162127325029,0.04916386032494465,0.32508007305744757,0.2264117320729514,0.09866834098449617,7.674204298794146
2023,DET,C.J. Gardner-Johnson,49371,S,S,291,197,91,0.4619289340101523,2,0,6,2,0,2,0.29878564387181805,0.05453651142744686,0.3533221552992649,0.2546539193746793,0.09866823592458562,0.2373462719835393
2023,CAR,Donte Jackson,49377,CB,CB,902,481,559,1.162162162162162,1,0,15,0,1,6,0.3049277631824876,0.05628864807269217,0.3612164112551798,0.26270954927892354,0.09850686197625624,0.07644656694387957
2023,BUF,Tim Settle,48966,DI,IDL,413,3,0,0.0,14,1,10,0,0,0,0.2243534341570652,0.0974455028325262,0.3217989369895914,0.22337835625431512,0.09842058073527626,0.1668145436191123
2022,SF,Samuel Womack III,65771,CB,CB,164,105,154,1.4666666666666666,0,0,7,1,1,1,0.30471613315964624,0.05628864807269217,0.3610047812323384,0.26270954927892354,0.09829523195341489,0.4195528193133562
2023,KC,Deon Bush,10758,S,S,97,74,42,0.5675675675675675,0,0,0,1,0,0,0.30095502994050205,0.051958752067100454,0.3529137820076025,0.2546539193746793,0.09825986263292319,0.709091792196353
2024,KC,Chamarri Conner,76662,CB,CB,728,476,566,1.1890756302521008,10,2,38,2,1,2,0.30461674658078325,0.05628864807269217,0.36090539465347543,0.26270954927892354,0.0981958453745519,0.09441908209091529
2022,LAR,Cobie Durant,79126,CB,CB,281,179,183,1.0223463687150838,1,1,4,3,0,2,0.304537612509817,0.05628864807269217,0.36082626058250916,0.26270954927892354,0.09811671130358562,0.24441885378117414
2021,TEN,Teair Tart,82261,DI,IDL,344,5,0,0.0,5,0,5,0,0,0,0.2062123282249914,0.11516694000532811,0.3213792682303195,0.22337835625431512,0.09800091197600436,0.19942046041628791
2022,CAR,Cory Littleton,11190,LB,LB,372,147,109,0.7414965986394558,4,1,17,0,0,2,0.2627005535914972,0.06165236409530566,0.32435291768680286,0.2264117320729514,0.09794118561385146,0.1842979299185377
2021,DEN,Kyle Fuller,8649,CB,CB,719,477,642,1.3459119496855345,2,0,16,0,0,4,0.304306545340323,0.05628864807269217,0.3605951934130152,0.26270954927892354,0.09788564413409168,0.09529895812776658
2024,MIA,Quinton Bell,37468,ED,EDGE,258,44,35,0.7954545454545454,5,1,13,0,1,1,0.16491498099270016,0.13504831432330663,0.29996329531600685,0.2021575437637748,0.09780575155223206,0.2653644421959785
2021,CAR,Frankie Luvu,51028,LB,LB,249,58,61,1.0517241379310345,11,2,20,0,0,0,0.23518359780474657,0.08881979297585714,0.32400339078060375,0.2264117320729514,0.09759165870765235,0.2743540606239223
2021,MIN,Kenny Willekes,35624,ED,EDGE,202,2,0,0.0,15,3,10,0,0,0,0.2169629895125058,0.08266164679206442,0.2996246363045702,0.2021575437637748,0.09746709254079541,0.337757251378994
2021,ARI,Zaven Collins,77190,LB,LB,228,93,72,0.7741935483870968,0,0,11,0,0,2,0.25923636552237284,0.06459935346890573,0.3238357189912786,0.2264117320729514,0.09742398691832721,0.2991087317667941
2022,JAC,Corey Peters,5607,DI,IDL,307,1,0,0.0,10,1,12,0,0,0,0.20363736238257008,0.11694412479724584,0.3205814871798159,0.22337835625431512,0.09720313092550076,0.22163580341319392
2022,NE,Sam Roberts,156069,DI,IDL,40,0,0,0.0,2,0,0,0,0,0,0.2772328962682093,0.043298960055917046,0.32053185632412634,0.22337835625431512,0.09715350006981122,1.7001862512216963
2022,PHI,Ndamukong Suh,5527,DI,IDL,224,0,0,0.0,13,2,7,0,0,0,0.23585318518931872,0.08466187593644024,0.32051506112575895,0.22337835625431512,0.09713670487144382,0.30355220272326194
2022,HOU,Tremon Smith,28196,CB,CB,201,120,84,0.7,0,0,5,2,1,2,0.30327465434069045,0.05628864807269217,0.3595633024133826,0.26270954927892354,0.09685375313445904,0.3373016278314494
2021,CIN,Vernon Hargreaves III,10645,CB,CB,393,228,224,0.9824561403508771,1,0,5,1,0,2,0.3030418765121096,0.05628864807269217,0.35933052458480175,0.26270954927892354,0.09662097530587821,0.17209842929800187
2024,MIA,Anthony Walker Jr.,11916,LB,LB,516,293,293,1.0,6,1,13,1,0,0,0.2673352157891227,0.055669917070492514,0.32300513285961524,0.2264117320729514,0.09659340078666384,0.13103755920671453
2021,CLE,Grant Delpit,60685,S,S,599,389,227,0.583547557840617,3,1,18,1,1,1,0.28829331467717073,0.06295222759710306,0.35124554227427385,0.2546539193746793,0.09659162289959455,0.11287835731171317
2023,NO,Isaiah Foskey,102728,ED,EDGE,84,0,0,0.0,3,0,4,0,0,0,0.21776008312228864,0.0807269520658643,0.29848703518815295,0.2021575437637748,0.09632949142437816,0.802745761869818
2022,SF,Dontae Johnson,8764,CB,CB,18,8,0,0.0,0,0,0,0,0,0,0.30274830974850575,0.05628864807269217,0.3590369578211979,0.26270954927892354,0.09632740854227434,3.7460658877551136
2022,SEA,Darrell Taylor,36001,ED,EDGE,503,29,89,3.0689655172413794,27,10,18,0,4,0,0.18728610985188682,0.1111111897415105,0.29839729959339734,0.2021575437637748,0.09623975582962255,0.13393206576687036
2023,LV,Jaylon Smith,10668,LB,LB,25,11,0,0.0,0,0,0,0,0,0,0.2749181256373017,0.04762885606150876,0.3225469816988105,0.2264117320729514,0.09613524962585912,2.6917869895240556
2022,MIN,Dalvin Tomlinson,11810,DI,IDL,604,0,0,0.0,30,3,26,0,1,0,0.18914079643542972,0.130237021360599,0.31937781779602875,0.22337835625431512,0.09599946154171363,0.111257654104635
2024,MIN,Dwight McGlothern,124103,CB,CB,20,12,0,0.0,0,0,0,0,0,0,0.30241555253344493,0.05628864807269217,0.35870420060613706,0.26270954927892354,0.09599465132721352,3.3598127964524735
2023,NE,Chris Board,29456,LB,LB,2,1,0,0.0,0,0,0,0,0,0,0.27456345087360495,0.04762885606150876,0.3221923069351137,0.2264117320729514,0.0957805748621623,33.523201201756805
2023,NYJ,Jalyn Holmes,48400,DI,IDL,81,0,0,0.0,2,1,3,0,0,0,0.2514639304788993,0.06766410709458205,0.31912803757348135,0.22337835625431512,0.09574968131916622,0.8274663817705723
2021,PHI,Tarron Jackson,54410,ED,EDGE,268,2,0,0.0,6,1,11,0,1,0,0.176803828572093,0.12106005656116078,0.2978638851332538,0.2021575437637748,0.095706341369479,0.24997924984565414
2023,GB,De'Vondre Campbell,10749,LB,LB,690,387,423,1.0930232558139534,7,1,25,0,0,2,0.2578316281714979,0.0640001688491454,0.32183179702064335,0.2264117320729514,0.09542006494769195,0.09680296443968749
2023,DET,Tracy Walker III,51266,S,S,541,360,173,0.48055555555555557,7,1,10,0,1,1,0.2951182269183773,0.054937068677865325,0.3500552955962426,0.2546539193746793,0.0954013762215633,0.12343985832734623
2022,SEA,Mike Jackson,50437,CB,CB,1147,649,625,0.963020030816641,1,0,19,1,0,10,0.30179963570283697,0.05628864807269217,0.35808828377552915,0.26270954927892354,0.09537873449660561,0.058208469178399246
2022,NO,Malcolm Roach,50191,DI,IDL,316,2,0,0.0,12,0,12,0,0,0,0.19710465729577914,0.12158081378913173,0.31868547108491085,0.22337835625431512,0.09530711483059573,0.2111233556373956
2022,DAL,Nahshon Wright,100412,CB,CB,128,91,207,2.2747252747252746,0,0,7,1,0,1,0.3012135370994674,0.05628864807269217,0.35750218517215954,0.26270954927892354,0.094792635893236,0.5183972275411344
2023,BUF,Kingsley Jonathan,56856,ED,EDGE,97,1,0,0.0,8,1,3,0,1,0,0.21560817016983364,0.08110959977515689,0.2967177699449905,0.2021575437637748,0.0945602261812157,0.6823933848128969
2023,MIN,Marcus Davenport,50291,ED,EDGE,118,1,0,0.0,7,2,3,0,0,0,0.24154048622438978,0.05516657162015281,0.2967070578445426,0.2021575437637748,0.09454951408076781,0.5608869479367582
2021,DEN,Ronald Darby,9483,CB,CB,675,412,506,1.2281553398058251,0,0,15,0,0,5,0.3009241479510157,0.05628864807269217,0.35721279602370787,0.26270954927892354,0.09450324674478433,0.09800336699459117
2021,BAL,Marlon Humphrey,11771,CB,CB,746,490,614,1.2530612244897958,3,0,11,1,1,6,0.3005918907893198,0.05628864807269217,0.356880538862012,0.26270954927892354,0.09417098958308845,0.08836419934069963
2023,NYJ,Brandin Echols,98900,CB,CB,143,94,125,1.3297872340425532,0,0,3,1,0,0,0.3003203530196835,0.05628864807269217,0.3566090010923757,0.26270954927892354,0.09389945181345216,0.4596476662196959
2022,SEA,Cody Barton,50727,LB,LB,959,475,551,1.16,4,2,47,2,0,5,0.2571856277965174,0.06294704733744506,0.3201326751339625,0.2264117320729514,0.09372094306101109,0.06840944748978911
2023,NE,Shaun Wade,55673,CB,CB,348,213,290,1.3615023474178405,0,0,8,0,0,1,0.30014061297755834,0.05628864807269217,0.3564292610502506,0.26270954927892354,0.09371971177132704,0.18851666160899117
2021,IND,Dayo Odeyingbo,56923,ED,EDGE,173,1,0,0.0,12,1,4,0,1,0,0.21237584817267255,0.08311391119984413,0.2954897593725167,0.2021575437637748,0.09333221560874191,0.3776448030411523
2024,DEN,Zach Cunningham,11812,LB,LB,15,3,0,0.0,0,0,1,0,0,0,0.2709134899935871,0.04868898220535687,0.319602472198944,0.2264117320729514,0.0931907401259926,4.348901205879655
2024,LV,Charles Snowden,62775,ED,EDGE,405,76,80,1.0526315789473684,16,2,16,0,0,0,0.1806521717523835,0.11458002427729717,0.29523219602968065,0.2021575437637748,0.09307465226590586,0.16086976934847927
2021,BUF,Eli Ankou,48856,DI,IDL,109,0,0,0.0,1,1,4,0,0,0,0.2428642856015956,0.07348291920812892,0.31634720480972456,0.22337835625431512,0.09296884855540943,0.5970476512732715
2024,MIN,Jihad Ward,10678,DI,IDL,505,7,27,3.857142857142857,31,1,7,0,0,0,0.22398779412517472,0.09227495747042186,0.31626275159559664,0.22337835625431512,0.09288439534128151,0.12875064700771693
2021,TB,Dee Delaney,31078,CB,CB,213,144,205,1.4236111111111112,0,0,3,1,0,1,0.29921585850292487,0.05628864807269217,0.3555045065756171,0.26270954927892354,0.09279495729669357,0.30495995355720895
2022,DET,Aidan Hutchinson,82330,ED,EDGE,953,27,5,0.18518518518518517,53,11,36,3,0,0,0.201592260047131,0.09335188984844753,0.29494414989557854,0.2021575437637748,0.09278660613180376,0.06815385550080023
2023,LV,Luke Masterson,45046,LB,LB,182,91,138,1.5164835164835164,0,0,10,0,2,1,0.24345106792758447,0.07551177362508243,0.3189628415526669,0.2264117320729514,0.09255110947971551,0.3559658056912135
2023,BAL,Kevon Seymour,10852,CB,CB,13,12,1,0.08333333333333333,0,0,0,0,0,0,0.2989311560167313,0.05628864807269217,0.3552198040894235,0.26270954927892354,0.09251025481049996,4.981321412873075
2024,PHI,Dallas Gant,81352,LB,LB,1,0,0,0.0,0,0,0,0,0,0,0.2712285038483933,0.04762885606150876,0.3188573599099021,0.2264117320729514,0.0924456278369507,64.7119394858655
2023,GB,Corey Ballentine,83833,CB,CB,534,325,392,1.2061538461538461,0,0,5,1,0,4,0.2987692835035045,0.05628864807269217,0.3550579315761967,0.26270954927892354,0.09234838229727316,0.12105593185035807
2022,ATL,Arnold Ebiketie,56862,ED,EDGE,516,38,0,0.0,28,3,14,0,1,0,0.20090144771338816,0.09346854672764648,0.2943699944410346,0.2021575437637748,0.09221245067725983,0.12509440983349202
2021,SF,Jordan Willis,11828,ED,EDGE,218,0,0,0.0,11,3,8,0,1,0,0.2106388655288762,0.0836484407040668,0.294287306232943,0.2021575437637748,0.09212976246916824,0.2958295125156778
2024,BAL,Nate Wiggins,144143,CB,CB,769,554,499,0.9007220216606499,2,0,11,1,1,8,0.29851464840360803,0.05628864807269217,0.3548032964763002,0.26270954927892354,0.09209374719737667,0.08383045908733898
2023,KC,Cole Christiansen,43856,LB,LB,1,0,0,0.0,0,0,0,0,0,0,0.2707155928378206,0.04762885606150876,0.31834444889932934,0.2264117320729514,0.09193271682637794,64.35290177846456
2021,SF,Marcell Harris,51408,LB,LB,336,169,203,1.2011834319526626,2,1,15,1,1,0,0.2568647872466069,0.061365472759690336,0.3182302600062972,0.2264117320729514,0.09181852793334583,0.19128859986113714
2022,BAL,Josh Bynes,6503,LB,LB,269,124,83,0.6693548387096774,2,1,9,1,0,1,0.2602837751671294,0.057906410313959045,0.3181901854810885,0.2264117320729514,0.09177845340813712,0.23882868916615607
2023,LV,Isaiah Pola-Mao,60781,S,S,130,65,38,0.5846153846153846,1,1,5,1,0,0,0.29205209364207313,0.05437571853898003,0.34642781218105323,0.2546539193746793,0.09177389280637394,0.4941671151112443
2023,IND,Ronnie Harrison,49206,LB,LB,234,120,40,0.3333333333333333,1,1,6,2,0,0,0.2663400905860657,0.0518221688764046,0.31816225946247034,0.2264117320729514,0.09175052738951894,0.2744673896267661
2024,CHI,Kyler Gordon,83451,CB,CB,724,388,472,1.2164948453608246,9,1,30,0,1,6,0.29809579455539986,0.05628864807269217,0.35438444262809204,0.26270954927892354,0.09167489334916851,0.08863594660831209
2023,DET,Benito Jones,44035,DI,IDL,602,4,0,0.0,22,1,11,0,0,0,0.22057496280198188,0.09429261575445017,0.3148675785564321,0.22337835625431512,0.09148922230211698,0.10638281663036858
2023,NO,Ty Summers,30242,LB,LB,2,0,0,0.0,0,0,0,0,0,0,0.2700875432660746,0.04762885606150876,0.31771639932758344,0.2264117320729514,0.09130466725463204,31.956633539121214
2023,NYJ,Jarrick Bernard-Converse,77841,S,S,4,0,0,0.0,0,0,0,0,0,0,0.2939155640051127,0.051958752067100454,0.34587431607221314,0.2546539193746793,0.09122039669753385,15.963569422068423
2024,BUF,Ed Oliver,42200,DI,IDL,727,3,3,1.0,49,3,20,0,2,0,0.18936818262741478,0.1251272217757645,0.3144954044031793,0.22337835625431512,0.09111704814886418,0.08773305874030939
2021,CIN,Josh Tupou,12093,DI,IDL,436,0,0,0.0,12,1,7,0,0,0,0.2376243595309131,0.07674479521824762,0.3143691547491608,0.22337835625431512,0.09099079849484565,0.1460861443724586
2022,BUF,Dean Marlowe,9966,S,S,321,199,149,0.7487437185929648,0,0,2,1,0,0,0.2926480871496266,0.052927954210962296,0.3455760413605889,0.2546539193746793,0.0909221219859096,0.19827254015618917
2023,CIN,DJ Reader,10800,DI,IDL,535,4,0,0.0,34,2,22,0,0,0,0.20805208244179918,0.10620294882381259,0.31425503126561183,0.22337835625431512,0.0908766750112967,0.1189040607624443
2022,KC,Mike Danna,48415,ED,EDGE,556,18,0,0.0,40,5,23,0,2,0,0.1877445295575865,0.10515829984351696,0.29290282940110346,0.2021575437637748,0.09074528563732867,0.11424766177361523
2024,NO,Kool-Aid McKinstry,146602,CB,CB,680,430,404,0.9395348837209302,1,0,10,0,0,5,0.29714958507839373,0.05628864807269217,0.35343823315108586,0.26270954927892354,0.09072868387216232,0.09339717457428473
2023,JAC,Angelo Blackson,9533,DI,IDL,215,1,0,0.0,4,0,6,0,0,0,0.20214425878424994,0.11186882297144655,0.3140130817556965,0.22337835625431512,0.09063472550138135,0.2950898039579858
2021,IND,Julian Blackmon,49434,S,S,376,229,46,0.20087336244541484,0,0,3,0,0,1,0.2933235666692079,0.051958752067100454,0.3452823187363084,0.2546539193746793,0.09062839936162909,0.1687230839179265
2023,SF,Isaiah Oliver,50393,CB,CB,503,339,320,0.943952802359882,3,0,22,1,0,1,0.2969301556187463,0.05628864807269217,0.35321880369143843,0.26270954927892354,0.0905092544125149,0.12595721290012013
2023,NE,Brenden Schooler,28253,S,S,3,2,0,0.0,0,0,0,0,0,0,0.2930107155556474,0.051958752067100454,0.3449694676227479,0.2546539193746793,0.09031554824806859,21.07362792454934
2022,PHI,K'Von Wallace,42467,S,S,178,120,56,0.4666666666666667,3,1,5,0,0,2,0.2899236038000425,0.05480785236960425,0.3447314561696468,0.2546539193746793,0.0900775367949675,0.35423750424987216
2021,MIA,John Jenkins,7863,DI,IDL,176,3,0,0.0,2,0,9,0,0,0,0.20621238221360738,0.10709038253965394,0.3133027647532613,0.22337835625431512,0.08992440849894617,0.3576538974389905
2021,SF,Talanoa Hufanga,83903,S,S,399,245,142,0.5795918367346938,3,0,10,0,0,2,0.2883442926664929,0.056060056291284605,0.3444043489577775,0.2546539193746793,0.0897504295830982,0.15745689400543544
2022,ARI,Antonio Hamilton Sr.,11353,CB,CB,420,293,300,1.023890784982935,1,0,12,1,0,3,0.29613308429496343,0.05628864807269217,0.3524217323676556,0.26270954927892354,0.08971218308873208,0.1495203051478868
2023,LV,Chris Smith II,83220,S,S,22,10,0,0.0,0,0,0,0,0,0,0.2923604321599108,0.051958752067100454,0.3443191842270113,0.2546539193746793,0.089665264852332,2.8529856998469274
2021,BUF,Andre Smith,50897,LB,LB,5,1,0,0.0,0,0,0,0,0,0,0.2684159237136745,0.04762885606150876,0.3160447797751833,0.2264117320729514,0.0896330477022319,12.548626678312468
2022,TB,Logan Hall,76919,DI,IDL,423,2,0,0.0,17,3,8,0,0,0,0.22047880056057031,0.09245483927693586,0.31293363983750616,0.22337835625431512,0.08955528358319104,0.14820023287998518
2022,BAL,Geno Stone,55967,S,S,450,296,227,0.7668918918918919,3,0,9,0,1,1,0.29079203016076793,0.05341005511358828,0.34420208527435625,0.2546539193746793,0.08954816589967696,0.13929714695505305
2024,KC,Tershawn Wharton,40292,DI,IDL,780,15,30,2.0,42,9,24,0,1,0,0.20805181634573117,0.10486963003088695,0.3129214463766182,0.22337835625431512,0.08954309012230305,0.08035918344309248
2024,SEA,Rayshawn Jenkins,11868,S,S,550,313,295,0.9424920127795527,3,2,17,0,0,0,0.2834171273267233,0.060594577770733155,0.3440117050974565,0.2546539193746793,0.0893577857227772,0.11372809091989826
2022,BAL,Travis Jones,76914,DI,IDL,340,2,0,0.0,5,1,15,0,0,0,0.20718847758021552,0.10546657823916096,0.3126550558193765,0.22337835625431512,0.0892766995650614,0.1838049696927735
2023,BAL,Ar'Darius Washington,77848,CB,CB,115,87,89,1.0229885057471264,2,1,3,0,0,1,0.2955487907479559,0.05628864807269217,0.35183743882064816,0.26270954927892354,0.08912788954172463,0.5425175885148456
2024,KC,Charles Omenihu,50612,ED,EDGE,347,6,0,0.0,14,2,11,0,2,0,0.19103277096451873,0.10018148422387235,0.2912142551883911,0.2021575437637748,0.08905671142461632,0.1796533083493701
2024,LV,Divine Deablo,42208,LB,LB,689,323,301,0.9318885448916409,10,1,23,0,0,0,0.2517396209606704,0.0636225338459259,0.31536215480659635,0.2264117320729514,0.08895042273364495,0.09037053107917484
2022,DAL,Kelvin Joseph,83051,CB,CB,167,104,228,2.1923076923076925,0,0,2,0,1,2,0.2953278145082671,0.05628864807269217,0.35161646258095935,0.26270954927892354,0.08890691330203582,0.3726637084516471
2023,BUF,Linval Joseph,5571,DI,IDL,189,0,0,0.0,7,1,6,0,0,0,0.21939784074017707,0.0928568909830198,0.3122547317231969,0.22337835625431512,0.08887637546888177,0.32917176099585843
2022,NO,P.J. Williams,9511,S,S,298,193,186,0.9637305699481865,1,0,5,0,0,2,0.2912094878735896,0.052283422806929505,0.34349291068051907,0.2546539193746793,0.08883899130583978,0.20868219434257668
2023,NYG,Nick McCloud,49535,CB,CB,312,182,152,0.8351648351648352,0,0,6,1,2,1,0.2950557162082411,0.05628864807269217,0.3513443642809333,0.26270954927892354,0.08863481500200976,0.19886016186348343
2023,BAL,Jeremiah Moon,26453,ED,EDGE,102,5,23,4.6,1,0,3,0,1,0,0.1351017438567618,0.15560931969995967,0.2907110635567215,0.2021575437637748,0.0885535197929467,0.6077202338731637
2021,CLE,Ronnie Harrison,49206,S,S,584,326,259,0.7944785276073619,2,1,19,1,0,2,0.2823926514847105,0.060713649168022986,0.34310630065273345,0.2546539193746793,0.08845238127805416,0.10602168988807863
2021,BAL,Calais Campbell,4364,DI,IDL,615,1,0,0.0,31,1,24,0,0,0,0.18539078218857283,0.12625716284495117,0.311647945033524,0.22337835625431512,0.08826958877920887,0.10046945064300197
2023,NO,J.T. Gray,51495,S,S,6,4,0,0.0,0,0,0,0,0,0,0.2907709627076935,0.051958752067100454,0.3427297147747939,0.2546539193746793,0.08807579540011462,10.275509463346705
2022,CLE,Jeremiah Owusu-Koramoah,58089,LB,LB,535,269,239,0.8884758364312267,6,0,36,0,2,2,0.23278822632649346,0.08164859337314274,0.3144368196996362,0.2264117320729514,0.08802508762668482,0.11517301184799883
2024,MIN,Trent Sherfield,48021,WR,UNKNOWN,1,0,0,0.0,0,0,0,0,0,0,0.2768809879555255,0.04762885606150876,0.32450984401703425,0.23648925173029245,0.0880205922867418,61.614414600719265
2024,MIN,C.J. Ham,11347,FB,UNKNOWN,1,0,0,0.0,0,0,0,0,0,0,0.2768809879555255,0.04762885606150876,0.32450984401703425,0.23648925173029245,0.0880205922867418,61.614414600719265
2024,MIN,Brandon Powell,48036,WR,UNKNOWN,2,0,0,0.0,0,0,0,0,0,0,0.2768809879555255,0.04762885606150876,0.32450984401703425,0.23648925173029245,0.0880205922867418,30.807207300359632
2023,TB,Kaevon Merriweather,83257,S,S,164,83,6,0.07228915662650602,1,0,0,0,0,1,0.290363995129999,0.051958752067100454,0.34232274719709943,0.2546539193746793,0.08766882782242014,0.3741962163152079
2023,JAC,DaVon Hamilton,28072,DI,IDL,190,1,0,0.0,4,0,9,0,0,0,0.20214425878424994,0.10888539812276801,0.31102965690701795,0.22337835625431512,0.08765130065270282,0.32292584450995776
2023,NYG,Jordon Riley,56759,DI,IDL,135,1,0,0.0,0,0,4,0,0,0,0.23295903950793584,0.07804702295418559,0.3110060624621215,0.22337835625431512,0.08762770620780636,0.45436588404047734
2022,LAR,Derion Kendrick,78022,CB,CB,483,308,571,1.853896103896104,0,0,8,0,0,4,0.29396974619489735,0.05628864807269217,0.35025839426758953,0.26270954927892354,0.087548844988666,0.12688238404154492
2021,NO,Sharif Finch,50221,ED,EDGE,24,1,0,0.0,1,0,2,0,0,0,0.22957274219031606,0.06002376674575833,0.2895965089360744,0.2021575437637748,0.08743896517229963,2.5503031508587393
2024,BUF,Von Miller,6154,ED,EDGE,332,13,0,0.0,40,6,13,0,0,0,0.21719648484968945,0.07233771187443824,0.28953419672412767,0.2021575437637748,0.08737665296035288,0.18422788274773197
2021,DAL,Kelvin Joseph,83051,CB,CB,165,97,49,0.5051546391752577,0,0,8,0,0,2,0.2937411632629969,0.05628864807269217,0.350029811335689,0.26270954927892354,0.08732026205676546,0.37044959660445953
2021,BAL,Patrick Queen,57941,LB,LB,826,427,473,1.1077283372365339,11,2,36,0,1,1,0.2411186604865179,0.07254832544274036,0.3136669859292583,0.2264117320729514,0.08725525385630689,0.07394513038670075
2023,HOU,Tavierre Thomas,66931,CB,CB,352,226,331,1.4646017699115044,0,0,20,0,2,2,0.2936201425047026,0.05628864807269217,0.34990879057739477,0.26270954927892354,0.08719924129847123,0.17340758212764165
2023,TB,K.J. Britt,57727,LB,LB,252,123,87,0.7073170731707317,3,1,15,0,0,1,0.2471180430564078,0.06643808404228926,0.3135561270986971,0.2264117320729514,0.08714439502574572,0.24206776396040477
2021,KC,Charvarius Ward,43034,CB,CB,933,584,563,0.964041095890411,3,0,15,2,0,11,0.29349362474218693,0.05628864807269217,0.3497822728148791,0.26270954927892354,0.08707272353595558,0.0653278740355508
2024,KC,Jaden Hicks,146512,S,S,469,288,148,0.5138888888888888,2,0,13,3,0,1,0.2849800554574722,0.05642904301186643,0.3414090984693387,0.2546539193746793,0.08675517909465941,0.12948534193232747
2023,BUF,Poona Ford,48875,DI,IDL,151,1,0,0.0,9,1,5,0,0,0,0.22249000104151626,0.08744223670535889,0.3099322377468751,0.22337835625431512,0.08655388149255999,0.4012431592370331
2022,KC,Willie Gay,57987,LB,LB,737,369,382,1.0352303523035231,12,4,45,1,0,3,0.24381460714837766,0.06911433249704166,0.3129289396454193,0.2264117320729514,0.08651720757246789,0.08217373853558688
2024,DEN,JL Skinner,101311,S,S,21,4,0,0.0,0,0,0,0,0,0,0.2891984746051688,0.051958752067100454,0.3411572266722693,0.2546539193746793,0.08650330729758998,2.8834435765863327
2023,NYG,Tre Hawkins III,145387,CB,CB,346,211,330,1.5639810426540284,0,0,2,0,0,2,0.29278760870853476,0.05628864807269217,0.34907625678122695,0.26270954927892354,0.08636670750230341,0.17473033309714564
2022,JAC,Adam Gotsis,10697,DI,IDL,315,0,0,0.0,15,3,9,0,0,0,0.22916447406851448,0.0804377578865705,0.309602231955085,0.22337835625431512,0.08622387570076989,0.19160861266837753
2021,NE,Harvey Langi,50118,LB,LB,16,10,0,0.0,0,0,0,0,0,0,0.26484648405444866,0.04762885606150876,0.3124753401159574,0.2264117320729514,0.086063608043006,3.7652828518815125
2024,NO,Jordan Howden,83305,S,S,550,369,151,0.4092140921409214,1,0,11,2,0,0,0.28588784018004665,0.054771102407547886,0.3406589425875945,0.2546539193746793,0.0860050232129152,0.10946093863461934
2023,NYJ,Carl Lawson,11871,ED,EDGE,101,0,0,0.0,2,0,3,0,0,0,0.22048886081618532,0.06764684211483404,0.28813570293101937,0.2021575437637748,0.08597815916724458,0.5958882318521902
2021,IND,Isaac Rochell,11980,ED,EDGE,177,1,0,0.0,8,0,9,0,0,0,0.19466903786715367,0.09339421807028002,0.28806325593743365,0.2021575437637748,0.08590571217365886,0.3397401046415887
2023,CIN,Jordan Battle,98857,S,S,524,283,130,0.45936395759717313,7,2,23,1,0,2,0.2787954297402263,0.061697903312783665,0.34049333305301,0.2546539193746793,0.0858394136783307,0.11467097247105246
2022,HOU,Garret Wallow,60761,LB,LB,124,38,0,0.0,1,0,3,0,0,1,0.2601447971895036,0.052082842293834544,0.3122276394833382,0.2264117320729514,0.0858159074103868,0.48444463860702225
2021,GB,Whitney Mercilus,7031,ED,EDGE,323,4,0,0.0,15,3,10,0,0,0,0.18685328315918925,0.10111326690107168,0.28796655006026095,0.2021575437637748,0.08580900629648616,0.1859637907354189
2022,TEN,Dylan Cole,24304,LB,LB,439,244,284,1.1639344262295082,5,1,23,0,0,1,0.2431993416338471,0.06899724914215387,0.3121965907760009,0.2264117320729514,0.08578485870304953,0.1367867906426758
2023,DEN,Jonathan Harris,94361,DI,IDL,529,2,0,0.0,13,1,21,0,0,0,0.1794068100270813,0.12974652032338452,0.3091533303504659,0.22337835625431512,0.08577497409615076,0.113501856081863
2021,DEN,Jonathon Cooper,43021,ED,EDGE,457,22,-5,-0.22727272727272727,23,3,18,0,0,0,0.15711997418761753,0.13079892164600657,0.2879188958336241,0.2021575437637748,0.08576135206984933,0.13136312133237316
2024,NO,Nathan Shepherd,24614,DI,IDL,567,3,0,0.0,17,2,19,0,0,0,0.19683590114089725,0.11203424813142909,0.30887014927232637,0.22337835625431512,0.08549179301801124,0.10554542347902622
2023,MIA,Justin Houston,6222,ED,EDGE,199,19,0,0.0,10,1,6,0,0,0,0.1941704602496845,0.09346648823292314,0.2876369484826076,0.2021575437637748,0.08547940471883284,0.3006813231315728
2023,MIN,Khyiris Tonga,52000,DI,IDL,188,0,0,0.0,9,0,6,0,0,0,0.21818166536847813,0.0904649977237385,0.3086466630922166,0.22337835625431512,0.08526830683790149,0.3174883765241013
2024,CLE,Juan Thornhill,50426,S,S,401,249,196,0.7871485943775101,1,0,7,0,0,3,0.28721833345847436,0.05264286101141705,0.3398611944698914,0.2546539193746793,0.08520727509521209,0.1487408792185747
2024,IND,Tyquan Lewis,48475,ED,EDGE,355,3,0,0.0,17,2,15,0,1,0,0.18519093184072719,0.10208778598878869,0.2872787178295159,0.2021575437637748,0.08512117406574113,0.1678445685803346
2023,NE,Sam Roberts,156069,DI,IDL,101,0,0,0.0,5,1,2,0,0,0,0.2523601090179063,0.05608122178909518,0.30844133080700153,0.22337835625431512,0.08506297455268641,0.5895453681869355
2024,TB,Christian Izien,83360,S,S,697,467,338,0.7237687366167024,6,0,18,1,0,2,0.28503825255466486,0.05460303270080983,0.33964128525547477,0.2546539193746793,0.08498736588079547,0.08535316516005284
2021,MIN,James Lynch,56962,DI,IDL,304,0,0,0.0,6,1,13,0,0,0,0.1935838601986012,0.11468740319972966,0.30827126339833083,0.22337835625431512,0.0848929071440157,0.1954770888184572
2023,JAC,Antonio Johnson,124326,CB,CB,172,101,76,0.7524752475247525,3,1,6,2,1,0,0.2912689336075082,0.05628864807269217,0.34755758168020046,0.26270954927892354,0.08484803240127692,0.3453117597726386
2021,CIN,Keandre Jones,28092,LB,LB,5,2,0,0.0,0,0,0,0,0,0,0.263562671515649,0.04762885606150876,0.31119152757715773,0.2264117320729514,0.08477979550420633,11.869171370588885
2023,MIA,Duke Riley,11830,LB,LB,473,242,269,1.1115702479338843,9,0,20,0,1,1,0.24544668275599701,0.0657311961557381,0.3111778789117351,0.2264117320729514,0.0847661468387837,0.12544672893688918
2024,CLE,Cameron Thomas,82387,ED,EDGE,69,1,0,0.0,3,1,8,0,0,0,0.1867262871320862,0.10011487738297169,0.28684116451505787,0.2021575437637748,0.08468362075128308,0.8591091960275096
2022,DAL,C.J. Goodwin,9243,CB,CB,1,1,0,0.0,0,0,0,0,0,0,0.29101136601844735,0.05628864807269217,0.34730001409113953,0.26270954927892354,0.08459046481221599,59.213325368551196
2023,KC,Derrick Nnadi,49970,DI,IDL,507,10,10,1.0,9,1,14,0,0,0,0.17376793212778877,0.13396201635224994,0.3077299484800387,0.22337835625431512,0.08435159222572358,0.11646176441421402
2022,JAC,Tre Herndon,50380,CB,CB,506,364,419,1.151098901098901,3,0,11,0,0,4,0.2907023427593259,0.05628864807269217,0.346990990832018,0.26270954927892354,0.08428144155309447,0.11659487961890538
2024,NO,Payton Turner,56624,ED,EDGE,335,1,0,0.0,13,2,9,0,2,0,0.18187296280316395,0.10452391341398833,0.28639687621715226,0.2021575437637748,0.08423933245337747,0.1760224857234753
2021,BAL,Nnamdi Madubuike,44304,DI,IDL,482,0,0,0.0,13,3,22,0,0,0,0.19095490728494321,0.11656457671860224,0.30751948400354545,0.22337835625431512,0.08414112774923033,0.1221966585569735
2024,LAR,Quentin Lake,56245,S,S,1207,696,571,0.8204022988505747,12,2,32,0,0,5,0.28473831286993323,0.05405342316972073,0.338791736039654,0.2546539193746793,0.08413781666497472,0.04879575117272767
2021,PHI,Genard Avery,49699,ED,EDGE,387,86,117,1.3604651162790697,5,1,17,0,0,0,0.16305984328529763,0.12322528407595333,0.28628512736125095,0.2021575437637748,0.08412758359747616,0.15216875586106798
2022,HOU,Blake Cashman,35413,LB,LB,149,50,24,0.48,11,3,11,0,0,1,0.2498225065880066,0.06067143273421183,0.3104939393222184,0.2264117320729514,0.08408220724926702,0.3950170810368249
2022,NO,Chris Harris Jr.,6457,CB,CB,375,226,351,1.5530973451327434,6,1,9,0,1,1,0.290386762838463,0.05628864807269217,0.3466754109111552,0.26270954927892354,0.08396586163223169,0.15673627504683246
2024,GB,Kitan Oladapo,83349,S,S,68,45,0,0.0,0,0,1,0,0,0,0.2864958303457084,0.052030049056016804,0.33852587940172524,0.2546539193746793,0.08387196002704594,0.8633878238078259
2022,CAR,Amare Barno,99780,ED,EDGE,51,2,0,0.0,3,2,4,0,0,0,0.21711429157717158,0.06889604299214153,0.28601033456931313,0.2021575437637748,0.08385279080553834,1.1509206581152323
2021,SEA,Kerry Hyder Jr.,9045,ED,EDGE,508,7,25,3.5714285714285716,23,2,15,0,0,0,0.17803266423204983,0.1077500486140333,0.28578271284608314,0.2021575437637748,0.08362516908230835,0.11523153220003118
2024,MIA,Benito Jones,44035,DI,IDL,481,8,0,0.0,16,0,13,0,0,0,0.1924746351317846,0.11426995283987565,0.30674458797166027,0.22337835625431512,0.08336623171734514,0.12132299834125072
2022,DEN,Jonathan Harris,94361,DI,IDL,211,0,0,0.0,3,0,13,0,0,0,0.17694541921285506,0.1296119399920845,0.3065573592049396,0.22337835625431512,0.08317900295062447,0.2759492988883276
2021,CHI,Khalil Mack,8640,ED,EDGE,315,14,3,0.21428571428571427,22,6,13,0,0,0,0.19965187726641556,0.0854665683340219,0.2851184456004375,0.2021575437637748,0.08296090183666269,0.18435755963702818
2021,SF,Dre Greenlaw,51503,LB,LB,248,144,85,0.5902777777777778,2,0,15,1,0,0,0.2479308157467166,0.06141660160596148,0.3093474173526781,0.2264117320729514,0.08293568527972672,0.2340926600637448
2024,LAC,Tony Jefferson,8361,S,S,261,147,24,0.16326530612244897,1,0,10,0,1,0,0.2769716280052976,0.06047874975737037,0.33745037776266795,0.2546539193746793,0.08279645838798866,0.22205946694096576
2022,BAL,Brent Urban,8769,DI,IDL,309,3,0,0.0,9,1,9,0,0,0,0.2083058622257212,0.09767755398422548,0.3059834162099467,0.22337835625431512,0.08260505995563155,0.18713120378298412
2024,DEN,Alex Singleton,9994,LB,LB,190,88,87,0.9886363636363636,1,0,11,1,0,0,0.24968029891782909,0.059290243643837906,0.30897054256166706,0.2264117320729514,0.08255881048871566,0.30416403864263664
2024,LAC,Deane Leonard,124140,CB,CB,88,62,45,0.7258064516129032,0,0,2,1,0,2,0.2888056581566979,0.05628864807269217,0.3450943062293901,0.26270954927892354,0.08238475695046654,0.6553332939241656
2021,CIN,Akeem Davis-Gaither,34788,LB,LB,207,161,136,0.84472049689441,1,0,9,0,1,2,0.2492239581064852,0.0594468308654937,0.30867078897197897,0.2264117320729514,0.08225905689902757,0.27817072381313673
2022,MIN,Chandon Sullivan,49349,CB,CB,1008,666,858,1.2882882882882882,5,0,19,0,0,4,0.2885905174369461,0.05628864807269217,0.3448791655096382,0.26270954927892354,0.08216961623071467,0.05706223349355185
2024,LAR,Cobie Durant,79126,CB,CB,843,490,358,0.7306122448979592,3,2,9,2,1,5,0.288493602259728,0.05628864807269217,0.3447822503324202,0.26270954927892354,0.08207270105349668,0.06815052282022263
2021,SEA,Benson Mayowa,8196,ED,EDGE,510,115,63,0.5478260869565217,15,1,12,0,0,0,0.1740761386885934,0.11014772472329161,0.284223863411885,0.2021575437637748,0.0820663196481102,0.11264004657583754
2024,BAL,Tavius Robinson,124147,ED,EDGE,548,18,21,1.1666666666666667,18,4,17,0,0,1,0.16481389984736786,0.1193153046194466,0.28412920446681444,0.2021575437637748,0.08197166070303966,0.1047083257155616
2021,CAR,Kenny Robinson,60789,S,S,182,114,12,0.10526315789473684,1,0,4,0,0,0,0.28397250390505563,0.052560320890646516,0.3365328247957021,0.2546539193746793,0.08187890542102283,0.31491886700393396
2024,DET,Malcolm Rodriguez,60731,LB,LB,318,170,124,0.7294117647058823,3,2,19,0,0,1,0.24567153315852827,0.062110829774184334,0.30778236293271266,0.2264117320729514,0.08137063085976126,0.17911774088626695
2024,LAC,Scott Matlock,82482,FB,IDL,141,0,0,0.0,5,1,3,0,0,0,0.2436488188811542,0.06103720414840424,0.30468602302955844,0.22337835625431512,0.08130766677524331,0.4036550832813498
2024,PHI,Eli Ricks,124109,CB,CB,15,9,0,0.0,0,0,0,0,0,0,0.28772814479963277,0.05628864807269217,0.34401679287232495,0.26270954927892354,0.08130724359340141,3.794338034358733
2023,CAR,Deion Jones,10686,LB,LB,313,195,121,0.6205128205128205,5,1,11,1,0,4,0.2525379460754324,0.055168136026810456,0.3077060821022428,0.2264117320729514,0.08129435002929142,0.18180845054474118
2024,PIT,Elandon Roberts,10848,LB,LB,525,185,244,1.318918918918919,13,1,31,0,1,0,0.22618447696164143,0.08152091504813735,0.30770539200977876,0.2264117320729514,0.08129365993682736,0.10839154658243648
2022,DAL,KaVontae Turpin,47658,WR,UNKNOWN,1,1,0,0.0,0,0,0,0,0,0,0.27011217463857035,0.04762885606150876,0.31774103070007914,0.23648925173029245,0.08125177896978669,56.87624527885068
2024,LAC,Dicaprio Bootle,42913,CB,CB,4,4,0,0.0,0,0,0,0,0,0,0.28765147296682103,0.05628864807269217,0.3439401210395132,0.26270954927892354,0.08123057176058968,14.215350058103194
2023,KC,Ekow Boye-Doe,76742,CB,CB,15,10,0,0.0,0,0,0,0,0,0,0.2876004436825416,0.05628864807269217,0.34388909175523374,0.26270954927892354,0.0811795424763102,3.7883786488944766
2022,KC,Carlos Dunlap,5579,ED,EDGE,675,21,17,0.8095238095238095,41,5,25,0,1,0,0.16628930155794686,0.1168585699431075,0.28314787150105436,0.2021575437637748,0.08099032773727957,0.08398996950532696
2021,BUF,Nick McCloud,49535,CB,CB,14,13,0,0.0,0,0,0,0,0,0,0.2873898870394325,0.05628864807269217,0.3436785351121247,0.26270954927892354,0.08096898583320117,4.0484492916600585
2024,NO,Pete Werner,58093,LB,LB,731,380,208,0.5473684210526316,6,0,39,0,0,0,0.23492767524737565,0.07240105221922752,0.30732872746660317,0.2264117320729514,0.08091699539365177,0.0774854949050017
2022,CLE,Jordan Elliott,56734,DI,IDL,703,0,0,0.0,21,2,18,0,0,0,0.197074168014433,0.10718268279024068,0.3042568508046737,0.22337835625431512,0.08087849455035856,0.08053335161486629
2021,SEA,Ryan Neal,49132,S,S,434,282,273,0.9680851063829787,3,1,15,0,0,2,0.2773241096143301,0.05817189643007756,0.3354960060444077,0.2546539193746793,0.08084208666972842,0.1303904623705297
2024,LAR,Kamren Curl,55800,S,S,1112,634,354,0.5583596214511041,7,1,14,0,1,6,0.281432776332749,0.054034892271647955,0.335467668604397,0.2546539193746793,0.08081374922971768,0.050871964443167605
2022,DAL,Rico Dowdle,40693,HB,UNKNOWN,1,0,0,0.0,0,0,0,0,0,0,0.26962296073126535,0.04762885606150876,0.31725181679277414,0.23648925173029245,0.0807625650624817,56.533795543737185
2022,DAL,Simi Fehoko,84424,WR,UNKNOWN,1,0,0,0.0,0,0,0,0,0,0,0.26962296073126535,0.04762885606150876,0.31725181679277414,0.23648925173029245,0.0807625650624817,56.533795543737185
2022,DAL,Peyton Hendershot,60915,TE,UNKNOWN,1,0,0,0.0,0,0,0,0,0,0,0.26962296073126535,0.04762885606150876,0.31725181679277414,0.23648925173029245,0.0807625650624817,56.533795543737185
2023,DAL,Leighton Vander Esch,50950,LB,LB,269,133,43,0.3233082706766917,3,0,8,0,0,0,0.24590729567464686,0.06125230911919387,0.30715960479384075,0.2264117320729514,0.08074787272088935,0.2101245758536154
2021,DAL,Jabril Cox,30669,LB,LB,9,4,0,0.0,0,0,1,0,0,0,0.2579947651050342,0.04915121056123469,0.30714597566626894,0.2264117320729514,0.08073424359331755,6.279330057258031
2021,DAL,Francis Bernard,44722,LB,LB,9,4,0,0.0,0,0,1,0,0,0,0.2579947651050342,0.04915121056123469,0.30714597566626894,0.2264117320729514,0.08073424359331755,6.279330057258031
2022,GB,Dean Lowry,10771,DI,IDL,482,0,0,0.0,17,1,18,0,0,0,0.19639697758365657,0.10746782711047934,0.3038648046941359,0.22337835625431512,0.08048644843982078,0.1168890330038891
2024,DEN,Tremon Smith,28196,CB,CB,21,11,0,0.0,0,0,0,0,0,0,0.2868266098563965,0.05628864807269217,0.3431152579290887,0.26270954927892354,0.08040570865016516,2.6801902883388387
2021,NYG,Danny Shelton,9445,DI,IDL,256,0,0,0.0,5,1,15,0,0,0,0.18936522204695505,0.11429705596152259,0.30366227800847767,0.22337835625431512,0.08028392175416255,0.2195263485465382
2023,GB,Karl Brooks,76941,DI,IDL,440,1,0,0.0,30,4,13,0,1,0,0.2071529272535874,0.09638232228042676,0.3035352495340141,0.22337835625431512,0.08015689327969899,0.12752233021770296
2023,NE,Daniel Ekuale,48874,DI,IDL,53,0,0,0.0,0,0,1,0,1,0,0.22293971909409738,0.08054726963775644,0.3034869887318538,0.22337835625431512,0.08010863247753869,1.0580385421561713
2024,TB,Anthony Nelson,48405,ED,EDGE,624,96,71,0.7395833333333334,33,4,12,0,1,1,0.18603978876618707,0.09620319395005211,0.2822429827162392,0.2021575437637748,0.08008543895246442,0.08983943472231586
2021,DEN,Bryce Callahan,10000,CB,CB,504,329,286,0.8693009118541033,2,1,8,0,0,4,0.2863934876573316,0.05628864807269217,0.34268213573002376,0.26270954927892354,0.07997258645110022,0.1110730367376392
2023,DAL,Malik Jefferson,50884,LB,LB,6,0,0,0.0,0,0,1,0,0,0,0.2533582909608875,0.05265174126811032,0.3060100322289979,0.2264117320729514,0.07959830015604652,9.28646835153876
2021,PIT,Montravius Adams,11848,DI,IDL,313,0,0,0.0,10,1,10,0,0,0,0.20187343040381803,0.10099235514220387,0.3028657855460219,0.22337835625431512,0.07948742929170677,0.17776741375142088
2022,IND,Byron Cowart,50588,DI,IDL,229,0,0,0.0,4,0,7,0,0,0,0.20235474076622456,0.1002821285971624,0.302636869363387,0.22337835625431512,0.0792585131090719,0.24227493090109314
2022,TB,Rakeem Nunez-Roches,9650,DI,IDL,584,8,9,1.125,11,2,21,0,0,0,0.17240496014261997,0.12994958063374654,0.30235454077636653,0.22337835625431512,0.0789761845220514,0.0946632348723219
2021,LAR,Christian Rozeboom,49862,LB,LB,2,0,0,0.0,0,0,0,0,0,0,0.2576924172516449,0.04762885606150876,0.30532127331315373,0.2264117320729514,0.07890954124020233,27.618339434070815
2022,PHI,Linval Joseph,5571,DI,IDL,218,0,0,0.0,3,1,8,0,0,0,0.21168860119882624,0.09057086391937212,0.3022594651181984,0.22337835625431512,0.07888110886388328,0.25328796424182703
2023,CAR,Vonn Bell,10695,S,S,777,408,133,0.32598039215686275,1,0,8,1,0,1,0.27973816702729903,0.05363616655920079,0.33337433358649987,0.2546539193746793,0.07872041421182058,0.07091929208272124
2022,KC,Jaylen Watson,131960,CB,CB,750,553,618,1.1175406871609403,2,0,10,3,0,3,0.2851311731391824,0.05628864807269217,0.3414198212118746,0.26270954927892354,0.07871027193295105,0.07346292047075431
2021,GB,Kingsley Keke,48718,DI,IDL,393,0,0,0.0,24,3,11,0,1,0,0.19851374753524695,0.10355617011080552,0.30206991764605245,0.22337835625431512,0.07869156139173733,0.1401630864483871
2022,SF,Akeem Spence,7882,DI,IDL,147,1,0,0.0,3,0,3,0,0,0,0.23605918394220274,0.0658089150013954,0.3018680989435981,0.22337835625431512,0.07848974268928299,0.37376067947277614
2023,CHI,Greg Stroman Jr.,49354,CB,CB,150,102,143,1.4019607843137254,3,1,8,1,0,1,0.2846351050492384,0.05628864807269217,0.34092375312193063,0.26270954927892354,0.07821420384300709,0.3649996179340331
2022,PIT,Robert Spillane,50918,LB,LB,588,330,491,1.4878787878787878,9,0,25,0,0,3,0.2407394978549025,0.06387557696063997,0.3046150748155425,0.2264117320729514,0.07820334274259111,0.0930992175507037
2021,DAL,Darian Thompson,10705,S,S,16,12,0,0.0,0,0,0,0,0,0,0.28011409703854884,0.051958752067100454,0.3320728491056493,0.2546539193746793,0.07741892973097003,3.387078175729939
2022,DEN,Jonas Griffith,35858,LB,LB,336,173,181,1.046242774566474,8,0,14,1,0,0,0.24529772469466207,0.05827132090963662,0.30356904560429876,0.2264117320729514,0.07715731353134736,0.160744403190307
2024,DET,Trevor Nowaske,169859,ED,EDGE,348,73,40,0.547945205479452,17,2,7,1,0,0,0.20700728070696928,0.07219573668155177,0.27920301738852105,0.2021575437637748,0.07704547362474626,0.1549765274060988
2023,HOU,Dylan Horton,81335,ED,EDGE,175,3,0,0.0,5,0,7,0,0,0,0.19423246624953344,0.08489699548585744,0.2791294617353909,0.2021575437637748,0.0769719179716161,0.3078876718864644
2023,NE,Matthew Slater,4467,WR,HYBRID,2,1,0,0.0,0,0,0,0,0,0,0.26582361169182744,0.04762885606150876,0.31345246775333624,0.23648925173029245,0.07696321602304379,26.937125608065326
2022,SEA,Jordyn Brooks,50851,LB,LB,1026,543,624,1.149171270718232,9,1,61,0,1,4,0.2376344332202836,0.06562268251665415,0.3032571157369378,0.2264117320729514,0.07684538366398641,0.05242862433215447
2021,DAL,Israel Mukuamu,83377,S,S,20,11,0,0.0,0,0,0,0,0,0,0.2795284215932074,0.051958752067100454,0.3314871736603079,0.2546539193746793,0.0768332542856286,2.6891638999970007
2023,KC,Neil Farrell Jr.,56401,DI,IDL,62,0,0,0.0,0,0,2,0,0,0,0.22062677688541138,0.07952370799574648,0.30015048488115786,0.22337835625431512,0.07677212862684274,0.8667820973998374
2023,NYJ,Bruce Hector,48759,DI,IDL,37,0,0,0.0,0,0,4,0,0,0,0.22419373154568734,0.07578582277413703,0.2999795543198244,0.22337835625431512,0.0766011980655093,1.4492118552934192
2024,TB,Logan Hall,76919,DI,IDL,571,5,0,0.0,22,6,20,0,0,0,0.20751440297894533,0.09226750022726174,0.2997819032062071,0.22337835625431512,0.076403546951892,0.09366459346116357
2024,LAR,Christian Rozeboom,49862,LB,LB,956,505,680,1.3465346534653466,7,1,43,1,0,3,0.24103514714230445,0.06177877423868349,0.30281392138098795,0.2264117320729514,0.07640218930803655,0.055943025643959816
2023,DAL,Buddy Johnson,58189,LB,LB,2,1,0,0.0,0,0,1,0,0,0,0.2538288296017189,0.048857508611663554,0.30268633821338237,0.2264117320729514,0.07627460614043097,26.69611214915084
2023,CHI,Khalid Kareem,42993,ED,EDGE,26,1,0,0.0,1,0,0,0,0,1,0.23943596603548437,0.038969064050325346,0.27840503008580975,0.2021575437637748,0.07624748632203496,2.0528169394394027
2024,LAR,Braden Fiske,76958,DI,IDL,700,4,11,2.75,59,11,28,0,2,0,0.1924998806948138,0.1068856739321272,0.299385554626941,0.22337835625431512,0.07600719837262587,0.07600719837262587
2022,MIN,Duke Shelley,49569,CB,CB,470,288,281,0.9756944444444444,0,0,8,1,0,11,0.28241991218355467,0.05628864807269217,0.33870856025624685,0.26270954927892354,0.07599901097732331,0.11319001634920493
2021,GB,Tyler Lancaster,48604,DI,IDL,347,0,0,0.0,4,0,18,0,0,0,0.16850561444707687,0.13086762634413376,0.29937324079121064,0.22337835625431512,0.07599488453689551,0.1533038016594434
2024,DEN,Eyioma Uwazurike,45414,DI,IDL,63,0,0,0.0,3,1,4,0,0,0,0.23360825631387896,0.06573549220085048,0.29934374851472945,0.22337835625431512,0.07596539226041432,0.8440599140046036
2021,DAL,Tyler Coyle,42631,S,S,16,7,0,0.0,0,0,1,0,0,0,0.2771857198118415,0.05331195606685684,0.3304976758786983,0.2546539193746793,0.07584375650401903,3.318164347050833
2022,CAR,Keith Taylor Jr.,56289,CB,CB,378,238,369,1.550420168067227,0,0,3,0,0,2,0.2821939976537572,0.05628864807269217,0.3384826457264493,0.26270954927892354,0.07577309644752578,0.14032054897689958
2023,CIN,Chidobe Awuzie,11815,CB,CB,722,446,488,1.094170403587444,0,0,15,0,0,3,0.28201693537968175,0.05628864807269217,0.338305583452374,0.26270954927892354,0.07559603417345045,0.07329255390777745
2024,LAC,Junior Colson,124827,LB,LB,234,127,167,1.31496062992126,5,0,11,0,0,1,0.24193108028562268,0.059921459217602384,0.3018525395032251,0.2264117320729514,0.0754408074302737,0.22567762906492136
2023,CAR,Troy Hill,9881,CB,CB,493,317,377,1.1892744479495267,3,0,20,1,1,5,0.2817276978380897,0.05628864807269217,0.3380163459107819,0.26270954927892354,0.07530679663185835,0.10692648608985973
2021,CIN,Mike Daniels,7132,DI,IDL,65,0,0,0.0,3,0,5,0,0,0,0.2172875491103369,0.08139042715181403,0.298677976262151,0.22337835625431512,0.07529962000783585,0.8109189846997708
2024,CHI,Darrell Taylor,36001,ED,EDGE,374,15,18,1.2,31,3,18,0,2,0,0.17098850041734212,0.10630887153778323,0.2772973719551254,0.2021575437637748,0.0751398281913506,0.14063604206937277
2023,CLE,Kahlef Hailassie,83072,CB,CB,104,56,29,0.5178571428571429,0,0,3,0,0,1,0.28154049399341746,0.05628864807269217,0.3378291420661096,0.26270954927892354,0.07511959278718605,0.5056126437599061
2024,LAR,Michael Hoecht,108840,ED,EDGE,705,156,170,1.0897435897435896,30,5,24,0,0,1,0.1738070214478926,0.10346094843953677,0.27726796988742936,0.2021575437637748,0.07511042612365457,0.07457772806603999
2024,MIN,Gabriel Murphy,89099,ED,EDGE,35,2,0,0.0,1,0,1,0,0,0,0.230023906894745,0.04720402818702137,0.27722793508176635,0.2021575437637748,0.07507039131799156,1.5014078263598312
2022,KC,George Karlaftis,98319,ED,EDGE,828,38,37,0.9736842105263158,49,8,24,0,0,0,0.17734197423787365,0.09985688157346624,0.27719885581133985,0.2021575437637748,0.07504131204756506,0.06344072274552602
2021,NO,Ethan Westbrooks,8976,ED,EDGE,15,0,0,0.0,0,0,1,0,0,0,0.22738220327525607,0.04949641539804184,0.27687861867329794,0.2021575437637748,0.07472107490952315,3.486983495777747
2021,KC,L'Jarius Sneed,40588,CB,CB,1113,661,935,1.4145234493192134,8,1,41,3,1,4,0.2810516552935877,0.05628864807269217,0.33734030336627996,0.26270954927892354,0.07463075408735642,0.046937581187016617
2021,DEN,Bradley Chubb,48526,ED,EDGE,268,11,0,0.0,11,0,10,1,0,0,0.1882089573918177,0.08856369394051015,0.27677265133232787,0.2021575437637748,0.07461510756855308,0.19489020633577298
2021,DEN,Alexander Johnson,15267,LB,LB,323,161,180,1.1180124223602483,8,2,17,0,0,3,0.24329585482228594,0.057673783512402474,0.3009696383346884,0.2264117320729514,0.07455790626173703,0.16158060180562206
2024,BUF,Dawuane Smoot,11823,ED,EDGE,386,7,0,0.0,16,2,9,0,2,0,0.17648559987174622,0.10022379460533451,0.2767093944770807,0.2021575437637748,0.07455185071330592,0.13519765673397446
2024,NO,Ugo Amadi,49352,CB,CB,527,323,510,1.5789473684210527,3,2,25,0,0,4,0.28093001517634075,0.05628864807269217,0.337218663249033,0.26270954927892354,0.07450911397010945,0.09896846257889301
2024,DEN,Devon Key,56307,S,S,253,154,56,0.36363636363636365,1,1,3,0,0,0,0.274160145940457,0.05483794002737144,0.3289980859678284,0.2546539193746793,0.07434416659314913,0.2056953225897407
2024,PHI,Will Shipley,144138,HB,UNKNOWN,1,1,0,0.0,0,0,0,0,0,0,0.2631644466505742,0.04762885606150876,0.31079330271208294,0.23648925173029245,0.07430405098179049,52.01283568725334
2023,KC,Travis Kelce,7844,TE,UNKNOWN,2,2,0,0.0,0,0,0,0,0,0,0.26310014714036123,0.04762885606150876,0.31072900320187,0.23648925173029245,0.07423975147157758,25.983913015052153
2022,HOU,Tavierre Thomas,66931,CB,CB,409,221,89,0.40271493212669685,2,0,10,0,2,1,0.2805672065067835,0.05628864807269217,0.33685585457947576,0.26270954927892354,0.07414630530055222,0.12690076701806005
2021,PHI,Ryan Kerrigan,6168,ED,EDGE,364,2,0,0.0,18,2,5,0,0,0,0.1972097857283694,0.07888142457300161,0.276091210301371,0.2021575437637748,0.07393366653759623,0.1421801279569158
2024,PHI,E.J. Jenkins,109834,TE,UNKNOWN,1,0,0,0.0,0,0,0,0,0,0,0.2627356977795945,0.04762885606150876,0.31036455384110323,0.23648925173029245,0.07387530211081078,51.712711477567545
2024,PHI,Jahan Dotson,84375,WR,UNKNOWN,1,0,0,0.0,0,0,0,0,0,0,0.2627356977795945,0.04762885606150876,0.31036455384110323,0.23648925173029245,0.07387530211081078,51.712711477567545
2024,PHI,Johnny Wilson,76366,WR,UNKNOWN,2,0,0,0.0,0,0,0,0,0,0,0.2627356977795945,0.04762885606150876,0.31036455384110323,0.23648925173029245,0.07387530211081078,25.856355738783773
2024,PHI,Khari Blasingame,44889,FB,UNKNOWN,1,0,0,0.0,0,0,0,0,0,0,0.2627356977795945,0.04762885606150876,0.31036455384110323,0.23648925173029245,0.07387530211081078,51.712711477567545
2022,MIA,Verone McKinley III,83068,S,S,252,198,7,0.03535353535353535,2,0,0,1,0,0,0.27655223540218876,0.051958752067100454,0.32851098746928925,0.2546539193746793,0.07385706809460996,0.20515852248502767
2021,KC,Chris Jones,10671,DI,IDL,764,2,0,0.0,75,10,22,0,1,0,0.21055551057457894,0.08667044505739298,0.29722595563197196,0.22337835625431512,0.07384759937765684,0.06766141304235575
2021,CHI,Duke Shelley,49569,CB,CB,409,271,423,1.5608856088560885,0,0,12,0,0,3,0.28010691673235316,0.05628864807269217,0.3363955648050454,0.26270954927892354,0.07368601552612186,0.12611298500803253
2021,BAL,Josh Bynes,6503,LB,LB,537,269,226,0.8401486988847584,6,2,35,0,0,3,0.2334961139570346,0.06655440757559132,0.30005052153262585,0.2264117320729514,0.07363878945967445,0.09599097322490151
2021,KC,Melvin Ingram III,7024,ED,EDGE,731,40,47,1.175,51,5,22,0,2,0,0.16737174096863805,0.10841394764295262,0.27578568861159064,0.2021575437637748,0.07362814484781585,0.07050574746028877
2023,DET,Romeo Okwara,11250,ED,EDGE,330,23,6,0.2608695652173913,17,2,6,0,1,1,0.19162279161917736,0.08409360711407789,0.27571639873325526,0.2021575437637748,0.07355885496948047,0.15603393478374647
2023,IND,Dallis Flowers,156091,CB,CB,304,176,115,0.6534090909090909,0,0,3,0,0,3,0.27997175521995593,0.05628864807269217,0.33626040329264817,0.26270954927892354,0.07355085401372463,0.16936051911055014
2021,PIT,Derrek Tuszka,37724,ED,EDGE,258,17,6,0.35294117647058826,6,2,10,0,1,0,0.16679345759627454,0.10886078748988613,0.2756542450861607,0.2021575437637748,0.07349670132238592,0.1994096547506595
2023,NO,Rashid Shaheed,63707,WR,UNKNOWN,1,1,0,0.0,0,0,0,0,0,0,0.2623228282899991,0.04762885606150876,0.30995168435150794,0.23648925173029245,0.07346243262121549,51.42370283485084
2022,BUF,Jaquan Johnson,51433,S,S,261,153,103,0.673202614379085,0,0,2,1,0,0,0.27518892471371376,0.052919675508082666,0.32810860022179644,0.2546539193746793,0.07345468084711715,0.19700489116085057
2023,KC,Jerick McKinnon,8731,HB,UNKNOWN,1,0,0,0.0,0,0,0,0,0,0,0.2622607801772123,0.04762885606150876,0.3098896362387211,0.23648925173029245,0.07340038450842867,51.38026915590007
2023,KC,Richie James,28991,WR,UNKNOWN,2,0,0,0.0,0,0,0,0,0,0,0.2622607801772123,0.04762885606150876,0.3098896362387211,0.23648925173029245,0.07340038450842867,25.690134577950037
2023,KC,Noah Gray,60878,TE,UNKNOWN,1,0,0,0.0,0,0,0,0,0,0,0.2622607801772123,0.04762885606150876,0.3098896362387211,0.23648925173029245,0.07340038450842867,51.38026915590007
2023,KC,Montrell Washington,64310,WR,UNKNOWN,1,0,0,0.0,0,0,0,0,0,0,0.2622607801772123,0.04762885606150876,0.3098896362387211,0.23648925173029245,0.07340038450842867,51.38026915590007
2021,LAC,Joey Bosa,10637,ED,EDGE,847,27,18,0.6666666666666666,69,10,31,0,6,0,0.17970357478164675,0.09572287350883871,0.27542644829048546,0.2021575437637748,0.07326890452671067,0.060552813658438565
2024,DEN,Marvin Mims Jr.,122937,WR,UNKNOWN,2,2,0,0.0,0,0,0,0,0,0,0.2620459571546931,0.04762885606150876,0.3096748132162018,0.23648925173029245,0.07318556148590938,25.614946520068283
2023,MIN,Sheldon Day,10737,DI,IDL,125,1,0,0.0,3,0,5,0,0,0,0.21059387273210595,0.08587776816558856,0.29647164089769457,0.22337835625431512,0.07309328464337944,0.40932239400292486
2022,LV,Rock Ya-Sin,49564,CB,CB,663,401,323,0.8054862842892768,1,0,8,0,0,5,0.279462358428199,0.05628864807269217,0.3357510065008912,0.26270954927892354,0.07304145722196764,0.07711767730826145
2024,PIT,Damontae Kazee,11904,S,S,313,212,162,0.7641509433962265,0,0,6,1,0,1,0.27570733727059626,0.051958752067100454,0.32766608933769675,0.2546539193746793,0.07301216996301746,0.1632860031121796
2023,NO,Lynn Bowden Jr.,61361,WR,UNKNOWN,1,0,0,0.0,0,0,0,0,0,0,0.2616792527959661,0.04762885606150876,0.3093081088574749,0.23648925173029245,0.07281885712718245,50.97319998902771
2023,NO,Taysom Hill,12112,TE,UNKNOWN,1,0,0,0.0,0,0,0,0,0,0,0.2616792527959661,0.04762885606150876,0.3093081088574749,0.23648925173029245,0.07281885712718245,50.97319998902771
2024,DEN,Nate Adkins,87625,TE,HYBRID,2,1,0,0.0,0,0,0,0,0,0,0.2616478960249826,0.04762885606150876,0.30927675208649136,0.23648925173029245,0.07278750035619891,25.47562512466962
2023,JAC,Dawuane Smoot,11823,ED,EDGE,340,23,24,1.0434782608695652,14,1,5,0,1,0,0.17233819113448814,0.10256926664558356,0.2749074577800717,0.2021575437637748,0.07274991401629691,0.1497792347394348
2023,HOU,Myjai Sanders,76816,ED,EDGE,189,0,0,0.0,12,0,5,0,0,0,0.1996828126792478,0.07518489735726915,0.27486771003651694,0.2021575437637748,0.07271016627274215,0.2692969121212673
2024,MIN,Bo Richter,145962,ED,EDGE,30,4,0,0.0,0,0,1,0,0,0,0.22761415706527033,0.04720402818702137,0.27481818525229174,0.2021575437637748,0.07266064148851695,1.6954149680653954
2023,LV,DeAndre Carter,9859,WR,UNKNOWN,1,1,0,0.0,0,0,0,0,0,0,0.2614345987223283,0.04762885606150876,0.30906345478383707,0.23648925173029245,0.07257420305354462,50.801942137481234
2023,LV,Brandon Bolden,7469,HB,UNKNOWN,1,1,0,0.0,0,0,0,0,0,0,0.2614345987223283,0.04762885606150876,0.30906345478383707,0.23648925173029245,0.07257420305354462,50.801942137481234
2023,LV,Isaac Rochell,11980,ED,EDGE,120,13,28,2.1538461538461537,2,0,5,0,0,0,0.13875244047146248,0.1358951005817443,0.2746475410532068,0.2021575437637748,0.07248999728943203,0.42285831752168684
2021,SEA,Bryan Mone,38461,DI,IDL,395,6,8,1.3333333333333333,7,2,17,0,1,0,0.17423289754360458,0.12161890517560177,0.29585180271920636,0.22337835625431512,0.07247344646489123,0.12843395576056674
2023,BUF,Cam Lewis,49395,S,S,179,149,158,1.0604026845637584,0,0,5,0,0,2,0.2741785356355905,0.05290129733723546,0.327079832972826,0.2546539193746793,0.07242591359814671,0.28322982971342286
2024,DEN,Lucas Krull,83962,TE,UNKNOWN,1,0,0,0.0,0,0,0,0,0,0,0.2612498348952721,0.04762885606150876,0.3088786909567809,0.23648925173029245,0.07238943922648844,50.672607458541904
2024,DEN,Michael Burton,9601,FB,UNKNOWN,2,0,0,0.0,0,0,0,0,0,0,0.2612498348952721,0.04762885606150876,0.3088786909567809,0.23648925173029245,0.07238943922648844,25.336303729270952
2021,MIN,Blake Lynch,47621,LB,LB,218,85,73,0.8588235294117647,2,2,12,1,1,1,0.23959325337466206,0.0592053487785957,0.29879860215325776,0.2264117320729514,0.07238687008030636,0.23243490392758925
2024,LV,Decamerion Richardson,124183,CB,CB,559,357,407,1.1400560224089635,0,0,10,0,0,2,0.27823730196770513,0.05628864807269217,0.33452595004039726,0.26270954927892354,0.07181640076147372,0.08993109218789196
2022,CIN,Joe Bachie,43250,LB,LB,14,6,0,0.0,0,0,1,0,0,0,0.2493310050656846,0.0486594952498182,0.29799050031550284,0.2264117320729514,0.07157876824255144,3.578938412127572
2023,JAC,Tyler Lacy,76836,DI,IDL,145,0,0,0.0,5,0,5,0,0,0,0.20666637700934093,0.08801772705004388,0.29468410405938483,0.22337835625431512,0.07130574780506971,0.3442346445761986
2021,BUF,Taiwan Jones,6277,HB,UNKNOWN,1,1,0,0.0,0,0,0,0,0,0,0.26013145691411416,0.04762885606150876,0.30776031297562295,0.23648925173029245,0.0712710612453305,49.88974287173135
2021,BUF,Marquez Stevenson,41838,WR,UNKNOWN,1,1,0,0.0,0,0,0,0,0,0,0.26013145691411416,0.04762885606150876,0.30776031297562295,0.23648925173029245,0.0712710612453305,49.88974287173135
2024,LAR,Darious Williams,55724,CB,CB,865,544,544,1.0,0,0,16,1,0,5,0.27769057838948746,0.05628864807269217,0.3339792264621796,0.26270954927892354,0.07126967718325605,0.05767488326968698
2021,DAL,C.J. Goodwin,9243,S,S,1,1,0,0.0,0,0,0,0,0,0,0.2736716671397927,0.051958752067100454,0.3256304192068931,0.2546539193746793,0.07097649983221382,49.68354988254968
2024,CHI,Austin Booker,144990,ED,EDGE,283,9,0,0.0,10,2,14,0,0,0,0.18016061460867447,0.09291536985719401,0.27307598446586845,0.2021575437637748,0.07091844070209366,0.17541663777903024
2024,CLE,Ronnie Hickman Jr.,97702,S,S,463,278,64,0.2302158273381295,1,0,6,0,0,0,0.27318367403099225,0.052295658328756135,0.3254793323597484,0.2546539193746793,0.07082541298506911,0.10707945807677835
2022,ARI,Cameron Thomas,82387,ED,EDGE,237,7,0,0.0,19,3,8,0,0,0,0.2052916086295756,0.06763616088920667,0.2729277695187823,0.2021575437637748,0.0707702257550075,0.20902598324263816
2021,BUF,Jake Kumerow,9883,WR,UNKNOWN,1,0,0,0.0,0,0,0,0,0,0,0.25962307677448815,0.04762885606150876,0.30725193283599694,0.23648925173029245,0.0707626811057045,49.53387677399314
2021,BUF,Reggie Gilliam,40951,FB,UNKNOWN,1,0,0,0.0,0,0,0,0,0,0,0.25962307677448815,0.04762885606150876,0.30725193283599694,0.23648925173029245,0.0707626811057045,49.53387677399314
2021,BUF,Gabe Davis,55410,WR,UNKNOWN,1,0,0,0.0,0,0,0,0,0,0,0.25962307677448815,0.04762885606150876,0.30725193283599694,0.23648925173029245,0.0707626811057045,49.53387677399314
2022,WAS,David Mayo,9602,LB,LB,202,94,112,1.1914893617021276,2,1,9,0,0,1,0.23778718892874834,0.05905060541172678,0.2968377943404751,0.2264117320729514,0.07042606226752368,0.24405071082805238
2022,ATL,A.J. Terrell,55586,CB,CB,800,444,430,0.9684684684684685,0,0,14,0,0,8,0.2767025443530666,0.05628864807269217,0.33299119242575886,0.26270954927892354,0.07028164314683533,0.061496437753480904
2024,CLE,Maurice Hurst,38563,DI,IDL,164,2,0,0.0,1,1,7,0,0,0,0.19380824557347184,0.09944649686912943,0.2932547424426013,0.22337835625431512,0.06987638618828618,0.29825286787683125
2022,ARI,Dennis Gardeck,66928,ED,EDGE,210,52,89,1.7115384615384615,11,1,10,1,1,0,0.17840632707142814,0.09359892027238882,0.272005247343817,0.2021575437637748,0.06984770358004219,0.23282567860014064
2023,TB,Patrick O'Connor,12005,DI,IDL,62,0,0,0.0,0,0,3,0,0,0,0.22161287383261766,0.07161005558749901,0.29322292942011663,0.22337835625431512,0.0698445731658015,0.7885677615493718
2022,ARI,Trysten Hill,44519,DI,IDL,229,1,0,0.0,9,1,11,0,0,0,0.18541159545827474,0.10769707755434187,0.2931086730126166,0.22337835625431512,0.06973031675830149,0.21314943987253732
2024,LAR,Kamren Kinchens,143946,S,S,623,429,291,0.6783216783216783,0,0,9,4,1,2,0.27172905843709344,0.05257825421748444,0.3243073126545779,0.2546539193746793,0.06965339327989861,0.07826223964033552
2022,MIN,D.J. Wonnum,44550,ED,EDGE,593,37,44,1.1891891891891893,34,5,19,0,0,0,0.17844248768919937,0.09328736851616702,0.2717298562053664,0.2021575437637748,0.0695723124415916,0.08212583256174387
2022,PIT,Myles Jack,10670,LB,LB,692,351,363,1.0341880341880343,5,0,28,0,0,2,0.23539752930783212,0.06056143796966743,0.2959589672774996,0.2264117320729514,0.0695472352045482,0.07035124948436956
2021,KC,Tyrann Mathieu,7850,S,S,1127,687,397,0.5778748180494906,9,1,21,3,0,2,0.26778195282976297,0.0564072236196174,0.3241891764493804,0.2546539193746793,0.0695352570747011,0.04318960066751621
2022,MIA,Duke Riley,11830,LB,LB,380,271,185,0.6826568265682657,9,1,12,0,0,2,0.23916345400767966,0.05674996862244249,0.2959134226301221,0.2264117320729514,0.0695016905571707,0.1280294299737355
2021,TB,Richard Sherman,6306,CB,CB,141,117,127,1.0854700854700854,1,0,3,1,0,0,0.2758484799534808,0.05628864807269217,0.33213712802617296,0.26270954927892354,0.06942757874724942,0.34467592285868504
2022,PHI,Robert Quinn,6166,ED,EDGE,417,9,18,2.0,24,1,5,0,0,0,0.1738788806158435,0.0976962982077792,0.2715751788236227,0.2021575437637748,0.06941763505984791,0.11652840417720271
2023,NYG,Darnay Holmes,56247,CB,CB,123,77,165,2.142857142857143,0,0,3,2,0,1,0.27579119326185275,0.05628864807269217,0.33207984133454493,0.26270954927892354,0.0693702920556214,0.3947902799913413
2023,IND,Nick Cross,97514,S,S,292,166,27,0.16265060240963855,0,0,5,1,0,0,0.2714513067790649,0.052516413477282725,0.3239677202563477,0.2546539193746793,0.06931380088166839,0.16616322129167077
2023,BUF,Tre'Davious White,11782,CB,CB,182,116,60,0.5172413793103449,1,0,2,1,0,1,0.2757265140846037,0.05628864807269217,0.3320151621572959,0.26270954927892354,0.06930561287837234,0.26656004953220125
2021,NE,De'Vante Bausby,10057,CB,CB,3,3,0,0.0,0,0,0,0,0,0,0.27570736795229517,0.05628864807269217,0.3319960160249874,0.26270954927892354,0.06928646674606387,16.166842240748235
2022,BUF,Tyrel Dodson,51045,LB,LB,220,137,117,0.8540145985401459,7,1,8,0,0,0,0.23896049395769256,0.056675786574002664,0.2956362805316953,0.2264117320729514,0.06922454845874387,0.22025992691418506
2022,PHI,Marlon Tuipulotu,57035,DI,IDL,232,0,0,0.0,3,1,6,0,0,0,0.2137776425413127,0.07875288795350835,0.29253053049482103,0.22337835625431512,0.0691521742405059,0.2086488015877333
2024,KC,Jaylen Watson,131960,CB,CB,507,309,282,0.912621359223301,0,0,9,0,0,5,0.2755661050981404,0.05628864807269217,0.3318547531708325,0.26270954927892354,0.06914520389190898,0.09546675093557454
2024,GB,Omar Brown,103590,S,S,8,7,0,0.0,0,0,0,0,0,0,0.27180550072131876,0.051958752067100454,0.32376425278841925,0.2546539193746793,0.06911033341373995,6.047154173702246
2022,LAR,A'Shawn Robinson,10680,DI,IDL,360,0,0,0.0,5,0,18,0,0,0,0.17637568740558196,0.11591285818918926,0.29228854559477124,0.22337835625431512,0.06891018934045612,0.13399203482866467
2024,CLE,Cameron Mitchell,97340,CB,CB,371,229,262,1.1441048034934498,1,0,7,0,0,3,0.27517779394456543,0.05628864807269217,0.3314664420172576,0.26270954927892354,0.06875689273833407,0.12972998629874355
2022,WAS,Rachad Wildgoose,83111,CB,CB,196,133,97,0.7293233082706767,0,0,3,0,0,2,0.2748077684744625,0.05628864807269217,0.3310964165471547,0.26270954927892354,0.06838686726823118,0.24423881167225422
2021,NO,J.T. Gray,51495,S,S,41,29,2,0.06896551724137931,0,0,0,0,0,0,0.27106768352270244,0.051958752067100454,0.32302643558980293,0.2546539193746793,0.06837251621512364,1.1673356426972328
2021,CAR,Phil Hoskins,56672,DI,IDL,28,0,0,0.0,1,1,2,0,0,0,0.23732375729201527,0.054344715290519895,0.29166847258253514,0.22337835625431512,0.06829011632822002,1.7072529082055006
2022,CIN,Clay Johnston,25685,LB,LB,2,0,0,0.0,0,0,0,0,0,0,0.24706422588390162,0.04762885606150876,0.2946930819454104,0.2264117320729514,0.06828134987245899,23.898472455360643
2023,BUF,Dorian Williams,97694,LB,LB,238,125,190,1.52,4,0,12,0,0,1,0.2315280493987641,0.06313552295759865,0.29466357235636276,0.2264117320729514,0.06825184028341136,0.20074070671591576
2023,GB,Isaiah McDuffie,57754,LB,LB,551,298,238,0.7986577181208053,4,1,20,0,0,1,0.2312653360886889,0.06335496017148293,0.29462029626017183,0.2264117320729514,0.06820856418722043,0.08665334833222196
2024,BUF,Dorian Williams,97694,LB,LB,680,323,392,1.2136222910216719,11,1,42,0,1,0,0.2214827873835436,0.07293311981195956,0.2944159071955032,0.2264117320729514,0.0680041751225518,0.07000429792027392
2023,DAL,Sheldrick Redwine,50458,S,S,7,0,0,0.0,0,0,0,0,0,0,0.27064593825442024,0.051958752067100454,0.32260469032152067,0.2546539193746793,0.06795077094684138,6.795077094684137
2023,MIN,Jaquelin Roy,124111,DI,IDL,95,4,0,0.0,2,0,3,0,0,0,0.2145362810277501,0.07670330904928865,0.2912395900770388,0.22337835625431512,0.06786123382272369,0.5000301439569114
2021,SF,Dee Ford,8658,ED,EDGE,106,4,0,0.0,10,3,3,0,1,0,0.20702820147485662,0.06298745728037132,0.270015658755228,0.2021575437637748,0.0678581149914532,0.4481196273020494
2021,LAR,Grant Haley,50473,CB,CB,7,5,0,0.0,0,0,0,0,0,0,0.27423093968403034,0.05628864807269217,0.3305195877567225,0.26270954927892354,0.06781003847779898,6.781003847779899
2022,LV,Andrew Billings,10756,DI,IDL,478,1,0,0.0,10,2,22,0,0,0,0.18063228092941583,0.11028376399642566,0.2909160449258415,0.22337835625431512,0.06753768867152637,0.09890456500014323
2022,HOU,Thomas Booker IV,82168,DI,IDL,206,1,0,0.0,3,1,7,0,0,0,0.20653508483043262,0.08436599497002806,0.2909010798004607,0.22337835625431512,0.06752272354614558,0.22944614797233936
2021,PHI,Hassan Ridgeway,10750,DI,IDL,396,0,0,0.0,14,2,8,0,1,0,0.20526973727481873,0.08541389228926548,0.2906836295640842,0.22337835625431512,0.0673052733097691,0.11897396797181407
2022,CIN,Michael Thomas,7279,S,S,26,15,0,0.0,0,0,0,0,0,0,0.26999903554366383,0.051958752067100454,0.32195778761076427,0.2546539193746793,0.06730386823608497,1.8120272217407494
2021,DEN,Baron Browning,58095,LB,LB,528,304,262,0.8618421052631579,4,0,12,0,0,1,0.23452101931009367,0.05882941854822535,0.29335043785831905,0.2264117320729514,0.06693870578536765,0.08874449630635863
2022,LAR,Marquise Copeland,38540,DI,IDL,343,0,0,0.0,7,0,14,0,0,0,0.17445286531382548,0.11569336258844756,0.29014622790227307,0.22337835625431512,0.06676787164795794,0.13626096254685297
2021,LAR,Eric Weddle,3653,S,S,192,146,42,0.2876712328767123,0,0,8,0,0,0,0.2605286302709146,0.060790564131344836,0.3213191944022594,0.2546539193746793,0.06666527502758013,0.2430504818713859
2021,IND,Zaire Franklin,49834,LB,LB,201,78,84,1.0769230769230769,1,0,11,1,0,1,0.2304834543951853,0.06243046336973941,0.2929139177649247,0.2264117320729514,0.0665021856919733,0.23159965166358865
2022,KC,Trent McDuffie,72191,CB,CB,883,554,415,0.7490974729241877,4,1,18,0,2,6,0.2728742024728932,0.05628864807269217,0.3291628505455853,0.26270954927892354,0.06645330126666177,0.05268098628161182
2023,DET,Levi Onwuzurike,43679,DI,IDL,164,1,0,0.0,10,1,6,0,0,0,0.21333102656180297,0.07643474828194426,0.2897657748437472,0.22337835625431512,0.06638741858943209,0.28336093300367354
2022,NYJ,Will Parks,10853,S,S,210,112,66,0.5892857142857143,0,0,2,0,0,1,0.26821513438083217,0.0528233448116669,0.3210384791924991,0.2546539193746793,0.06638455981781982,0.2212818660593994
2023,GB,Anthony Johnson Jr.,76736,S,S,334,236,60,0.2542372881355932,0,0,3,1,0,1,0.26888944376163443,0.052146937166753574,0.32103638092838804,0.2546539193746793,0.06638246155370875,0.1391249194239405
2021,BAL,Tavon Young,10738,CB,CB,550,376,409,1.0877659574468086,6,2,13,1,0,2,0.2726730645831402,0.05628864807269217,0.3289617126558324,0.26270954927892354,0.06625216337690887,0.08432093520697492
2022,DAL,Trayvon Mullen,41968,CB,CB,160,112,208,1.8571428571428572,1,0,3,0,1,1,0.27266674590104323,0.05628864807269217,0.3289553939737354,0.26270954927892354,0.06624584469481187,0.28982557053980196
2022,TEN,Monty Rice,57839,LB,LB,366,188,218,1.1595744680851063,3,0,23,0,0,1,0.22118253704000526,0.07116668144068636,0.2923492184806916,0.2264117320729514,0.06593748640774022,0.12610994668147038
2024,TB,Jordan Whitehead,49196,S,S,731,456,316,0.6929824561403509,8,0,17,0,0,3,0.2621896067503879,0.05835940327610403,0.32054901002649194,0.2546539193746793,0.06589509065181265,0.06310063400310377
2021,CLE,Malik Jackson,7647,DI,IDL,646,0,0,0.0,26,1,14,0,0,0,0.1916056448704254,0.09761252202611921,0.2892181668965446,0.22337835625431512,0.06583981064222949,0.07134344806433536
2023,NO,Payton Turner,56624,ED,EDGE,25,0,0,0.0,3,0,0,0,0,0,0.22859127424965275,0.038969064050325346,0.2675603382999781,0.2021575437637748,0.06540279453620332,1.8312782470136928
2022,PIT,Chris Wormley,11829,DI,IDL,338,0,0,0.0,11,1,15,0,1,0,0.17628370682663094,0.11242321145088317,0.2887069182775141,0.22337835625431512,0.06532856202319898,0.13529583850958368
2021,NE,Shaun Wade,55673,CB,UNKNOWN,11,4,0,0.0,0,0,0,0,0,0,0.25415951761615035,0.04762885606150876,0.30178837367765915,0.23648925173029245,0.0652991219473667,4.155398669377881
2023,NYG,Tomon Fox,42486,ED,EDGE,19,3,0,0.0,0,0,0,0,0,0,0.22835954854144222,0.038969064050325346,0.26732861259176754,0.2021575437637748,0.06517106882799276,2.4010393778734174
2023,HOU,Kerry Hyder Jr.,9045,ED,EDGE,99,0,0,0.0,4,1,2,0,0,0,0.2065762266273668,0.060616750164386654,0.26719297679175347,0.2021575437637748,0.06503543302797868,0.459846496157425
2021,MIA,Clayton Fejedelem,10879,S,S,17,10,0,0.0,0,0,0,0,0,0,0.26761647261450255,0.051958752067100454,0.319575224681603,0.2546539193746793,0.0649213053069237,2.6732302185203873
2022,BUF,Kingsley Jonathan,56856,ED,EDGE,63,0,0,0.0,0,0,3,0,0,0,0.1892948089332958,0.07774274528076952,0.2670375542140654,0.2021575437637748,0.0648800104502906,0.7208890050032288
2023,CAR,Shaquill Griffin,11845,CB,CB,459,290,327,1.1275862068965516,0,0,9,1,0,4,0.27120399273607276,0.05628864807269217,0.3274926408087649,0.26270954927892354,0.06478309152984135,0.09879774307383213
2023,TEN,Harold Landry III,48600,ED,EDGE,840,89,137,1.5393258426966292,47,11,39,0,0,0,0.17775140998446398,0.08918540903927095,0.26693681902373495,0.2021575437637748,0.06477927525996016,0.05398272938330014
2023,NE,Jeremiah Pharms Jr.,156117,DI,IDL,90,0,0,0.0,3,0,3,0,0,0,0.22563313507303762,0.06247235265568424,0.2881054877287219,0.22337835625431512,0.06472713147440678,0.5034332448009416
2022,SF,Kemoko Turay,21702,ED,EDGE,43,1,0,0.0,0,0,0,0,0,0,0.22790046908745293,0.038969064050325346,0.2668695331377783,0.2021575437637748,0.06471198937400349,1.0534509898093591
2021,ARI,Rashard Lawrence,44515,DI,IDL,247,4,0,0.0,5,0,7,0,0,0,0.20664363512227382,0.0814442190056963,0.2880878541279701,0.22337835625431512,0.06470949787365499,0.18338724093748376
2023,ATL,Albert Huggins,36862,DI,IDL,317,1,0,0.0,4,0,7,0,0,0,0.20977216907410212,0.07826668743990545,0.28803885651400757,0.22337835625431512,0.06466050025969244,0.14278343905925778
2021,MIN,Camryn Bynum,38408,S,S,211,129,39,0.3023255813953488,1,1,7,1,0,1,0.2658169623325322,0.053453589526475685,0.3192705518590079,0.2546539193746793,0.06461663248432858,0.21436797506649294
2022,SEA,Ryan Neal,49132,S,S,772,413,276,0.6682808716707022,2,1,28,1,2,6,0.2575524498632498,0.061694420115697236,0.3192468699789471,0.2546539193746793,0.06459295060426778,0.05856873759454333
2021,SF,Dontae Johnson,8764,CB,CB,325,214,302,1.411214953271028,2,0,12,0,1,2,0.2709830639023571,0.05628864807269217,0.32727171197504923,0.26270954927892354,0.06456216269612569,0.13905696580703994
2023,CLE,Vincent Gray,83297,CB,CB,44,24,26,1.0833333333333333,0,0,2,0,0,2,0.2708565108987467,0.05628864807269217,0.3271451589714388,0.26270954927892354,0.06443560969251527,1.0251119723809248
2023,PIT,Kyron Johnson,57890,ED,EDGE,1,0,0,0.0,0,0,0,0,0,0,0.22719305109457796,0.038969064050325346,0.26616211514490334,0.2021575437637748,0.06400457138112856,44.80319996678999
2021,NE,Matthew Slater,4467,WR,UNKNOWN,1,1,0,0.0,0,0,0,0,0,0,0.2528260663279212,0.04762885606150876,0.30045492238942995,0.23648925173029245,0.0639656706591375,44.77596946139625
2021,NE,Brandon Bolden,7469,HB,UNKNOWN,1,1,0,0.0,0,0,0,0,0,0,0.2528260663279212,0.04762885606150876,0.30045492238942995,0.23648925173029245,0.0639656706591375,44.77596946139625
2021,NE,Gunner Olszewski,95015,WR,UNKNOWN,1,1,0,0.0,0,0,0,0,0,0,0.2528260663279212,0.04762885606150876,0.30045492238942995,0.23648925173029245,0.0639656706591375,44.77596946139625
2024,BAL,Travis Jones,76914,DI,IDL,675,5,0,0.0,35,1,20,0,0,0,0.18553199841129522,0.10179491905070524,0.2873269174620005,0.22337835625431512,0.06394856120768538,0.06631702643759967
2023,LV,Tyler Hall,43958,CB,CB,161,103,81,0.7864077669902912,0,0,6,0,0,1,0.27036914517890615,0.05628864807269217,0.32665779325159827,0.26270954927892354,0.06394824397267473,0.27803584335945536
2021,CLE,Troy Hill,9881,CB,CB,533,357,434,1.2156862745098038,4,2,26,0,0,2,0.270349673352005,0.05628864807269217,0.32663832142469723,0.26270954927892354,0.0639287721457737,0.08395898780870842
2021,ARI,Josh Mauro,9003,ED,EDGE,62,0,0,0.0,1,1,2,0,0,0,0.21424358035302246,0.051796769702865404,0.2660403500558879,0.2021575437637748,0.0638828062921131,0.7212574903948252
2022,ARI,Ben Niemann,51099,LB,LB,484,249,176,0.7068273092369478,4,0,19,0,0,1,0.22877889238066415,0.06148254290432036,0.29026143528498455,0.2264117320729514,0.06384970321203315,0.09234461208351902
2022,WAS,William Jackson III,10658,CB,CB,204,127,219,1.7244094488188977,2,0,5,0,0,2,0.27025711235197014,0.05628864807269217,0.3265457604246623,0.26270954927892354,0.06383621114573879,0.2190458225589076
2023,BUF,Shaq Lawson,10653,ED,EDGE,354,8,28,3.5,17,1,6,0,0,0,0.16858710744680666,0.0972987487515253,0.26588585619833194,0.2021575437637748,0.06372831243455715,0.1260164370174859
2023,NO,Kyle Phillips,36340,ED,EDGE,56,0,0,0.0,2,0,1,0,0,0,0.2164224962661985,0.04940853605421008,0.2658310323204086,0.2021575437637748,0.06367348855663382,0.7959186069579228
2024,BAL,Trenton Simpson,122157,LB,LB,654,354,308,0.8700564971751412,8,2,22,0,0,3,0.23072164399687056,0.05936105059975726,0.2900826945966279,0.2264117320729514,0.06367096252367649,0.06814934826693202
2022,SF,George Odum,31342,S,S,58,42,14,0.3333333333333333,0,0,0,1,0,0,0.266328755053967,0.051958752067100454,0.31828750712106746,0.2546539193746793,0.06363358774638816,0.7679915762495123
2022,HOU,Jake Hansen,43645,LB,LB,205,72,83,1.1527777777777777,5,3,8,0,1,0,0.22758474176435065,0.062400214118703355,0.28998495588305406,0.2264117320729514,0.06357322381010266,0.2170793008149847
2022,NO,J.T. Gray,51495,S,S,30,21,0,0.0,3,3,3,0,0,0,0.2662261511647737,0.051958752067100454,0.31818490323187415,0.2546539193746793,0.06353098385719486,1.4823896233345466
2022,LV,Nate Hobbs,55948,CB,CB,667,422,559,1.3246445497630333,1,1,20,0,0,3,0.2697126515502434,0.05628864807269217,0.3260012996229355,0.26270954927892354,0.06329175034401197,0.06642312629806353
2023,BAL,Malik Harrison,28081,LB,LB,226,59,47,0.7966101694915254,4,0,10,0,0,0,0.22487513737717216,0.06475007235570557,0.28962520973287775,0.2264117320729514,0.06321347765992635,0.19579395735375418
2021,KC,Frank Clark,9496,ED,EDGE,807,17,0,0.0,53,5,17,0,2,0,0.1785444376052668,0.08678113025098781,0.2653255678562546,0.2021575437637748,0.06316802409247982,0.05479258595382388
2022,TEN,Naquan Jones,44363,DI,IDL,156,0,0,0.0,2,1,9,0,0,0,0.18949572826034486,0.09702216028548304,0.28651788854582794,0.22337835625431512,0.06313953229151281,0.28331841412858316
2023,ATL,Mike Hughes,34057,CB,CB,333,201,125,0.6218905472636815,1,0,8,0,0,0,0.26953739544075905,0.05628864807269217,0.32582604351345124,0.26270954927892354,0.0631164942345277,0.13267731520771586
2023,NYG,Rakeem Nunez-Roches,9650,DI,IDL,461,4,19,4.75,7,1,12,0,0,0,0.1678644591985365,0.11839635047386614,0.2862608096724027,0.22337835625431512,0.06288245341808757,0.0954831179884193
2021,CHI,Artie Burns,10659,CB,CB,254,127,143,1.125984251968504,0,0,6,0,0,5,0.26928441287965726,0.05628864807269217,0.3255730609523495,0.26270954927892354,0.06286351167342596,0.17324589831259124
2024,BUF,DaQuan Jones,8747,DI,IDL,629,0,0,0.0,26,3,14,0,0,0,0.19499427285500334,0.09121895858037007,0.2862132314353734,0.22337835625431512,0.06283487518105829,0.0699275240488725
2021,MIA,Jamal Perry,12259,S,S,3,2,0,0.0,1,0,0,0,0,0,0.2651541071056601,0.051958752067100454,0.3171128591727606,0.2546539193746793,0.062458939798081314,14.573752619552305
2022,DET,Kerby Joseph,83239,S,S,875,506,290,0.5731225296442688,3,0,7,4,2,4,0.2650859374645904,0.051958752067100454,0.3170446895316909,0.2546539193746793,0.06239077015701161,0.04991261612560929
2021,BAL,Brandon Stephens,45644,S,S,742,459,506,1.10239651416122,2,0,13,0,0,3,0.2608115826707541,0.05619524479497251,0.31700682746572667,0.2546539193746793,0.062352908091047377,0.0588234981991013
2023,MIN,NaJee Thompson,78869,CB,CB,1,1,0,0.0,0,0,0,0,0,0,0.268530797530453,0.05628864807269217,0.3248194456031452,0.26270954927892354,0.06210989632422165,43.47692742695515
2021,TEN,Nick Dzubnar,10127,LB,LB,37,10,0,0.0,0,0,1,0,0,0,0.23960942673464292,0.04863660087332145,0.2882460276079644,0.2264117320729514,0.06183429553501302,1.1698380236353814
2021,BUF,Tyler Matakevich,10880,LB,LB,59,31,11,0.3548387096774194,0,0,3,1,0,0,0.23623656418720992,0.0519074322713348,0.2881439964585447,0.2264117320729514,0.061732264385593316,0.7324166961002597
2021,LAR,Cooper Kupp,11824,WR,UNKNOWN,1,1,0,0.0,0,0,0,0,0,0,0.2505884566958941,0.04762885606150876,0.2982173127574028,0.23648925173029245,0.06172806102711037,43.20964271897726
2022,JAC,Shaquill Griffin,11845,CB,CB,336,209,264,1.263157894736842,0,0,5,0,0,5,0.2681354907928851,0.05628864807269217,0.32442413886557725,0.26270954927892354,0.06171458958665371,0.1285720616388619
2022,NYJ,Tanzel Smart,11944,DI,IDL,49,0,0,0.0,0,0,1,0,0,0,0.23565249085007614,0.049303076337628496,0.2849555671877047,0.22337835625431512,0.06157721093338958,0.8796744419055654
2022,IND,Tony Brown,49255,CB,CB,10,4,0,0.0,1,1,1,0,0,0,0.26790120743024526,0.05628864807269217,0.32418985550293744,0.26270954927892354,0.0614803062240139,4.303621435680974
2024,KC,Joshua Williams,156083,CB,CB,411,282,196,0.6950354609929078,1,1,4,0,0,4,0.26785672613021266,0.05628864807269217,0.32414537420290485,0.26270954927892354,0.06143582492398131,0.10463522493135503
2022,DET,Alex Anzalone,11831,LB,LB,1076,569,332,0.5834797891036907,21,2,34,1,1,2,0.22839244125634875,0.05945065518773029,0.28784309644407907,0.2264117320729514,0.06143136437112767,0.03996464224887488
2023,JAC,Shaquille Quarterman,51048,LB,LB,8,1,0,0.0,0,0,0,0,0,0,0.24015240934917614,0.04762885606150876,0.28778126541068494,0.2264117320729514,0.06136953333773354,5.3698341670516845
2021,LAR,Ben Skowronek,27948,WR,UNKNOWN,1,0,0,0.0,0,0,0,0,0,0,0.25020228426408675,0.04762885606150876,0.29783114032559554,0.23648925173029245,0.061341888595303096,42.93932201671217
2021,LAR,Buddy Howell,12888,HB,UNKNOWN,1,0,0,0.0,0,0,0,0,0,0,0.25020228426408675,0.04762885606150876,0.29783114032559554,0.23648925173029245,0.061341888595303096,42.93932201671217
2022,LV,Clelin Ferrell,25955,ED,EDGE,492,60,48,0.8,23,3,11,0,0,0,0.174082259326893,0.08917722158501672,0.26325948091190976,0.2021575437637748,0.06110193714813497,0.08693365041401317
2023,JAC,Caleb Johnson,12488,LB,LB,1,0,0,0.0,0,0,0,0,0,0,0.23978941901270945,0.04762885606150876,0.28741827507421824,0.2264117320729514,0.061006543001266844,42.704580100886794
2022,KC,Joshua Williams,156083,CB,CB,525,360,468,1.3,2,0,13,2,0,5,0.26737384166853034,0.05628864807269217,0.32366248974122247,0.26270954927892354,0.06095294046229893,0.08127058728306524
2024,PHI,Jeremiah Trotter Jr.,144142,LB,LB,111,56,52,0.9285714285714286,1,1,8,0,0,1,0.22990133744418545,0.05743965254024954,0.28734098998443497,0.2264117320729514,0.06092925791148357,0.38423856340575224
2024,LAC,Caleb Murphy,169634,ED,EDGE,31,1,0,0.0,0,0,1,0,0,0,0.2167957916551516,0.04592836848261116,0.2627241601377628,0.2021575437637748,0.060566616373988,1.3676332729610192
2022,PIT,Devin Bush,27375,LB,LB,659,330,335,1.0151515151515151,7,0,27,0,0,1,0.22524328296566043,0.06166615096665828,0.2869094339323187,0.2264117320729514,0.060497701859367314,0.06426159529826574
2022,JAC,Chad Muma,75818,LB,LB,319,172,184,1.069767441860465,4,2,10,0,0,1,0.2298594611243407,0.05694798996687481,0.2868074510912155,0.2264117320729514,0.06039571901826413,0.13252979094916892
2024,DET,Kindle Vildor,49346,CB,CB,316,198,258,1.303030303030303,0,0,4,0,0,3,0.2668152985724602,0.05628864807269217,0.3231039466451524,0.26270954927892354,0.06039439736622887,0.1337850574568361
2021,ARI,Chris Banjo,8419,S,S,19,11,0,0.0,0,0,0,0,0,0,0.26296502599916893,0.051958752067100454,0.3149237780662694,0.2546539193746793,0.06026985869159013,2.2204684781112154
2022,CAR,Bravvion Roy,25644,DI,IDL,299,1,0,0.0,4,0,5,1,0,0,0.22156250429536198,0.06205740814257547,0.28361991243793744,0.22337835625431512,0.06024155618362231,0.14103374357369772
2023,MIN,Theo Jackson,62919,S,S,125,100,145,1.45,1,0,5,1,0,0,0.2613509060655306,0.053538593926927294,0.3148894999924579,0.2546539193746793,0.06023558061777862,0.33731925145956027
2023,SF,Drake Jackson,70839,ED,EDGE,199,2,0,0.0,14,3,4,0,0,0,0.2056464916358073,0.05671768114752816,0.2623641727833355,0.2021575437637748,0.060206629019560726,0.2117821121291081
2024,PIT,Montravius Adams,11848,DI,IDL,207,0,0,0.0,6,1,7,0,0,0,0.20585002989265155,0.0775807577733966,0.2834307876660481,0.22337835625431512,0.060052431411733,0.20307585501552222
2021,DAL,CeeDee Lamb,61570,WR,UNKNOWN,1,1,0,0.0,0,0,0,0,0,0,0.2489051179259107,0.04762885606150876,0.2965339739874195,0.23648925173029245,0.06004472225712704,42.031305579988924
2021,DAL,Malik Turner,48078,WR,UNKNOWN,1,1,0,0.0,0,0,0,0,0,0,0.2489051179259107,0.04762885606150876,0.2965339739874195,0.23648925173029245,0.06004472225712704,42.031305579988924
2021,DAL,Noah Brown,11993,WR,UNKNOWN,1,1,0,0.0,0,0,0,0,0,0,0.2489051179259107,0.04762885606150876,0.2965339739874195,0.23648925173029245,0.06004472225712704,42.031305579988924
2021,DAL,Corey Clement,12253,HB,UNKNOWN,1,1,0,0.0,0,0,0,0,0,0,0.2489051179259107,0.04762885606150876,0.2965339739874195,0.23648925173029245,0.06004472225712704,42.031305579988924
2022,PHI,Shaun Bradley,42632,LB,LB,2,0,0,0.0,0,0,0,0,0,0,0.23880549191777217,0.04762885606150876,0.28643434797928097,0.2264117320729514,0.06002261590632957,21.00791556721535
2024,PIT,James Pierre,60649,CB,CB,207,121,107,0.8842975206611571,0,0,2,1,0,2,0.26634694751344024,0.05628864807269217,0.32263559558613236,0.26270954927892354,0.059926046307208825,0.20264846577316994
2021,NO,Jeff Heath,8396,S,S,73,50,17,0.34,2,1,4,0,0,0,0.2621576459499553,0.051958752067100454,0.31411639801705576,0.2546539193746793,0.05946247864237647,0.5701881513652538
2024,PHI,Ochaun Mathis,76838,ED,EDGE,11,1,0,0.0,0,0,1,0,0,0,0.2149574805096248,0.046606172155800145,0.2615636526654249,0.2021575437637748,0.05940610890165013,3.780388748286826
2023,NO,Nephi Sewell,56107,LB,LB,59,23,11,0.4782608695652174,0,0,8,0,1,0,0.19219191832649307,0.09359759174227687,0.2857895100687699,0.2264117320729514,0.059377777995818504,0.7044821118147958
2022,BUF,Tyler Matakevich,10880,LB,LB,3,1,0,0.0,0,0,0,0,0,0,0.23806508118191633,0.04762885606150876,0.2856939372434251,0.2264117320729514,0.05928220517047372,13.832514539777202
2021,BUF,Cam Lewis,49395,CB,CB,66,43,7,0.16279069767441862,1,0,2,0,1,1,0.2656870308868552,0.05628864807269217,0.32197567895954743,0.26270954927892354,0.05926612968062389,0.6285801632793443
2023,MIN,Lewis Cine,98879,S,UNKNOWN,8,1,0,0.0,0,0,1,0,0,0,0.24602585125857637,0.049693109362676235,0.2957189606212526,0.23648925173029245,0.05922970889096013,5.182599527959011
2022,CAR,Marquan McCall,82301,DI,IDL,185,0,0,0.0,2,0,6,0,0,0,0.19559426319463688,0.08664856118117922,0.28224282437581616,0.22337835625431512,0.058864468121501035,0.22273041991919312
2021,KC,Daniel Sorensen,9253,S,S,816,526,568,1.079847908745247,11,1,10,2,0,5,0.2594243393091916,0.05407697724599067,0.3135013165551824,0.2546539193746793,0.05884739718050308,0.050481835816608034
2023,PIT,Myles Jack,10670,LB,LB,157,107,134,1.2523364485981308,2,1,7,0,0,0,0.23011461147709186,0.055004666712734455,0.28511927818982635,0.2264117320729514,0.058707546116874954,0.2617533903300157
2023,IND,Jacob Martin,50152,ED,EDGE,192,0,0,0.0,14,2,5,0,0,0,0.19998985303018238,0.06073065656854583,0.2607205095987282,0.2021575437637748,0.058562965834953434,0.2135108129399344
2023,KC,Jack Cochrane,63345,LB,LB,183,100,56,0.56,1,0,7,0,0,0,0.21987103725529789,0.06499366456276577,0.28486470181806367,0.2264117320729514,0.05845296974511227,0.22359059465343492
2023,NYG,Timmy Horne,43918,DI,IDL,64,0,0,0.0,1,0,1,0,0,0,0.23347513945570914,0.04834262599587712,0.28181776545158627,0.22337835625431512,0.05843940919727114,0.6391810380951531
2024,MIN,Taki Taimani,82468,DI,IDL,70,0,0,0.0,0,0,1,0,0,0,0.2314565604249026,0.050295531115132026,0.28175209154003467,0.22337835625431512,0.05837373528571954,0.5837373528571954
2024,MIN,Levi Drake Rodriguez,165670,DI,IDL,7,0,0,0.0,0,0,1,0,0,0,0.2314565604249026,0.050295531115132026,0.28175209154003467,0.22337835625431512,0.05837373528571954,5.837373528571954
2023,DAL,KaVontae Turpin,47658,WR,UNKNOWN,3,2,0,0.0,0,0,0,0,0,0,0.24706057221862854,0.04762885606150876,0.29468942828013733,0.23648925173029245,0.058200176549844884,13.580041194963805
2021,TEN,Rashad Weaver,42495,ED,EDGE,12,1,0,0.0,0,0,1,0,0,0,0.18840766008315915,0.07184975403227174,0.2602574141154309,0.2021575437637748,0.05809987035165612,3.389159103846607
2021,BUF,Jaquan Johnson,51433,S,S,114,62,44,0.7096774193548387,0,0,2,1,0,0,0.25948011603010374,0.05327095997550714,0.3127510760056109,0.2546539193746793,0.05809715663093162,0.35673692668115903
2023,MIA,Da'Shawn Hand,48386,DI,IDL,219,0,0,0.0,9,1,8,0,0,1,0.20963884173465805,0.07171188856316017,0.28135073029781826,0.22337835625431512,0.05797237404350314,0.1852998257098274
2023,HOU,Neville Hewitt,9836,LB,LB,3,0,0,0.0,0,0,0,0,0,0,0.23661381816102575,0.04762885606150876,0.2842426742225345,0.2264117320729514,0.05783094214958312,13.493886501569396
2022,MIA,Keion Crossen,49454,CB,CB,435,327,293,0.8960244648318043,1,0,4,0,0,3,0.26417819454608066,0.05628864807269217,0.3204668426187728,0.26270954927892354,0.05775729333984925,0.09294277089171143
2021,DAL,Quinton Bohanna,56673,DI,IDL,222,1,0,0.0,3,0,3,0,0,0,0.21362435747891337,0.06746331719442387,0.2810876746733373,0.22337835625431512,0.05770931841902216,0.18196631933925908
2022,CLE,Sione Takitaki,12666,LB,LB,498,209,257,1.229665071770335,6,1,21,0,1,1,0.21877519345508376,0.06521622330350642,0.2839914167585902,0.2264117320729514,0.05757968468563879,0.08093529975893002
2021,MIA,Trill Williams,76643,CB,CB,4,3,0,0.0,0,0,0,0,0,0,0.26398206049230133,0.05628864807269217,0.3202707085649935,0.26270954927892354,0.057561159286069974,10.073202875062245
2022,ATL,Adetokunbo Ogundeji,44047,ED,EDGE,541,39,35,0.8974358974358975,6,2,18,0,0,0,0.1576425932146566,0.10207263207799869,0.2597152252926553,0.2021575437637748,0.057557681528880494,0.0744738947693463
2022,JAC,K'Lavon Chaisson,57945,ED,EDGE,120,8,0,0.0,6,1,7,0,0,0,0.19502361124854348,0.06468505192545895,0.25970866317400243,0.2021575437637748,0.05755111941022764,0.33571486322632793
2021,CAR,Azur Kamara,76843,ED,EDGE,34,0,0,0.0,1,0,1,0,0,0,0.21420533484748852,0.045469491005889116,0.25967482585337764,0.2021575437637748,0.057517282089602856,1.1841793371388825
2023,TEN,Denico Autry,8982,ED,EDGE,767,10,12,1.2,53,12,28,0,1,0,0.1750161195597913,0.08461088132280993,0.2596270008826012,0.2021575437637748,0.05746945711882642,0.0524493089741571
2022,LV,Bilal Nichols,28451,DI,IDL,801,12,0,0.0,30,2,15,0,0,0,0.19206066762644494,0.088692679834986,0.28075334746143094,0.22337835625431512,0.05737499120711581,0.05014044175403379
2023,DAL,Princeton Fant,62982,TE,UNKNOWN,1,0,0,0.0,0,0,0,0,0,0,0.24618920436523728,0.04762885606150876,0.2938180604267461,0.23648925173029245,0.057328808696453626,40.13016608751754
2023,DAL,Peyton Hendershot,60915,TE,UNKNOWN,2,0,0,0.0,0,0,0,0,0,0,0.24618920436523728,0.04762885606150876,0.2938180604267461,0.23648925173029245,0.057328808696453626,20.06508304375877
2023,DAL,Hunter Luepke,91319,FB,UNKNOWN,1,0,0,0.0,0,0,0,0,0,0,0.24618920436523728,0.04762885606150876,0.2938180604267461,0.23648925173029245,0.057328808696453626,40.13016608751754
2021,LAR,Jonah Williams,44597,DI,IDL,97,0,0,0.0,4,0,4,0,0,0,0.21413527298383933,0.06644790878462603,0.28058318176846536,0.22337835625431512,0.05720482551415024,0.4128183284526306
2022,DAL,Takk McKinley,11781,ED,EDGE,18,0,0,0.0,0,0,0,0,0,0,0.22021997346426203,0.038969064050325346,0.2591890375145874,0.2021575437637748,0.057031493750812595,2.2178914236427123
2022,MIA,Brandon Jones,43049,S,S,347,199,187,0.9396984924623115,5,2,14,0,1,3,0.2516412069044097,0.059451045770621457,0.3110922526750312,0.2546539193746793,0.05643833330035192,0.11385254556266958
2021,PIT,Robert Spillane,50918,LB,LB,381,215,203,0.9441860465116279,0,0,16,0,0,0,0.22016930660967268,0.0626349633031072,0.2828042699127799,0.2264117320729514,0.056392537839828505,0.10360833723853007
2021,NO,Zack Baun,34632,LB,LB,194,82,140,1.7073170731707317,3,0,5,0,0,0,0.22645780285523426,0.05608114750041452,0.28253895035564874,0.2264117320729514,0.056127218282697344,0.2025208907107636
2022,DEN,Matt Henningsen,56484,DI,IDL,230,0,0,0.0,2,1,7,0,0,0,0.19088901663351854,0.08846649780331442,0.279355514436833,0.22337835625431512,0.05597715818251786,0.17036526403375002
2022,MIN,Pat Jones II,43974,ED,EDGE,321,17,13,0.7647058823529411,16,4,13,0,0,0,0.16354983063369585,0.09456867108601026,0.2581185017197061,0.2021575437637748,0.055960957955931284,0.12203324164844828
2024,GB,Robert Rochell,33693,CB,UNKNOWN,1,0,0,0.0,0,0,0,0,0,0,0.24480101041929336,0.04762885606150876,0.29242986648080216,0.23648925173029245,0.05594061475050971,39.1584303253568
2023,JAC,Daniel Thomas,42544,S,S,14,5,0,0.0,0,0,0,0,0,0,0.2585211809980206,0.051958752067100454,0.3104799330651211,0.2546539193746793,0.05582601369044182,2.791300684522091
2024,LAC,Asante Samuel Jr.,76625,CB,CB,234,142,128,0.9014084507042254,0,0,4,0,0,1,0.26216967616900866,0.05628864807269217,0.3184583242417009,0.26270954927892354,0.05574877496277736,0.16676983963223996
2022,ARI,Rashard Lawrence,44515,DI,IDL,112,0,0,0.0,2,0,9,0,1,0,0.1692661932795318,0.10985033110421055,0.27911652438374235,0.22337835625431512,0.055738168129427224,0.3483635508089201
2021,DEN,DeShawn Williams,9891,DI,IDL,386,0,0,0.0,14,1,14,0,0,0,0.1919449372625037,0.08706770711863479,0.2790126443811385,0.22337835625431512,0.05563428812682336,0.10089119608491283
2023,BAL,Del'Shawn Phillips,57868,LB,LB,81,36,21,0.5833333333333334,0,0,5,0,1,0,0.21226053116937083,0.06978292796757062,0.28204345913694145,0.2264117320729514,0.055631727063990055,0.48076801166411154
2022,PIT,Arthur Maulet,12224,CB,CB,481,301,405,1.345514950166113,6,2,18,1,1,2,0.26201848722538496,0.05628864807269217,0.3183071352980772,0.26270954927892354,0.055597586019153655,0.08091124784492217
2023,JAC,Brenton Strange,101694,TE,UNKNOWN,1,0,0,0.0,0,0,1,0,0,0,0.23362543404285016,0.05836184922613996,0.29198728326899015,0.23648925173029245,0.0554980315386977,38.84862207708839
2022,BAL,David Ojabo,101420,ED,EDGE,23,1,0,0.0,1,1,1,0,1,0,0.19459344793279845,0.06305461255671105,0.2576480604895095,0.2021575437637748,0.05549051672573471,1.688841813391926
2021,NYG,Reggie Ragland,10675,LB,LB,474,215,200,0.9302325581395349,6,0,25,0,0,1,0.21531630537034102,0.06610147485444688,0.2814177802247879,0.2264117320729514,0.05500604815183652,0.08123256056178389
2021,PIT,Isaiah Buggs,56503,DI,IDL,227,0,0,0.0,4,0,8,0,0,0,0.18446046187647971,0.09375768923340277,0.2782181511098825,0.22337835625431512,0.05483979485556739,0.1691094995546131
2024,BUF,Ja'Marcus Ingram,55738,CB,CB,217,156,190,1.2179487179487178,2,1,7,2,0,2,0.26104358081298906,0.05628864807269217,0.3173322288856813,0.26270954927892354,0.05462267960675776,0.17620219227986375
2022,MIN,Harrison Phillips,48690,DI,IDL,738,0,0,0.0,24,2,27,0,0,0,0.18007281242817463,0.09791667760911987,0.2779894900372945,0.22337835625431512,0.05461113378297938,0.05179917838493979
2024,LAR,Ahkello Witherspoon,11821,CB,CB,598,381,435,1.141732283464567,1,1,8,1,1,6,0.26102805367047954,0.05628864807269217,0.3173167017431717,0.26270954927892354,0.05460715246424819,0.06392141592804972
2024,DET,Patrick O'Connor,12005,DI,IDL,235,1,0,0.0,10,1,5,0,0,0,0.1999777422492327,0.07787048177494686,0.2778482240241796,0.22337835625431512,0.054469867769864455,0.16225066995278775
2024,DEN,Damarri Mathis,56143,CB,CB,82,48,10,0.20833333333333334,0,0,0,0,0,1,0.2604859536685188,0.05628864807269217,0.31677460174121097,0.26270954927892354,0.05406505246228743,0.4615309356536732
2024,PIT,Mark Robinson,55265,LB,LB,13,5,0,0.0,1,0,1,0,0,0,0.23219352336253116,0.048280309574904486,0.28047383293743566,0.2264117320729514,0.054062100864484264,2.9110362003953068
2022,ARI,Kamu Grugier-Hill,10842,LB,LB,418,226,347,1.5353982300884956,3,0,18,0,0,1,0.22096703997507586,0.059446703207602626,0.2804137431826785,0.2264117320729514,0.05400201110972708,0.09043398989667215
2021,CLE,A.J. Green III,50394,CB,CB,176,116,70,0.603448275862069,0,0,1,1,0,5,0.2603227198815372,0.05628864807269217,0.31661136795422945,0.26270954927892354,0.05390181867530591,0.21438223336769396
2024,PIT,Isaiahh Loudermilk,44416,DI,IDL,255,0,0,0.0,6,0,11,0,0,0,0.19584993934138784,0.08121424390434535,0.27706418324573323,0.22337835625431512,0.053685826991418106,0.14737285840781442
2024,HOU,Kurt Hinish,56787,DI,IDL,231,0,0,0.0,2,0,6,0,0,0,0.1825428822861561,0.09449821245451138,0.2770410947406675,0.22337835625431512,0.05366273848635239,0.1626143590495527
2023,CIN,Zach Carter,56349,DI,IDL,500,0,0,0.0,13,0,11,0,1,0,0.18562302278901818,0.09140102635704736,0.27702404914606554,0.22337835625431512,0.05364569289175042,0.07510397004845058
2023,DET,Charles Harris,11777,ED,EDGE,291,24,21,0.875,24,2,7,0,0,0,0.17338597506700973,0.08217362879538727,0.255559603862397,0.2021575437637748,0.05340206009862222,0.12845856381111875
2023,TEN,Sean Murphy-Bunting,25891,CB,CB,840,510,628,1.231372549019608,3,0,13,2,1,5,0.2596407820402253,0.05628864807269217,0.3159294301129174,0.26270954927892354,0.05321988083399387,0.04434990069499489
2022,PHI,Patrick Johnson,56460,ED,EDGE,232,22,20,0.9090909090909091,7,0,2,0,1,0,0.15404811678036914,0.10122807262679641,0.2552761894071655,0.2021575437637748,0.05311864564339072,0.16027177564816167
2024,NO,Khalen Saunders,31534,DI,IDL,460,5,6,1.2,14,2,16,1,0,0,0.1811182695767139,0.09497944003422346,0.2760977096109373,0.22337835625431512,0.0527193533566222,0.08022510293399031
2023,NYG,Carter Coughlin,43498,LB,IDL,2,0,0,0.0,0,0,0,0,0,0,0.2326986304273962,0.043298960055917046,0.27599759048331324,0.22337835625431512,0.05261923422899811,18.41673198014934
2022,SEA,Coby Bryant,55088,CB,CB,784,492,515,1.0467479674796747,5,2,16,0,4,4,0.25875824440899214,0.05628864807269217,0.31504689248168427,0.26270954927892354,0.05233734320276073,0.046729770716750656
2023,NYJ,Perrion Winfrey,122952,DI,IDL,13,0,0,0.0,0,0,1,0,0,0,0.22419373154568734,0.05142067573547204,0.27561440728115943,0.22337835625431512,0.05223605102684431,2.8127104399070015
2021,DAL,Bradlee Anae,43982,ED,EDGE,50,2,0,0.0,2,0,1,0,0,0,0.2058869413451507,0.04844954683433285,0.2543364881794836,0.2021575437637748,0.05217894441570883,0.7305052218199236
2021,LAC,Uchenna Nwosu,50084,ED,EDGE,781,56,32,0.5714285714285714,41,5,23,1,2,0,0.1657952070137974,0.08848354465083576,0.25427875166463315,0.2021575437637748,0.05212120790085836,0.04671555125557087
2021,CLE,Takk McKinley,11781,ED,EDGE,320,14,7,0.5,25,3,8,0,1,0,0.17390582584622188,0.08032667858811511,0.254232504434337,0.2021575437637748,0.05207496067056219,0.11391397646685479
2023,KC,B.J. Thompson,56330,ED,EDGE,28,0,0,0.0,1,0,0,0,0,0,0.21504697164819112,0.038969064050325346,0.2540160356985165,0.2021575437637748,0.05185849193474171,1.2964622983685428
2021,CAR,Rashaan Melvin,8334,CB,CB,247,151,115,0.7615894039735099,0,0,7,0,0,0,0.25820636997372187,0.05628864807269217,0.31449501804641405,0.26270954927892354,0.05178546876749052,0.1467604378026047
2024,TB,K.J. Britt,57727,LB,LB,632,337,277,0.8219584569732937,7,1,22,0,0,1,0.21909700127000167,0.059078561354655196,0.2781755626246569,0.2264117320729514,0.051763830551705525,0.05733335662372447
2023,MIN,Andre Carter II,102780,ED,EDGE,68,6,0,0.0,4,0,1,0,0,0,0.20953580724016277,0.04436823324026783,0.2539040404804306,0.2021575437637748,0.05174649671665579,0.5326845250243979
2021,CIN,Zach Kerr,9195,DI,IDL,147,1,0,0.0,3,0,3,0,0,0,0.21749058284363865,0.057632889411201586,0.27512347225484024,0.22337835625431512,0.051745116000525115,0.24640531428821483
2023,SF,Demetrius Flannigan-Fowles,49231,LB,LB,174,96,93,0.96875,0,0,6,0,0,2,0.21651717825020222,0.06156352395288584,0.2780807022030881,0.2264117320729514,0.051668970130136715,0.20786367293733163
2021,CLE,Joe Jackson,44615,ED,EDGE,159,3,0,0.0,3,2,6,0,0,0,0.17533103157920868,0.0784360379558718,0.2537670695350805,0.2021575437637748,0.0516095257713057,0.22721174867870436
2022,WAS,Jon Bostic,7831,LB,LB,263,140,87,0.6214285714285714,1,0,7,0,0,0,0.2236250644617303,0.054334576544946694,0.27795964100667697,0.2264117320729514,0.05154790893372557,0.137199757618281
2022,CIN,Chris Evans,27303,HB,UNKNOWN,1,0,0,0.0,0,0,0,0,0,0,0.24036136633099112,0.04762885606150876,0.28799022239249983,0.23648925173029245,0.05150097066220738,36.050679463545166
2022,CIN,Trent Taylor,11932,WR,UNKNOWN,1,0,0,0.0,0,0,0,0,0,0,0.24036136633099112,0.04762885606150876,0.28799022239249983,0.23648925173029245,0.05150097066220738,36.050679463545166
2022,CIN,Stanley Morgan,48110,WR,UNKNOWN,1,0,0,0.0,0,0,0,0,0,0,0.24036136633099112,0.04762885606150876,0.28799022239249983,0.23648925173029245,0.05150097066220738,36.050679463545166
2022,CIN,Trayveon Williams,45775,HB,UNKNOWN,1,0,0,0.0,0,0,0,0,0,0,0.24036136633099112,0.04762885606150876,0.28799022239249983,0.23648925173029245,0.05150097066220738,36.050679463545166
2021,CLE,M.J. Stewart,49397,S,S,328,218,178,0.8165137614678899,4,0,15,0,1,4,0.2519708362466829,0.054136987727863795,0.30610782397454667,0.2546539193746793,0.05145390459986737,0.10981016225581451
2022,CAR,Juston Burris,10752,S,S,219,139,36,0.2589928057553957,0,0,2,0,0,1,0.25376123099407005,0.052334332172901274,0.3060955631669714,0.2546539193746793,0.0514416437922921,0.16442534545481494
2024,HOU,Dylan Horton,81335,ED,EDGE,217,3,0,0.0,6,0,4,0,0,0,0.1791949850418698,0.0743559972639075,0.25355098230577733,0.2021575437637748,0.05139343854200254,0.16578528561936304
2021,IND,Matthew Adams,38526,LB,LB,2,1,0,0.0,0,0,0,0,0,0,0.23017345813570222,0.04762885606150876,0.277802314197211,0.2264117320729514,0.05139058212425962,17.986703743490867
2023,DAL,Israel Mukuamu,83377,S,S,77,47,9,0.19148936170212766,0,0,1,0,0,1,0.25380079400096917,0.051958752067100454,0.3057595460680696,0.2546539193746793,0.051105626693390305,0.4645966063035482
2024,TB,Joe Tryon-Shoyinka,58272,ED,EDGE,570,95,65,0.6842105263157895,24,2,14,0,1,0,0.1609311331974826,0.09230680843400446,0.25323794163148705,0.2021575437637748,0.05108039786771226,0.06273031317087471
2023,HOU,Brandon Hill,99742,S,S,1,1,0,0.0,0,0,0,0,0,0,0.25374880294318425,0.051958752067100454,0.30570755501028474,0.2546539193746793,0.05105363563560544,35.73754494492381
2021,IND,Jordan Glasgow,34816,LB,LB,1,0,0,0.0,0,0,0,0,0,0,0.22983265964472693,0.04762885606150876,0.27746151570623573,0.2264117320729514,0.05104978363328433,35.73484854329903
2021,CAR,Darryl Johnson,37479,ED,EDGE,20,0,0,0.0,1,0,0,0,0,0,0.21420533484748852,0.038969064050325346,0.25317439889781385,0.2021575437637748,0.05101685513403906,1.785589929691367
2021,BUF,Brandin Bryant,11280,DI,IDL,32,0,0,0.0,2,0,1,0,0,0,0.22347279614170812,0.05084494984397002,0.27431774598567815,0.22337835625431512,0.05093938973136303,1.1142991503735662
2021,KC,Juan Thornhill,50426,S,S,1038,687,277,0.4032023289665211,2,0,12,1,1,3,0.2525439728904242,0.05297146768926513,0.3055154405796894,0.2546539193746793,0.050861521205010085,0.03429967711320526
2023,JAC,Tevaughn Campbell,91247,CB,CB,1,1,0,0.0,0,0,0,0,0,0,0.2572707701482772,0.05628864807269217,0.31355941822096944,0.26270954927892354,0.050849868942045906,35.59490825943213
2023,BUF,Kaiir Elam,98693,CB,CB,210,134,147,1.0970149253731343,0,0,4,1,0,0,0.2571527924517471,0.05628864807269217,0.3134414405244393,0.26270954927892354,0.05073189124551575,0.16910630415171915
2022,JAC,Shaquille Quarterman,51048,LB,LB,22,16,0,0.0,0,0,1,0,1,0,0.22636841916389971,0.050574751380276055,0.2769431705441758,0.2264117320729514,0.05053143847122438,1.6078184968116846
2021,LAR,Michael Hoecht,108840,DI,IDL,112,1,0,0.0,2,0,3,0,0,0,0.21320096899036206,0.060660671602448785,0.2738616405928109,0.22337835625431512,0.05048328433849575,0.3155205271155984
2023,IND,Eric Johnson,33698,DI,IDL,265,1,0,0.0,4,2,5,0,0,0,0.20151763403979592,0.07232446952742826,0.2738421035672242,0.22337835625431512,0.05046374731290909,0.13330046460013723
2021,LAC,Michael Davis,12040,CB,CB,851,523,571,1.0917782026768643,0,0,13,1,0,8,0.2567513682826652,0.05628864807269217,0.3130400163553574,0.26270954927892354,0.05033046707643385,0.04139991416392914
2022,GB,T.J. Slaton,56597,DI,IDL,333,0,0,0.0,5,0,11,0,0,0,0.17769444434000137,0.09599443249921327,0.27368887683921467,0.22337835625431512,0.05031052058489954,0.1057578510793684
2023,NYJ,Jamien Sherwood,83175,LB,LB,193,45,89,1.9777777777777779,1,0,10,0,1,0,0.19722051474537908,0.07944704295585812,0.2766675577012372,0.2264117320729514,0.05025582562828579,0.1822750152321246
2022,BAL,Del'Shawn Phillips,57868,LB,LB,1,0,0,0.0,0,0,0,0,0,0,0.22899885089713148,0.04762885606150876,0.27662770695864025,0.2264117320729514,0.05021597488568885,35.1511824199822
2024,LV,Thomas Harper,97325,S,S,191,145,69,0.47586206896551725,1,1,5,1,0,0,0.2523774046258465,0.05237173224371022,0.30474913686955674,0.2546539193746793,0.05009521749487744,0.18359503793934143
2023,CHI,Dominique Robinson,61436,ED,EDGE,242,10,5,0.5,5,1,3,0,0,0,0.17257076511189473,0.07966817243548828,0.252238937547383,0.2021575437637748,0.050081393783608236,0.14486353573770977
2023,LAR,Larrell Murchison,57004,DI,IDL,261,0,0,0.0,5,0,9,0,0,0,0.1808098088681876,0.09261431820981636,0.27342412707800395,0.22337835625431512,0.05004577082368883,0.1342223738566367
2024,HOU,Myles Bryant,43336,CB,CB,156,99,147,1.4848484848484849,1,0,7,0,0,3,0.2563673869556984,0.05628864807269217,0.31265603502839057,0.26270954927892354,0.04994648574946703,0.22411884631171103
2021,ARI,Breon Borders,39398,CB,CB,70,60,163,2.716666666666667,0,0,0,0,0,2,0.25625214400506435,0.05628864807269217,0.31254079207775654,0.26270954927892354,0.049831242798833,0.49831242798833
2023,MIN,Andrew Booth Jr.,99744,CB,CB,151,99,30,0.30303030303030304,0,0,2,0,0,1,0.2561450875621772,0.05628864807269217,0.3124337356348694,0.26270954927892354,0.04972418635594589,0.23050947317325907
2022,BUF,Siran Neal,27130,CB,CB,68,53,63,1.1886792452830188,1,0,2,0,0,3,0.25612214002703504,0.05628864807269217,0.3124107880997273,0.26270954927892354,0.04970123882080374,0.5116303996259208
2024,KC,Leo Chenal,101463,LB,LB,523,163,109,0.6687116564417178,14,1,28,0,3,1,0.20729002121432252,0.06875991383132234,0.2760499350456449,0.2264117320729514,0.0496382029726935,0.06643736535542151
2021,MIA,Duke Riley,11830,LB,LB,227,118,53,0.4491525423728814,7,0,9,0,0,0,0.22000397949260478,0.05601381839940819,0.276017797892013,0.2264117320729514,0.04960606581906157,0.1529702470191326
2022,TB,Akiem Hicks,7090,DI,IDL,442,2,7,3.5,9,1,18,0,0,0,0.160293151416088,0.11260288393554,0.272896035351628,0.22337835625431512,0.04951767909731286,0.07842166372877603
2024,KC,Nazeeh Johnson,42553,CB,CB,548,358,497,1.388268156424581,4,1,16,0,0,2,0.2559040114052822,0.05628864807269217,0.3121926594779743,0.26270954927892354,0.04948311019905077,0.06320835244404296
2022,BAL,Michael Pierce,11101,DI,IDL,91,2,0,0.0,4,0,4,0,1,0,0.19661831131653226,0.0761959913445503,0.27281430266108253,0.22337835625431512,0.049435946406767406,0.3802765108212877
2021,ARI,Dennis Gardeck,66928,ED,EDGE,179,34,51,1.5,13,0,5,0,0,0,0.16292787496196748,0.08860413617821215,0.25153201114017965,0.2021575437637748,0.04937446737640486,0.19308450929320337
2024,LV,Darnay Holmes,56247,CB,CB,298,204,204,1.0,2,1,7,0,0,2,0.2557146836733022,0.05628864807269217,0.3120033317459944,0.26270954927892354,0.049293782467070835,0.11579076418439457
2024,HOU,M.J. Stewart,49397,S,S,99,59,0,0.0,0,0,2,0,0,0,0.2496744771469669,0.05409429577220172,0.3037687729191686,0.2546539193746793,0.0491148535444893,0.3472767422337627
2023,DET,Emmanuel Moseley,50430,CB,CB,2,1,0,0.0,0,0,0,0,0,0,0.25544436679567034,0.05628864807269217,0.3117330148683625,0.26270954927892354,0.049023465589438986,17.158212956303647
2023,DET,Steven Gilmore,83286,CB,CB,2,1,0,0.0,0,0,0,0,0,0,0.25544436679567034,0.05628864807269217,0.3117330148683625,0.26270954927892354,0.049023465589438986,17.158212956303647
2023,NO,PJ Mustipher,82505,DI,IDL,42,0,0,0.0,0,0,1,0,0,0,0.220196015862266,0.05216851995726347,0.27236453581952946,0.22337835625431512,0.04898617956521434,0.8164363260869056
2023,TB,Mike Greene,56664,DI,IDL,168,1,0,0.0,4,0,1,0,0,0,0.22416237268724498,0.04806535268956933,0.27222772537681433,0.22337835625431512,0.04884936912249921,0.20353903801041337
2022,JAC,Andrew Wingard,49268,S,S,223,146,40,0.273972602739726,5,0,8,1,1,0,0.24907307241580348,0.05433287117529793,0.30340594359110146,0.2546539193746793,0.04875202421642216,0.1530332598721772
2023,ATL,KhaDarel Hodge,26104,WR,UNKNOWN,1,0,0,0.0,0,0,0,0,0,0,0.23743139607394062,0.04762885606150876,0.2850602521354494,0.23648925173029245,0.04857100040515694,33.999700283609855
2023,ATL,Keith Smith,9302,FB,UNKNOWN,1,0,0,0.0,0,0,0,0,0,0,0.23743139607394062,0.04762885606150876,0.2850602521354494,0.23648925173029245,0.04857100040515694,33.999700283609855
2023,ATL,Mack Hollins,11873,WR,UNKNOWN,1,0,0,0.0,0,0,0,0,0,0,0.23743139607394062,0.04762885606150876,0.2850602521354494,0.23648925173029245,0.04857100040515694,33.999700283609855
2022,LAC,Breiden Fehoko,49589,DI,IDL,308,1,0,0.0,1,0,11,0,0,0,0.18236583332282344,0.08954164670344195,0.2719074800262654,0.22337835625431512,0.04852912377195029,0.11029346311806884
2022,WAS,Shaka Toney,42806,ED,EDGE,52,2,0,0.0,2,0,3,0,0,0,0.17626327167890615,0.07430390520104915,0.2505671768799553,0.2021575437637748,0.04840963311618049,0.6516681381024297
2021,LAC,Derwin James Jr.,51368,S,S,961,525,312,0.5942857142857143,11,3,31,2,3,3,0.24472383422408409,0.058265409980603255,0.30298924420468737,0.2546539193746793,0.048335324830008075,0.03520783286264896
2022,CLE,Alex Wright,98318,ED,EDGE,543,6,0,0.0,12,0,8,0,0,0,0.1661866379750149,0.0843013183767776,0.25048795635179255,0.2021575437637748,0.04833041258801776,0.062304399284737445
2022,ATL,Isaiah Oliver,50393,CB,CB,349,194,221,1.1391752577319587,2,1,10,1,0,5,0.2547286058845536,0.05628864807269217,0.31101725395724583,0.26270954927892354,0.048307704678322294,0.09689224434047451
2024,CHI,Byron Cowart,50588,DI,IDL,335,1,23,23.0,12,3,17,0,0,0,0.16850402365205355,0.10307260236656807,0.27157662601862165,0.22337835625431512,0.04819826976430652,0.10071280249258079
2021,DEN,Mike Purcell,8530,DI,IDL,361,0,0,0.0,6,0,13,0,0,0,0.17672920159366007,0.09481445127700235,0.27154365287066246,0.22337835625431512,0.04816529661634733,0.09339531199845742
2022,TB,Deadrin Senat,48815,DI,IDL,168,0,0,0.0,4,1,9,0,0,0,0.19353825758439178,0.07795092199572852,0.27148917958012025,0.22337835625431512,0.04811082332580513,0.20046176385752137
2021,BUF,Siran Neal,27130,CB,CB,171,94,27,0.2872340425531915,0,0,7,0,0,0,0.25448287992639423,0.05628864807269217,0.31077152799908636,0.26270954927892354,0.04806197872016282,0.1967449421293215
2024,LAR,Jaylen McCollough,98845,S,S,382,275,162,0.5890909090909091,3,1,13,4,0,0,0.24831184101440718,0.05423329439140177,0.3025451354058089,0.2546539193746793,0.04789121603112961,0.0877587728319129
2022,CAR,Damien Wilson,9560,LB,LB,204,66,85,1.2878787878787878,4,2,11,0,1,0,0.20831789646412285,0.06593170834026245,0.2742496048043853,0.2264117320729514,0.04783787273143392,0.164149563294136
2023,CIN,Joseph Ossai,77205,ED,EDGE,177,8,0,0.0,11,1,5,0,0,0,0.18671209664237623,0.06324337632869356,0.24995547297106982,0.2021575437637748,0.04779792920729503,0.1890313584469295
2021,TEN,Larrell Murchison,57004,DI,IDL,200,0,0,0.0,3,1,3,0,0,0,0.21182193814412104,0.05929490944976922,0.27111684759389026,0.22337835625431512,0.04773849133957514,0.167084719688513
2023,TEN,Roger McCreary,83176,CB,CB,934,542,640,1.1808118081180812,7,2,33,1,1,5,0.25413148894896753,0.05628864807269217,0.3104201370216597,0.26270954927892354,0.04771058774273618,0.03575739980718986
2023,LAC,Dean Marlowe,9966,S,S,298,204,88,0.43137254901960786,1,1,11,0,0,0,0.24709716386650732,0.055266990516296126,0.3023641543828035,0.2546539193746793,0.04771023500812421,0.11207102183116427
2022,IND,Shaquille Leonard,49684,LB,LB,74,41,84,2.048780487804878,0,0,3,1,0,0,0.22384863215304085,0.05025369180930406,0.27410232396234496,0.2264117320729514,0.04769059188939356,0.45112722057534455
2022,GB,Devonte Wyatt,82268,DI,IDL,224,0,0,0.0,8,2,5,0,1,0,0.1995630494198786,0.07136933059597055,0.27093238001584913,0.22337835625431512,0.047554023761534,0.14860632425479375
2023,LAC,Essang Bassey,45258,CB,CB,353,224,220,0.9821428571428571,2,0,5,0,0,1,0.25389143307894546,0.05628864807269217,0.31018008115163764,0.26270954927892354,0.047470531872714106,0.09413419918101947
2021,KC,Jarran Reed,10683,DI,IDL,843,13,0,0.0,33,4,26,0,2,0,0.1795008974752828,0.09124475617145995,0.2707456536467428,0.22337835625431512,0.047367297392427676,0.03933227541482725
2021,TEN,Monty Rice,57839,LB,LB,179,85,73,0.8588235294117647,1,0,10,0,0,1,0.21581485240859774,0.057706304179635626,0.2735211565882334,0.2264117320729514,0.047109424515281995,0.18422679978043238
2021,TEN,Greg Mabin,12068,CB,CB,171,144,95,0.6597222222222222,0,0,1,0,0,1,0.25348601370935653,0.05628864807269217,0.3097746617820487,0.26270954927892354,0.04706511250312517,0.19266420322916736
2024,BUF,Javon Solomon,97821,ED,EDGE,141,3,0,0.0,14,2,8,0,1,0,0.17401271453939665,0.07516923415374398,0.24918194869314067,0.2021575437637748,0.04702440492936588,0.23345449255713557
2023,LV,Byron Young,98923,DI,IDL,99,0,0,0.0,1,0,1,0,0,0,0.22051731601569136,0.04984767365580753,0.2703649896714989,0.22337835625431512,0.04698663341718379,0.33222872113160257
2024,CHI,Jonathan Owens,66930,S,S,429,230,219,0.9521739130434783,0,0,7,1,1,1,0.2465699995177475,0.054752614143659756,0.3013226136614072,0.2546539193746793,0.04666869428672793,0.07614938461703857
2021,ARI,Charles Washington,11137,S,HYBRID,4,1,0,0.0,0,0,0,0,0,0,0.23548670675034325,0.04762885606150876,0.283115562811852,0.23648925173029245,0.04662631108155957,8.159604439272924
2021,ARI,Rondale Moore,62890,WR,UNKNOWN,1,1,0,0.0,0,0,0,0,0,0,0.23548670675034325,0.04762885606150876,0.283115562811852,0.23648925173029245,0.04662631108155957,32.638417757091695
2024,DET,David Long Jr.,29367,LB,LB,352,169,259,1.532544378698225,6,0,17,0,0,0,0.20696857459491946,0.06603235527070882,0.2730009298656283,0.2264117320729514,0.046589197792676895,0.09264897288316429
2024,CHI,Jacob Martin,50152,ED,EDGE,222,8,6,0.75,17,3,11,0,0,0,0.16368040175365275,0.08499095857419396,0.24867136032784673,0.2021575437637748,0.04651381656407194,0.1466651873641908
2023,BUF,Ja'Marcus Ingram,55738,CB,UNKNOWN,8,1,0,0.0,0,0,0,0,0,0,0.23530270667019254,0.04762885606150876,0.2829315627317013,0.23648925173029245,0.04644231100140883,4.063702212623273
2023,BUF,Deonte Harty,91470,WR,UNKNOWN,1,1,0,0.0,0,0,0,0,0,0,0.23530270667019254,0.04762885606150876,0.2829315627317013,0.23648925173029245,0.04644231100140883,32.50961770098618
2021,ARI,Demetrius Harris,8524,TE,UNKNOWN,1,0,0,0.0,0,0,0,0,0,0,0.2351059005755952,0.04762885606150876,0.28273475663710396,0.23648925173029245,0.04624550490681151,32.371853434768056
2021,ARI,Jonathan Ward,25859,HB,UNKNOWN,1,0,0,0.0,0,0,0,0,0,0,0.2351059005755952,0.04762885606150876,0.28273475663710396,0.23648925173029245,0.04624550490681151,32.371853434768056
2024,LV,Zach Carter,56349,DI,IDL,263,0,0,0.0,3,1,11,0,0,0,0.1942426816691318,0.07532817198124467,0.26957085365037653,0.22337835625431512,0.046192497396061405,0.12294581055985924
2021,NYG,Jaylon Smith,10668,LB,LB,329,182,132,0.7252747252747253,7,1,13,0,0,1,0.21837181421788598,0.05419902832832103,0.272570842546207,0.2264117320729514,0.046159110473255605,0.09821087334735235
2023,LV,Nesta Jade Silvera,76888,DI,IDL,24,0,0,0.0,0,0,1,0,0,0,0.21966535243523966,0.04984767365580753,0.26951302609104716,0.22337835625431512,0.046134669836732034,1.3455945369046842
2023,BUF,Quintin Morris,61182,TE,UNKNOWN,1,0,0,0.0,0,0,0,0,0,0,0.234969952047396,0.04762885606150876,0.2825988081089048,0.23648925173029245,0.04610955637861236,32.27668946502865
2023,BUF,Reggie Gilliam,40951,FB,UNKNOWN,1,0,0,0.0,0,0,0,0,0,0,0.234969952047396,0.04762885606150876,0.2825988081089048,0.23648925173029245,0.04610955637861236,32.27668946502865
2023,BUF,Khalil Shakir,84140,WR,UNKNOWN,1,0,0,0.0,0,0,0,0,0,0,0.234969952047396,0.04762885606150876,0.2825988081089048,0.23648925173029245,0.04610955637861236,32.27668946502865
2023,DAL,Rashaan Evans,50213,LB,LB,72,25,2,0.08,0,0,2,0,0,0,0.22210723740776775,0.05008616116181834,0.27219339856958613,0.2264117320729514,0.04578166649663473,0.4450995353839488
2023,CAR,Nick Thurman,49607,DI,IDL,368,0,0,0.0,3,0,16,0,0,0,0.1699377165633744,0.09914799782287428,0.2690857143862487,0.22337835625431512,0.04570735813193355,0.0869433442726997
2021,CIN,Joe Bachie,43250,LB,LB,160,96,58,0.6041666666666666,1,0,8,0,0,1,0.21726239138918813,0.05485315645657216,0.2721155478457603,0.2264117320729514,0.04570381577280891,0.19995419400603898
2022,IND,Ben Banogu,26554,ED,EDGE,116,1,0,0.0,2,0,3,0,0,0,0.19236580336418438,0.055315263389770164,0.24768106675395457,0.2021575437637748,0.04552352299017978,0.2747109145959125
2022,PHI,Andre Chachere,51194,CB,UNKNOWN,11,4,0,0.0,0,0,0,0,0,0,0.2343778094547384,0.04762885606150876,0.2820066655162472,0.23648925173029245,0.04551741378595475,2.8965626954698482
2021,LAC,Kyzir White,44485,LB,LB,979,514,386,0.7509727626459144,12,1,53,2,2,0,0.2102116775889224,0.06169800107376786,0.2719096786626903,0.2264117320729514,0.04549794658973888,0.03253172892014016
2021,PIT,Isaiahh Loudermilk,44416,DI,IDL,309,0,0,0.0,6,0,11,0,0,0,0.18573691650279653,0.08308962255432316,0.26882653905711973,0.22337835625431512,0.045448182802804604,0.10295704842059294
2022,SF,Demetrius Flannigan-Fowles,49231,LB,LB,99,56,87,1.5535714285714286,1,1,4,0,0,0,0.21831883939716068,0.053301364707769305,0.27162020410493,0.2264117320729514,0.045208472031978586,0.31965586285237385
2022,CIN,Dax Hill,97519,S,S,150,104,56,0.5384615384615384,3,0,4,0,0,1,0.247253480634658,0.052569501215728266,0.29982298185038625,0.2546539193746793,0.045169062475706956,0.2107889582199658
2023,NYJ,Sam Eguavoen,15301,LB,IDL,14,2,0,0.0,0,0,0,0,0,0,0.22522839998246488,0.043298960055917046,0.26852736003838196,0.22337835625431512,0.04514900378406683,2.257450189203342
2024,TEN,Harold Landry III,48600,ED,EDGE,878,89,64,0.7191011235955056,30,9,38,0,0,1,0.168122108903191,0.07916786243934969,0.2472899713425407,0.2021575437637748,0.0451324275787659,0.03598257324047395
2021,CAR,Frank Herron,39383,DI,IDL,8,0,0,0.0,0,0,1,0,0,0,0.21962876639782242,0.048821837673218474,0.26845060407104093,0.22337835625431512,0.04507224781672581,3.9438216839635083
2022,CLE,Jacob Phillips,57942,LB,LB,320,158,172,1.0886075949367089,3,2,17,0,0,1,0.21562330422146223,0.05577979956169765,0.2714031037831599,0.2264117320729514,0.044991371710208505,0.09841862561608111
2022,CAR,Marquise Blair,56263,S,S,1,1,0,0.0,0,0,0,0,0,0,0.2475748993490153,0.051958752067100454,0.2995336514161157,0.2546539193746793,0.044879732041436415,31.41581242900549
2023,JAC,Parker Washington,129799,WR,UNKNOWN,1,0,0,0.0,0,0,0,0,0,0,0.23362543404285016,0.04762885606150876,0.28125429010435893,0.23648925173029245,0.04476503837406648,31.335526861846535
2023,JAC,Tank Bigsby,123974,HB,UNKNOWN,1,0,0,0.0,0,0,0,0,0,0,0.23362543404285016,0.04762885606150876,0.28125429010435893,0.23648925173029245,0.04476503837406648,31.335526861846535
2023,JAC,Tim Jones,61669,WR,UNKNOWN,1,0,0,0.0,0,0,0,0,0,0,0.23362543404285016,0.04762885606150876,0.28125429010435893,0.23648925173029245,0.04476503837406648,31.335526861846535
2022,SEA,Quinton Jefferson,10781,DI,IDL,600,0,0,0.0,43,6,15,0,0,1,0.19538101444199646,0.072732988387294,0.26811400282929043,0.22337835625431512,0.04473564657497531,0.05219158767080453
2024,CHI,Chris Williams,87178,DI,IDL,367,3,0,0.0,17,3,11,0,0,0,0.199885484368393,0.06798559956682058,0.2678710839352136,0.22337835625431512,0.04449272768089846,0.08486351328781723
2024,BAL,Broderick Washington,50049,DI,IDL,488,11,0,0.0,17,2,18,0,1,0,0.18368098783804024,0.08413056618162058,0.2678115540196609,0.22337835625431512,0.04443319776534577,0.06373614433553695
2022,LAR,Larrell Murchison,57004,DI,IDL,102,0,0,0.0,5,2,5,0,0,0,0.1948018422561685,0.07287494370999921,0.26767678596616773,0.22337835625431512,0.044298429711852605,0.3040088313558512
2024,PIT,Cameron Sutton,11850,CB,CB,273,186,136,0.7311827956989247,2,0,4,0,0,1,0.2505715225429374,0.05628864807269217,0.3068601706156296,0.26270954927892354,0.04415062133670605,0.11320672137616937
2023,NYJ,Tanzel Smart,11944,DI,IDL,63,0,0,0.0,0,0,0,0,0,0,0.22419373154568734,0.043298960055917046,0.26749269160160444,0.22337835625431512,0.04411433534728931,0.4901592816365479
2023,ATL,Tre Flowers,49059,CB,CB,200,109,177,1.6238532110091743,0,0,2,0,0,1,0.25053419980128017,0.05628864807269217,0.30682284787397235,0.26270954927892354,0.04411329859504881,0.15439654508267084
2021,PIT,Henry Mondeaux,48889,DI,IDL,256,0,0,0.0,4,2,6,0,0,0,0.2023733751324588,0.06500295778232038,0.2673763329147792,0.22337835625431512,0.043997976660464067,0.12030696743095644
2024,CLE,Jowon Briggs,74867,DI,IDL,133,0,0,0.0,4,0,7,0,0,0,0.18343854634261147,0.08389625151426988,0.2673347978568814,0.22337835625431512,0.04395644160256629,0.2313496926450857
2024,DET,Derrick Barnes,58120,LB,LB,120,49,1,0.02040816326530612,1,0,5,0,0,0,0.21890202033808456,0.05143990177537075,0.2703419221134553,0.2264117320729514,0.043930190040503914,0.2562594419029395
2022,PHI,Grant Calcaterra,60997,TE,UNKNOWN,2,0,0,0.0,0,0,0,0,0,0,0.23271439043642675,0.04762885606150876,0.2803432464979355,0.23648925173029245,0.04385399476764307,15.348898168675074
2022,PHI,Tyree Jackson,46481,TE,UNKNOWN,1,0,0,0.0,0,0,0,0,0,0,0.23271439043642675,0.04762885606150876,0.2803432464979355,0.23648925173029245,0.04385399476764307,30.697796337350148
2022,PHI,Kenneth Gainwell,77737,HB,UNKNOWN,2,0,0,0.0,0,0,0,0,0,0,0.23271439043642675,0.04762885606150876,0.2803432464979355,0.23648925173029245,0.04385399476764307,15.348898168675074
2022,PHI,Britain Covey,32933,WR,UNKNOWN,3,0,0,0.0,0,0,0,0,0,0,0.23271439043642675,0.04762885606150876,0.2803432464979355,0.23648925173029245,0.04385399476764307,10.232598779116715
2022,PHI,Zach Pascal,12303,WR,UNKNOWN,3,0,0,0.0,0,0,0,0,0,0,0.23271439043642675,0.04762885606150876,0.2803432464979355,0.23648925173029245,0.04385399476764307,10.232598779116715
2023,CLE,Jordan Kunaszyk,38548,LB,LB,60,26,12,0.46153846153846156,0,0,3,0,0,0,0.21700783701779972,0.05325098751789093,0.27025882453569067,0.2264117320729514,0.04384709246273927,0.5115494120652915
2023,CAR,Sam Franklin Jr.,43580,S,S,289,149,67,0.44966442953020136,0,0,5,1,0,3,0.24609555462339655,0.05238089913056015,0.2984764537539567,0.2546539193746793,0.04382253437927741,0.10614454693942627
2023,TEN,Azeez Al-Shaair,49792,LB,LB,1101,608,390,0.6414473684210527,12,1,56,0,0,2,0.20934980638445572,0.060829498037478696,0.2701793044219344,0.2264117320729514,0.043767572348982986,0.027826794408981007
2023,CIN,Nick Scott,49012,S,S,569,360,306,0.85,5,0,12,0,0,0,0.24249941245571924,0.055807672531275436,0.2983070849869947,0.2546539193746793,0.043653165612315414,0.05370336718562529
2021,MIN,Troy Dye,28251,LB,LB,54,29,0,0.0,0,0,3,0,0,0,0.22032331879787348,0.04973367291916093,0.2700569917170344,0.2264117320729514,0.043645259644083,0.56577188427515
2023,PIT,Mark Robinson,55265,LB,LB,173,64,88,1.375,2,1,9,0,1,0,0.20926625570949253,0.06077282955920245,0.270039085268695,0.2264117320729514,0.04362735319574362,0.1765268626417372
2022,BAL,Damarion Williams,100904,CB,CB,225,172,290,1.686046511627907,1,0,6,0,0,1,0.24990588547653797,0.05628864807269217,0.3061945335492301,0.26270954927892354,0.04348498427030656,0.13528661772984263
2021,HOU,Jonathan Greenard,48407,ED,EDGE,414,0,0,0.0,27,8,19,0,2,0,0.17205393495078797,0.07355959874045064,0.24561353369123862,0.2021575437637748,0.04345598992746383,0.0734763114715572
2022,LAR,Jonah Williams,44597,DI,IDL,342,0,0,0.0,9,1,10,0,0,0,0.1902916671969629,0.07640504811683246,0.26669671531379535,0.22337835625431512,0.04331835905948023,0.08866330801648
2022,BUF,Gabe Davis,55410,WR,UNKNOWN,1,1,0,0.0,0,0,0,0,0,0,0.23202882494026397,0.04762885606150876,0.27965768100177274,0.23648925173029245,0.04316842927148029,30.217900490036204
2021,LAR,Justin Lawler,50592,ED,EDGE,18,4,0,0.0,1,0,0,0,0,0,0.20632555134478564,0.038969064050325346,0.245294615395111,0.2021575437637748,0.043137071631336205,1.6775527856630745
2024,TB,Antoine Winfield Jr.,42475,S,S,601,346,141,0.407514450867052,10,2,13,0,0,1,0.24407047292786008,0.053710328364261914,0.297780801292122,0.2546539193746793,0.04312688191744268,0.05023097727489165
2022,SEA,Bruce Irvin,7021,ED,EDGE,436,28,13,0.4642857142857143,24,5,20,0,0,0,0.16375197627806487,0.08129130836706477,0.24504328464512967,0.2021575437637748,0.042885740881354883,0.0688532537085973
2023,NE,Trysten Hill,44519,DI,IDL,4,0,0,0.0,0,0,0,0,0,0,0.22293971909409738,0.043298960055917046,0.2662386791500144,0.22337835625431512,0.0428603228956993,7.500556506747377
2022,BUF,Nyheim Hines,48103,HB,UNKNOWN,1,0,0,0.0,0,0,0,0,0,0,0.23166934971598863,0.04762885606150876,0.2792982057774974,0.23648925173029245,0.04280895404720497,29.96626783304348
2022,BAL,Brandon Copeland,8378,ED,EDGE,52,2,0,0.0,3,1,2,0,0,0,0.19622144524148424,0.048725235597215755,0.24494668083870003,0.2021575437637748,0.04278913707492524,0.5760076144701474
2021,TEN,A.J. Brown,48327,WR,UNKNOWN,5,4,0,0.0,0,0,0,0,0,0,0.231539975593497,0.04762885606150876,0.2791688316550058,0.23648925173029245,0.04267957992471333,5.975141189459865
2023,MIA,Channing Tindall,82548,LB,LB,12,5,0,0.0,0,0,2,0,0,0,0.22008815613240063,0.04897136693347599,0.2690595230658766,0.2264117320729514,0.042647790992925205,2.487787807920637
2022,ARI,Michael Dogbe,48850,DI,IDL,282,0,0,0.0,5,0,12,0,0,0,0.17073802748846428,0.0952873273706274,0.2660253548590917,0.22337835625431512,0.042646998604776554,0.10586134405440988
2024,LAC,Justin Eboigbe,98925,DI,IDL,26,0,0,0.0,0,0,0,0,0,0,0.22269778759581443,0.043298960055917046,0.2659967476517315,0.22337835625431512,0.042618391397416355,1.1474182299304405
2022,WAS,Milo Eifler,43421,LB,LB,7,1,0,0.0,0,0,1,0,0,0,0.21758761723015094,0.05138692485922629,0.2689745420893772,0.2264117320729514,0.04256281001642581,4.256281001642582
2023,NO,Jack Heflin,44570,DI,IDL,17,0,0,0.0,2,0,0,0,0,0,0.2226279919642481,0.043298960055917046,0.26592695202016514,0.22337835625431512,0.04254859576585002,1.752001002123236
2021,CIN,Wyatt Ray,50115,ED,EDGE,237,11,9,0.8181818181818182,7,1,4,0,1,0,0.16023013121192303,0.08444726704594316,0.24467739825786622,0.2021575437637748,0.04251985449409143,0.12558606812600845
2022,MIA,Noah Igbinoghene,61155,CB,CB,238,172,134,0.7790697674418605,0,0,0,1,0,1,0.24892241101730045,0.05628864807269217,0.3052110590899926,0.26270954927892354,0.04250150981106904,0.12500444062079127
2021,KC,Willie Gay,57987,LB,LB,554,250,308,1.232,8,1,25,2,1,3,0.21212460578572984,0.05654103748144826,0.26866564326717807,0.2264117320729514,0.04225391119422667,0.053389418476459685
2021,BAL,Brandon Williams,7875,DI,IDL,447,0,0,0.0,10,0,16,0,0,0,0.16688701431046082,0.0986044285819398,0.2654914428924007,0.22337835625431512,0.04211308663808555,0.0659489052497984
2022,DEN,Ronald Darby,9483,CB,CB,280,172,111,0.6453488372093024,0,0,2,0,1,1,0.24835807178280125,0.05628864807269217,0.30464671985549346,0.26270954927892354,0.041937170576569927,0.10484292644142483
2021,DEN,Shamar Stephen,8854,DI,IDL,393,0,0,0.0,11,0,13,0,0,0,0.18132421175885483,0.08394136804272638,0.2652655798015812,0.22337835625431512,0.041887223547266095,0.07460828621650449
2023,LAC,Deane Leonard,124140,CB,CB,222,127,147,1.1574803149606299,0,0,6,0,0,3,0.24826012527465466,0.05628864807269217,0.3045487733473468,0.26270954927892354,0.041839224068423275,0.13192548129683015
2021,GB,T.J. Slaton,56597,DI,IDL,266,0,0,0.0,6,2,9,0,0,0,0.18435765085995687,0.08085896233758393,0.2652166131975408,0.22337835625431512,0.04183825694322568,0.11010067616638337
2022,LV,Tyler Hall,43958,CB,CB,218,151,43,0.2847682119205298,2,1,6,0,0,4,0.2480762758850928,0.05628864807269217,0.30436492395778497,0.26270954927892354,0.041655374678861434,0.1337557902532248
2023,CAR,Kamu Grugier-Hill,10842,LB,LB,403,151,114,0.7549668874172185,3,1,11,1,0,0,0.2162269594861437,0.05177938858131815,0.2680063480674619,0.2264117320729514,0.041594615994510475,0.07224871264555169
2022,WAS,Jeremy Reaves,50406,S,S,149,76,25,0.32894736842105265,0,0,7,0,0,1,0.2392407560022328,0.056969290414904186,0.296210046417137,0.2546539193746793,0.0415561270424577,0.19523012704510329
2023,TB,Deadrin Senat,48815,DI,IDL,18,0,0,0.0,0,0,0,0,0,0,0.22161287383261766,0.043298960055917046,0.26491183388853473,0.22337835625431512,0.04153347763421961,1.615190796886318
2022,CLE,Taven Bryan,48753,DI,IDL,642,3,14,4.666666666666667,23,4,10,0,0,0,0.18695169511265736,0.0777776852575603,0.2647293803702177,0.22337835625431512,0.04135102411590258,0.045086786419208415
2023,DET,Tyson Alualu,5535,DI,IDL,152,0,0,0.0,3,1,3,0,0,0,0.21062885340600287,0.0540136805394206,0.26464253394542353,0.22337835625431512,0.041264177691108406,0.19003239726168344
2022,JAC,Daniel Thomas,42544,S,S,32,21,0,0.0,0,0,0,0,0,0,0.24392279490499974,0.051958752067100454,0.2958815469721002,0.2546539193746793,0.04122762759742088,0.9018543536935817
2021,LAR,Chris Garrett,136106,ED,EDGE,4,0,0,0.0,0,0,0,0,0,0,0.2043957185650795,0.038969064050325346,0.24336478261540484,0.2021575437637748,0.04120723885163005,7.211266799035259
2022,DEN,Essang Bassey,45258,CB,CB,222,170,127,0.7470588235294118,1,0,4,0,0,1,0.24756018240545688,0.05628864807269217,0.30384883047814903,0.26270954927892354,0.0411392811992255,0.12971845423179212
2022,MIA,Emmanuel Ogbah,10666,ED,EDGE,326,0,0,0.0,15,1,7,0,0,0,0.18325092203166254,0.05986763755495209,0.24311855958661469,0.2021575437637748,0.0409610158228399,0.08795310146008567
2021,NE,Henry Anderson,9526,DI,IDL,35,0,0,0.0,1,0,1,0,0,0,0.214191596388417,0.05012729097651849,0.26431888736493553,0.22337835625431512,0.040940531110620404,0.8188106222124081
2022,LAR,Keir Thomas,42509,ED,EDGE,71,4,0,0.0,0,0,4,0,0,0,0.15788433152030493,0.08521141018341631,0.24309574170372125,0.2021575437637748,0.040938197939946463,0.40361603602764123
2024,KC,Blake Lynch,47621,LB,LB,25,4,0,0.0,0,0,2,0,0,0,0.2178680721987426,0.04945976670565746,0.2673278389044001,0.2264117320729514,0.040916106831448695,1.1456509912805635
2023,ATL,Andre Smith,50897,LB,LB,113,45,33,0.7333333333333333,0,0,6,0,1,1,0.21068240910182165,0.05662844992077556,0.26731085902259727,0.2264117320729514,0.04089912694964587,0.2533574235818771
2021,CIN,Tyler Shelvin,58438,DI,IDL,75,0,0,0.0,1,0,1,0,0,0,0.21597233484768447,0.04807693650767856,0.26404927135536305,0.22337835625431512,0.04067091510104792,0.3795952076097806
2021,HOU,Kamu Grugier-Hill,10842,LB,LB,778,367,517,1.4087193460490464,10,3,48,1,2,3,0.20646206421094696,0.060586521390279896,0.26704858560122685,0.2264117320729514,0.04063685352827545,0.03656272168353833
2022,MIN,Cameron Dantzler,42472,CB,CB,505,336,396,1.1785714285714286,0,0,18,0,1,5,0.24698746940853925,0.05628864807269217,0.3032761174812314,0.26270954927892354,0.04056656820230786,0.056230886617060404
2024,TEN,Jarvis Brownlee Jr.,99734,CB,CB,911,508,663,1.3051181102362204,2,0,21,1,0,6,0.24689819944734387,0.05628864807269217,0.30318684752003605,0.26270954927892354,0.040477298241112514,0.03110220501512487
2022,TEN,Jack Gibbens,57662,LB,LB,214,118,107,0.9067796610169492,1,0,8,1,0,0,0.21190530770375615,0.054967017467883905,0.26687232517164006,0.2264117320729514,0.04046059309868866,0.1323477344349629
2023,ATL,Troy Andersen,57317,LB,LB,139,73,64,0.8767123287671232,3,1,6,0,0,0,0.2135230586420386,0.053293627897714885,0.2668166865397535,0.2264117320729514,0.04040495446680209,0.20347818796231268
2023,TEN,Jeffery Simmons,43742,DI,IDL,657,10,0,0.0,47,6,29,0,1,0,0.1753766789743332,0.08817187214392651,0.26354855111825976,0.22337835625431512,0.04017019486394463,0.04279929437558789
2023,NO,Ryan Connelly,49840,LB,IDL,1,0,0,0.0,0,0,0,0,0,0,0.220196015862266,0.043298960055917046,0.26349497591818305,0.22337835625431512,0.040116619663867925,28.081633764707547
2021,KC,Nick Bolton,81322,LB,LB,732,349,386,1.1060171919770774,10,0,49,0,0,2,0.19651757753890298,0.06995665639961389,0.2664742339385169,0.2264117320729514,0.04006250186556548,0.03831113566379213
2024,BUF,Austin Johnson,10677,DI,IDL,353,0,0,0.0,8,1,10,2,0,0,0.19225621563884351,0.07090330536250837,0.2631595210013519,0.22337835625431512,0.0397811647470368,0.07888616238789167
2022,MIA,Raekwon Davis,44582,DI,IDL,611,8,0,0.0,14,1,12,0,0,0,0.18935357291833477,0.07373746983325907,0.2630910427515939,0.22337835625431512,0.03971268649727877,0.04549734950588402
2024,MIA,Storm Duck,97705,CB,CB,359,230,244,1.0608695652173914,1,0,12,0,0,1,0.2461092741067324,0.05628864807269217,0.30239792217942457,0.26270954927892354,0.039688372900501034,0.07738679952743935
2024,TEN,Amani Hooker,51378,S,S,848,469,220,0.4690831556503198,5,0,17,5,2,2,0.24046062828214768,0.053835159199771214,0.29429578748191887,0.2546539193746793,0.039641868107239575,0.03272324018286286
2023,LV,Matthew Butler,62931,DI,IDL,11,0,0,0.0,0,0,0,0,0,0,0.21966535243523966,0.043298960055917046,0.2629643124911567,0.22337835625431512,0.03958595623684158,2.5191063059808276
2022,LAC,Chris Rumph II,56345,ED,EDGE,305,22,13,0.5909090909090909,17,2,3,0,0,0,0.1879131698009323,0.05381296646418084,0.24172613626511316,0.2021575437637748,0.03956859250133837,0.09081316311782577
2024,SEA,Tre Brown,55677,CB,CB,290,193,215,1.1139896373056994,0,0,4,0,0,1,0.24595026764932426,0.05628864807269217,0.3022389157220164,0.26270954927892354,0.03952936644309285,0.09541571210401723
2021,MIA,Sam Eguavoen,15301,LB,EDGE,181,44,30,0.6818181818181818,15,1,4,0,0,0,0.1794804768068729,0.062176825770978196,0.24165730257785112,0.2021575437637748,0.03949975881407633,0.1527614981759858
2022,DEN,Eyioma Uwazurike,45414,DI,IDL,165,0,0,0.0,4,0,10,0,0,0,0.17921328276254522,0.08351991564219013,0.26273319840473536,0.22337835625431512,0.03935484215042023,0.1669599363957222
2022,LAC,Joe Gaziano,27949,DI,IDL,114,0,0,0.0,4,1,5,0,0,0,0.19841334506220348,0.06431836307751929,0.2627317081397228,0.22337835625431512,0.03935335188540767,0.24164338877004712
2022,LAC,Otito Ogbonnia,82450,DI,IDL,138,0,0,0.0,4,0,5,0,0,0,0.18387670886664775,0.07866768849255057,0.2625443973591984,0.22337835625431512,0.039166041104883254,0.19866832444505997
2023,CAR,DeShawn Williams,9891,DI,IDL,443,0,0,0.0,18,1,12,0,0,0,0.1892655511449519,0.07323248460514797,0.2624980357500999,0.22337835625431512,0.039119679495784765,0.06181439197979534
2022,DET,DeShon Elliott,28854,S,S,859,517,230,0.4448742746615087,5,0,20,1,1,3,0.23800748368269667,0.05576075613502369,0.29376823981772043,0.2546539193746793,0.03911432044304114,0.031874300710278
2024,KC,Jack Cochrane,63345,LB,LB,9,4,0,0.0,0,0,0,0,0,0,0.2178680721987426,0.04762885606150876,0.2654969282602514,0.2264117320729514,0.0390851961873,3.0399597034566668
2021,ARI,Kylie Fitts,48553,ED,EDGE,23,1,0,0.0,2,0,1,0,0,0,0.19579913232377288,0.045382916876595375,0.24118204920036826,0.2021575437637748,0.03902450543659347,1.1877023393745838
2023,IND,Segun Olubi,128312,LB,LB,115,62,25,0.4032258064516129,0,0,8,1,0,0,0.21218825539540503,0.053219939814703215,0.2654081952101083,0.2264117320729514,0.03899646313715688,0.23736977561747666
2022,ARI,Jace Whittaker,50465,CB,CB,281,149,266,1.7852348993288591,1,0,6,0,0,3,0.24531276542206928,0.05628864807269217,0.30160141349476144,0.26270954927892354,0.0388918642158379,0.09688364751276345
2021,LAC,Asante Samuel Jr.,76625,CB,CB,693,396,529,1.3358585858585859,0,0,11,2,0,7,0.2452745857526418,0.05628864807269217,0.301563233825334,0.26270954927892354,0.03885368454641047,0.03924614600647522
2022,GB,Eric Stokes,55912,CB,CB,477,252,275,1.0912698412698412,0,0,7,0,0,0,0.24524451121742719,0.05628864807269217,0.3015331592901193,0.26270954927892354,0.038823610011195775,0.05697385116946969
2021,KC,Mike Hughes,34057,CB,CB,609,427,522,1.2224824355971897,0,0,10,1,4,6,0.2452355640743495,0.05628864807269217,0.30152421214704167,0.26270954927892354,0.03881466286811813,0.04461455502082544
2023,LAC,Otito Ogbonnia,82450,DI,IDL,223,0,0,0.0,8,0,9,0,0,0,0.1832432332122719,0.07883278209459536,0.26207601530686725,0.22337835625431512,0.038697659052552125,0.12147247236227124
2022,ATL,Dee Alford,110542,CB,CB,246,198,240,1.2121212121212122,3,1,11,1,0,3,0.24509792325750532,0.05628864807269217,0.3013865713301975,0.26270954927892354,0.038677022051273935,0.11005656681256812
2024,CLE,James Houston,57810,ED,EDGE,141,5,0,0.0,15,1,2,0,0,0,0.19337940965171932,0.04739202783998579,0.2407714374917051,0.2021575437637748,0.03861389372793031,0.19170018162802283
2024,PHI,Kelee Ringo,124035,CB,CB,129,80,64,0.8,0,0,1,0,0,1,0.24488174904580565,0.05628864807269217,0.30117039711849786,0.26270954927892354,0.03846084783957432,0.2087022750984653
2022,PIT,Tae Crowder,35774,LB,LB,445,195,173,0.8871794871794871,6,1,14,0,0,1,0.2084940342686123,0.0563640028340658,0.26485803710267813,0.2264117320729514,0.038446305029726735,0.06047733375462632
2021,TEN,Kevin Strong,48981,DI,IDL,77,1,0,0.0,0,0,4,0,0,0,0.19715995907057599,0.06462689258105328,0.26178685165162924,0.22337835625431512,0.03840849539731411,0.3491681399755829
2022,WAS,Nathan Gerry,11940,LB,LB,1,0,0,0.0,0,0,0,0,0,0,0.21717398840328003,0.04762885606150876,0.2648028444647888,0.2264117320729514,0.0383911123918374,26.873778674286182
2023,HOU,Eric Murray,10740,S,S,176,110,22,0.2,0,0,2,0,1,0,0.2396498479051226,0.05336912005735138,0.293018967962474,0.2546539193746793,0.038365048587794714,0.15258826142872897
2021,DAL,Brent Urban,8769,DI,IDL,160,1,0,0.0,8,0,0,0,0,0,0.2184421303832706,0.043298960055917046,0.26174109043918764,0.22337835625431512,0.038362734184872516,0.16783696205881726
2024,CHI,Terell Smith,83302,CB,CB,207,121,142,1.1735537190082646,0,0,7,1,0,3,0.24476841378206585,0.05628864807269217,0.301057061854758,0.26270954927892354,0.038347512575834464,0.12967757875886052
2021,DAL,Austin Faoliu,56800,DI,IDL,13,0,0,0.0,0,0,1,0,0,0,0.21034428187104542,0.05135374576875265,0.26169802763979805,0.22337835625431512,0.03831967138548292,2.0633669207567724
2021,GB,Kevin King,11788,CB,CB,311,203,275,1.354679802955665,1,0,8,1,0,2,0.24467996248075105,0.05628864807269217,0.3009686105534432,0.26270954927892354,0.03825906127451967,0.08611364274007642
2023,TEN,K'Von Wallace,42467,S,S,807,487,239,0.49075975359342916,4,0,17,1,0,5,0.23881848398631403,0.05408280320977694,0.29290128719609093,0.2546539193746793,0.03824736782141164,0.033176155483256684
2023,TEN,Amani Hooker,51378,S,S,867,505,427,0.8455445544554455,2,0,19,1,0,5,0.23854760713466852,0.05417596031755852,0.29272356745222705,0.2546539193746793,0.03806964807754776,0.0307367400856787
2021,HOU,Christian Kirksey,8706,LB,LB,790,390,463,1.1871794871794872,6,0,36,1,0,6,0.20827331365084062,0.05617880641014968,0.2644521200609903,0.2264117320729514,0.03804038798803888,0.033706672900793946
2023,NO,Ugo Amadi,49352,CB,CB,83,45,66,1.4666666666666666,1,0,4,0,0,1,0.2444064936404227,0.05628864807269217,0.30069514171311484,0.26270954927892354,0.037985592434191306,0.32036041811968574
2022,IND,Khalid Kareem,42993,ED,EDGE,61,0,0,0.0,4,0,0,0,0,0,0.2011683984994917,0.038969064050325346,0.24013746254981705,0.2021575437637748,0.03797991878604226,0.435835133610321
2022,MIA,Justin Bethel,7654,CB,CB,125,102,107,1.0490196078431373,0,0,2,1,0,2,0.24414954199533304,0.05628864807269217,0.30043819006802525,0.26270954927892354,0.03772864078910171,0.21128038841896957
2023,LAC,Nick Niemann,43500,LB,LB,247,144,102,0.7083333333333334,5,0,8,0,0,0,0.2078628706537322,0.05615805964290551,0.2640209302966377,0.2264117320729514,0.0376091982236863,0.10658477229384783
2023,ATL,Joe Gaziano,27949,ED,EDGE,48,0,0,0.0,1,0,1,0,0,0,0.19489649135071715,0.044848637640461674,0.23974512899117884,0.2021575437637748,0.03758758522740405,0.548152284566309
2023,CAR,Shy Tuttle,37279,DI,IDL,547,0,0,0.0,2,1,20,0,0,0,0.1776984359127627,0.08322712282464609,0.2609255587374088,0.22337835625431512,0.03754720248309368,0.048049436450028474
2022,NE,Tae Hayes,35173,CB,CB,70,43,15,0.3488372093023256,0,0,2,0,0,0,0.2439571336120557,0.05628864807269217,0.3002457816847479,0.26270954927892354,0.03753623240582438,0.37536232405824377
2022,PHI,Zech McPhearson,45464,CB,CB,112,67,40,0.5970149253731343,1,1,1,0,0,1,0.24380800057095553,0.05628864807269217,0.3000966486436477,0.26270954927892354,0.037387099364724174,0.2336693710295261
2023,DET,Will Harris,51336,CB,CB,195,126,165,1.3095238095238095,3,0,5,1,0,1,0.24376443296527142,0.05628864807269217,0.3000530810379636,0.26270954927892354,0.03734353175904004,0.13405370375040015
2021,HOU,Desmond King II,11906,CB,CB,929,528,729,1.3806818181818181,0,0,20,3,1,4,0.2436683211879969,0.05628864807269217,0.29995696926068904,0.26270954927892354,0.037247419981765506,0.028065870815108564
2021,CHI,Thomas Graham Jr.,55685,CB,CB,112,59,52,0.8813559322033898,0,0,3,0,0,4,0.24350938015486137,0.05628864807269217,0.2997980282275535,0.26270954927892354,0.03708847894862999,0.2318029934289374
2024,LV,Christian Wilkins,50293,DI,IDL,246,7,4,0.5714285714285714,9,2,11,0,0,0,0.17624760220166022,0.08415440367657642,0.26040200587823664,0.22337835625431512,0.03702364962392152,0.1053518485233539
2024,CHI,Jaquan Brisker,101665,S,S,293,168,97,0.5773809523809523,1,1,11,1,1,0,0.23439414274539347,0.05711408954256126,0.2915082322879547,0.2546539193746793,0.0368543129132754,0.08804784655048731
2023,DET,Kindle Vildor,49346,CB,CB,388,271,455,1.6789667896678966,1,0,8,0,1,0,0.24323458201927275,0.05628864807269217,0.29952323009196496,0.26270954927892354,0.03681368081304143,0.06641643445651804
2022,DET,Jeff Okudah,55674,CB,CB,789,464,621,1.3383620689655173,1,0,19,1,1,5,0.24322290007042074,0.05628864807269217,0.2995115481431129,0.26270954927892354,0.03680199886418939,0.0326506960772276
2022,PIT,Damontae Kazee,11904,S,S,273,193,24,0.12435233160621761,0,0,2,2,0,0,0.2394715648130832,0.051958752067100454,0.29143031688018367,0.2546539193746793,0.03677639750550438,0.09429845514231891
2024,NO,Willie Gay,57987,LB,LB,277,116,168,1.4482758620689655,4,2,10,0,1,1,0.2049145289194139,0.05823062293493902,0.26314515185435294,0.2264117320729514,0.036733419781401544,0.09282813663170064
2023,DEN,Damarri Mathis,56143,CB,CB,440,253,385,1.5217391304347827,0,0,5,0,0,1,0.2430968779767896,0.05628864807269217,0.29938552604948176,0.26270954927892354,0.03667597677055823,0.058348144862251726
2024,BUF,Cole Bishop,146454,S,S,464,275,107,0.3890909090909091,2,0,7,0,0,1,0.23632821504834017,0.05488708255004231,0.2912152975983825,0.2546539193746793,0.0365613782237032,0.055157251630586726
2021,IND,E.J. Speed,94351,LB,LB,146,74,116,1.5675675675675675,3,0,8,0,1,1,0.2043417164086562,0.05860174395355229,0.2629434603622085,0.2264117320729514,0.036531728289257104,0.17515212193479435
2021,CAR,Jacob Tuioti-Mariner,50141,ED,EDGE,73,12,12,1.0,3,2,3,0,0,0,0.1801387819896827,0.05847034491701668,0.23860912690669936,0.2021575437637748,0.03645158314292457,0.3495357287677699
2021,SF,Deommodore Lenoir,55686,CB,CB,238,162,200,1.2345679012345678,0,0,3,0,0,1,0.24284445914967426,0.05628864807269217,0.2991331072223664,0.26270954927892354,0.036423557943442875,0.10712811159836139
2024,LAC,Eli Apple,10644,CB,CB,47,40,12,0.3,0,0,1,0,0,1,0.24272691847002814,0.05628864807269217,0.2990155665427203,0.26270954927892354,0.036306017263796786,0.5407279166948458
2023,LAC,Scott Matlock,82482,DI,IDL,266,1,0,0.0,3,0,6,0,0,0,0.1790485205973107,0.08053061643566446,0.2595791370329752,0.22337835625431512,0.03620078077866007,0.09526521257542124
2022,SEA,Shelby Harris,8869,DI,IDL,591,0,0,0.0,30,2,24,0,0,0,0.17012485909854805,0.08940711206123451,0.25953197115978255,0.22337835625431512,0.036153614905467424,0.04282154049716953
2022,NYJ,Jamien Sherwood,83175,LB,LB,25,11,5,0.45454545454545453,1,1,7,0,0,0,0.20301146899739844,0.05953359487792134,0.26254506387531984,0.2264117320729514,0.03613333180236844,1.0117332904663163
2021,PIT,Buddy Johnson,58189,LB,LB,6,2,0,0.0,0,0,0,0,0,0,0.21480314118298977,0.04762885606150876,0.2624319972444985,0.2264117320729514,0.036020265171547106,4.202364270013829
2022,LAC,Nick Niemann,43500,LB,LB,8,3,0,0.0,0,0,0,0,0,0,0.21469501958162873,0.04762885606150876,0.2623238756431375,0.2264117320729514,0.03591214357018613,3.142312562391286
2024,CLE,Khaleke Hudson,49073,LB,LB,13,1,0,0.0,1,0,1,0,0,0,0.21398929279603696,0.04830512630630308,0.2622944191023401,0.2264117320729514,0.03588268702938868,1.9321446861978522
2021,CHI,Margus Hunt,7834,DI,IDL,151,0,0,0.0,3,0,8,0,0,0,0.16045577372675696,0.09861856598907116,0.25907433971582816,0.22337835625431512,0.03569598346151304,0.16547806902688164
2024,CLE,Tony Fields II,57698,LB,LB,14,5,0,0.0,0,0,1,0,0,0,0.21372937723440807,0.04830512630630308,0.26203450354071117,0.2264117320729514,0.03562277146775977,1.7811385733879885
2022,MIN,Jonathan Bullard,10706,DI,IDL,333,0,0,0.0,5,1,14,0,0,0,0.1665854294436116,0.09233981571566627,0.2589252451592779,0.22337835625431512,0.03554688890496277,0.07472318989031214
2021,IND,Nyheim Hines,48103,HB,UNKNOWN,1,0,0,0.0,0,0,0,0,0,0,0.22440621240582934,0.04762885606150876,0.2720350684673381,0.23648925173029245,0.035545816737045655,24.882071715931957
2021,IND,Ashton Dulin,91479,WR,UNKNOWN,1,0,0,0.0,0,0,0,0,0,0,0.22440621240582934,0.04762885606150876,0.2720350684673381,0.23648925173029245,0.035545816737045655,24.882071715931957
2022,TB,Olakunle Fatukasi,58122,LB,LB,1,0,0,0.0,0,0,0,0,0,0,0.21432539127436678,0.04762885606150876,0.2619542473358755,0.2264117320729514,0.035542515262924124,24.879760684046886
2022,TEN,Kevin Strong,48981,DI,IDL,305,2,0,0.0,5,0,11,0,0,0,0.17795182642424007,0.08090214800979881,0.2588539744340389,0.22337835625431512,0.03547561817972378,0.08141945156002178
2021,PIT,Arthur Maulet,12224,CB,CB,380,204,261,1.2794117647058822,9,0,19,0,1,0,0.2418357936452476,0.05628864807269217,0.2981244417179397,0.26270954927892354,0.03541489243901619,0.06523795975608246
2024,DET,Marcus Davenport,50291,ED,EDGE,89,2,0,0.0,7,1,1,0,0,0,0.19384055234712982,0.04371573156907198,0.23755628391620182,0.2021575437637748,0.03539874015242703,0.27841705737863953
2024,BAL,Michael Pierce,11101,DI,IDL,254,6,0,0.0,17,4,7,1,0,0,0.20280996367003354,0.05582596539357511,0.25863592906360866,0.22337835625431512,0.035257572809293536,0.09716653923821054
2021,CIN,Renell Wren,48953,DI,IDL,41,0,0,0.0,0,0,0,0,0,0,0.21531472771635826,0.043298960055917046,0.25861368777227534,0.22337835625431512,0.03523533151796021,0.6015788307944426
2024,BUF,Kaiir Elam,98693,CB,CB,359,229,266,1.1615720524017468,1,0,10,0,0,2,0.2415252818294538,0.05628864807269217,0.29781392990214595,0.26270954927892354,0.03510438062322241,0.06844865302578186
2023,NE,Christian Elliss,61853,LB,LB,119,67,67,1.0,3,0,4,0,0,0,0.20154704306945737,0.05995884542445592,0.26150588849391326,0.2264117320729514,0.035094156420961864,0.20643621424095213
2021,TB,Patrick O'Connor,12005,DI,IDL,46,2,2,1.0,4,1,2,0,0,0,0.1814737171081412,0.07699426932823879,0.25846798643638,0.22337835625431512,0.0350896301820649,0.5339726332053355
2022,BAL,Kevon Seymour,10852,CB,UNKNOWN,6,1,0,0.0,0,0,0,0,0,0,0.22390250039576942,0.04762885606150876,0.27153135645727816,0.23648925173029245,0.03504210472698571,4.088245551481666
2023,JAC,Chad Muma,75818,LB,LB,146,78,79,1.0128205128205128,3,0,3,0,0,1,0.21083833790935547,0.05058684843606741,0.2614251863454229,0.2264117320729514,0.03501345427247149,0.1678727259639044
2023,CIN,Devin Harper,42494,LB,LB,5,3,0,0.0,0,0,1,0,0,0,0.21332064175204438,0.04809891133627377,0.26141955308831816,0.2264117320729514,0.03500782101536676,4.901094942151346
2021,CIN,Ricardo Allen,8782,S,S,171,142,54,0.38028169014084506,0,0,4,0,0,0,0.23702281987431353,0.05251735619121516,0.28954017606552873,0.2546539193746793,0.03488625669084944,0.14280923791575792
2023,CIN,Josh Tupou,12093,DI,IDL,287,0,0,0.0,6,0,9,0,0,0,0.18409675661003175,0.07387110452780664,0.2579678611378384,0.22337835625431512,0.03458950488352325,0.08436464605737377
2022,LAC,J.C. Jackson,42781,CB,CB,244,165,370,2.242424242424242,0,0,3,0,0,1,0.24095467571775195,0.05628864807269217,0.2972433237904441,0.26270954927892354,0.034533774511520565,0.09907230392649342
2024,HOU,Ka'dar Hollman,49446,CB,CB,116,82,58,0.7073170731707317,0,0,1,0,0,2,0.24095153852293363,0.05628864807269217,0.2972401865956258,0.26270954927892354,0.03453063731670225,0.20837453553182395
2024,LAR,Bobby Brown III,82429,DI,IDL,513,0,0,0.0,3,0,19,0,0,0,0.16655234826172857,0.09133796305020422,0.2578903113119328,0.22337835625431512,0.03451195505761767,0.04709233633593055
2023,DET,Jalen Reeves-Maybin,11879,LB,LB,121,85,83,0.9764705882352941,3,2,5,0,1,0,0.20446514040257616,0.056412325447479664,0.26087746585005583,0.2264117320729514,0.034465733777104435,0.19938854251217442
2022,HOU,Amari Rodgers,61212,WR,UNKNOWN,1,0,0,0.0,0,0,0,0,0,0,0.223239369659354,0.04762885606150876,0.2708682257208628,0.23648925173029245,0.03437897399057033,24.06528179339923
2023,SF,Darrell Luter Jr.,121428,CB,CB,64,35,0,0.0,0,0,1,0,0,0,0.24072073474422231,0.05628864807269217,0.29700938281691447,0.26270954927892354,0.03429983353799093,0.3751544293217758
2022,HOU,Taylor Stallworth,48935,DI,IDL,73,0,0,0.0,1,0,2,0,0,0,0.19516472014956307,0.062489782229014856,0.25765450237857795,0.22337835625431512,0.03427614612426283,0.3286753737943011
2021,DEN,Jonas Griffith,35858,LB,LB,255,127,103,0.8110236220472441,3,0,21,0,0,0,0.19020460481580037,0.07031235951018003,0.2605169643259804,0.2264117320729514,0.03410523225302903,0.09362220618478556
2024,SEA,Ty Okada,56089,S,S,33,22,0,0.0,0,0,0,0,0,0,0.23671845264478986,0.051958752067100454,0.2886772047118903,0.2546539193746793,0.034023285337210996,0.721706052607506
2022,GB,Keisean Nixon,56167,CB,CB,290,169,239,1.4142011834319526,1,0,9,1,1,0,0.24035729608165576,0.05628864807269217,0.296645944154348,0.26270954927892354,0.033936394875424436,0.0819154359061969
2023,NO,Monty Rice,57839,LB,LB,86,34,33,0.9705882352941176,1,0,6,0,0,0,0.19633580701523579,0.06395957169888862,0.26029537871412445,0.2264117320729514,0.03388364664117305,0.2757971238235015
2022,SEA,Boye Mafe,55220,ED,EDGE,452,46,73,1.5869565217391304,12,3,23,0,0,0,0.1501403644041102,0.08589834414949002,0.23603870855360023,0.2021575437637748,0.033881164789825446,0.05247083042672082
2021,TB,Cam Gill,33560,ED,EDGE,109,7,38,5.428571428571429,7,2,2,0,0,0,0.1818500844448176,0.05410797281424753,0.23595805725906513,0.2021575437637748,0.03380051349529034,0.21706751785966272
2024,CHI,Andrew Billings,10756,DI,IDL,297,2,0,0.0,14,1,7,0,1,0,0.18253449018977064,0.07462421307049917,0.25715870326026985,0.22337835625431512,0.033780347005954725,0.07961697947531417
2021,MIN,Tashawn Bower,50170,ED,EDGE,66,6,0,0.0,3,1,3,0,0,0,0.18380739812314761,0.052076838872847066,0.23588423699599467,0.2021575437637748,0.033726693232219884,0.35770735246293817
2021,DEN,Micah Kiser,50879,LB,LB,98,40,0,0.0,3,0,3,0,0,0,0.20862421332833442,0.051456503048826985,0.2600807163771614,0.2264117320729514,0.03366898430421,0.24049274503007145
2024,CLE,Sam Kamara,24176,DI,IDL,273,0,0,0.0,9,0,6,0,0,0,0.18447618463269427,0.07254297939348392,0.2570191640261782,0.22337835625431512,0.03364080777186307,0.08625848146631555
2024,DET,Ifeatu Melifonwu,56203,S,S,178,127,40,0.31496062992125984,6,1,5,0,0,0,0.23402819231864505,0.05410930470463556,0.28813749702328056,0.2546539193746793,0.03348357764860127,0.13167699075292635
2021,CIN,Darius Phillips,49507,CB,CB,90,79,113,1.4303797468354431,0,0,2,0,0,2,0.23989688774434997,0.05628864807269217,0.29618553581704216,0.26270954927892354,0.03347598653811862,0.260368784185367
2022,LAR,David Long Jr.,27377,CB,CB,287,201,293,1.4577114427860696,0,0,5,0,0,1,0.2398818696987394,0.05628864807269217,0.29617051777143155,0.26270954927892354,0.033460968492508014,0.0816121182744098
2022,CLE,Perrion Winfrey,122952,DI,IDL,342,0,0,0.0,7,1,8,0,0,0,0.18410377068641418,0.0727039575885974,0.25680772827501164,0.22337835625431512,0.03342937202069651,0.06842269127043146
2023,TB,SirVocea Dennis,99767,LB,LB,104,59,49,0.8305084745762712,1,0,3,0,0,1,0.20950927095974184,0.050331400684789605,0.25984067164453145,0.2264117320729514,0.03342893957158005,0.225002477885635
2022,SEA,Al Woods,5646,DI,IDL,405,2,0,0.0,13,2,22,0,0,0,0.16504330342520057,0.09172909934132689,0.25677240276652746,0.22337835625431512,0.03339404651221234,0.057718105082836146
2022,ATL,Darren Hall,60742,CB,CB,633,336,362,1.0773809523809523,0,0,6,0,1,3,0.2397435087424246,0.05628864807269217,0.2960321568151168,0.26270954927892354,0.03332260753619326,0.03684964498473189
2021,MIA,Jabaal Sheard,6189,ED,EDGE,13,1,0,0.0,0,0,0,0,0,0,0.19648200156714882,0.038969064050325346,0.2354510656174742,0.2021575437637748,0.03329352185369941,1.7927280998145836
2021,MIA,Vince Biegel,11863,ED,EDGE,7,1,0,0.0,0,0,0,0,0,0,0.19648200156714882,0.038969064050325346,0.2354510656174742,0.2021575437637748,0.03329352185369941,3.329352185369941
2022,TEN,Sam Okuayinonu,101425,ED,EDGE,105,3,0,0.0,4,1,4,0,0,0,0.18022998547927976,0.05506322849458673,0.23529321397386652,0.2021575437637748,0.03313567021009173,0.22090446806727818
2021,MIA,Darius Hodge,82319,ED,EDGE,6,0,0,0.0,0,0,0,0,0,0,0.19621221262940997,0.038969064050325346,0.23518127667973532,0.2021575437637748,0.03302373291596053,3.852768840195395
2021,BAL,DeShon Elliott,28854,S,S,305,196,85,0.4336734693877551,6,1,6,1,0,0,0.23378423556325892,0.053885764007801394,0.2876699995710603,0.2546539193746793,0.033016080196381026,0.07577461028677612
2022,NO,Andrew Dowell,38956,LB,LB,2,1,0,0.0,0,0,0,0,0,0,0.21179587784669374,0.04762885606150876,0.25942473390820253,0.2264117320729514,0.03301300183525113,11.554550642337896
2022,LAC,JT Woods,77837,S,S,30,19,0,0.0,0,0,2,0,0,0,0.2356961359894798,0.051958752067100454,0.28765488805658024,0.2546539193746793,0.033000968681900944,0.7700226025776887
2022,CLE,Tony Fields II,57698,LB,LB,276,91,58,0.6373626373626373,2,0,14,1,1,0,0.20071336361485298,0.05841633961860618,0.25912970323345913,0.2264117320729514,0.03271797116050773,0.08298036163896888
2024,BAL,Marcus Williams,11797,S,S,601,432,247,0.5717592592592593,0,0,4,0,0,1,0.23474606385652594,0.052595787873730517,0.28734185173025645,0.2546539193746793,0.032687932355577154,0.038072466969890195
2021,HOU,Terrance Mitchell,8888,CB,CB,796,429,544,1.268065268065268,1,0,9,1,3,7,0.23906814084477446,0.05628864807269217,0.29535678891746664,0.26270954927892354,0.0326472396385431,0.028709884104246446
2022,NO,Nephi Sewell,56107,LB,LB,1,0,0,0.0,0,0,0,0,0,0,0.21140290152352842,0.04762885606150876,0.25903175758503716,0.2264117320729514,0.03262002551208576,22.834017858460033
2022,NYJ,Ashtyn Davis,49560,S,S,13,9,27,3.0,0,0,0,1,0,0,0.23515168550421292,0.051958752067100454,0.2871104375713134,0.2546539193746793,0.03245651819663409,1.7476586721264509
2024,CLE,Michael Hall Jr.,145076,DI,IDL,232,5,20,4.0,16,1,8,0,0,0,0.16829605220836452,0.08747440095762604,0.25577045316599056,0.22337835625431512,0.03239209691167544,0.09773477516453796
2021,GB,Henry Black,25687,S,S,283,212,215,1.0141509433962264,0,0,3,1,0,1,0.2343492593283828,0.052675534431120594,0.2870247937595034,0.2546539193746793,0.03237087438482411,0.08006930059850487
2022,IND,Kameron Cline,28668,ED,EDGE,12,0,0,0.0,0,0,1,0,0,0,0.1900411310231454,0.04441779716347362,0.23445892818661904,0.2021575437637748,0.03230138442284425,1.8842474246659144
2023,IND,Cameron McGrone,81300,LB,LB,8,0,0,0.0,0,0,1,0,0,0,0.21037384385083494,0.04832774153065807,0.258701585381493,0.2264117320729514,0.032289853308541616,2.8253621644973914
2024,LAR,Omar Speights,97723,LB,LB,504,239,218,0.9121338912133892,5,1,28,0,1,2,0.1993707058242727,0.05932641683663355,0.2586971226609063,0.2264117320729514,0.032285390587954876,0.04484082026104844
2022,LAR,Grant Haley,50473,CB,CB,129,89,94,1.0561797752808988,0,0,3,0,0,3,0.23868360280135725,0.05628864807269217,0.29497225087404944,0.26270954927892354,0.0322627015951259,0.1750689233844041
2021,SEA,Mike Jackson,50437,CB,CB,26,19,0,0.0,0,0,0,0,0,1,0.238662885239812,0.05628864807269217,0.2949515333125042,0.26270954927892354,0.03224198403358064,0.8680534162887095
2024,TEN,Arden Key,50201,ED,EDGE,734,24,35,1.4583333333333333,39,7,24,0,2,0,0.15757718734902545,0.07680790779831341,0.23438509514733885,0.2021575437637748,0.03222755138356406,0.030734722027922132
2022,CLE,Tommy Togiai,82501,DI,IDL,225,1,0,0.0,3,1,6,0,1,0,0.18462189813842797,0.07097059510047173,0.2555924932388997,0.22337835625431512,0.032214136984584585,0.10022175950759649
2023,SF,Logan Ryan,7864,S,S,268,175,57,0.32571428571428573,0,0,3,0,1,0,0.23163087104988977,0.05521887449088629,0.2868497455407761,0.2546539193746793,0.032195826166096786,0.08409357580696922
2021,CIN,Trae Waynes,9444,CB,CB,243,128,168,1.3125,0,0,3,0,0,1,0.2386161309687583,0.05628864807269217,0.2949047790414505,0.26270954927892354,0.03219522976252698,0.09274346022127113
2021,TEN,Amani Bledsoe,42782,ED,EDGE,88,0,0,0.0,1,0,1,0,0,0,0.18900463356384245,0.04524480819584668,0.23424944175968915,0.2021575437637748,0.03209189799591436,0.25527646133113696
2022,ARI,Jonathan Ledbetter,18645,DI,IDL,275,4,0,0.0,1,1,8,0,0,0,0.18002018322013427,0.07538216173342543,0.25540234495355973,0.22337835625431512,0.03202398869924461,0.08151560759807719
2024,PIT,Cory Trice Jr.,83353,CB,CB,194,130,122,0.9384615384615385,0,0,5,1,0,0,0.2384340143849638,0.05628864807269217,0.29472266245765594,0.26270954927892354,0.0320131131787324,0.11551123311913752
2024,TB,Greg Gaines,48706,DI,IDL,421,6,0,0.0,10,1,11,0,0,0,0.17430626348866915,0.08105036025250595,0.2553566237411751,0.22337835625431512,0.03197826748686,0.053170516011406176
2022,ATL,Casey Hayward Jr.,7064,CB,CB,355,236,225,0.9533898305084746,0,0,2,1,0,2,0.23814087852432952,0.05628864807269217,0.2944295265970217,0.26270954927892354,0.03171997731809817,0.06254643414836258
2024,BUF,Matt Milano,11918,LB,LB,333,150,167,1.1133333333333333,9,2,16,0,0,0,0.2017168907967489,0.056414602570471366,0.2581314933672203,0.2264117320729514,0.0317197612942689,0.06667817689485955
2023,ATL,DeAngelo Malone,56941,ED,EDGE,3,0,0,0.0,1,0,0,0,0,0,0.19489649135071715,0.038969064050325346,0.23386555540104254,0.2021575437637748,0.03170801163726775,7.398536048695808
2022,BAL,Daryl Worley,10711,CB,CB,67,48,52,1.0833333333333333,0,0,1,0,0,2,0.2381097547093011,0.05628864807269217,0.2943984027819933,0.26270954927892354,0.03168885350306977,0.33107757391266923
2021,NYG,Darnay Holmes,56247,CB,CB,282,194,220,1.134020618556701,3,0,5,1,0,0,0.2380937363334836,0.05628864807269217,0.2943823844061758,0.26270954927892354,0.031672835127252275,0.07862051272722197
2021,MIN,Pat Jones II,43974,ED,EDGE,99,0,0,0.0,1,0,5,0,0,0,0.17300791901381143,0.060815355421194886,0.2338232744350063,0.2021575437637748,0.03166573067123152,0.22389910575618244
2021,LAR,Bobby Brown III,82429,DI,IDL,29,0,0,0.0,0,0,0,0,0,0,0.21169455769050352,0.043298960055917046,0.2549935177464206,0.22337835625431512,0.03161516149210547,0.7631245877404769
2021,MIA,Brennan Scarlett,11169,ED,EDGE,165,19,15,0.7894736842105263,3,0,5,0,0,0,0.14290569827584454,0.0908438065930308,0.23374950486887536,0.2021575437637748,0.03159196110510057,0.1340265016580024
2024,HOU,Russ Yeast,55629,S,S,21,14,0,0.0,0,0,0,0,0,0,0.2342629720526459,0.051958752067100454,0.2862217241197464,0.2546539193746793,0.031567804745067096,1.0522601581689033
2021,TEN,Matthias Farley,10953,S,S,58,50,4,0.08,0,0,3,0,1,0,0.2342297595379439,0.051958752067100454,0.2861885116050443,0.2546539193746793,0.03153459223036503,0.3805899062285435
2023,HOU,Hassan Ridgeway,10750,DI,IDL,62,0,0,0.0,1,0,3,0,0,0,0.19923500062744826,0.05567631535998032,0.25491131598742856,0.22337835625431512,0.03153295973311343,0.3560172873093452
2022,PIT,James Pierre,60649,CB,CB,260,187,150,0.8021390374331551,0,0,2,1,0,2,0.2377321918683161,0.05628864807269217,0.2940208399410083,0.26270954927892354,0.03131129066208477,0.08429962870561283
2023,GB,Colby Wooden,98312,DI,IDL,298,0,0,0.0,12,1,9,0,0,0,0.18087127817069262,0.07378689608531358,0.25465817425600623,0.22337835625431512,0.031279818001691106,0.07347608255430796
2023,CLE,Matthew Adams,38526,LB,LB,96,41,45,1.0975609756097562,0,0,1,0,0,0,0.208171415724081,0.04950289988030282,0.25767431560438386,0.2264117320729514,0.031262583531432464,0.2279563382500284
2023,IND,Adetomiwa Adebawore,97934,DI,IDL,132,0,0,0.0,6,2,2,0,0,0,0.20394333320528776,0.05069457348606844,0.2546379066913562,0.22337835625431512,0.031259550437041095,0.16577034322673306
2022,KC,Bryan Cook,55940,S,S,397,321,205,0.6386292834890965,4,1,6,0,0,3,0.23311602170005905,0.05260583181690932,0.2857218535169684,0.2546539193746793,0.03106793414228909,0.05477973274459034
2022,LV,Jerry Tillery,49949,DI,IDL,448,6,0,0.0,19,1,11,0,1,0,0.17642184774248315,0.07801340681979378,0.25443525456227695,0.22337835625431512,0.031056898307961822,0.048526403606190344
2022,DET,Jerry Jacobs,83025,CB,CB,542,338,408,1.2071005917159763,1,1,14,1,0,5,0.2373986522316458,0.05628864807269217,0.293687300304338,0.26270954927892354,0.030977751025414446,0.040008165530978065
2021,DEN,Nate Hairston,11913,CB,CB,148,120,55,0.4583333333333333,0,0,3,0,0,3,0.2373723700808133,0.05628864807269217,0.2936610181535055,0.26270954927892354,0.030951468874581944,0.14639208251491462
2021,KC,Tershawn Wharton,40292,DI,IDL,581,8,0,0.0,33,4,12,1,2,1,0.1847510791877415,0.06956623488783481,0.25431731407557634,0.22337835625431512,0.030938957821261215,0.03727585279670026
2023,DET,Malcolm Rodriguez,60731,LB,LB,162,81,95,1.1728395061728396,2,0,9,1,0,0,0.20137318824087908,0.05591660220761007,0.25728979044848915,0.2264117320729514,0.030878058375537754,0.1334237090301014
2022,WAS,Chase Young,56436,ED,EDGE,114,2,0,0.0,7,0,2,0,0,0,0.18210181546507379,0.05090048205335852,0.2330022975184323,0.2021575437637748,0.030844753754657506,0.18939761077421274
2022,LAC,Raheem Layne,55960,S,S,25,12,0,0.0,0,0,0,0,0,0,0.23353781812404534,0.051958752067100454,0.2854965701911458,0.2546539193746793,0.030842650816466533,0.8635942228610629
2024,PIT,Dean Lowry,10771,DI,IDL,159,1,0,0.0,9,1,1,0,0,0,0.20744265630939512,0.0467458040421378,0.2541884603515329,0.22337835625431512,0.030810104097217794,0.13564196772360035
2024,IND,Taven Bryan,48753,DI,IDL,340,2,0,0.0,8,1,9,0,0,0,0.17888768780953632,0.07519605442637523,0.25408374223591157,0.22337835625431512,0.030705385981596445,0.06321697113858092
2024,KC,Mike Pennel,9316,DI,IDL,387,6,21,3.5,8,3,17,0,1,0,0.16259825838218483,0.09141181105380997,0.2540100694359948,0.22337835625431512,0.030631713181679676,0.05540619955342577
2022,WAS,Percy Butler,83271,S,S,134,94,19,0.20212765957446807,1,0,4,0,0,0,0.23321688838723206,0.051996879831043244,0.28521376821827527,0.2546539193746793,0.03055984884359597,0.15964100142177
2022,LAC,Jeremiah Attaochu,8685,ED,EDGE,21,0,0,0.0,1,0,1,0,0,0,0.17190861362499515,0.06080618753510235,0.23271480116009752,0.2021575437637748,0.03055725739632273,1.018575246544091
2022,ARI,Leki Fotu,44614,DI,IDL,499,3,0,0.0,5,0,10,0,0,0,0.1724604805934975,0.08147117975357865,0.2539316603470762,0.22337835625431512,0.03055330409276108,0.042860346422710936
2023,NE,Adrian Phillips,9177,S,S,139,83,52,0.6265060240963856,1,0,4,0,0,0,0.22893255107329505,0.0562535920094483,0.28518614308274337,0.2546539193746793,0.030532223708064077,0.153759399968668
2021,KC,Anthony Hitchens,8754,LB,LB,697,336,289,0.8601190476190477,5,0,29,1,0,1,0.19847460602614336,0.058343791694173655,0.25681839772031706,0.2264117320729514,0.03040666564736566,0.030537540822318455
2022,LAC,Christian Covington,9649,DI,IDL,124,1,0,0.0,3,0,3,0,0,0,0.18350975528272825,0.07025992728390967,0.25376968256663796,0.22337835625431512,0.03039132631232283,0.17156393885988694
2024,NYG,Brian Burns,44522,ED,EDGE,865,46,68,1.4782608695652173,61,9,42,0,2,1,0.15165439990464682,0.08075664151679285,0.23241104142143967,0.2021575437637748,0.030253497657664885,0.024482599260538057
2021,ARI,Deionte Thompson,25444,S,S,85,46,5,0.10869565217391304,0,0,4,0,0,0,0.2322466942151324,0.05265882976076699,0.28490552397589936,0.2546539193746793,0.03025160460122006,0.24913086142181226
2021,GB,Jonathan Garvin,56703,ED,EDGE,396,28,17,0.6071428571428571,25,2,9,0,0,0,0.16380050699622448,0.06852511188566003,0.2323256188818845,0.2021575437637748,0.030168075118109705,0.05332740551181009
2024,DET,Mitchell Agude,131787,ED,EDGE,40,1,0,0.0,0,0,0,0,1,0,0.1728479064874787,0.05940483694954461,0.23225274343702335,0.2021575437637748,0.030095199673248557,0.5266659942818497
2021,CAR,Sam Franklin Jr.,43580,S,S,153,100,122,1.22,2,0,2,0,0,0,0.23143283440318663,0.053313982863077924,0.28474681726626455,0.2546539193746793,0.030092897891585257,0.1376799249941809
2023,PIT,Miles Killebrew,10745,S,S,111,91,97,1.065934065934066,2,0,5,0,0,0,0.22512149253196756,0.05957427166747466,0.2846957641994422,0.2546539193746793,0.03004184482476291,0.1894530754714778
2021,LAC,Nasir Adderley,33880,S,S,987,581,260,0.4475043029259897,2,1,17,0,1,4,0.23102952841743382,0.05358607434756175,0.2846156027649956,0.2546539193746793,0.029961683390316296,0.021249420844195954
2024,TEN,Jeffery Simmons,43742,DI,IDL,806,14,0,0.0,45,5,41,0,1,0,0.17204048583768133,0.08126908157607717,0.2533095674137585,0.22337835625431512,0.02993121115944336,0.025994848401501677
2024,DET,Stantley Thomas-Oliver III,47981,CB,CB,1,1,0,0.0,0,0,0,0,0,0,0.2362922169254957,0.05628864807269217,0.2925808649981879,0.26270954927892354,0.02987131571926438,20.909921003485067
2024,HOU,Christian Harris,98996,LB,LB,180,96,204,2.125,2,1,7,0,0,0,0.20270417403764235,0.05353702693082346,0.25624120096846587,0.2264117320729514,0.029829468895514466,0.11600349014922293
2021,SF,Tavon Wilson,7051,S,S,102,60,42,0.7,0,0,1,0,0,2,0.23242447239827296,0.05204259792916273,0.2844670703274357,0.2546539193746793,0.029813150952756384,0.20460005555813207
2022,MIA,Channing Tindall,82548,LB,LB,10,8,0,0.0,1,0,0,0,0,0,0.20859077697452352,0.04762885606150876,0.2562196330360323,0.2264117320729514,0.02980790096308089,2.0865530674156623
2024,BAL,Tre'Davious White,11782,CB,CB,445,275,261,0.9490909090909091,0,0,4,0,0,4,0.2360983650662211,0.05628864807269217,0.29238701313891324,0.26270954927892354,0.029677463859989706,0.046683651015714145
2024,DET,Myles Adams,28430,DI,IDL,91,1,0,0.0,4,1,3,0,0,0,0.19756817365079168,0.05539751787770116,0.25296569152849285,0.22337835625431512,0.02958733527417773,0.22759488672444406
2022,TEN,Joe Jones,12321,LB,LB,40,9,0,0.0,0,0,2,0,0,0,0.20705986532832638,0.04892103833846942,0.2559809036667958,0.2264117320729514,0.029569171593844423,0.5174605028922774
2023,CIN,Cam Sample,56462,ED,EDGE,375,12,18,1.5,22,2,12,0,0,0,0.15753521656683206,0.07409636934546286,0.23163158591229493,0.2021575437637748,0.029474042148520146,0.05501821201057094
2024,HOU,Jake Hansen,43645,LB,LB,136,70,45,0.6428571428571429,2,1,8,0,0,0,0.1991712145413385,0.05668730746268643,0.2558585220040249,0.2264117320729514,0.029446789931073525,0.15156435993934902
2024,TEN,Kenneth Murray Jr.,58099,LB,LB,815,398,382,0.9597989949748744,11,4,35,1,1,1,0.20114462420124593,0.05438093365125448,0.2555255578525005,0.2264117320729514,0.029113825779549074,0.025005739933355035
2024,SEA,Jerrick Reed II,101322,S,S,5,4,0,0.0,0,0,0,0,0,0,0.2316924299167671,0.051958752067100454,0.2836511819838676,0.2546539193746793,0.02899726260918828,4.059616765286359
2023,MIN,T.J. Smith,36851,DI,IDL,44,0,0,0.0,1,0,0,0,0,0,0.20901400741759016,0.043298960055917046,0.25231296747350723,0.22337835625431512,0.028934611219192108,0.46032336030532894
2022,WAS,Benning Potoa'e,50195,DI,IDL,36,0,0,0.0,0,0,2,0,0,0,0.18390414009903241,0.06825149374258417,0.25215563384161666,0.22337835625431512,0.02877727758730153,0.5595581753086408
2022,LV,Divine Deablo,42208,LB,LB,463,255,320,1.2549019607843137,4,0,21,0,0,0,0.19756922765013013,0.057561336121098636,0.2551305637712288,0.2264117320729514,0.02871883169827738,0.043419399975797336
2022,ATL,DeAngelo Malone,56941,ED,EDGE,216,23,8,0.34782608695652173,7,1,9,0,0,0,0.1489232735043255,0.08190060057466997,0.23082387407899543,0.2021575437637748,0.028666330315220645,0.0929001445400669
2023,DAL,Carl Davis Jr.,9523,DI,IDL,30,0,0,0.0,0,0,0,0,0,0,0.20872190591357803,0.043298960055917046,0.2520208659694951,0.22337835625431512,0.028642509715179953,0.6683252266875322
2021,IND,Jahleel Addae,8117,S,S,132,79,12,0.1518987341772152,2,0,1,0,0,0,0.23090569954006399,0.052217045366904226,0.2831227449069682,0.2546539193746793,0.02846882553228891,0.1509710444894109
2021,KC,Rashad Fenton,49329,CB,CB,581,422,312,0.7393364928909952,1,0,16,0,1,5,0.23482888230722984,0.05628864807269217,0.29111753037992205,0.26270954927892354,0.028407981100998514,0.034226483254215075
2021,CLE,Jordan Elliott,56734,DI,IDL,464,0,0,0.0,10,1,10,0,0,0,0.18249615029680682,0.06927611440317863,0.2517722646999855,0.22337835625431512,0.028393908445670357,0.042835637741313035
2022,ATL,Abdullah Anderson,32708,DI,IDL,433,0,0,0.0,9,1,15,0,0,0,0.17341322560367275,0.07830877669076823,0.25172200229444097,0.22337835625431512,0.028343646040125847,0.04582113678542285
2023,TEN,Arden Key,50201,ED,EDGE,727,17,5,0.29411764705882354,40,7,17,0,2,0,0.1596892824206743,0.07073010772959003,0.23041939015026433,0.2021575437637748,0.028261846386489542,0.027212231733896395
2021,NYG,Aaron Robinson,50370,CB,CB,268,170,153,0.9,2,0,4,0,0,2,0.2346811827155288,0.05628864807269217,0.290969830788221,0.26270954927892354,0.028260281509297436,0.07381416812129928
2024,HOU,D'Angelo Ross,27732,CB,CB,184,111,108,0.972972972972973,0,0,3,0,0,1,0.23461832033977742,0.05628864807269217,0.29090696841246955,0.26270954927892354,0.02819741913354601,0.1072727901819685
2022,LV,Jayon Brown,11910,LB,LB,423,237,256,1.080168776371308,2,0,7,0,0,1,0.20403406910503413,0.05055473863804765,0.25458880774308174,0.2264117320729514,0.028177075670130336,0.04662873042338353
2022,HOU,Demone Harris,48452,ED,EDGE,62,0,0,0.0,1,0,1,0,0,0,0.18621289727004495,0.04411872452955985,0.23033162179960484,0.2021575437637748,0.028174078035830052,0.3180944294367909
2024,CLE,Chigozie Anusiem,83031,CB,CB,8,5,0,0.0,0,0,0,0,0,0,0.2344360510367493,0.05628864807269217,0.2907246991094415,0.26270954927892354,0.02801514983051795,2.4513256101703207
2022,PHI,Tarron Jackson,54410,ED,EDGE,27,0,0,0.0,1,0,0,0,0,0,0.19092408975575006,0.038969064050325346,0.22989315380607542,0.2021575437637748,0.02773561004230063,0.7190713714670534
2021,MIN,Harrison Hand,55576,CB,CB,2,1,0,0.0,0,0,0,0,0,0,0.23413998106996398,0.05628864807269217,0.29042862914265616,0.26270954927892354,0.02771907986373262,9.701677952306417
2021,LAR,Terrell Burgess,45255,S,S,143,90,38,0.4222222222222222,0,0,3,0,0,0,0.22950367982955286,0.052861318246379595,0.28236499807593246,0.2546539193746793,0.027711078701253167,0.13564863699914137
2022,NO,Bryce Thompson,83392,CB,CB,7,5,0,0.0,0,0,0,0,0,0,0.23412356231262926,0.05628864807269217,0.29041221038532145,0.26270954927892354,0.027702661106397908,2.7702661106397906
2022,DET,Alim McNeill,76996,DI,IDL,779,2,0,0.0,29,1,24,0,0,0,0.1639645480208208,0.08703633346137368,0.2510008814821945,0.22337835625431512,0.02762252522787939,0.024821267855604075
2022,BAL,Malik Harrison,28081,LB,LB,249,102,120,1.1764705882352942,2,0,13,0,0,0,0.19296201737566823,0.06103965827039455,0.2540016756460628,0.2264117320729514,0.027589943573111397,0.07756209036617662
2024,MIA,Patrick McMorris,101309,S,S,9,7,0,0.0,0,0,0,0,0,0,0.23017485723358327,0.051958752067100454,0.2821336093006837,0.2546539193746793,0.027479689926004414,2.1373092164670098
2023,CHI,Jaylon Jones,49374,CB,CB,148,96,90,0.9375,2,0,4,0,0,0,0.23368427221350752,0.05628864807269217,0.2899729202861997,0.26270954927892354,0.02726337100727616,0.12894837638576562
2023,MIN,Troy Dye,28251,LB,LB,112,58,63,1.0862068965517242,5,1,3,0,0,0,0.20341754577803028,0.05022981522097978,0.2536473609990101,0.2264117320729514,0.027235628926058686,0.1702226807878668
2024,CHI,Jack Sanborn,82566,LB,LB,235,61,117,1.9180327868852458,7,2,7,0,0,2,0.20167797791706446,0.051960143995875015,0.25363812191293955,0.2264117320729514,0.027226389839988152,0.08109988462975194
2024,MIA,Nik Needham,50356,CB,CB,1,1,0,0.0,0,0,0,0,0,0,0.23362747550356106,0.05628864807269217,0.2899161235762533,0.26270954927892354,0.027206574297329755,19.04460200813083
2021,SEA,Tre Brown,55677,CB,CB,255,162,75,0.46296296296296297,0,0,3,0,0,1,0.2335595018246872,0.05628864807269217,0.28984814989737934,0.26270954927892354,0.0271386006184558,0.07449811934478062
2024,PIT,Eku Leota,82363,ED,EDGE,69,6,3,0.5,1,1,4,0,0,0,0.15009584450869706,0.07909906215945389,0.22919490666815096,0.2021575437637748,0.027037362904376167,0.27429208743570027
2022,CLE,Anthony Walker Jr.,11916,LB,LB,120,72,20,0.2777777777777778,8,0,9,0,0,1,0.19284577871505146,0.06055309352366489,0.2533988722387164,0.2264117320729514,0.026987140165764978,0.15742498430029572
2022,PHI,Derek Barnett,11769,ED,EDGE,12,0,0,0.0,0,0,0,0,0,0,0.19014632359439354,0.038969064050325346,0.2291153876447189,0.2021575437637748,0.026957843880944105,1.5725408930550728
2022,PHI,Kyron Johnson,57890,ED,EDGE,21,0,0,0.0,0,0,0,0,0,0,0.19014632359439354,0.038969064050325346,0.2291153876447189,0.2021575437637748,0.026957843880944105,0.8985947960314701
2022,NYJ,Brandin Echols,98900,CB,CB,69,58,94,1.6206896551724137,0,0,1,0,0,1,0.23333210799679208,0.05628864807269217,0.28962075606948423,0.26270954927892354,0.026911206790560693,0.27301224280278963
2024,HOU,Devin White,43089,LB,LB,176,96,50,0.5208333333333334,4,0,7,0,0,0,0.19976682564127485,0.05353702693082346,0.25330385257209836,0.2264117320729514,0.026892120499146965,0.10695729743978906
2024,BUF,Casey Toohill,38472,ED,EDGE,249,1,0,0.0,6,1,9,0,0,0,0.16015537065267677,0.06889255941279003,0.2290479300654668,0.2021575437637748,0.02689038630169202,0.07559546349873258
2023,CAR,Jaycee Horn,83375,CB,CB,275,150,159,1.06,0,0,7,0,0,4,0.23315344275937164,0.05628864807269217,0.28944209083206385,0.26270954927892354,0.02673254155314031,0.06804646940799351
2023,SF,Robert Beal Jr.,57840,ED,EDGE,54,0,0,0.0,3,1,2,0,0,0,0.18097218858077893,0.04784337259892675,0.2288155611797057,0.2021575437637748,0.026658017415930907,0.345566892428734
2021,SEA,Cody Barton,50727,LB,LB,190,108,139,1.287037037037037,3,0,8,0,0,1,0.19851500698381994,0.05452811936748901,0.253043126351309,0.2264117320729514,0.02663139427835759,0.0981156631307911
2023,SF,Anthony Brown,10823,CB,CB,1,1,0,0.0,0,0,0,0,0,0,0.23299933502247452,0.05628864807269217,0.2892879830951667,0.26270954927892354,0.02657843381624314,18.6049036713702
2023,DET,Anthony Pittman,94372,ED,EDGE,5,1,0,0.0,0,0,0,0,0,0,0.18956803732652006,0.038969064050325346,0.2285371013768454,0.2021575437637748,0.02637955761307062,3.693138065829887
2023,LAC,Amen Ogbongbemiga,42449,LB,LB,6,1,0,0.0,0,0,0,0,0,0,0.2051162931345196,0.04762885606150876,0.25274514919602836,0.2264117320729514,0.026333417123076963,3.0722319976923123
2022,HOU,M.J. Stewart,49397,S,S,178,74,42,0.5675675675675675,1,0,3,0,0,1,0.22748695034593364,0.05345154549652429,0.2809384958424579,0.2546539193746793,0.026284576467778598,0.10336631195193831
2024,MIN,Fabian Moreau,11836,CB,CB,104,83,67,0.8072289156626506,0,0,2,0,0,0,0.23260312391212115,0.05628864807269217,0.2888917719848133,0.26270954927892354,0.02618222270588977,0.17622649898195036
2024,LAR,Tyler Davis,97610,DI,IDL,354,0,0,0.0,5,1,19,0,0,0,0.16935124659358497,0.08015190075728941,0.2495031473508744,0.22337835625431512,0.02612479109655927,0.051659191433874256
2022,BUF,Mike Love,48376,ED,EDGE,20,0,0,0.0,0,0,0,0,0,0,0.1892948089332958,0.038969064050325346,0.22826387298362116,0.2021575437637748,0.026106329219846375,0.913721522694623
2024,CHI,Elijah Hicks,55584,S,S,356,206,60,0.2912621359223301,0,0,1,0,0,1,0.22871252669300057,0.05204718520782031,0.28075971190082094,0.2546539193746793,0.026105792526141647,0.051331614517694246
2023,LAC,Blake Lynch,47621,LB,LB,1,0,0,0.0,0,0,0,0,0,0,0.20484124908187934,0.04762885606150876,0.25247010514338813,0.2264117320729514,0.026058373070436736,18.240861149305715
2022,ATL,Troy Andersen,57317,LB,LB,481,226,347,1.5353982300884956,10,0,13,0,1,0,0.19265448310527714,0.05967502089873544,0.2523295040040126,0.2264117320729514,0.025917771931061206,0.03771817120944458
2023,SF,Erik Harris,10346,S,S,4,3,0,0.0,0,0,0,0,0,0,0.2285939485420867,0.051958752067100454,0.2805527006091872,0.2546539193746793,0.025898781234507895,4.532286716038882
2023,IND,Ameer Speed,55918,CB,UNKNOWN,13,1,0,0.0,0,0,2,0,0,0,0.2066751030066378,0.0556982962583366,0.26237339926497444,0.23648925173029245,0.02588414753468199,1.3937617903290302
2024,TB,Chris Braswell,123908,ED,EDGE,335,34,41,1.2058823529411764,20,3,7,0,1,0,0.16160676097934942,0.06642604671838288,0.22803280769773232,0.2021575437637748,0.025875263933957532,0.05406771568289633
2024,CLE,Winston Reid,63354,LB,LB,144,47,41,0.8723404255319149,4,1,5,0,0,1,0.19966991154725652,0.05247970547151458,0.2521496170187711,0.2264117320729514,0.02573788494581969,0.12511471848662348
2023,IND,Isaiah Land,102108,ED,EDGE,31,0,0,0.0,2,1,2,0,0,0,0.18008324651228053,0.047673701057613545,0.2277569475698941,0.2021575437637748,0.025599403806119303,0.578051053686565
2024,CLE,Chris Edmonds,105737,S,S,3,0,0,0.0,0,0,0,0,0,0,0.22826121029240626,0.051958752067100454,0.2802199623595067,0.2546539193746793,0.025566042984827397,5.965410029793059
2023,MIA,Braxton Berrios,47961,WR,UNKNOWN,2,1,0,0.0,0,0,0,0,0,0,0.21441910000437997,0.04762885606150876,0.26204795606588877,0.23648925173029245,0.025558704335596316,8.94554651745871
2022,ATL,Ta'Quon Graham,56868,DI,IDL,471,2,0,0.0,14,0,15,0,0,0,0.1706092879744345,0.07830877669076823,0.24891806466520275,0.22337835625431512,0.025539708410887624,0.03795710379537438
2021,DEN,Josey Jewell,50720,LB,LB,82,54,8,0.14814814814814814,0,0,3,0,1,1,0.1942706290465623,0.05752368349355298,0.2517943125401153,0.2264117320729514,0.025382580467163907,0.21668056496359434
2021,CHI,Eddie Goldman,9472,DI,IDL,336,0,0,0.0,8,1,8,0,0,0,0.17076204098910733,0.07794604976513728,0.24870809075424463,0.22337835625431512,0.025329734499929507,0.05277028020818647
2021,BAL,Geno Stone,55967,S,S,219,154,69,0.44805194805194803,2,0,1,1,0,1,0.22778454401529538,0.05213570999020548,0.27992025400550086,0.2546539193746793,0.025266334630821563,0.08075997370582234
2021,CLE,Jacob Phillips,57942,LB,LB,123,73,58,0.7945205479452054,1,1,10,0,0,2,0.19727542273071558,0.054234392319182596,0.2515098150498982,0.2264117320729514,0.025098082976946823,0.14283461856799004
2022,CIN,Domenique Davis,112887,DI,IDL,37,0,0,0.0,1,0,0,0,0,0,0.20515269886334495,0.043298960055917046,0.248451658919262,0.22337835625431512,0.025073302664946867,0.47435978014764346
2021,TEN,Da'Shawn Hand,48386,DI,IDL,93,2,0,0.0,3,0,1,0,0,0,0.19973562359180527,0.04863094318720111,0.24836656677900643,0.22337835625431512,0.0249882105246913,0.18808330502455817
2022,PIT,DeMarvin Leal,98919,ED,EDGE,175,3,0,0.0,3,0,7,0,0,1,0.16078183850288982,0.06616818508550958,0.2269500235883994,0.2021575437637748,0.024792479824624625,0.0991699192984985
2024,BUF,DeWayne Carter,98175,DI,IDL,315,1,0,0.0,8,0,7,0,0,0,0.16635986728240515,0.08174945165443287,0.24810931893683805,0.22337835625431512,0.024730962682522922,0.054957694850050934
2022,BUF,Eli Ankou,48856,DI,IDL,45,0,0,0.0,1,0,1,0,0,0,0.19873239554760055,0.04928237970703735,0.24801477525463791,0.22337835625431512,0.02463641900032279,0.3832331844494656
2023,PIT,Darius Rush,84416,CB,CB,39,38,37,0.9736842105263158,0,0,0,0,0,1,0.2310369270429114,0.05628864807269217,0.2873255751156035,0.26270954927892354,0.02461602583667999,0.4418261047609229
2021,SF,Javon Kinlaw,56834,DI,IDL,149,0,0,0.0,5,1,3,0,0,0,0.19412751509123327,0.05383132203910929,0.2479588371303426,0.22337835625431512,0.02458048087602749,0.11547876921623652
2024,LV,Andre Carter II,102780,ED,EDGE,16,1,0,0.0,1,1,1,0,0,0,0.1843000954439687,0.0423961897263354,0.2266962851703041,0.2021575437637748,0.024538741406529313,1.0735699365356575
2022,CLE,Reggie Ragland,10675,LB,LB,68,12,0,0.0,0,0,3,0,0,0,0.2018472929309184,0.04906725785565975,0.2509145507865782,0.2264117320729514,0.024502818713626806,0.25223489852262887
2024,DET,Jonah Williams,44597,DI,IDL,108,0,0,0.0,3,0,1,0,0,0,0.1861351127695352,0.061739071345901377,0.24787418411543663,0.22337835625431512,0.024495827861121505,0.15876925465541716
2021,DEN,McTelvin Agim,43069,DI,IDL,90,0,0,0.0,10,2,2,0,0,0,0.19827567468901142,0.04955163820773387,0.2478273128967453,0.22337835625431512,0.024448956642430186,0.19015855166334591
2021,KC,Mike Danna,48415,ED,EDGE,586,14,5,0.35714285714285715,26,4,14,0,2,0,0.15843435299483924,0.06811663941364546,0.22655099240848472,0.2021575437637748,0.024393448644709936,0.0291389318281518
2021,SEA,L.J. Collier,48822,DI,IDL,219,2,0,0.0,13,0,3,0,0,0,0.18358263422334886,0.06413621204748447,0.2477188462708334,0.22337835625431512,0.02434049001651828,0.07780065302083468
2022,CIN,Tyler Shelvin,58438,DI,IDL,24,0,0,0.0,0,0,0,0,0,0,0.20440498885117342,0.043298960055917046,0.2477039489070905,0.22337835625431512,0.02432559265277537,0.7094964523726148
2022,WAS,Tariq Castro-Fields,55689,CB,UNKNOWN,6,1,0,0.0,0,0,0,0,0,0,0.21306821017011082,0.04762885606150876,0.2606970662316196,0.23648925173029245,0.02420781450132714,2.8242450251548328
2024,DET,Kyle Peko,11027,DI,IDL,86,0,0,0.0,2,0,1,0,0,0,0.1857335180031284,0.061739071345901377,0.2474725893490298,0.22337835625431512,0.024094233094714673,0.19611585077093338
2024,LV,Sam Webb,134606,CB,UNKNOWN,13,4,0,0.0,0,0,0,0,0,0,0.2128995367351028,0.04762885606150876,0.26052839279661155,0.23648925173029245,0.024039141066319103,1.2944152881864133
2023,LAC,Chris Rumph II,56345,ED,EDGE,103,7,0,0.0,5,0,4,0,0,0,0.16863890786281424,0.05755720117900285,0.2261961090418171,0.2021575437637748,0.024038565278042323,0.1633688902391226
2022,ATL,Cornell Armstrong,50351,CB,CB,372,215,333,1.5488372093023255,0,0,2,0,0,4,0.23039830339755482,0.05628864807269217,0.28668695147024703,0.26270954927892354,0.023977402191323494,0.045118767564318395
2022,ARI,Jesse Luketa,81361,ED,EDGE,47,3,0,0.0,2,0,3,0,0,0,0.15821606751603148,0.06790888843599795,0.22612495595202944,0.2021575437637748,0.023967412188254655,0.35696145812294167
2022,BUF,Prince Emili,106599,DI,IDL,27,0,0,0.0,0,0,1,0,0,0,0.19796645802524565,0.04928237970703735,0.24724883773228304,0.22337835625431512,0.023870481477967914,0.6188643346139829
2022,BUF,Brandin Bryant,11280,DI,IDL,74,0,0,0.0,0,0,1,0,0,0,0.19796645802524565,0.04928237970703735,0.24724883773228304,0.22337835625431512,0.023870481477967914,0.22580185181861542
2022,WAS,Cam Sims,47908,WR,UNKNOWN,1,0,0,0.0,0,0,0,0,0,0,0.21268522051560074,0.04762885606150876,0.26031407657710953,0.23648925173029245,0.023824824846817083,16.67737739277196
2022,WAS,Troy Apke,49260,CB,UNKNOWN,1,0,0,0.0,0,0,0,0,0,0,0.21268522051560074,0.04762885606150876,0.26031407657710953,0.23648925173029245,0.023824824846817083,16.67737739277196
2022,WAS,Dax Milne,84147,WR,UNKNOWN,1,0,0,0.0,0,0,0,0,0,0,0.21268522051560074,0.04762885606150876,0.26031407657710953,0.23648925173029245,0.023824824846817083,16.67737739277196
2022,WAS,Armani Rogers,40034,TE,UNKNOWN,1,0,0,0.0,0,0,0,0,0,0,0.21268522051560074,0.04762885606150876,0.26031407657710953,0.23648925173029245,0.023824824846817083,16.67737739277196
2021,HOU,Jacob Martin,50152,ED,EDGE,700,0,0,0.0,38,4,15,0,2,0,0.1565020633731517,0.06947878082716138,0.22598084420031314,0.2021575437637748,0.023823300436538353,0.023823300436538356
2022,TB,Patrick O'Connor,12005,DI,IDL,103,0,0,0.0,7,0,3,0,0,0,0.1864701121799476,0.06064565675412359,0.24711576893407125,0.22337835625431512,0.023737412679756126,0.16132222209542998
2024,NO,Rico Payton,86957,CB,CB,22,13,0,0.0,0,0,0,0,0,1,0.23009708583859903,0.05628864807269217,0.2863857339112912,0.26270954927892354,0.023676184632367647,0.7533331473935161
2021,IND,Antwaun Woods,11332,DI,IDL,74,1,0,0.0,1,0,2,0,0,0,0.1934787087530582,0.053574642869087,0.2470533516221452,0.22337835625431512,0.023674995367830076,0.2239526588848791
2024,BUF,Quinton Jefferson,10781,DI,IDL,258,1,0,0.0,14,2,7,0,0,0,0.18266789799418356,0.0643608608508857,0.24702875884506928,0.22337835625431512,0.023650402590754155,0.06416775896716244
2023,DET,Julian Okwara,44152,ED,EDGE,120,19,10,0.5263157894736842,9,2,4,0,0,0,0.17002360857493612,0.05578403206243692,0.22580764063737305,0.2021575437637748,0.02365009687359826,0.13795889842932318
2023,LAC,AJ Finley,98887,S,S,27,20,0,0.0,0,0,0,0,0,0,0.22627261460379652,0.051958752067100454,0.278231366670897,0.2546539193746793,0.02357744729621769,0.6112671521241624
2022,DET,Malcolm Rodriguez,60731,LB,LB,611,277,340,1.227436823104693,4,1,28,0,0,2,0.19187471447614543,0.05805076867578549,0.24992548315193094,0.2264117320729514,0.023513751078979545,0.026938831023380818
2022,IND,Eric Johnson,33698,DI,IDL,127,1,0,0.0,0,0,1,0,0,0,0.1989033670873138,0.047928299999118636,0.24683166708643245,0.22337835625431512,0.023453310832117324,0.12927021718489864
2022,SEA,Poona Ford,48875,DI,IDL,676,0,0,0.0,23,3,15,0,0,0,0.17407416528679492,0.072732988387294,0.24680715367408895,0.22337835625431512,0.023428797419773828,0.024260589044144496
2022,DEN,Justin Strnad,42659,LB,LB,2,0,0,0.0,0,0,0,0,0,0,0.20215185438057248,0.04762885606150876,0.24978071044208125,0.2264117320729514,0.02336897836912985,8.179142429195448
2022,DEN,Dakota Allen,30076,LB,LB,1,0,0,0.0,0,0,0,0,0,0,0.20215185438057248,0.04762885606150876,0.24978071044208125,0.2264117320729514,0.02336897836912985,16.358284858390896
2022,NYJ,Tony Adams,55953,S,S,118,61,31,0.5081967213114754,1,0,5,0,0,0,0.22580260161314486,0.05219382848423187,0.27799643009737673,0.2546539193746793,0.02334251072269744,0.13847252123634074
2024,NO,John Ridgeway,66694,DI,IDL,263,0,0,0.0,9,0,8,0,0,0,0.1730105458079537,0.07367133426123837,0.24668188006919206,0.22337835625431512,0.023303523814876936,0.062024588100432904
2022,MIN,Josh Metellus,43395,S,S,261,150,70,0.4666666666666667,0,0,9,1,0,3,0.22456684194427995,0.05327540943093579,0.2778422513752158,0.2546539193746793,0.023188332000536493,0.062190928737071056
2022,LV,Sam Webb,134606,CB,CB,327,211,286,1.3554502369668247,0,0,4,0,1,2,0.22959338917346836,0.05628864807269217,0.28588203724616057,0.26270954927892354,0.023172487967237032,0.049604714302953885
2021,NYG,Sam Beal,13822,CB,CB,3,2,0,0.0,0,0,0,0,0,0,0.2295887141198725,0.05628864807269217,0.28587736219256465,0.26270954927892354,0.023167812913641117,5.4058230131829275
2021,DEN,Justin Hamilton,9732,DI,IDL,249,0,0,0.0,6,0,5,0,0,0,0.17672920159366007,0.06980373866973506,0.24653294026339514,0.22337835625431512,0.02315458400908002,0.06509320805765467
2024,PIT,DeMarvin Leal,98919,ED,EDGE,51,2,0,0.0,2,0,0,0,0,0,0.18633775430750216,0.038969064050325346,0.2253068183578275,0.2021575437637748,0.02314927459405272,0.3177351414869981
2021,PHI,Patrick Johnson,56460,LB,LB,112,34,1,0.029411764705882353,1,0,4,0,0,0,0.19754059529684634,0.05172345398007303,0.2492640492769194,0.2264117320729514,0.022852317203967992,0.14282698252479994
2021,NE,D'Angelo Ross,27732,CB,CB,68,37,8,0.21621621621621623,1,0,2,0,0,0,0.22922732198044515,0.05628864807269217,0.2855159700531374,0.26270954927892354,0.022806420774213854,0.2347719785580838
2021,SEA,Tanner Muse,35997,LB,LB,1,0,0,0.0,0,0,0,0,0,0,0.20133988331594352,0.04762885606150876,0.2489687393774523,0.2264117320729514,0.022557007304500915,15.78990511315064
2022,IND,Chris Williams,87178,DI,IDL,45,0,0,0.0,2,0,0,0,0,0,0.20263513323994523,0.043298960055917046,0.2459340932958623,0.22337835625431512,0.022555737041547175,0.3508670206462894
2022,KC,Khalen Saunders,31534,DI,IDL,511,9,11,1.2222222222222223,18,5,22,0,0,0,0.1687726940065896,0.0771254494070543,0.24589814341364388,0.22337835625431512,0.022519787159328758,0.030849023505929805
2024,SEA,Uchenna Nwosu,50084,ED,EDGE,190,17,47,2.764705882352941,10,1,7,0,0,0,0.15522334979707791,0.06941787542966432,0.22464122522674224,0.2021575437637748,0.022483681462967448,0.08283461591619586
2021,PHI,Davion Taylor,81991,LB,LB,250,130,230,1.7692307692307692,1,0,13,0,1,0,0.18849145522123728,0.0602765625673938,0.2487680177886311,0.2264117320729514,0.022356285715679713,0.0625976000039032
2022,CLE,Ronnie Harrison,49206,S,S,259,155,93,0.6,1,1,7,0,0,1,0.22296635834199616,0.05403500370590497,0.27700136204790116,0.2546539193746793,0.022347442673221862,0.060398493711410435
2024,PIT,Adetokunbo Ogundeji,44047,ED,EDGE,25,3,0,0.0,2,0,0,0,0,0,0.18548194877346252,0.038969064050325346,0.22445101282378788,0.2021575437637748,0.022293469060013088,0.6242171336803665
2022,PIT,Montravius Adams,11848,DI,IDL,281,0,0,0.0,4,0,13,0,0,0,0.16629074216725304,0.07935567263922012,0.24564641480647317,0.22337835625431512,0.02226805855215805,0.05547203198046489
2021,HOU,Tavierre Thomas,66931,CB,CB,639,383,188,0.4908616187989556,3,0,17,2,1,3,0.22867036497862905,0.05628864807269217,0.28495901305132126,0.26270954927892354,0.022249463772397726,0.024373434492454472
2024,IND,Jaylon Carlies,124196,LB,LB,242,86,84,0.9767441860465116,1,1,11,0,0,1,0.1954397290765132,0.05322001674108431,0.2486597458175975,0.2264117320729514,0.022248013744646106,0.06435375876550527
2023,ATL,Eli Ankou,48856,DI,IDL,9,0,0,0.0,0,0,0,0,0,0,0.20223464051261753,0.043298960055917046,0.2455336005685346,0.22337835625431512,0.022155244314219474,1.7231856688837368
2021,LAC,Chris Harris Jr.,6457,CB,CB,747,454,359,0.7907488986784141,3,0,8,1,0,3,0.22849938590773708,0.05628864807269217,0.2847880339804293,0.26270954927892354,0.02207848470150575,0.02068934309378049
2023,CIN,Myles Murphy,122154,ED,EDGE,304,14,20,1.4285714285714286,15,3,9,0,0,0,0.15891869648661974,0.0653145430216785,0.22423323950829824,0.2021575437637748,0.02207569574452345,0.050832194148573734
2022,ARI,Tanner Vallejo,11950,LB,LB,282,94,96,1.0212765957446808,2,0,9,0,0,1,0.1940668479674522,0.05426799338146232,0.2483348413489145,0.2264117320729514,0.02192310927596311,0.05441906557863183
2021,GB,Jaire Alexander,49350,CB,CB,227,143,139,0.972027972027972,1,0,1,1,0,1,0.2282793536408332,0.05628864807269217,0.2845680017135254,0.26270954927892354,0.021858452434601883,0.06740491940185603
2023,MIA,Cameron Goode,38410,ED,EDGE,75,11,0,0.0,4,0,1,0,0,0,0.18063880454288125,0.043149316156953485,0.22378812069983475,0.2021575437637748,0.021630576936059964,0.20188538473655965
2024,SEA,Faion Hicks,55748,CB,UNKNOWN,14,1,0,0.0,0,0,0,0,0,0,0.2104723882950001,0.04762885606150876,0.2581012443565089,0.23648925173029245,0.021611992626216436,1.080599631310822
2022,DEN,P.J. Locke,51189,S,S,112,80,41,0.5125,0,0,5,0,1,1,0.22016036535351322,0.05604854414948891,0.27620890950300214,0.2546539193746793,0.02155499012832285,0.1347186883020178
2021,IND,T.J. Carrie,8853,CB,CB,142,88,186,2.1136363636363638,0,0,4,0,0,1,0.2279732189116513,0.05628864807269217,0.28426186698434347,0.26270954927892354,0.021552317705419932,0.1062438196746053
2023,BUF,Kendal Vickers,48993,DI,IDL,62,0,0,0.0,2,0,0,0,0,0,0.2016159596981209,0.043298960055917046,0.244914919754038,0.22337835625431512,0.021536563499722883,0.24315474919041966
2022,DAL,Xavier Rhodes,7806,CB,CB,96,71,65,0.9154929577464789,0,0,0,0,0,0,0.22785260313703434,0.05628864807269217,0.28414125120972655,0.26270954927892354,0.021431701930803015,0.15627282657877198
2023,CAR,CJ Henderson,55593,CB,CB,407,198,343,1.7323232323232323,3,1,6,0,0,1,0.22784505428346788,0.05628864807269217,0.28413370235616003,0.26270954927892354,0.021424153077236496,0.03684743772497677
2022,TB,Scott Miller,47481,WR,UNKNOWN,1,1,0,0.0,0,0,0,0,0,0,0.21026516233387652,0.04762885606150876,0.2578940183953853,0.23648925173029245,0.021404766665092834,14.983336665564984
2022,TB,Deven Thompkins,84480,WR,UNKNOWN,1,1,0,0.0,0,0,0,0,0,0,0.21026516233387652,0.04762885606150876,0.2578940183953853,0.23648925173029245,0.021404766665092834,14.983336665564984
2022,TB,Giovani Bernard,7818,HB,UNKNOWN,1,1,0,0.0,0,0,0,0,0,0,0.21026516233387652,0.04762885606150876,0.2578940183953853,0.23648925173029245,0.021404766665092834,14.983336665564984
2021,PIT,Ray-Ray McCloud III,47895,WR,UNKNOWN,1,1,0,0.0,0,0,0,0,0,0,0.2102399095160119,0.04762885606150876,0.2578687655775207,0.23648925173029245,0.02137951384722825,14.965659693059774
2022,TB,Zyon McCollum,66769,CB,CB,278,147,228,1.5510204081632653,0,0,1,0,0,1,0.22767774115667366,0.05628864807269217,0.2839663892293658,0.26270954927892354,0.021256839950442252,0.05352441714140136
2022,DET,John Cominsky,88313,ED,EDGE,554,15,8,0.5333333333333333,44,4,16,0,1,0,0.15459260677852604,0.06879042016520473,0.22338302694373074,0.2021575437637748,0.021225483179955956,0.02681920257395157
2021,PHI,Christian Elliss,61853,LB,LB,7,1,0,0.0,0,0,1,0,0,0,0.19939627925212894,0.048222242456726676,0.24761852170885565,0.2264117320729514,0.02120678963590425,2.120678963590425
2022,TB,Ke'Shawn Vaughn,45866,HB,UNKNOWN,1,0,0,0.0,0,0,0,0,0,0,0.21004763058142176,0.04762885606150876,0.2576764866429305,0.23648925173029245,0.021187234912638075,14.831064438846653
2022,TB,Ko Kieft,41372,TE,UNKNOWN,1,0,0,0.0,0,0,0,0,0,0,0.21004763058142176,0.04762885606150876,0.2576764866429305,0.23648925173029245,0.021187234912638075,14.831064438846653
2021,PIT,Benny Snell Jr.,45954,HB,UNKNOWN,1,0,0,0.0,0,0,0,0,0,0,0.20998982742409925,0.04762885606150876,0.257618683485608,0.23648925173029245,0.021129431755315564,14.790602228720894
2021,PIT,Derek Watt,10832,FB,UNKNOWN,1,0,0,0.0,0,0,0,0,0,0,0.20998982742409925,0.04762885606150876,0.257618683485608,0.23648925173029245,0.021129431755315564,14.790602228720894
2021,NYG,Nate Ebner,7193,S,S,1,1,0,0.0,0,0,0,0,0,0,0.22378120460311993,0.051958752067100454,0.2757399566702204,0.2546539193746793,0.021086037295541094,14.760226106878765
2023,CAR,Jeremy Chinn,43179,S,S,285,144,163,1.1319444444444444,2,1,10,0,0,2,0.22077688607553597,0.05495968242408166,0.2757365684996176,0.2546539193746793,0.02108264912493829,0.051781945219146676
2024,HOU,Jerry Hughes,5556,ED,EDGE,92,3,0,0.0,3,0,2,0,0,0,0.1737401787234931,0.0494814104043441,0.2232215891278372,0.2021575437637748,0.021064045364062423,0.1602699103787358
2022,DET,Will Harris,51336,CB,CB,659,395,502,1.270886075949367,9,0,16,1,1,2,0.22736618367887526,0.05628864807269217,0.2836548317515674,0.26270954927892354,0.020945282472643878,0.022248403233460872
2021,SF,Travis Benjamin,7100,WR,UNKNOWN,1,1,0,0.0,0,0,0,0,0,0,0.2097287236842706,0.04762885606150876,0.25735757974577933,0.23648925173029245,0.02086832801548688,14.607829610840817
2022,CAR,Kobe Jones,43511,ED,EDGE,18,0,0,0.0,0,0,0,0,0,0,0.18403312310075207,0.038969064050325346,0.22300218715107745,0.2021575437637748,0.020844643387302658,0.8106250206173256
2022,GB,Shemar Jean-Charles,42496,CB,CB,3,3,0,0.0,0,0,0,0,0,0,0.2272391886319895,0.05628864807269217,0.2835278367046817,0.26270954927892354,0.020818287425758142,4.857600399343566
2021,PHI,Zech McPhearson,45464,CB,CB,179,124,75,0.6048387096774194,0,0,4,0,0,1,0.2271780244141068,0.05628864807269217,0.283466672486799,0.26270954927892354,0.020757123207875483,0.0811731075168315
2022,LAC,Deane Leonard,124140,CB,UNKNOWN,4,0,0,0.0,0,0,0,0,0,0,0.20955959906013844,0.04762885606150876,0.25718845512164723,0.23648925173029245,0.02069920339135478,3.6223605934870866
2024,HOU,Robert Woods,7822,WR,UNKNOWN,1,1,0,0.0,0,0,0,0,0,0,0.2095352872381226,0.04762885606150876,0.2571641432996314,0.23648925173029245,0.020674891569338938,14.472424098537257
2021,SF,River Cracraft,47417,WR,UNKNOWN,1,0,0,0.0,0,0,0,0,0,0,0.20947403643381163,0.04762885606150876,0.2571028924953204,0.23648925173029245,0.020613640765027974,14.429548535519581
2021,SF,Ross Dwelley,20994,TE,UNKNOWN,1,0,0,0.0,0,0,0,0,0,0,0.20947403643381163,0.04762885606150876,0.2571028924953204,0.23648925173029245,0.020613640765027974,14.429548535519581
2021,SF,JaMycal Hasty,25582,HB,UNKNOWN,1,0,0,0.0,0,0,0,0,0,0,0.20947403643381163,0.04762885606150876,0.2571028924953204,0.23648925173029245,0.020613640765027974,14.429548535519581
2021,SF,Brandon Aiyuk,84109,WR,UNKNOWN,1,0,0,0.0,0,0,0,0,0,0,0.20947403643381163,0.04762885606150876,0.2571028924953204,0.23648925173029245,0.020613640765027974,14.429548535519581
2021,SF,Jeff Wilson Jr.,29413,HB,UNKNOWN,1,0,0,0.0,0,0,0,0,0,0,0.20947403643381163,0.04762885606150876,0.2571028924953204,0.23648925173029245,0.020613640765027974,14.429548535519581
2021,SF,Charlie Woerner,42257,TE,UNKNOWN,1,0,0,0.0,0,0,0,0,0,0,0.20947403643381163,0.04762885606150876,0.2571028924953204,0.23648925173029245,0.020613640765027974,14.429548535519581
2022,BAL,Steven Means,7929,ED,EDGE,29,1,0,0.0,1,0,0,0,0,0,0.18367094279365906,0.038969064050325346,0.22264000684398444,0.2021575437637748,0.02048246308020965,0.49440428124643987
2022,MIA,John Jenkins,7863,DI,IDL,270,1,0,0.0,10,0,8,0,0,0,0.1802501327366011,0.0635912999074784,0.2438414326440795,0.22337835625431512,0.020463076389764384,0.05305242026975951
2021,SEA,Travis Homer,45859,HB,UNKNOWN,1,0,0,0.0,0,0,0,0,1,0,0.19802401210140022,0.0589026477688154,0.2569266598702157,0.23648925173029245,0.02043740813992323,14.306185697946262
2021,ARI,Jonathan Ledbetter,18645,DI,IDL,10,0,0,0.0,0,0,0,0,0,0,0.20051205125458388,0.043298960055917046,0.24381101131050095,0.22337835625431512,0.020432655056185828,1.4302858539330081
2023,TEN,Elijah Molden,56290,S,S,700,433,210,0.48498845265588914,2,0,16,1,1,2,0.22138977435546423,0.05363245054555058,0.2750222249010148,0.2546539193746793,0.020368305526335506,0.020368305526335506
2024,HOU,Dare Ogunbowale,12329,HB,UNKNOWN,2,0,0,0.0,0,0,0,0,0,0,0.20922787689714545,0.04762885606150876,0.25685673295865424,0.23648925173029245,0.020367481228361795,7.128618429926628
2024,HOU,Jared Wayne,99691,WR,UNKNOWN,1,0,0,0.0,0,0,0,0,0,0,0.20922787689714545,0.04762885606150876,0.25685673295865424,0.23648925173029245,0.020367481228361795,14.257236859853256
2024,HOU,Teagan Quitoriano,84036,TE,UNKNOWN,1,0,0,0.0,0,0,0,0,0,0,0.20922787689714545,0.04762885606150876,0.25685673295865424,0.23648925173029245,0.020367481228361795,14.257236859853256
2022,GB,Tariq Carpenter,62987,S,S,17,10,0,0.0,0,0,0,0,0,0,0.22305669405370168,0.051958752067100454,0.27501544612080214,0.2546539193746793,0.02036152674612285,0.8384158071932938
2023,BUF,Josh Norman,7649,CB,IDL,5,0,0,0.0,0,0,0,0,0,0,0.20041134864110302,0.043298960055917046,0.24371030869702007,0.22337835625431512,0.020331952442704943,2.846473341978692
2021,NYG,Jarren Williams,101750,CB,CB,194,116,64,0.5517241379310345,0,0,5,0,0,2,0.22672155255103224,0.05628864807269217,0.2830102006237244,0.26270954927892354,0.020300651344800857,0.07324977289361134
2022,CLE,Isaiah Thomas,56798,ED,EDGE,162,0,0,0.0,8,1,3,0,0,0,0.17444433032617632,0.04792673024987934,0.2223710605760557,0.2021575437637748,0.020213516812280924,0.0873423565962756
2024,DET,Ezekiel Turner,49167,LB,LB,111,76,65,0.8552631578947368,3,1,2,0,0,0,0.19743993328595075,0.049153274347053556,0.2465932076330043,0.2264117320729514,0.020181475560052897,0.12727056659492816
2022,PHI,Marvin Wilson,56977,DI,IDL,19,0,0,0.0,2,0,0,0,0,0,0.20015468255598268,0.043298960055917046,0.24345364261189975,0.22337835625431512,0.020075286357584626,0.7396158131741704
2022,LAC,Ja'Sir Taylor,55426,CB,CB,188,103,129,1.2524271844660195,0,0,3,0,0,1,0.2264848797263686,0.05628864807269217,0.2827735277990608,0.26270954927892354,0.02006397852013725,0.07470630300051102
2021,CHI,Khyiris Tonga,52000,DI,IDL,217,0,0,0.0,1,0,10,0,0,0,0.1593196497765766,0.0840237576644506,0.2433434074410272,0.22337835625431512,0.019965051186712074,0.06440339092487767
2022,JAC,Jeremiah Ledbetter,11960,DI,IDL,11,1,0,0.0,2,1,0,0,0,0,0.20002175556251456,0.043298960055917046,0.24332071561843163,0.22337835625431512,0.019942359364116508,1.2690592322619596
2022,MIA,Nik Needham,50356,CB,CB,294,181,158,0.8729281767955801,2,0,6,0,0,1,0.2262311896261862,0.05628864807269217,0.2825198376988784,0.26270954927892354,0.019810288419954858,0.047167353380844906
2021,SEA,Marquise Blair,56263,CB,CB,119,77,67,0.8701298701298701,0,0,3,0,0,2,0.2261837183162024,0.05628864807269217,0.28247236638889456,0.26270954927892354,0.01976281710997102,0.11625186535277071
2024,MIA,Malik Washington,97108,WR,UNKNOWN,1,0,0,0.0,0,0,0,0,0,0,0.2084239899822434,0.04762885606150876,0.25605284604375217,0.23648925173029245,0.01956359431345972,13.694516019421805
2022,DEN,Lamar Jackson,50532,CB,CB,50,39,98,2.5128205128205128,0,0,0,0,0,2,0.2259761981615646,0.05628864807269217,0.28226484623425674,0.26270954927892354,0.0195552969553332,0.2737741573746648
2021,CLE,Sione Takitaki,12666,LB,LB,285,95,60,0.631578947368421,4,0,14,0,0,0,0.1829645860353654,0.06298168153200116,0.24594626756736657,0.2264117320729514,0.019534535494415167,0.04797956086347585
2021,SEA,John Reid,49381,CB,CB,132,80,89,1.1125,0,0,1,0,0,2,0.22594697115766113,0.05628864807269217,0.2822356192303533,0.26270954927892354,0.019526069951429748,0.1035473406515214
2024,DET,Brandon Joseph,97680,S,S,182,133,41,0.3082706766917293,0,0,1,0,0,0,0.22193974310586526,0.052115102660489666,0.2740548457663549,0.2546539193746793,0.01940092639167562,0.07461894766029084
2022,PIT,Malik Reed,48567,ED,EDGE,396,27,25,0.9259259259259259,10,1,11,0,0,1,0.15462348306599036,0.06690838512182508,0.22153186818781545,0.2021575437637748,0.019374324424040662,0.03424754317380925
2021,DEN,Justin Strnad,42659,LB,LB,314,150,204,1.36,2,0,11,0,0,0,0.19160341987601856,0.05412851500032234,0.24573193487634093,0.2264117320729514,0.01932020280338953,0.04307051580373462
2023,TB,Cam Gill,33560,ED,EDGE,81,15,48,3.2,5,1,2,0,1,0,0.1529630825913385,0.06841718220868813,0.22138026480002665,0.2021575437637748,0.01922272103625186,0.16612228056020126
2022,DAL,Luke Gifford,50675,LB,LB,44,17,5,0.29411764705882354,0,0,1,0,0,0,0.19653593463955057,0.04894699868006704,0.24548293331961762,0.2264117320729514,0.019071201246666225,0.30340547437878085
2024,BUF,Baylon Spector,57782,LB,LB,291,174,240,1.3793103448275863,2,1,6,0,0,0,0.19428278358937015,0.0511973813075256,0.24548016489689573,0.2264117320729514,0.019068432823944326,0.0458690823943678
2022,PIT,Ahkello Witherspoon,11821,CB,CB,248,162,264,1.6296296296296295,0,0,2,1,0,1,0.22548475690464415,0.05628864807269217,0.2817734049773364,0.26270954927892354,0.019063855698412846,0.05380927011648787
2022,IND,Dallis Flowers,156091,CB,CB,175,101,85,0.8415841584158416,0,0,1,0,0,0,0.22546664482057113,0.05628864807269217,0.28175529289326334,0.26270954927892354,0.019045743614339805,0.07618297445735922
2022,NO,Jabari Zuniga,26449,ED,EDGE,25,0,0,0.0,1,0,2,0,0,0,0.17038079130222308,0.05075756956917443,0.22113836087139754,0.2021575437637748,0.018980817107622755,0.5314628790134371
2021,SF,Jarrod Wilson,10902,S,S,184,112,115,1.0267857142857142,5,1,2,0,0,0,0.21979205996982365,0.05378471191588477,0.27357677188570845,0.2546539193746793,0.018922852511029153,0.07198911281369787
2024,IND,Adetomiwa Adebawore,97934,DI,IDL,137,0,0,0.0,3,1,4,0,0,0,0.17755684857561704,0.06470812092386304,0.24226496949948012,0.22337835625431512,0.018886613245164996,0.09650094358843428
2023,SF,Ray-Ray McCloud III,47895,WR,UNKNOWN,1,0,0,0.0,0,0,0,0,0,0,0.2077131057230822,0.04762885606150876,0.25534196178459095,0.23648925173029245,0.018852710054298505,13.196897038008954
2023,SF,Charlie Woerner,42257,TE,UNKNOWN,1,0,0,0.0,0,0,0,0,0,0,0.2077131057230822,0.04762885606150876,0.25534196178459095,0.23648925173029245,0.018852710054298505,13.196897038008954
2023,SF,Brayden Willis,77917,TE,UNKNOWN,1,0,0,0.0,0,0,0,0,0,0,0.2077131057230822,0.04762885606150876,0.25534196178459095,0.23648925173029245,0.018852710054298505,13.196897038008954
2023,SF,Jordan Mason,62946,HB,UNKNOWN,1,0,0,0.0,0,0,0,0,0,0,0.2077131057230822,0.04762885606150876,0.25534196178459095,0.23648925173029245,0.018852710054298505,13.196897038008954
2022,NO,Deonte Harty,91470,WR,UNKNOWN,1,1,0,0.0,0,0,0,0,0,0,0.20770548851876153,0.04762885606150876,0.2553343445802703,0.23648925173029245,0.018845092849977874,13.191564994984512
2024,DET,Jalen Reeves-Maybin,11879,LB,LB,165,108,136,1.2592592592592593,3,0,5,0,1,0,0.1905102129708778,0.05472143200302789,0.2452316449739057,0.2264117320729514,0.018819912900954305,0.07984205473132129
2024,TB,Deion Jones,10686,LB,LB,18,14,0,0.0,0,0,1,0,0,1,0.1971237697212299,0.048021100666598864,0.2451448703878288,0.2264117320729514,0.018733138314877412,0.728510934467455
2022,CLE,Chase Winovich,48523,ED,EDGE,178,2,12,6.0,11,1,12,0,0,0,0.14603882821868452,0.07479972884854133,0.22083855706722585,0.2021575437637748,0.018681013303451066,0.07346465905851543
2022,SEA,Johnathan Abram,34646,S,S,608,341,424,1.2434017595307918,11,0,13,0,0,2,0.21917047589503136,0.05416387370264162,0.273334349597673,0.2546539193746793,0.018680430222993705,0.021507074269894066
2021,SF,Maurice Hurst,38563,DI,IDL,41,0,0,0.0,0,0,2,0,0,0,0.18152548522363307,0.060465147066764924,0.24199063229039802,0.22337835625431512,0.018612276036082898,0.317770566469708
2021,CHI,Mario Edwards Jr.,9468,DI,IDL,212,1,0,0.0,12,2,4,0,0,0,0.18641293607860035,0.05545437585454369,0.24186731193314404,0.22337835625431512,0.01848895567882891,0.06104843856217093
2022,NO,Marquez Callaway,42295,WR,UNKNOWN,1,0,0,0.0,0,0,0,0,0,0,0.20734162155286773,0.04762885606150876,0.2549704776143765,0.23648925173029245,0.018481225884084074,12.93685811885885
2022,NO,Rashid Shaheed,63707,WR,UNKNOWN,1,0,0,0.0,0,0,0,0,0,0,0.20734162155286773,0.04762885606150876,0.2549704776143765,0.23648925173029245,0.018481225884084074,12.93685811885885
2022,NO,Taysom Hill,12112,TE,UNKNOWN,2,0,0,0.0,0,0,0,0,0,0,0.20734162155286773,0.04762885606150876,0.2549704776143765,0.23648925173029245,0.018481225884084074,6.468429059429425
2022,NO,Isaac Yiadom,49355,CB,UNKNOWN,2,0,0,0.0,0,0,0,0,0,0,0.20734162155286773,0.04762885606150876,0.2549704776143765,0.23648925173029245,0.018481225884084074,6.468429059429425
2022,NO,Dwayne Washington,10870,HB,UNKNOWN,2,0,0,0.0,0,0,0,0,0,0,0.20734162155286773,0.04762885606150876,0.2549704776143765,0.23648925173029245,0.018481225884084074,6.468429059429425
2021,GB,Oren Burks,50203,LB,LB,211,110,57,0.5181818181818182,4,1,9,0,0,0,0.19015540966093708,0.054727696492743796,0.2448831061536809,0.2264117320729514,0.01847137408072949,0.0612794400782495
2024,CHI,Zacch Pickens,98911,DI,IDL,228,1,0,0.0,10,1,8,0,0,0,0.18052842307885542,0.06125287970021053,0.24178130277906598,0.22337835625431512,0.018402946524750857,0.056500274418094736
2021,LAC,Jerry Tillery,49949,DI,IDL,858,2,0,0.0,31,5,22,0,0,0,0.1731333252744343,0.06850273074098125,0.24163605601541555,0.22337835625431512,0.01825769976110042,0.014895559245653025
2023,CAR,Marquis Haynes Sr.,50244,ED,EDGE,142,19,20,1.0526315789473684,10,1,8,0,0,0,0.14847589950853485,0.07183622277617968,0.22031212228471453,0.2021575437637748,0.01815457852093974,0.08949440115956211
2021,DAL,Luke Gifford,50675,LB,LB,38,20,9,0.45,0,0,4,0,0,0,0.1859577979444537,0.05855327554200076,0.24451107348645443,0.2264117320729514,0.01809934141350303,0.3334089207750558
2022,DET,James Houston,57810,ED,EDGE,140,17,15,0.8823529411764706,17,8,10,0,1,0,0.16325527125681003,0.056958675629249625,0.22021394688605966,0.2021575437637748,0.018056403122284875,0.09028201561142436
2021,BAL,Jimmy Smith,6179,CB,CB,293,188,80,0.425531914893617,0,0,8,0,0,2,0.2244765444257376,0.05628864807269217,0.2807651924984298,0.26270954927892354,0.018055643219506257,0.0431363489885815
2023,DET,Brodric Martin,91288,DI,IDL,28,0,0,0.0,0,0,0,0,0,0,0.19805814050796466,0.043298960055917046,0.2413571005638817,0.22337835625431512,0.017978744309566586,0.44946860773916464
2023,TB,Markees Watts,84537,ED,EDGE,45,11,7,0.6363636363636364,6,1,3,0,0,0,0.16431155179411852,0.05579919643975154,0.22011074823387008,0.2021575437637748,0.017953204470095296,0.2792720695348157
2022,GB,Josiah Deguara,47034,TE,UNKNOWN,1,0,0,0.0,0,0,1,0,0,0,0.20106143317378092,0.05335831416631831,0.25441974734009926,0.23648925173029245,0.017930495609806807,12.551346926864765
2022,BUF,C.J. Brewer,54409,DI,IDL,29,0,0,0.0,0,0,0,0,0,0,0.19796645802524565,0.043298960055917046,0.24126541808116272,0.22337835625431512,0.0178870618268476,0.4317566647859765
2021,TEN,Joe Jones,12321,LB,IDL,26,1,0,0.0,1,0,0,0,0,0,0.19793955099194765,0.043298960055917046,0.24123851104786473,0.22337835625431512,0.017860154793549604,0.48085032136479705
2022,CAR,Sam Franklin Jr.,43580,S,S,88,70,14,0.2,1,0,2,0,1,0,0.21773260378112178,0.0547734305569807,0.2725060343381025,0.2546539193746793,0.017852114963423205,0.14200545993632094
2023,HOU,M.J. Stewart,49397,S,S,166,103,92,0.8932038834951457,1,0,6,0,1,0,0.21830635695885917,0.05414529390018272,0.2724516508590419,0.2546539193746793,0.01779773148436259,0.0750506749340591
2023,GB,Kristian Welch,51283,LB,LB,1,0,0,0.0,0,0,0,0,0,0,0.19646225980755758,0.04762885606150876,0.24409111586906632,0.2264117320729514,0.017679383796114917,12.375568657280441
2023,IND,D.J. Montgomery,55003,WR,UNKNOWN,1,0,0,0.0,0,0,0,0,0,0,0.20638879037444785,0.04762885606150876,0.2540176464359566,0.23648925173029245,0.01752839470566414,12.269876293964899
2023,IND,Kylen Granson,40630,TE,UNKNOWN,1,0,0,0.0,0,0,0,0,0,0,0.20638879037444785,0.04762885606150876,0.2540176464359566,0.23648925173029245,0.01752839470566414,12.269876293964899
2021,PIT,Carlos Davis,48662,DI,IDL,50,0,0,0.0,2,0,1,0,0,0,0.18318400725016293,0.057676325781458246,0.2408603330316212,0.22337835625431512,0.017481976777306063,0.24474767488228485
2022,CAR,Phil Hoskins,56672,DI,IDL,44,0,0,0.0,1,0,1,0,0,0,0.19378589624995002,0.04705064967324873,0.24083654592319875,0.22337835625431512,0.017458189668883628,0.27774392655042135
2021,SEA,Nigel Warrior,42930,S,S,20,14,0,0.0,0,0,0,0,0,0,0.22010771001302076,0.051958752067100454,0.2720664620801212,0.2546539193746793,0.017412542705441902,0.6094389946904666
2022,KC,Deon Bush,10758,S,S,72,52,0,0.0,0,0,1,0,0,1,0.21994148503406727,0.052037680542253106,0.2719791655763204,0.2546539193746793,0.01732524620164111,0.16843989362706635
2022,CLE,A.J. Green III,50394,CB,CB,142,105,147,1.4,1,0,2,1,0,0,0.22374084043727113,0.05628864807269217,0.2800294885099633,0.26270954927892354,0.01731993923103975,0.08537998212484384
2022,ATL,Rashad Fenton,49329,CB,CB,379,233,320,1.3733905579399142,4,0,6,0,0,2,0.22367942154703135,0.05628864807269217,0.27996806961972354,0.26270954927892354,0.0172585203408,0.03187589508854881
2022,LV,Luke Masterson,45046,LB,LB,344,168,197,1.1726190476190477,3,0,16,0,0,0,0.18465579626707507,0.05893591698491903,0.24359171325199416,0.2264117320729514,0.017179981179042764,0.0349592640271219
2023,HOU,Michael Dogbe,48850,DI,IDL,15,0,0,0.0,0,0,0,0,0,0,0.19723735666813097,0.043298960055917046,0.24053631672404804,0.22337835625431512,0.01715796046973292,0.8007048219208696
2021,HOU,Maliek Collins,10701,DI,IDL,628,2,0,0.0,31,3,15,1,0,0,0.1678221063288678,0.07267326998893657,0.24049537631780435,0.22337835625431512,0.017117020063489224,0.01907948096248799
2021,CIN,Jalen Davis,50431,CB,CB,56,47,31,0.6595744680851063,0,0,0,0,0,1,0.22349001059610388,0.05628864807269217,0.2797786586687961,0.26270954927892354,0.01706910938987255,0.21336386737340687
2021,KC,Alex Okafor,7885,ED,EDGE,522,16,0,0.0,22,2,13,0,1,0,0.15672783668286538,0.0624478313958528,0.21917566807871822,0.2021575437637748,0.017018124314943428,0.0228212395027977
2022,LAR,Christian Rozeboom,49862,LB,LB,8,0,0,0.0,0,0,1,0,0,0,0.19507705509076495,0.04825456112586006,0.24333161621662505,0.2264117320729514,0.016919884143673652,1.4804898625714447
2021,KC,Derrick Nnadi,49970,DI,IDL,502,4,0,0.0,14,4,18,0,0,0,0.17427700017404443,0.06599644433085518,0.24027344450489962,0.22337835625431512,0.0168950882505845,0.023558887998823008
2021,TEN,Caraun Reid,8793,DI,IDL,12,0,0,0.0,0,0,0,0,0,0,0.1969230703134618,0.043298960055917046,0.24022203036937884,0.22337835625431512,0.01684367411506371,0.9825476567120499
2022,BUF,A.J. Klein,7930,LB,LB,105,53,76,1.4339622641509433,1,0,6,0,0,0,0.18312836932191665,0.06008123626975677,0.2432096055916734,0.2264117320729514,0.016797873518722,0.11198582345814667
2023,MIA,Elijah Campbell,49190,S,S,141,97,97,1.0,0,0,1,0,0,1,0.21929896405370644,0.05213754193105826,0.2714365059847647,0.2546539193746793,0.016782586610085415,0.08331780586567228
2023,KC,Cam Jones,81244,LB,LB,82,49,45,0.9183673469387755,1,0,4,0,0,0,0.19066906951938656,0.05252466110151074,0.2431937306208973,0.2264117320729514,0.016781998547945903,0.14326096321417234
2021,BAL,Broderick Washington,50049,DI,IDL,293,0,0,0.0,9,1,8,0,0,0,0.17470536034678033,0.0653928891977362,0.24009824954451656,0.22337835625431512,0.016719893290201432,0.03994513755338226
2023,LAR,Austin Trammell,52195,WR,UNKNOWN,2,0,0,0.0,0,0,0,0,0,0,0.20548140189272812,0.04762885606150876,0.2531102579542369,0.23648925173029245,0.016621006223944468,5.817352178380563
2023,LAR,Hunter Long,60859,TE,UNKNOWN,1,0,0,0.0,0,0,0,0,0,0,0.20548140189272812,0.04762885606150876,0.2531102579542369,0.23648925173029245,0.016621006223944468,11.634704356761127
2023,LAR,Demarcus Robinson,10760,WR,UNKNOWN,1,0,0,0.0,0,0,0,0,0,0,0.20548140189272812,0.04762885606150876,0.2531102579542369,0.23648925173029245,0.016621006223944468,11.634704356761127
2023,LAR,Ben Skowronek,27948,WR,UNKNOWN,2,0,0,0.0,0,0,0,0,0,0,0.20548140189272812,0.04762885606150876,0.2531102579542369,0.23648925173029245,0.016621006223944468,5.817352178380563
2023,LAR,Brycen Hopkins,47338,TE,UNKNOWN,1,0,0,0.0,0,0,0,0,0,0,0.20548140189272812,0.04762885606150876,0.2531102579542369,0.23648925173029245,0.016621006223944468,11.634704356761127
2023,LAR,Zach Evans,123072,HB,UNKNOWN,1,0,0,0.0,0,0,0,0,0,0,0.20548140189272812,0.04762885606150876,0.2531102579542369,0.23648925173029245,0.016621006223944468,11.634704356761127
2022,SF,Tarvarius Moore,49178,S,S,60,46,24,0.5217391304347826,0,0,0,0,0,0,0.21929953067403232,0.051958752067100454,0.2712582827411328,0.2546539193746793,0.01660436336645349,0.19371757260862404
2022,WAS,Will Bradley-King,44184,ED,EDGE,24,0,0,0.0,0,0,1,0,0,0,0.17382625921446127,0.04493477305184193,0.21876103226630317,0.2021575437637748,0.01660348850252838,0.48426841465707776
2021,GB,Tipa Galeai,50275,ED,EDGE,152,11,11,1.0,6,1,7,0,0,0,0.1421361724451429,0.07660917610577289,0.21874534855091582,0.2021575437637748,0.01658780478714103,0.07639120625657053
2024,NO,Shemar Jean-Charles,42496,CB,CB,143,82,155,1.8902439024390243,0,0,0,1,0,1,0.22300232090200062,0.05628864807269217,0.2792909689746928,0.26270954927892354,0.01658141969576926,0.08116778872054883
2024,BAL,Malik Harrison,28081,LB,LB,438,169,261,1.544378698224852,7,1,22,0,0,0,0.18502524828747322,0.05793066614386406,0.24295591443133727,0.2264117320729514,0.016544182358385867,0.026440474088744538
2022,MIN,James Lynch,56962,DI,IDL,290,0,0,0.0,4,0,14,0,0,0,0.15940282503920022,0.0804365166291048,0.23983934166830506,0.22337835625431512,0.016460985413989937,0.03973341306825157
2022,LAR,Jake Gervase,49103,LB,LB,1,0,0,0.0,0,0,0,0,0,0,0.19507705509076495,0.04762885606150876,0.24270591115227375,0.2264117320729514,0.016294179079322346,11.405925355525643
2021,LAC,Drue Tranquill,51276,LB,LB,560,318,256,0.8050314465408805,9,2,21,0,0,1,0.18928004834332848,0.05326109312093225,0.24254114146426073,0.2264117320729514,0.01612940939130933,0.020161761739136662
2023,MIN,Joejuan Williams,29113,CB,CB,56,43,71,1.6511627906976745,0,0,0,0,0,1,0.22253224281937703,0.05628864807269217,0.27882089089206924,0.26270954927892354,0.016111341613145702,0.20139177016432128
2022,BAL,Rayshad Nichols,43672,DI,IDL,15,0,0,0.0,0,0,1,0,0,0,0.19201447102759991,0.04744346793479998,0.23945793896239992,0.22337835625431512,0.016079582708084794,0.7503805263772905
2023,MIA,Jason Pierre-Paul,5540,ED,EDGE,22,0,0,0.0,0,0,1,0,0,0,0.17504259317559226,0.043149316156953485,0.21819190933254573,0.2021575437637748,0.016034365568770942,0.5101843590063482
2023,DET,Isaiah Buggs,56503,DI,IDL,255,1,8,8.0,5,1,8,0,0,0,0.1556806441258356,0.08357789527094661,0.2392585393967822,0.22337835625431512,0.015880183142467086,0.04359265960677239
2021,NE,Justin Bethel,7654,CB,CB,55,39,74,1.8974358974358974,0,0,1,0,0,1,0.22221682657026728,0.05628864807269217,0.2785054746429595,0.26270954927892354,0.015795925364035956,0.20103905008773035
2024,KC,Marlon Tuipulotu,57035,DI,IDL,61,0,0,0.0,1,0,3,0,0,0,0.18423979204944688,0.05490886352961958,0.23914865557906648,0.22337835625431512,0.015770299324751352,0.18097064798894993
2024,SEA,Nehemiah Pritchett,98875,CB,CB,151,99,205,2.0707070707070705,0,0,1,0,0,1,0.22214363248042418,0.05628864807269217,0.27843228055311636,0.26270954927892354,0.015722731274192825,0.0728868337214237
2021,KC,Ben Niemann,51099,LB,LB,611,360,324,0.9,13,1,9,0,0,0,0.19232441040952444,0.049773768325490415,0.2420981787350149,0.2264117320729514,0.015686446662063508,0.017971379154573575
2021,HOU,Justin Reid,49048,S,S,780,448,278,0.6205357142857143,1,0,9,2,1,2,0.2177414906849709,0.052532052298779025,0.2702735429837499,0.2546539193746793,0.015619623609070599,0.014017610931217204
2024,TB,J.J. Russell,57958,LB,LB,271,172,145,0.8430232558139535,2,0,10,0,0,1,0.1903897767063544,0.05155130211240979,0.2419410788187642,0.2264117320729514,0.0155293467458128,0.04011270377147218
2024,HOU,Solomon Byrd,75742,ED,EDGE,20,0,0,0.0,1,0,1,0,0,0,0.17340663977191204,0.04422523722733472,0.21763187699924677,0.2021575437637748,0.015474333235471982,0.5416016632415194
2021,HOU,Lonnie Johnson Jr.,55615,S,S,542,288,346,1.2013888888888888,0,0,6,3,0,4,0.21802990004132594,0.051958752067100454,0.26998865210842643,0.2546539193746793,0.015334732733747136,0.019805005375688182
2021,NYG,C.J. Board,12088,WR,UNKNOWN,1,1,0,0.0,0,0,0,0,0,0,0.20412312030323237,0.04762885606150876,0.2517519763647411,0.23648925173029245,0.015262724634448666,10.683907244114065
2023,DEN,Mike Purcell,8530,DI,IDL,463,6,5,0.8333333333333334,8,0,12,0,0,0,0.15287212352010607,0.08571894931500303,0.2385910728351091,0.22337835625431512,0.015212716580793983,0.02299978748716153
2021,SEA,Gavin Heslop,34321,S,S,4,4,0,0.0,0,0,0,0,0,0,0.21787816448978176,0.051958752067100454,0.26983691655688224,0.2546539193746793,0.01518299718220295,2.6570245068855165
2023,CAR,Tae Davis,26296,LB,LB,1,1,0,0.0,0,0,0,0,0,0,0.19395298353335347,0.04762885606150876,0.24158183959486224,0.2264117320729514,0.015170107521910836,10.619075265337585
2022,MIN,Khyiris Tonga,52000,DI,IDL,300,0,0,0.0,10,1,12,0,0,0,0.16766649572964584,0.07087997315916317,0.238546468888809,0.22337835625431512,0.015168112634493885,0.03539226281381907
2022,JAC,De'Shaan Dixon,91129,ED,EDGE,4,0,0,0.0,0,0,0,0,0,0,0.17814586652570702,0.038969064050325346,0.21711493057603237,0.2021575437637748,0.014957386812257584,2.617542692145077
2022,GB,Isaiah McDuffie,57754,LB,LB,175,87,45,0.5172413793103449,1,0,11,0,0,0,0.18744864515306475,0.053919266541639047,0.2413679116947038,0.2264117320729514,0.014956179621752413,0.05982471848700965
2024,SEA,Artie Burns,10659,CB,CB,51,37,44,1.1891891891891893,2,0,1,0,0,2,0.22136928751408552,0.05628864807269217,0.2776579355867777,0.26270954927892354,0.014948386307854167,0.2051739297156454
2021,HOU,DeMarcus Walker,11806,ED,EDGE,458,3,0,0.0,30,2,16,0,1,0,0.15003319714273197,0.06702505242226788,0.21705824956499986,0.2021575437637748,0.014900705801225073,0.022774004499688978
2024,DET,Isaac Ukwu,57888,ED,EDGE,70,1,0,0.0,1,0,1,0,0,0,0.1732896607305262,0.04371573156907198,0.21700539229959823,0.2021575437637748,0.014847848535823438,0.14847848535823438
2024,MIA,Siran Neal,27130,CB,CB,59,33,30,0.9090909090909091,0,0,1,0,0,2,0.22126434111427284,0.05628864807269217,0.277552989186965,0.26270954927892354,0.01484343990804149,0.17610860907845835
2022,ATL,Jaleel Johnson,11864,DI,IDL,181,0,0,0.0,3,1,9,0,0,0,0.17128778624177576,0.06688310039321585,0.2381708866349916,0.22337835625431512,0.014792530380676489,0.057208681030240564
2022,LAR,Bobby Brown III,82429,DI,IDL,164,0,0,0.0,5,0,3,0,0,0,0.17171284383307253,0.06625372609781613,0.23796656993088866,0.22337835625431512,0.014588213676573536,0.062266765692691926
2024,TEN,Jerome Baker,28091,LB,LB,566,289,253,0.8754325259515571,9,2,19,0,1,2,0.18947232613003398,0.05151831016622856,0.24099063629626258,0.2264117320729514,0.014578904223311179,0.018030446919289442
2024,KC,Derrick Nnadi,49970,DI,IDL,273,3,0,0.0,3,0,5,0,0,0,0.18504274819306452,0.052911687896686314,0.23795443608975084,0.22337835625431512,0.014576079835435712,0.03737456368060439
2022,ARI,Christian Matthew,156140,CB,CB,237,126,178,1.4126984126984128,0,0,2,0,0,1,0.22093992754233627,0.05628864807269217,0.27722857561502845,0.26270954927892354,0.014519026336104912,0.04288320014883307
2024,TB,Josh Hayes,66798,CB,CB,289,184,212,1.1521739130434783,0,0,5,0,0,2,0.22092831379748257,0.05628864807269217,0.2772169618701747,0.26270954927892354,0.014507412591251156,0.03513906163970868
2021,GB,Isaiah McDuffie,57754,LB,LB,1,0,0,0.0,0,0,0,0,0,0,0.19327601606169792,0.04762885606150876,0.24090487212320666,0.2264117320729514,0.01449314005025526,10.145198035178682
2023,LAC,Jaylinn Hawkins,51423,S,S,137,88,37,0.42045454545454547,0,0,2,0,0,1,0.2171656259126379,0.051958752067100454,0.26912437797973837,0.2546539193746793,0.014470458605059078,0.0739366498068712
2021,TB,Grant Stuard,55933,LB,LB,26,23,20,0.8695652173913043,0,0,3,0,0,0,0.18955432970066632,0.05127531369495985,0.2408296433956262,0.2264117320729514,0.014417911322674809,0.38817453561047566
2022,NYJ,Marcell Harris,51408,LB,LB,62,19,9,0.47368421052631576,0,0,3,0,0,0,0.1896914419408294,0.05103318999323916,0.24072463193406857,0.2264117320729514,0.014312899861117168,0.16159725649648415
2022,BUF,Micah Hyde,7941,S,S,101,70,26,0.37142857142857144,0,0,2,0,0,0,0.21658956666037357,0.05235188051071268,0.26894144717108626,0.2546539193746793,0.014287527796406962,0.09902246987608786
2022,MIA,Tanner Conner,22777,TE,UNKNOWN,1,0,0,0.0,0,0,0,0,0,0,0.20309783346353483,0.04762885606150876,0.2507266895250436,0.23648925173029245,0.014237437794751173,9.966206456325821
2022,MIA,Trent Sherfield,48021,WR,UNKNOWN,1,0,0,0.0,0,0,0,0,0,0,0.20309783346353483,0.04762885606150876,0.2507266895250436,0.23648925173029245,0.014237437794751173,9.966206456325821
2022,MIA,Cedrick Wilson Jr.,48170,WR,UNKNOWN,2,0,0,0.0,0,0,0,0,0,0,0.20309783346353483,0.04762885606150876,0.2507266895250436,0.23648925173029245,0.014237437794751173,4.983103228162911
2022,HOU,Kevin Pierre-Louis,8767,LB,LB,42,19,10,0.5263157894736842,1,0,0,0,0,1,0.19296404364939534,0.04762885606150876,0.2405928997109041,0.2264117320729514,0.014181167637952713,0.23635279396587855
2023,GB,Innis Gaines,44443,CB,CB,6,6,0,0.0,0,0,1,0,0,0,0.2204414197898073,0.05628864807269217,0.2767300678624995,0.26270954927892354,0.014020518583575947,1.6357271680838605
2023,SF,Kalia Davis,55389,DI,IDL,54,1,0,0.0,2,1,1,0,0,0,0.19023827489545497,0.04706884474096438,0.23730711963641937,0.22337835625431512,0.013928763382104248,0.18055804384209212
2022,KC,Jack Cochrane,63345,LB,LB,1,0,0,0.0,0,0,0,0,0,0,0.19270325683229808,0.04762885606150876,0.24033211289380685,0.2264117320729514,0.01392038082085545,9.744266574598814
2024,KC,Christian Roland-Wallace,97374,CB,CB,197,133,192,1.443609022556391,6,0,8,1,0,0,0.22032681400877505,0.05628864807269217,0.2766154620814672,0.26270954927892354,0.013905912802543663,0.04941187290243941
2024,BUF,Jordan Phillips,9485,DI,IDL,185,0,0,0.0,8,1,5,1,0,0,0.18301153825541422,0.054203034241954856,0.23721457249736913,0.22337835625431512,0.013836216243054006,0.052353250649393536
2021,PHI,Brandon Graham,5538,ED,EDGE,50,0,0,0.0,2,0,1,0,0,0,0.16245130405611047,0.053382261873794516,0.215833565929905,0.2021575437637748,0.013676022166130203,0.19146431032582284
2024,NYG,Deonte Banks,101384,CB,CB,788,444,689,1.5518018018018018,1,0,9,0,1,8,0.21999374916485412,0.05628864807269217,0.27628239723754633,0.26270954927892354,0.013572847958622791,0.012057098440400956
2023,GB,Robert Rochell,33693,CB,CB,6,3,0,0.0,0,0,0,0,0,0,0.2199776352905651,0.05628864807269217,0.2762662833632573,0.26270954927892354,0.013556734084333777,1.5816189765056075
2024,MIA,Elijah Campbell,49190,S,S,77,52,4,0.07692307692307693,1,0,1,0,0,0,0.2156726215625388,0.05253588640624049,0.2682085079687793,0.2546539193746793,0.013554588594100025,0.1232235326736366
2024,IND,Rodney Thomas II,108389,S,S,98,45,0,0.0,0,0,0,0,0,0,0.2162267516349521,0.051958752067100454,0.2681855037020526,0.2546539193746793,0.01353158432737328,0.096654173766952
2021,NYG,Jabrill Peppers,11780,S,S,229,132,225,1.7045454545454546,7,1,10,0,0,0,0.2133398454925457,0.054829120106640775,0.26816896559918646,0.2546539193746793,0.013515046224507166,0.041312368371855965
2024,IND,Cameron McGrone,81300,LB,LB,1,0,0,0.0,0,0,0,0,0,0,0.1922448784310518,0.04762885606150876,0.2398737344925606,0.2264117320729514,0.01346200241960921,9.423401693726447
2021,IND,Chris Williams,87178,DI,IDL,62,1,0,0.0,1,0,0,0,0,0,0.1934787087530582,0.043298960055917046,0.23677766880897524,0.22337835625431512,0.01339931255466012,0.15128256110100136
2024,CHI,Ameer Speed,55918,CB,CB,3,2,0,0.0,0,0,0,0,0,0,0.2197405228447191,0.05628864807269217,0.2760291709174113,0.26270954927892354,0.013319621638487766,3.107911715647145
2023,HOU,Grayland Arnold,43528,CB,CB,143,89,89,1.0,1,0,4,0,1,0,0.21972834048017315,0.05628864807269217,0.2760169885528653,0.26270954927892354,0.01330743927394179,0.06514131113118359
2021,BAL,Chris Board,29456,LB,LB,337,201,186,0.9253731343283582,8,0,7,0,0,0,0.1893213625595281,0.05036335219641994,0.23968471475594805,0.2264117320729514,0.013272982682996648,0.02756999370355387
2021,CLE,Sheldon Day,10737,DI,IDL,233,0,0,0.0,11,2,2,0,0,0,0.1881452744486943,0.04849439092536936,0.2366396653740637,0.22337835625431512,0.013261309119748571,0.03984084284903004
2021,TB,Rashard Robinson,10767,CB,CB,25,22,14,0.6363636363636364,0,0,0,0,0,0,0.2196033550932901,0.05628864807269217,0.2758920031659823,0.26270954927892354,0.013182453887058743,0.3691087088376448
2024,PIT,Miles Killebrew,10745,S,IDL,17,1,0,0.0,0,0,0,0,0,0,0.19320038316753063,0.043298960055917046,0.23649934322344768,0.22337835625431512,0.013120986969132553,0.5402759340231051
2023,PIT,Elijah Riley,44440,S,S,50,34,36,1.0588235294117647,3,1,4,0,0,0,0.21262967872122113,0.05514322904667726,0.2677729077678984,0.2546539193746793,0.013118988393219122,0.1836658375050677
2021,PIT,Taco Charlton,11783,ED,EDGE,221,19,22,1.1578947368421053,9,1,5,0,0,0,0.1550027253553148,0.060257068486972626,0.21525979384228744,0.2021575437637748,0.01310225007851265,0.04150033961519844
2024,LV,Amari Burney,83811,LB,LB,101,44,85,1.9318181818181819,3,1,8,0,1,0,0.17907199043765457,0.06037220578006049,0.23944419621771507,0.2264117320729514,0.013032464144763667,0.09032400892410462
2022,TEN,Nick Westbrook-Ikhine,47861,WR,UNKNOWN,2,2,0,0.0,0,0,0,0,0,0,0.2018921199095114,0.04762885606150876,0.24952097597102016,0.23648925173029245,0.01303172424072771,4.561103484254699
2022,WAS,Daniel Wise,48922,DI,IDL,101,1,0,0.0,3,0,1,0,0,0,0.187847529421732,0.04836753184989886,0.23621506127163086,0.22337835625431512,0.012836705017315736,0.08896726249624767
2021,DAL,Nahshon Wright,100412,CB,CB,92,58,81,1.396551724137931,0,0,1,0,0,0,0.21922753358199823,0.05628864807269217,0.2755161816546904,0.26270954927892354,0.012806632375766847,0.09744176807648687
2024,PIT,Terrell Edmunds,51334,S,S,69,56,32,0.5714285714285714,0,0,2,0,0,1,0.21486739690772608,0.05255041033047434,0.2674178072382004,0.2546539193746793,0.012763887863521117,0.12948871745601132
2022,TEN,Hassan Haskins,83701,HB,UNKNOWN,1,0,0,0.0,0,0,0,0,0,0,0.20148407081437308,0.04762885606150876,0.24911292687588185,0.23648925173029245,0.012623675145589403,8.836572601912582
2022,TEN,Jonathan Ward,25859,HB,UNKNOWN,1,0,0,0.0,0,0,0,0,0,0,0.20148407081437308,0.04762885606150876,0.24911292687588185,0.23648925173029245,0.012623675145589403,8.836572601912582
2021,IND,Khalil Davis,48988,DI,IDL,6,0,0,0.0,0,0,0,0,0,0,0.19258635631401655,0.043298960055917046,0.2358853163699336,0.22337835625431512,0.01250696011561847,1.459145346822155
2021,SF,Demetrius Flannigan-Fowles,49231,LB,LB,164,91,79,0.8681318681318682,1,0,5,0,0,0,0.1879486917498898,0.05094655008621432,0.23889524183610417,0.2264117320729514,0.012483509763152767,0.05328327337931059
2021,DEN,Ha Ha Clinton-Dix,8656,S,S,1,1,0,0.0,0,0,0,0,0,0,0.21515996373083274,0.051958752067100454,0.26711871579793317,0.2546539193746793,0.012464796423253877,8.725357496277713
2023,TEN,Jack Gibbens,57662,LB,LB,628,290,168,0.5793103448275863,8,1,37,0,0,1,0.18396857174765824,0.05488301814918029,0.23885158989683852,0.2264117320729514,0.012439857823887124,0.013866083561657621
2023,MIA,Brandon Pili,57036,DI,IDL,29,0,0,0.0,1,0,2,0,0,0,0.18541387772445397,0.050402192182727824,0.2358160699071818,0.22337835625431512,0.012437713652866667,0.3002206743795402
2022,TB,Dee Delaney,31078,CB,CB,216,129,80,0.6201550387596899,2,0,10,0,0,0,0.21884346813709565,0.05628864807269217,0.27513211620978784,0.26270954927892354,0.012422566930864298,0.0402583187574306
2023,LAC,Stone Smartt,60492,TE,UNKNOWN,1,0,0,0.0,0,0,0,0,0,0,0.2012660174402297,0.04762885606150876,0.24889487350173847,0.23648925173029245,0.012405621771446024,8.683935240012216
2023,LAC,Derius Davis,78196,WR,UNKNOWN,1,0,0,0.0,0,0,0,0,0,0,0.2012660174402297,0.04762885606150876,0.24889487350173847,0.23648925173029245,0.012405621771446024,8.683935240012216
2021,LAC,Tevaughn Campbell,91247,CB,CB,678,409,556,1.3594132029339854,0,0,8,0,2,3,0.2188036792210864,0.05628864807269217,0.27509232729377864,0.26270954927892354,0.0123827780148551,0.012784579071384321
2022,BUF,Cam Lewis,49395,S,S,117,83,67,0.8072289156626506,0,0,4,0,0,0,0.21327126231792817,0.053616926415544254,0.2668881887334724,0.2546539193746793,0.012234269358793126,0.07319648334320673
2023,SEA,Tariq Woolen,61790,CB,CB,940,541,391,0.722735674676525,1,0,14,2,0,10,0.2186261019370051,0.05628864807269217,0.2749147500096973,0.26270954927892354,0.012205200730773746,0.00908897926759747
2022,GB,Dallin Leavitt,49120,S,UNKNOWN,1,0,0,0.0,0,0,0,0,0,0,0.20106143317378092,0.04762885606150876,0.24869028923528969,0.23648925173029245,0.012201037504997236,8.540726253498065
2022,GB,Tyler Davis,47743,TE,UNKNOWN,1,0,0,0.0,0,0,0,0,0,0,0.20106143317378092,0.04762885606150876,0.24869028923528969,0.23648925173029245,0.012201037504997236,8.540726253498065
2021,DAL,Maurice Canady,10843,CB,CB,70,54,60,1.1111111111111112,0,0,2,0,0,0,0.2186142876112711,0.05628864807269217,0.2749029356839633,0.26270954927892354,0.012193386405039752,0.12193386405039752
2022,GB,Krys Barnes,42548,LB,LB,141,66,107,1.621212121212121,1,1,9,0,0,0,0.18582932994342535,0.05277555554525172,0.2386048854886771,0.2264117320729514,0.012193153415725688,0.06053338575182966
2022,TEN,Zach Cunningham,11812,LB,LB,205,112,120,1.0714285714285714,1,0,8,0,0,0,0.1857624347354165,0.052797585169351416,0.23856001990476794,0.2264117320729514,0.01214828783181654,0.04148195845010526
2023,LAC,Justin Hollins,48498,ED,EDGE,197,14,9,0.6428571428571429,8,1,5,0,0,0,0.15207264914176327,0.06220423546117223,0.2142768846029355,0.2021575437637748,0.01211934083916072,0.04306364765184013
2021,BAL,Pernell McPhee,6317,ED,EDGE,234,13,8,0.6153846153846154,7,1,10,0,0,0,0.144303584329363,0.06983907889331598,0.214142663222679,0.2021575437637748,0.011985119458904209,0.03585292145826045
2023,LV,Amari Burney,83811,LB,LB,89,43,80,1.8604651162790697,2,0,4,0,0,0,0.18576741913798941,0.05257968354302596,0.23834710268101542,0.2264117320729514,0.011935370608064017,0.09387370141173945
2024,CHI,Josh Blackwell,55589,CB,CB,102,75,52,0.6933333333333334,2,0,1,1,0,0,0.21835243835633905,0.05628864807269217,0.2746410864290312,0.26270954927892354,0.01193153715010764,0.08188309808897401
2022,BUF,Terrel Bernard,57739,LB,LB,111,57,48,0.8421052631578947,0,0,3,0,0,0,0.18731342675047788,0.05102145500369397,0.2383348817541719,0.2264117320729514,0.01192314968122049,0.07519103402571481
2024,IND,Raekwon Davis,44582,DI,IDL,349,0,0,0.0,4,0,5,0,0,0,0.16846143343857886,0.06680570762436548,0.23526714106294438,0.22337835625431512,0.01188878480862926,0.023845700189227742
2023,MIA,Chase Winovich,48523,ED,EDGE,5,0,0,0.0,0,0,0,0,0,0,0.17504259317559226,0.038969064050325346,0.2140116572259176,0.2021575437637748,0.011854113462142823,1.6595758846999955
2022,PIT,Miles Killebrew,10745,LB,LB,13,5,0,0.0,0,0,0,0,0,0,0.19038844677420022,0.04762885606150876,0.238017302835709,0.2264117320729514,0.011605570762757589,0.6249153487638702
2021,TEN,Dylan Cole,24304,LB,LB,54,21,37,1.7619047619047619,2,0,0,0,0,1,0.19038628616250342,0.04762885606150876,0.2380151422240122,0.2264117320729514,0.011603410151060811,0.15041457603226976
2021,NYG,Raymond Johnson III,56356,DI,IDL,166,0,0,0.0,4,1,1,0,0,0,0.18898459662130837,0.04597302284257243,0.2349576194638808,0.22337835625431512,0.011579263209565677,0.0488282183535902
2023,LAR,Troy Reeder,38268,LB,LB,194,88,125,1.4204545454545454,0,0,10,0,0,0,0.18280032546494485,0.05516612328595955,0.23796644875090445,0.2264117320729514,0.011554716677953047,0.04169227667302646
2021,CAR,Julian Stanford,7372,LB,LB,76,35,21,0.6,0,0,1,0,0,0,0.18926501124581652,0.04867267993117873,0.23793769117699531,0.2264117320729514,0.011525959104043915,0.10616014964250975
2024,KC,Joshua Uche,27379,ED,EDGE,249,46,109,2.369565217391304,14,2,10,0,0,0,0.15188806051431494,0.0615974253874962,0.21348548590181116,0.2021575437637748,0.011327942138036368,0.03184562046837533
2023,MIN,Anthony Barr,8644,LB,LB,48,18,5,0.2777777777777778,1,0,1,0,0,0,0.18924179643796776,0.0484958424479991,0.23773763888596688,0.2264117320729514,0.011325906813015485,0.16516947435647583
2023,DEN,Matt Henningsen,56484,DI,IDL,226,0,0,0.0,4,0,9,0,0,0,0.1668725435761274,0.06778640456179132,0.23465894813791874,0.22337835625431512,0.011280591883603613,0.03493988636514394
2022,IND,Nick Cross,97514,S,S,122,68,38,0.5588235294117647,1,0,4,0,0,0,0.21083561268637518,0.05506966850893192,0.26590528119530715,0.2546539193746793,0.011251361820627859,0.0645569940527828
2022,PHI,Nakobe Dean,99018,LB,LB,47,24,12,0.5,1,0,4,0,0,0,0.18169590962331492,0.05594234387118729,0.23763825349450218,0.2264117320729514,0.011226521421550784,0.16720351053373506
2024,CLE,Elerson Smith,43766,ED,EDGE,20,0,0,0.0,0,0,1,0,0,0,0.1701263330212225,0.043180545945155566,0.21330687896637804,0.2021575437637748,0.01114933520260325,0.3902267320911138
2022,TEN,Olasunkanmi Adeniyi,50154,ED,EDGE,69,4,0,0.0,2,0,2,0,0,0,0.16626309868246608,0.04701614627245604,0.21327924495492215,0.2021575437637748,0.01112170119114736,0.11282885266381379
2022,KC,Darius Harris,29188,LB,LB,312,151,124,0.8211920529801324,5,2,16,0,0,0,0.18332971389587366,0.054147008149797414,0.2374767220456711,0.2264117320729514,0.011064989972719708,0.024825298015717295
2023,SEA,Devon Witherspoon,101388,CB,CB,883,518,396,0.7644787644787645,10,3,28,1,1,10,0.2172947830789069,0.05628864807269217,0.27358343115159905,0.26270954927892354,0.010873881872675517,0.00862029140529203
2021,ARI,Kevin Peterson,11302,CB,CB,119,77,108,1.4025974025974026,0,0,3,0,0,0,0.2172890691402729,0.05628864807269217,0.2735777172129651,0.26270954927892354,0.01086816793404155,0.06393039961200912
2022,DET,Amani Oruwariye,50533,CB,CB,474,298,504,1.691275167785235,0,0,6,0,0,3,0.2172517840893878,0.05628864807269217,0.27354043216207996,0.26270954927892354,0.010830882883156423,0.015994974721960962
2024,SEA,Brandon Pili,57036,DI,IDL,69,0,0,0.0,1,0,2,0,0,0,0.18337892859776508,0.050690345267554136,0.23406927386531926,0.22337835625431512,0.01069091761100413,0.10845858445946219
2022,LAR,Earnest Brown IV,56428,DI,IDL,136,0,0,0.0,4,0,2,0,0,0,0.17111997368811427,0.0629431172917246,0.23406309097983888,0.22337835625431512,0.010684734725523753,0.05499495814607814
2023,LAR,Duke Shelley,49569,CB,CB,76,45,103,2.2888888888888888,0,0,0,0,0,2,0.21706987730797211,0.05628864807269217,0.2733585253806643,0.26270954927892354,0.01064897610174076,0.09808267462129647
2021,CHI,Marqui Christian,10801,CB,CB,127,88,190,2.159090909090909,1,0,1,0,0,1,0.21705929806299404,0.05628864807269217,0.2733479461356862,0.26270954927892354,0.010638396856762655,0.05863683306877054
2024,IND,David Long Jr.,27377,CB,CB,9,7,0,0.0,0,0,0,0,0,0,0.2169928586102482,0.05628864807269217,0.2732815066829404,0.26270954927892354,0.01057195740401684,0.8222633536457542
2023,GB,Dallin Leavitt,49120,S,S,9,7,0,0.0,0,0,0,0,0,0,0.21324655913227644,0.051958752067100454,0.2652053111993769,0.2546539193746793,0.010551391824697609,0.8206638085875919
2021,CIN,Michael Thomas,7279,S,S,91,49,47,0.9591836734693877,0,0,0,0,0,1,0.21322451298975084,0.051958752067100454,0.2651832650568513,0.2546539193746793,0.010529345682172009,0.08099496678593852
2022,LAC,David Moa,50012,DI,IDL,39,0,0,0.0,1,0,2,0,0,0,0.18216082592679053,0.051706721264557935,0.23386754719134847,0.22337835625431512,0.01048919093703335,0.1882675296390601
2023,DEN,Riley Moss,83259,CB,CB,25,21,0,0.0,0,0,0,0,0,0,0.21690019820911405,0.05628864807269217,0.2731888462818062,0.26270954927892354,0.010479297002882637,0.29342031608071384
2024,NO,Taysom Hill,12112,TE,UNKNOWN,1,0,0,0.0,0,0,0,0,1,0,0.19410635665955572,0.05272750705469789,0.2468338637142536,0.23648925173029245,0.010344611983961138,7.241228388772797
2024,LV,Amari Gainer,77091,ED,EDGE,12,1,0,0.0,0,0,0,0,0,0,0.17349507954597385,0.038969064050325346,0.2124641435962992,0.2021575437637748,0.01030659983252441,0.6012183235639239
2021,BAL,Kristian Welch,51283,LB,LB,33,15,0,0.0,0,0,1,0,0,0,0.1886776563308865,0.04801949836649607,0.2366971546973826,0.2264117320729514,0.01028542262443119,0.2181756314273283
2021,BAL,Kevon Seymour,10852,CB,CB,247,161,276,1.7142857142857142,2,1,6,0,0,1,0.21669793911752305,0.05628864807269217,0.27298658719021524,0.26270954927892354,0.010277037911291698,0.029125208655482543
2024,CHI,Daniel Hardy,91336,ED,EDGE,31,1,0,0.0,4,0,2,0,0,0,0.15968286789117286,0.052734864815426274,0.21241773270659914,0.2021575437637748,0.01026018894282435,0.2316816858057111
2021,CLE,Josiah Bronson,36668,DI,IDL,163,0,0,0.0,3,0,4,0,0,0,0.17095864885253234,0.06266259473683966,0.23362124358937203,0.22337835625431512,0.010242887335056905,0.04398785972110327
2024,SEA,Mike Morris,101421,DI,IDL,70,0,0,0.0,2,0,2,0,0,0,0.18290013692784565,0.050690345267554136,0.23359048219539985,0.22337835625431512,0.010212125941084726,0.10212125941084726
2022,BAL,Devon Kennard,8809,ED,EDGE,128,9,22,2.4444444444444446,4,0,3,0,0,0,0.13865770891370058,0.07370415446327312,0.21236186337697371,0.2021575437637748,0.010204319613198926,0.055804872884681625
2023,DEN,Ben Niemann,51099,LB,LB,1,0,0,0.0,0,0,0,0,0,0,0.18895230828934548,0.04762885606150876,0.23658116435085425,0.2264117320729514,0.010169432277902846,7.118602594531992
2023,DEN,Justin Strnad,42659,LB,LB,3,0,0,0.0,0,0,0,0,0,0,0.18895230828934548,0.04762885606150876,0.23658116435085425,0.2264117320729514,0.010169432277902846,2.372867531510664
2024,BAL,Chris Board,29456,LB,LB,213,125,86,0.688,1,1,4,0,0,1,0.18615064274733972,0.05041215709386904,0.23656279984120876,0.2264117320729514,0.01015106776825736,0.03336031660929649
2021,CIN,Brandon Wilson,11962,S,S,79,49,15,0.30612244897959184,0,0,0,0,0,0,0.2127968492610188,0.051958752067100454,0.26475560132811926,0.2546539193746793,0.010101681953439967,0.08950857427098706
2024,BAL,Brent Urban,8769,DI,IDL,209,3,0,0.0,4,0,11,0,0,0,0.17042582109993484,0.06298425415795114,0.233410075257886,0.22337835625431512,0.010031719003570888,0.033599058863634554
2024,LV,Matthew Butler,62931,DI,IDL,101,2,0,0.0,1,0,2,0,0,0,0.18424141639895053,0.049122453133249346,0.23336386953219987,0.22337835625431512,0.009985513277884744,0.06920652766850813
2024,LAR,Neville Gallimore,28094,DI,IDL,308,0,0,0.0,9,3,9,0,0,0,0.17790228675014919,0.0554569550915022,0.2333592418416514,0.22337835625431512,0.009980885587336286,0.022683830880309737
2024,TEN,Darrell Baker Jr.,43542,CB,CB,626,365,304,0.8328767123287671,0,0,8,0,0,3,0.21634587366701255,0.05628864807269217,0.27263452173970476,0.26270954927892354,0.009924972460781223,0.011098212016848014
2022,DEN,Devine Ozigbo,45903,HB,UNKNOWN,1,0,0,0.0,0,0,0,0,0,0,0.19877583716124186,0.04762885606150876,0.24640469322275063,0.23648925173029245,0.009915441492458182,6.940809044720727
2022,DEN,Andrew Beck,47121,FB,UNKNOWN,1,0,0,0.0,0,0,0,0,0,0,0.19877583716124186,0.04762885606150876,0.24640469322275063,0.23648925173029245,0.009915441492458182,6.940809044720727
2022,DEN,Faion Hicks,55748,CB,UNKNOWN,1,0,0,0.0,0,0,0,0,0,0,0.19877583716124186,0.04762885606150876,0.24640469322275063,0.23648925173029245,0.009915441492458182,6.940809044720727
2022,DEN,Delarrin Turner-Yell,77836,S,UNKNOWN,1,0,0,0.0,0,0,0,0,0,0,0.19877583716124186,0.04762885606150876,0.24640469322275063,0.23648925173029245,0.009915441492458182,6.940809044720727
2022,DEN,Montrell Washington,64310,WR,UNKNOWN,1,0,0,0.0,0,0,0,0,0,0,0.19877583716124186,0.04762885606150876,0.24640469322275063,0.23648925173029245,0.009915441492458182,6.940809044720727
2023,GB,Benny Sapp III,83304,S,S,3,3,0,0.0,0,0,0,0,0,0,0.21250843015147194,0.051958752067100454,0.2644671822185724,0.2546539193746793,0.009813262843893111,2.289761330241726
2022,LV,Anthony Averett,50365,CB,CB,278,169,224,1.3254437869822486,0,0,1,0,0,1,0.2162092558535967,0.05628864807269217,0.2724979039262889,0.26270954927892354,0.009788354647365383,0.02464693616243082
2023,IND,Tony Brown,49255,CB,CB,56,30,187,6.233333333333333,0,0,1,1,0,0,0.21604824958807567,0.05628864807269217,0.2723368976607678,0.26270954927892354,0.009627348381844258,0.12034185477305323
2021,CLE,Tommy Togiai,82501,DI,IDL,125,0,0,0.0,2,1,5,0,0,0,0.17665149857837317,0.05628753722954783,0.23293903580792102,0.22337835625431512,0.0095606795536059,0.05353980550019304
2024,BAL,Sanoussi Kane,129820,S,S,22,8,0,0.0,0,0,1,0,0,0,0.21211830990556266,0.05205441283513348,0.26417272274069614,0.2546539193746793,0.009518803366016848,0.3028710161914452
2021,SEA,Myles Adams,28430,DI,IDL,33,0,0,0.0,2,0,1,0,0,0,0.17499878571837202,0.057869497381719384,0.23286828310009142,0.22337835625431512,0.009489926845776292,0.20130147854676983
2023,LAR,Ochaun Mathis,76838,ED,EDGE,75,3,0,0.0,5,0,0,0,0,0,0.1726733731912272,0.038969064050325346,0.21164243724155257,0.2021575437637748,0.009484893477777784,0.08852567245925931
2023,BAL,Jalyn Armour-Davis,83120,CB,CB,28,21,19,0.9047619047619048,0,0,1,0,0,0,0.21590513295021047,0.05628864807269217,0.2721937810229026,0.26270954927892354,0.009484231743979055,0.23710579359947634
2023,SEA,Bobby Wagner,7050,LB,LB,1170,615,515,0.8373983739837398,17,4,71,0,0,3,0.1824116822123899,0.053369218122780906,0.23578090033517082,0.2264117320729514,0.009369168262219424,0.005605485285088545
2023,BUF,Von Miller,6154,ED,EDGE,298,16,8,0.5,17,0,2,0,0,0,0.15977023066469792,0.05171516021993914,0.2114853908846371,0.2021575437637748,0.00932784712086232,0.021911050283904783
2021,TEN,Caleb Farley,61803,CB,CB,60,37,75,2.027027027027027,0,0,0,0,0,1,0.21572959216791146,0.05628864807269217,0.27201824024060367,0.26270954927892354,0.009308690961680133,0.10860139455293488
2021,GB,Za'Darius Smith,9555,ED,EDGE,37,0,0,0.0,2,1,2,0,0,0,0.16589457323678125,0.04553707468039972,0.21143164791718097,0.2021575437637748,0.009274104153406182,0.17545602452390074
2024,TB,Antonio Grier,77185,LB,LB,2,1,0,0.0,0,0,0,0,0,0,0.18804131172435246,0.04762885606150876,0.23567016778586125,0.2264117320729514,0.009258435712909852,3.2404524995184483
2022,CLE,Ben Stille,43555,DI,IDL,84,0,0,0.0,4,0,2,0,0,0,0.17511814801434664,0.05748277458170872,0.23260092259605536,0.22337835625431512,0.009222566341740235,0.07685471951450196
2021,HOU,Eric Murray,10740,S,S,759,411,237,0.5766423357664233,0,0,17,1,0,2,0.21074610423526574,0.05312558004073899,0.2638716842760047,0.2546539193746793,0.00921776490132542,0.008501232451815275
2021,SEA,DeeJay Dallas,55632,HB,UNKNOWN,1,0,0,0.0,0,0,0,0,0,0,0.19802401210140022,0.04762885606150876,0.24565286816290904,0.23648925173029245,0.009163616432616595,6.4145315028316165
2021,SEA,Cody Thompson,48152,WR,UNKNOWN,1,0,0,0.0,0,0,0,0,0,0,0.19802401210140022,0.04762885606150876,0.24565286816290904,0.23648925173029245,0.009163616432616595,6.4145315028316165
2021,SEA,Penny Hart,13534,WR,UNKNOWN,1,0,0,0.0,0,0,0,0,0,0,0.19802401210140022,0.04762885606150876,0.24565286816290904,0.23648925173029245,0.009163616432616595,6.4145315028316165
2021,SEA,Aaron Fuller,47537,WR,UNKNOWN,1,0,0,0.0,0,0,0,0,0,0,0.19802401210140022,0.04762885606150876,0.24565286816290904,0.23648925173029245,0.009163616432616595,6.4145315028316165
2021,SEA,Nick Bellore,6515,FB,UNKNOWN,1,0,0,0.0,0,0,0,0,0,0,0.19802401210140022,0.04762885606150876,0.24565286816290904,0.23648925173029245,0.009163616432616595,6.4145315028316165
2021,SEA,Tyler Mabry,25705,TE,UNKNOWN,1,0,0,0.0,0,0,0,0,0,0,0.19802401210140022,0.04762885606150876,0.24565286816290904,0.23648925173029245,0.009163616432616595,6.4145315028316165
2021,SEA,Freddie Swain,26448,WR,UNKNOWN,1,0,0,0.0,0,0,0,0,0,0,0.19802401210140022,0.04762885606150876,0.24565286816290904,0.23648925173029245,0.009163616432616595,6.4145315028316165
2021,PIT,Delontae Scott,50185,ED,EDGE,7,0,0,0.0,1,0,0,0,0,0,0.17233206303623058,0.038969064050325346,0.21130112708655593,0.2021575437637748,0.009143583322781146,0.9143583322781146
2021,TB,K.J. Britt,57727,LB,LB,28,24,39,1.625,1,0,2,0,0,0,0.18154164196727235,0.05399726951397757,0.23553891148124995,0.2264117320729514,0.009127179408298547,0.22817948520746367
2023,CAR,Dicaprio Bootle,42913,CB,CB,183,107,97,0.9065420560747663,0,0,2,0,0,2,0.21554029769388708,0.05628864807269217,0.2718289457665793,0.26270954927892354,0.009119396487655751,0.03488293738447555
2024,CHI,Amen Ogbongbemiga,42449,LB,LB,15,12,1,0.08333333333333333,1,1,2,0,0,0,0.18702728097476948,0.048477178764701624,0.2355044597394711,0.2264117320729514,0.009092727666519695,0.42432729110425244
2023,MIA,Justin Bethel,7654,CB,CB,126,86,79,0.9186046511627907,2,1,5,0,0,0,0.2155065075464167,0.05628864807269217,0.2717951556191089,0.26270954927892354,0.009085606340185348,0.05047559077880749
2024,LAR,Troy Reeder,38268,LB,LB,372,170,149,0.8764705882352941,2,0,14,0,0,1,0.18323205949309027,0.05226038948865124,0.2354924489817415,0.2264117320729514,0.009080716908790087,0.017087370527293175
2023,HOU,Ka'dar Hollman,49446,CB,CB,131,62,33,0.532258064516129,0,0,0,0,0,0,0.2154944949513285,0.05628864807269217,0.2717831430240207,0.26270954927892354,0.009073593745097142,0.04848485207303817
2023,CAR,LaBryan Ray,56501,DI,IDL,356,0,0,0.0,3,0,10,0,0,0,0.16918780589556817,0.06326304144028157,0.23245084733584975,0.22337835625431512,0.009072491081534628,0.01783916785695011
2024,BAL,Beau Brade,129499,S,S,11,4,0,0.0,0,0,1,0,0,0,0.21163757989020465,0.05208857739514527,0.2637261572853499,0.2546539193746793,0.009072237910670633,0.5773242306790403
2021,DEN,Michael Ojemudia,50327,CB,CB,85,56,45,0.8035714285714286,0,0,1,0,0,2,0.21542695202080397,0.05628864807269217,0.27171560009349616,0.26270954927892354,0.00900605081457262,0.07416747729648039
2021,PHI,Shaun Bradley,42632,LB,LB,73,36,33,0.9166666666666666,0,0,4,0,0,1,0.18368912821818753,0.05172345398007303,0.23541258219826058,0.2264117320729514,0.009000850125309184,0.08630952174954014
2024,DET,Mekhi Wingo,128050,DI,IDL,177,1,0,0.0,5,0,1,0,0,0,0.18502270236108248,0.047331812663178416,0.2323545150242609,0.22337835625431512,0.008976158769945786,0.03549893298848616
2022,ARI,Josh Thomas,36116,S,S,14,8,0,0.0,0,0,0,0,0,0,0.2116210077253698,0.051958752067100454,0.2635797597924703,0.2546539193746793,0.008925840417790987,0.44629202088954933
2022,WAS,Donovan Jeter,56718,DI,IDL,18,0,0,0.0,0,0,1,0,0,0,0.18390414009903241,0.04836753184989886,0.23227167194893128,0.22337835625431512,0.008893315694616155,0.34585116590173937
2021,PHI,Cameron Malveaux,50587,ED,EDGE,81,0,0,0.0,4,0,2,0,0,0,0.16465853761299584,0.046359707300817295,0.21101824491381316,0.2021575437637748,0.00886070115003837,0.07657396055588714
2022,KC,Leo Chenal,101463,LB,LB,296,115,97,0.8434782608695652,4,2,16,0,0,0,0.1801334346858676,0.05508128183489995,0.23521471652076756,0.2264117320729514,0.008802984447816159,0.020817868626592267
2023,IND,Chris Lammons,49368,CB,CB,60,44,41,0.9318181818181818,0,0,1,0,0,1,0.21521611442308974,0.05628864807269217,0.2715047624957819,0.26270954927892354,0.008795213216858389,0.10261082086334786
2023,DEN,Ronnie Perkins,76830,ED,EDGE,149,19,21,1.105263157894737,5,0,4,0,0,0,0.13615212439615637,0.07477744724751592,0.21092957164367232,0.2021575437637748,0.008772027879897532,0.041210869234417934
2022,LAC,Christopher Hinton,101418,DI,IDL,92,0,0,0.0,2,0,1,0,0,0,0.18452666452568459,0.047502840660237494,0.2320295051859221,0.22337835625431512,0.008651148931606983,0.06582395926222705
2024,SEA,Jamie Sheriff,121433,ED,EDGE,17,0,0,0.0,0,0,0,0,0,0,0.17181899143430776,0.038969064050325346,0.2107880554846331,0.2021575437637748,0.008630511720858325,0.3553740120353428
2021,PIT,Tyson Alualu,5535,DI,IDL,57,0,0,0.0,2,0,1,0,0,0,0.18472638992362905,0.046916293010317606,0.23164268293394666,0.22337835625431512,0.008264326679631534,0.10149173115336971
2022,PIT,Quincy Wilson,11801,CB,CB,11,8,0,0.0,0,0,0,0,0,0,0.21468357748923322,0.05628864807269217,0.27097222556192535,0.26270954927892354,0.008262676283001813,0.5258066725546608
2023,TEN,Terrell Edmunds,51334,S,S,475,328,179,0.5457317073170732,3,2,10,1,0,0,0.2100921278504137,0.0527707845077218,0.26286291235813547,0.2546539193746793,0.008208992983456176,0.01209746334404068
2021,CLE,Porter Gustin,50290,ED,EDGE,134,0,0,0.0,4,0,4,0,0,0,0.15908920481937452,0.051199108317016094,0.21028831313639065,0.2021575437637748,0.008130769372615865,0.04247416836441124
2022,LAR,T.J. Carter,56037,S,S,6,1,0,0.0,0,0,0,0,0,0,0.21077520792468296,0.051958752067100454,0.26273395999178345,0.2546539193746793,0.008080040617104156,0.9426714053288182
2021,MIN,Eddie Yarbrough,11033,ED,EDGE,7,2,0,0.0,0,0,0,0,0,0,0.17115587495212373,0.038969064050325346,0.21012493900244908,0.2021575437637748,0.00796739523867429,0.7967395238674291
2021,NYG,Blake Martinez,10765,LB,LB,142,86,57,0.6627906976744186,1,0,7,0,0,0,0.18025689734518605,0.054085477191249544,0.23434237453643558,0.2264117320729514,0.007930642463484183,0.03909471636928823
2024,MIA,Cameron Goode,38410,ED,EDGE,12,2,0,0.0,1,0,0,0,0,0,0.17111855619088193,0.038969064050325346,0.21008762024120728,0.2021575437637748,0.00793007647743249,0.46258779451689525
2024,LAR,Charles Woods,89148,CB,CB,14,6,0,0.0,0,0,0,0,0,0,0.2142750159609705,0.05628864807269217,0.27056366403366267,0.26270954927892354,0.007854114754739128,0.39270573773695644
2024,HOU,Rashad Weaver,42495,ED,EDGE,14,0,0,0.0,0,0,0,0,0,0,0.17100916441423838,0.038969064050325346,0.20997822846456377,0.2021575437637748,0.007820684700788977,0.39103423503944884
2024,DET,Ben Niemann,51099,LB,LB,178,72,130,1.8055555555555556,5,0,8,0,0,0,0.1804855946451241,0.05372652920368795,0.2342121238488121,0.2264117320729514,0.007800391775860699,0.030675697994957802
2022,PIT,Tyson Alualu,5535,DI,IDL,291,0,0,0.0,10,1,5,0,0,0,0.17704622951966578,0.05408884229562499,0.23113507181529078,0.22337835625431512,0.007756715560975652,0.018658765954236965
2023,SF,Austin Bryant,36248,ED,EDGE,36,0,0,0.0,3,0,0,0,0,0,0.17090483538416756,0.038969064050325346,0.20987389943449292,0.2021575437637748,0.007716355670718128,0.1500402491528525
2022,CLE,Demetric Felton Jr.,40568,WR,UNKNOWN,1,1,0,0.0,0,0,0,0,0,0,0.19656333506963733,0.04762885606150876,0.24419219113114607,0.23648925173029245,0.00770293940085362,5.392057580597534
2023,LAC,Andrew Farmer,106311,ED,EDGE,61,3,0,0.0,2,0,1,0,0,0,0.16621009901636513,0.04361609833249472,0.20982619734885985,0.2021575437637748,0.007668653585085061,0.08800094277966464
2022,TEN,Tarell Basham,11835,ED,EDGE,165,3,0,0.0,10,0,0,0,0,0,0.1708362703016953,0.038969064050325346,0.20980533435202064,0.2021575437637748,0.007647790588245856,0.03244517219255818
2024,MIN,Bobby McCain,9578,S,S,40,28,12,0.42857142857142855,0,0,0,0,0,0,0.21033382342453297,0.051958752067100454,0.26229257549163343,0.2546539193746793,0.0076386561169541345,0.13367648204669735
2021,BUF,Tyrel Dodson,51045,LB,LB,82,24,31,1.2916666666666667,0,0,6,0,0,0,0.17774981127595552,0.05618600848116083,0.2339358197571164,0.2264117320729514,0.007524087684164987,0.06423001681604257
2024,NYG,Cor'Dale Flott,98834,CB,CB,666,358,347,0.9692737430167597,1,0,12,1,0,4,0.21391557226321606,0.05628864807269217,0.2702042203359082,0.26270954927892354,0.0074946710569846475,0.007877281891725606
2022,HOU,Eric Murray,10740,S,S,118,55,18,0.32727272727272727,1,0,5,0,0,0,0.20857913812005194,0.05353161468485262,0.26211075280490453,0.2546539193746793,0.00745683343022524,0.04423545255218363
2021,PIT,Miles Killebrew,10745,LB,LB,47,12,2,0.16666666666666666,0,0,4,0,0,0,0.18144943906011557,0.05239720596878116,0.23384664502889677,0.2264117320729514,0.007434912955945366,0.1107327461523778
2023,LAC,Christopher Hinton,101418,DI,IDL,81,1,0,0.0,0,0,3,0,0,0,0.17563411590921044,0.05514356740214315,0.2307776833113536,0.22337835625431512,0.007399327057038468,0.06394480172749294
2021,PHI,Mac McCain III,79072,CB,UNKNOWN,11,1,0,0.0,0,0,0,0,0,0,0.19622437870897932,0.04762885606150876,0.24385323477048812,0.23648925173029245,0.007363983040195671,0.46861710255790634
2023,SEA,Julian Love,51081,S,S,937,545,556,1.0201834862385322,2,0,25,4,2,6,0.20870701511440837,0.05319944219462999,0.26190645730903833,0.2546539193746793,0.007252537934359038,0.0054181179872479475
2021,SEA,Robert Nkemdiche,10663,DI,IDL,230,0,0,0.0,8,0,3,0,0,0,0.177906345382578,0.052699032054564686,0.23060537743714266,0.22337835625431512,0.007227021182827531,0.021995281860779443
2023,DEN,Delarrin Turner-Yell,77836,S,S,212,105,115,1.0952380952380953,2,0,3,0,0,1,0.2095091730749935,0.05232744981645305,0.26183662289144655,0.2546539193746793,0.007182703516767253,0.023716473876118287
2022,ARI,Deionte Thompson,25444,S,S,6,0,0,0.0,0,0,0,0,0,0,0.20982878735265842,0.051958752067100454,0.2617875394197589,0.2546539193746793,0.007133620045079614,0.832255671925955
2023,TEN,Kristian Fulton,42894,CB,CB,644,388,577,1.4871134020618557,0,0,16,0,0,2,0.21346279120968864,0.05628864807269217,0.2697514392823808,0.26270954927892354,0.007041890003457285,0.007654228264627483
2022,BAL,Kyle Fuller,8649,CB,CB,80,61,23,0.3770491803278688,0,0,0,0,0,0,0.21344083235888028,0.05628864807269217,0.2697294804315724,0.26270954927892354,0.007019931152648873,0.06142439758567764
2022,ATL,Nate Landman,57788,LB,LB,22,14,0,0.0,1,0,0,0,0,0,0.1857973548875392,0.04762885606150876,0.233426210949048,0.2264117320729514,0.007014478876096603,0.22318796423943735
2022,SF,Janoris Jenkins,7043,CB,CB,49,39,43,1.1025641025641026,0,0,0,0,0,0,0.21342890349161642,0.05628864807269217,0.2697175515643086,0.26270954927892354,0.007008002285385062,0.10011431836264374
2023,NE,Marcus Jones,55717,CB,CB,44,30,16,0.5333333333333333,0,0,1,0,0,0,0.21340879240182478,0.05628864807269217,0.26969744047451694,0.26270954927892354,0.006987891195593399,0.11117099629353135
2022,GB,Jonathan Garvin,56703,ED,EDGE,194,2,0,0.0,7,0,0,0,0,0,0.1701589893836156,0.038969064050325346,0.20912805343394095,0.2021575437637748,0.006970509670166158,0.025151323552145933
2024,DET,Brodric Martin,91288,DI,IDL,25,1,0,0.0,0,0,1,0,0,0,0.1830147285290483,0.047331812663178416,0.23034654119222675,0.22337835625431512,0.006968184937911626,0.19510917826152555
2024,TB,Bryce Hall,42313,CB,CB,17,11,0,0.0,0,0,0,0,0,0,0.21337723525007057,0.05628864807269217,0.26966588332276276,0.26270954927892354,0.0069563340438392185,0.28643728415808545
2024,TB,C.J. Brewer,54409,DI,IDL,159,3,0,0.0,3,1,4,0,0,0,0.17124871997120933,0.05906160773286147,0.23031032770407078,0.22337835625431512,0.006931971449755658,0.030518113300811077
2024,NO,Johnathan Abram,34646,S,S,114,61,29,0.47540983606557374,2,0,3,1,0,0,0.20830049565480654,0.05318340740942149,0.26148390306422803,0.2546539193746793,0.006829983689548735,0.041938496339334344
2023,SEA,Jordyn Brooks,50851,LB,LB,802,412,526,1.2766990291262137,13,6,42,1,1,3,0.18167579945435072,0.051513752621578444,0.2331895520759292,0.2264117320729514,0.006777820002977802,0.005915802995117783
2023,LAC,Ty Shelby,41752,ED,EDGE,10,1,0,0.0,1,0,1,0,0,0,0.16526215658062407,0.04361609833249472,0.20887825491311882,0.2021575437637748,0.0067207111493440275,0.47044978045408187
2023,KC,Nic Jones,97327,CB,CB,68,47,53,1.127659574468085,1,0,1,0,0,0,0.213100375196034,0.05628864807269217,0.2693890232687262,0.26270954927892354,0.006679473989802676,0.06875929107149813
2022,DET,Mike Hughes,34057,CB,CB,561,345,512,1.4840579710144928,5,0,12,0,0,1,0.21309990988366356,0.05628864807269217,0.26938855795635575,0.26270954927892354,0.006679008677432208,0.00833387892014714
2022,DET,Josh Paschal,57908,ED,EDGE,293,3,0,0.0,15,2,14,0,0,0,0.15190095751781418,0.05688867714061568,0.20878963465842987,0.2021575437637748,0.006632090894655079,0.015844585755148653
2021,LAC,Linval Joseph,5571,DI,IDL,550,0,0,0.0,16,1,28,0,0,0,0.15609991475722731,0.0738785599466828,0.2299784747039101,0.22337835625431512,0.006600118449594988,0.008400150754029985
2021,BAL,Chris Westry,49401,CB,CB,183,122,246,2.0163934426229506,0,0,4,0,0,2,0.21301837500369533,0.05628864807269217,0.26930702307638754,0.26270954927892354,0.006597473797464004,0.025236238569534445
2022,MIA,Trey Flowers,9534,ED,EDGE,64,0,0,0.0,8,0,0,0,0,0,0.16977240061064483,0.038969064050325346,0.20874146466097018,0.2021575437637748,0.006583920897195394,0.07201163481307463
2023,SF,Dee Winters,99376,LB,LB,62,44,139,3.159090909090909,0,0,1,0,0,1,0.18460606068566163,0.048341364266982705,0.23294742495264434,0.2264117320729514,0.006535692879692939,0.07379008089975898
2022,LAC,Troy Reeder,38268,LB,LB,63,28,87,3.107142857142857,0,0,2,0,1,1,0.17966429297458694,0.05319555593498856,0.2328598489095755,0.2264117320729514,0.006448116836624107,0.07164574262915674
2022,TEN,Lonnie Johnson Jr.,55615,S,S,165,122,46,0.3770491803278688,0,0,2,0,0,0,0.20902785027572435,0.05203706614449201,0.26106491642021634,0.2546539193746793,0.006410997045537048,0.027198169284096567
2022,LAC,Tyeler Davison,9587,DI,IDL,34,0,0,0.0,1,0,1,0,0,0,0.18216082592679053,0.047502840660237494,0.22966366658702803,0.22337835625431512,0.006285310332712901,0.12940344802644208
2024,LV,Nesta Jade Silvera,76888,DI,IDL,71,0,0,0.0,0,0,1,0,0,0,0.1834497926127733,0.04621070659458319,0.22966049920735654,0.22337835625431512,0.006282142953041414,0.061936620663788584
2021,WAS,Kendall Fuller,10718,CB,CB,1004,649,632,0.9738058551617874,2,1,20,1,0,14,0.2126530641401462,0.05628864807269217,0.26894171221283836,0.26270954927892354,0.00623216293391482,0.004345133519661727
2022,SF,Ambry Thomas,56058,CB,CB,41,36,37,1.0277777777777777,0,0,0,0,0,0,0.21260118063324296,0.05628864807269217,0.26888982870593514,0.26270954927892354,0.0061802794270116035,0.10551696582702737
2022,DET,Isaiah Buggs,56503,DI,IDL,752,0,0,0.0,20,1,17,0,1,0,0.16331780976629434,0.06619566194552576,0.2295134717118201,0.22337835625431512,0.006135115457504975,0.005710878750337078
2023,BUF,A.J. Klein,7930,LB,LB,93,56,130,2.3214285714285716,1,0,4,0,0,0,0.18073922235672363,0.05172233469542042,0.23246155705214405,0.2264117320729514,0.006049824979192653,0.04553631704768663
2023,GB,David Long Jr.,27377,CB,CB,190,100,85,0.85,0,0,6,0,0,1,0.21242858764182382,0.05628864807269217,0.268717235714516,0.26270954927892354,0.006007686435592463,0.022133581604814337
2024,IND,Grant Stuard,55933,LB,LB,229,96,78,0.8125,0,0,13,0,0,0,0.17831635225175327,0.05401290451387423,0.23232925676562752,0.2264117320729514,0.005917524692676118,0.018088503427394247
2024,IND,Darren Hall,60742,S,S,7,5,0,0.0,0,0,0,0,0,0,0.20856243317515125,0.051958752067100454,0.26052118524225165,0.2546539193746793,0.005867265867572358,0.5867265867572358
2024,TB,Keenan Isaac,86972,CB,CB,1,1,0,0.0,0,0,0,0,0,0,0.2122364882502815,0.05628864807269217,0.26852513632297365,0.26270954927892354,0.005815587044050108,4.070910930835075
2022,BAL,Jalyn Armour-Davis,83120,CB,CB,50,32,152,4.75,0,0,1,0,0,1,0.21222630114678476,0.05628864807269217,0.26851494921947694,0.26270954927892354,0.005805399940553402,0.08127559916774763
2021,TEN,Chris Payton-Jones,49339,CB,CB,83,67,58,0.8656716417910447,0,0,4,0,0,0,0.21216382507282378,0.05628864807269217,0.26845247314551596,0.26270954927892354,0.00574292386659242,0.04843429767005655
2024,TB,Mike Edwards,51282,S,S,251,169,77,0.4556213017751479,2,0,3,0,0,1,0.20807167195501966,0.05230151030103045,0.2603731822560501,0.2546539193746793,0.005719262881370812,0.015950135525735334
2024,BAL,Adisa Isaac,101406,ED,EDGE,32,3,0,0.0,0,0,1,0,0,0,0.15788019326281474,0.04998312863874724,0.20786332190156198,0.2021575437637748,0.005705778137787193,0.12481389676409485
2022,NO,Zack Baun,34632,LB,LB,85,23,23,1.0,2,0,3,0,0,0,0.1781222832535922,0.05390575433231051,0.2320280375859027,0.2264117320729514,0.005616305512951308,0.04625192775371666
2024,NYG,Bobby Okereke,50954,LB,LB,734,386,300,0.7772020725388601,4,3,35,0,3,1,0.17888611622671832,0.053116479813786414,0.23200259604050477,0.2264117320729514,0.005590863967553372,0.0053318866175577125
2024,GB,Corey Ballentine,83833,CB,CB,75,59,56,0.9491525423728814,0,0,0,0,0,0,0.21200083517987675,0.05628864807269217,0.26828948325256896,0.26270954927892354,0.005579933973645423,0.05207938375402395
2022,KC,Zayne Anderson,34622,S,S,1,1,0,0.0,0,0,0,0,0,0,0.20818331909847565,0.051958752067100454,0.26014207116557614,0.2546539193746793,0.005488151790896845,3.841706253627791
2023,LV,Brandon Facyson,50564,CB,CB,44,27,15,0.5555555555555556,0,0,2,0,0,0,0.21179371540515113,0.05628864807269217,0.2680823634778433,0.26270954927892354,0.005372814198919773,0.08547658952826913
2022,HOU,Jalen Reeves-Maybin,11879,LB,LB,88,53,74,1.3962264150943395,0,0,5,0,0,0,0.1800189724898931,0.05176346026956025,0.2317824327594534,0.2264117320729514,0.005370700686502,0.04272148273353864
2021,NYG,J.R. Reed,38339,S,S,56,38,3,0.07894736842105263,0,0,1,0,0,0,0.20788087190100443,0.052087107080859917,0.25996797898186436,0.2546539193746793,0.005314059607185062,0.06642574508981328
2024,IND,Adam Gotsis,10697,ED,EDGE,71,0,0,0.0,3,0,4,0,0,0,0.15856922539005075,0.04884450223629083,0.20741372762634158,0.2021575437637748,0.005256183862566793,0.05182153103939092
2024,NO,Roderic Teamer,51405,S,UNKNOWN,1,0,0,0.0,0,0,0,0,0,0,0.19410635665955572,0.04762885606150876,0.2417352127210645,0.23648925173029245,0.005245960990772042,3.6721726935404293
2024,NO,Jermaine Jackson,141559,WR,UNKNOWN,1,0,0,0.0,0,0,0,0,0,0,0.19410635665955572,0.04762885606150876,0.2417352127210645,0.23648925173029245,0.005245960990772042,3.6721726935404293
2024,DEN,Drew Sanders,123933,LB,LB,20,12,16,1.3333333333333333,1,1,3,0,0,0,0.18076339776106198,0.05080923449305308,0.23157263225411506,0.2264117320729514,0.0051609001811636634,0.18063150634072822
2021,BAL,Ar'Darius Washington,77848,CB,CB,7,4,0,0.0,0,0,0,0,0,0,0.21149612640965557,0.05628864807269217,0.2677847744823477,0.26270954927892354,0.005075225203424183,0.5075225203424183
2021,NYG,Cam Brown,42516,LB,EDGE,12,4,0,0.0,2,0,0,0,0,0,0.1681248361055234,0.038969064050325346,0.20709390015584878,0.2021575437637748,0.004936356392073987,0.2879541228709826
2022,LV,Curtis Bolton,39043,LB,LB,2,0,0,0.0,0,0,0,0,0,0,0.183673217776655,0.04762885606150876,0.23130207383816376,0.2264117320729514,0.004890341765212358,1.7116196178243253
2021,MIN,T.J. Smith,36851,DI,IDL,20,0,0,0.0,0,0,1,0,0,0,0.18113669162600166,0.04701115909939531,0.228147850725397,0.22337835625431512,0.004769494471081881,0.16693230648786583
2023,DET,Khalil Dorsey,27819,CB,CB,80,50,65,1.3,1,0,0,0,0,1,0.2111884278123726,0.05628864807269217,0.26747707588506475,0.26270954927892354,0.004767526606141215,0.04171585780373563
2022,PIT,Tre Norwood,55675,S,S,243,172,74,0.43023255813953487,0,0,7,0,0,0,0.20588505580877028,0.053502054589701274,0.25938711039847157,0.2546539193746793,0.004733191023792271,0.013634706652899547
2024,MIA,Tyus Bowser,11802,ED,EDGE,276,61,7,0.11475409836065574,5,0,2,0,0,0,0.16013893695797785,0.046673035403661835,0.2068119723616397,0.2021575437637748,0.0046544285978649125,0.011804710211976228
2023,GB,Henry Pearson,83930,FB,UNKNOWN,1,0,0,0.0,0,0,0,0,0,0,0.1935076940380799,0.04762885606150876,0.24113655009958868,0.23648925173029245,0.004647298369296227,3.2531088585073586
2024,IND,Isaiah Land,102108,ED,EDGE,78,1,0,0.0,3,0,1,0,0,0,0.15761676829562027,0.04909949567462019,0.20671626397024048,0.2021575437637748,0.004558720206465694,0.040911591596486996
2022,ARI,Ezekiel Turner,49167,LB,LB,108,55,98,1.7818181818181817,1,0,6,0,1,0,0.17097188934674684,0.059941256074736056,0.23091314542148292,0.2264117320729514,0.004501413348531519,0.029175827259000586
2021,NYG,Benardrick McKinney,9476,LB,LB,181,82,123,1.5,0,0,9,0,0,0,0.17563144404328987,0.05509627292460529,0.23072771696789515,0.2264117320729514,0.004315984894943753,0.01669165428983772
2021,IND,Anthony Chesley,54369,CB,CB,86,58,37,0.6379310344827587,0,0,1,0,0,0,0.2107051114304998,0.05628864807269217,0.26699375950319193,0.26270954927892354,0.004284210224268392,0.03487147856962645
2022,WAS,Khaleke Hudson,49073,LB,LB,72,38,28,0.7368421052631579,2,0,1,0,0,0,0.18208692232048398,0.04858681613057132,0.2306737384510553,0.2264117320729514,0.004262006378103894,0.04143617312045453
2021,LAC,Justin Jones,48940,DI,IDL,486,0,0,0.0,18,2,18,0,0,0,0.15994224122421685,0.06766504306925948,0.22760728429347635,0.22337835625431512,0.004228928039161223,0.006091048616075834
2024,DET,Chris Smith,106524,DI,IDL,55,0,0,0.0,1,0,0,0,0,0,0.1842836044309063,0.043298960055917046,0.22758256448682335,0.22337835625431512,0.004204208232508222,0.05350810477737737
2024,TB,Troy Hill,9881,CB,CB,236,141,116,0.8226950354609929,0,0,10,0,0,1,0.21042923412636072,0.05628864807269217,0.2667178821990529,0.26270954927892354,0.004008332920129365,0.011889123068180319
2022,MIN,William Kwenkeu,43510,LB,LB,13,9,0,0.0,0,0,1,0,0,0,0.18129804186095347,0.04909438030125827,0.23039242216221176,0.2264117320729514,0.003980690089260358,0.2143448509601731
2024,TEN,T'Vondre Sweat,99321,DI,IDL,699,12,0,0.0,23,2,24,0,1,0,0.1602582246768063,0.06709583021605879,0.22735405489286514,0.22337835625431512,0.003975698638550018,0.003981386333311892
2024,CHI,Jaylon Jones,49374,CB,CB,76,56,76,1.3571428571428572,0,0,0,0,0,2,0.21039243877198702,0.05628864807269217,0.26668108684467917,0.26270954927892354,0.003971537565755634,0.03657995126353873
2024,NYG,Micah McFadden,81246,LB,LB,668,297,298,1.0033670033670035,11,4,41,0,1,1,0.17715961681478204,0.05317721101547514,0.23033682783025722,0.2264117320729514,0.003925095757305819,0.004113124296577953
2022,WAS,Phidarian Mathis,56504,DI,IDL,3,0,0,0.0,0,0,0,0,0,0,0.18390414009903241,0.043298960055917046,0.2272031001549495,0.22337835625431512,0.003824743900634364,0.8924402434813516
2022,WAS,David Bada,117753,DI,IDL,27,0,0,0.0,0,0,0,0,0,0,0.18390414009903241,0.043298960055917046,0.2272031001549495,0.22337835625431512,0.003824743900634364,0.09916002705348351
2024,TB,Kaevon Merriweather,83257,S,S,274,189,123,0.6507936507936508,2,1,3,0,0,0,0.20591920530481672,0.05255618545587516,0.25847539076069187,0.2546539193746793,0.003821471386012576,0.009762883102951836
2024,TEN,Sebastian Joseph-Day,49935,DI,IDL,483,3,0,0.0,16,3,29,0,0,0,0.16194412139744627,0.06519480640700832,0.22713892780445463,0.22337835625431512,0.0037605715501395076,0.005450103695854359
2021,CLE,Mack Wilson Sr.,43190,LB,LB,193,79,43,0.5443037974683544,0,0,10,0,0,0,0.17761806896389049,0.0525385382331412,0.2301566071970317,0.2264117320729514,0.00374487512408031,0.01358244863656071
2021,CHI,Cassius Marsh,8743,ED,EDGE,97,4,0,0.0,4,1,2,0,0,0,0.15976619024680103,0.046122526247817125,0.20588871649461818,0.2021575437637748,0.0037311727308433906,0.0269259887792822
2023,CIN,Jay Tufele,56913,DI,IDL,96,0,0,0.0,1,0,1,0,0,0,0.18121976924389124,0.04578602500176366,0.22700579424565495,0.22337835625431512,0.003627437991339827,0.026450068686852905
2021,MIN,T.Y. McGill,10156,DI,IDL,33,0,0,0.0,2,0,0,0,0,0,0.18370200669687445,0.043298960055917046,0.22700096675279152,0.22337835625431512,0.0036226104984763974,0.07684325299798418
2021,CLE,Brian Allen,11928,CB,UNKNOWN,1,0,0,0.0,0,0,0,0,0,0,0.19239506664892633,0.04762885606150876,0.2400239227104351,0.23648925173029245,0.0035346709801426512,2.4742696860998556
2021,CLE,Donovan Peoples-Jones,61439,WR,UNKNOWN,1,0,0,0.0,0,0,0,0,0,0,0.19239506664892633,0.04762885606150876,0.2400239227104351,0.23648925173029245,0.0035346709801426512,2.4742696860998556
2021,CLE,Tim Harris,49512,CB,UNKNOWN,2,0,0,0.0,0,0,0,0,0,0,0.19239506664892633,0.04762885606150876,0.2400239227104351,0.23648925173029245,0.0035346709801426512,1.2371348430499278
2024,CHI,Jonathan Ford,56705,DI,IDL,77,0,0,0.0,0,0,3,0,0,0,0.1696267460736172,0.057238867611369565,0.2268656136849868,0.22337835625431512,0.0034872574306716864,0.031702340278833514
2022,LAR,Brandon Powell,48036,WR,UNKNOWN,1,0,0,0.0,0,0,0,0,0,0,0.19222509707808674,0.04762885606150876,0.23985395313959557,0.23648925173029245,0.003364701409303117,2.355290986512182
2022,LAR,Oday Aboushi,7923,G,UNKNOWN,1,0,0,0.0,0,0,0,0,0,0,0.19222509707808674,0.04762885606150876,0.23985395313959557,0.23648925173029245,0.003364701409303117,2.355290986512182
2023,CIN,Travis Bell,79253,DI,IDL,30,0,0,0.0,0,0,1,0,0,0,0.1809076892584116,0.04578602500176366,0.22669371426017532,0.22337835625431512,0.0033153580058601917,0.07735835347007114
2021,DEN,Andre Mintze,44299,ED,EDGE,64,4,0,0.0,1,0,1,0,0,0,0.16279710280246046,0.04264876514266954,0.20544586794513003,0.2021575437637748,0.0032883241813552455,0.035966045733572996
2022,ATL,Jalen Dalton,27753,DI,IDL,145,1,0,0.0,3,0,8,0,0,0,0.1616785313124386,0.06497882101029044,0.22665735232272904,0.22337835625431512,0.0032789960684139197,0.01582963619234306
2024,MIA,Neil Farrell Jr.,56401,DI,IDL,65,0,0,0.0,3,0,0,0,0,0,0.18333954576037612,0.043298960055917046,0.2266385058162932,0.22337835625431512,0.003260149561978065,0.035109302975148395
2024,TB,William Gholston,7908,DI,IDL,205,0,0,0.0,9,1,5,0,0,0,0.17295466121253422,0.05367580146041714,0.22663046267295142,0.22337835625431512,0.003252106418636297,0.011104753624611746
2022,LAR,Quentin Lake,56245,S,S,63,32,30,0.9375,1,1,2,0,0,1,0.205126698761251,0.05265177284384229,0.25777847160509326,0.2546539193746793,0.0031245522304139683,0.03471724700459965
2023,MIA,Ethan Bonner,83091,CB,CB,23,12,7,0.5833333333333334,0,0,1,0,1,1,0.20951893854252346,0.05628864807269217,0.2658075866152156,0.26270954927892354,0.0030980373362920477,0.09428809284367103
2022,SEA,Myles Adams,28430,DI,IDL,208,0,0,0.0,5,0,14,0,0,0,0.15504102515332568,0.07142824871512599,0.2264692738684517,0.22337835625431512,0.0030909176141365735,0.010402126586036545
2023,BUF,Damar Hamlin,43291,S,S,31,25,6,0.24,0,0,0,0,0,0,0.20576498145627817,0.051958752067100454,0.25772373352337863,0.2546539193746793,0.0030698141486993347,0.0693183840028882
2023,NYG,Bobby McCain,9578,CB,CB,19,11,24,2.1818181818181817,0,0,0,0,0,1,0.20947728346784272,0.05628864807269217,0.2657659315405349,0.26270954927892354,0.003056382261611368,0.1126035570067346
2022,LV,Nickell Robey-Coleman,8483,CB,CB,14,8,0,0.0,0,0,0,0,0,0,0.2094760490671307,0.05628864807269217,0.2657646971398228,0.26270954927892354,0.0030551478608992766,0.15275739304496383
2021,WAS,Cole Holcomb,49753,LB,LB,1021,587,608,1.0357751277683134,9,1,43,2,2,5,0.17854451471854596,0.05090221601420022,0.22944673073274618,0.2264117320729514,0.0030349986597947853,0.002080802215334329
2023,DAL,Nahshon Wright,100412,CB,CB,52,33,22,0.6666666666666666,0,0,1,0,0,0,0.20937246135838516,0.05628864807269217,0.2656611094310773,0.26270954927892354,0.0029515601521537538,0.03973254050976207
2022,ARI,Nate Hairston,11913,CB,HYBRID,3,1,0,0.0,0,0,0,0,0,0,0.19180043007701697,0.04762885606150876,0.23942928613852574,0.23648925173029245,0.0029400344082332885,0.6860080285877673
2022,ARI,Greg Dortch,42237,WR,UNKNOWN,2,1,0,0.0,0,0,0,0,0,0,0.19180043007701697,0.04762885606150876,0.23942928613852574,0.23648925173029245,0.0029400344082332885,1.029012042881651
2023,LAR,Cory Durden,56976,DI,IDL,44,0,0,0.0,1,0,1,0,0,0,0.17901634429856858,0.04728693213234604,0.2263032764309146,0.22337835625431512,0.0029249201765994826,0.04653282099135541
2021,CHI,Caleb Johnson,12488,LB,LB,5,4,0,0.0,0,0,0,0,0,0,0.18155382356202734,0.04762885606150876,0.2291826796235361,0.2264117320729514,0.0027709475505847125,0.3879326570818597
2022,ARI,Corey Clement,12253,HB,UNKNOWN,1,0,0,0.0,0,0,0,0,0,0,0.19159934152123567,0.04762885606150876,0.23922819758274447,0.23648925173029245,0.0027389458524520183,1.9172620967164127
2022,ARI,Trey McBride,75916,TE,UNKNOWN,1,0,0,0.0,0,0,0,0,0,0,0.19159934152123567,0.04762885606150876,0.23922819758274447,0.23648925173029245,0.0027389458524520183,1.9172620967164127
2022,ARI,Stephen Anderson,11160,TE,UNKNOWN,1,0,0,0.0,0,0,0,0,0,0,0.19159934152123567,0.04762885606150876,0.23922819758274447,0.23648925173029245,0.0027389458524520183,1.9172620967164127
2024,DET,Khalil Dorsey,27819,CB,CB,73,49,125,2.5510204081632653,0,0,1,0,0,1,0.20913562358405555,0.05628864807269217,0.2654242716567477,0.26270954927892354,0.0027147223778241636,0.026031584444889243
2024,NYG,Dane Belton,101398,S,S,460,258,226,0.875968992248062,3,1,10,1,1,5,0.20459764077461193,0.05277089454409265,0.2573685353187046,0.2546539193746793,0.0027146159440253337,0.004130937306125507
2021,DEN,Jonathan Harris,94361,DI,IDL,71,0,0,0.0,1,0,3,0,0,0,0.17332476151409393,0.05267797728364228,0.22600273879773622,0.22337835625431512,0.0026243825434210943,0.025874194090067127
2022,MIN,Ryan Connelly,49840,LB,LB,16,6,0,0.0,0,0,1,0,0,0,0.1809287330173071,0.047969518537578214,0.22889825155488536,0.2264117320729514,0.0024865194819339576,0.10878522733461064
2023,LAR,Marquise Copeland,38540,DI,IDL,11,0,0,0.0,0,0,1,0,0,0,0.17856797815616382,0.04728693213234604,0.22585491028850985,0.22337835625431512,0.0024765540341947223,0.1575988930851187
2023,MIN,Brian Asamoah II,77195,LB,LB,36,8,3,0.375,1,0,1,0,0,0,0.18036478013342486,0.0484958424479991,0.22886062258142398,0.2264117320729514,0.0024488905084725787,0.04761731544252236
2023,CAR,Sam Webb,134606,CB,UNKNOWN,10,1,0,0.0,0,0,0,0,0,0,0.19118429008048352,0.04762885606150876,0.2388131461419923,0.23648925173029245,0.0023238944116998617,0.16267260881899032
2023,CAR,Eku Leota,82363,ED,EDGE,77,12,0,0.0,3,0,2,0,0,0,0.16080482351826325,0.04366860880820475,0.20447343232646803,0.2021575437637748,0.0023158885626932413,0.021053532388120376
2021,HOU,Jordan Jenkins,10717,ED,EDGE,282,0,0,0.0,12,3,11,0,0,0,0.14866356244779072,0.05569716920225059,0.2043607316500413,0.2021575437637748,0.0022031878862665,0.005468906100661524
2023,CIN,DJ Ivey,76670,CB,CB,21,14,4,0.2857142857142857,0,0,1,0,0,1,0.20861325060117275,0.05628864807269217,0.26490189867386493,0.26270954927892354,0.0021923493949413952,0.07307831316471317
2023,SF,T.Y. McGill,10156,DI,IDL,51,0,0,0.0,3,0,0,0,0,0,0.1822423726553141,0.043298960055917046,0.22554133271123117,0.22337835625431512,0.0021629764569160437,0.029687912153749618
2021,MIN,Kris Boyd,34222,CB,CB,160,102,288,2.823529411764706,0,0,6,0,0,0,0.20855318154756441,0.05628864807269217,0.2648418296202566,0.26270954927892354,0.0021322803413330593,0.009328726493332135
2024,NO,Anfernee Orji,98568,LB,LB,147,52,51,0.9807692307692307,2,0,7,0,0,0,0.1705292691290605,0.05800527098856236,0.22853454011762286,0.2264117320729514,0.0021228080446714648,0.010108609736530784
2022,CLE,Jordan Kunaszyk,38548,LB,LB,101,43,38,0.8837209302325582,0,0,3,0,0,1,0.1777301640467816,0.05078906427160038,0.228519228318382,0.2264117320729514,0.0021074962454306068,0.014606409621796284
2023,CAR,Amare Barno,99780,ED,EDGE,189,12,1,0.08333333333333333,8,0,7,0,0,0,0.14882395174858296,0.055417470702903274,0.20424142245148624,0.2021575437637748,0.0020838786877114546,0.007718069213746128
2024,TB,Ryan Neal,49132,S,S,17,12,0,0.0,0,0,0,0,0,0,0.20476602276088818,0.051958752067100454,0.2567247748279886,0.2546539193746793,0.002070855453309317,0.08527051866567777
2024,CLE,T.Y. McGill,10156,DI,IDL,23,0,0,0.0,1,0,0,0,0,0,0.18212667507586397,0.043298960055917046,0.22542563513178104,0.22337835625431512,0.002047278877465919,0.062308487575049705
2022,SEA,Tanner Muse,35997,LB,LB,124,55,4,0.07272727272727272,1,0,2,0,0,2,0.18030869404185937,0.04812204765758827,0.22843074169944766,0.2264117320729514,0.00201900962649626,0.011397634988285337
2024,SEA,Quinton Bohanna,56673,DI,IDL,6,0,0,0.0,0,0,0,0,0,0,0.1820793512079838,0.043298960055917046,0.22537831126390087,0.22337835625431512,0.0019999550095857466,0.23332808445167041
2024,SEA,Cameron Young,82499,DI,IDL,2,0,0,0.0,0,0,0,0,0,0,0.1820793512079838,0.043298960055917046,0.22537831126390087,0.22337835625431512,0.0019999550095857466,0.6999842533550114
2021,CHI,Joel Iyiegbuniwe,51221,LB,LB,1,1,0,0.0,0,0,0,0,0,0,0.18076463125560033,0.04762885606150876,0.22839348731710912,0.2264117320729514,0.0019817552441577235,1.3872286709104065
2024,CHI,Dominique Robinson,61436,ED,EDGE,84,0,0,0.0,3,0,2,0,0,0,0.15983353069116168,0.0442520049056587,0.2040855355968204,0.2021575437637748,0.0019279918330456225,0.016066598608713522
2021,GB,Amari Rodgers,61212,WR,UNKNOWN,1,1,0,0.0,0,0,0,0,0,0,0.19071684633490077,0.04762885606150876,0.23834570239640956,0.23648925173029245,0.0018564506661171154,1.2995154662819808
2021,GB,Juwann Winfree,38275,WR,UNKNOWN,1,1,0,0.0,0,0,0,0,0,0,0.19071684633490077,0.04762885606150876,0.23834570239640956,0.23648925173029245,0.0018564506661171154,1.2995154662819808
2021,PIT,Daniel Archibong,100963,DI,IDL,13,0,0,0.0,0,0,0,0,0,0,0.1819075526238461,0.043298960055917046,0.2252065126797632,0.22337835625431512,0.0018281564254480631,0.09843919213951109
2021,MIA,Noah Igbinoghene,61155,CB,CB,78,55,64,1.1636363636363636,0,0,1,0,0,0,0.208214156284535,0.05628864807269217,0.2645028043572272,0.26270954927892354,0.001793255078303635,0.01609331480528903
2022,PIT,Ryan Anderson,11804,ED,EDGE,28,0,0,0.0,0,0,1,0,0,0,0.15300846779085736,0.05092855541014609,0.20393702320100343,0.2021575437637748,0.0017794794372286427,0.044486985930716066
2024,NO,Isaiah Foskey,102728,ED,EDGE,65,0,0,0.0,0,0,2,0,0,0,0.15868792570212825,0.045238974174026204,0.20392689987615448,0.2021575437637748,0.0017693561123796886,0.019054604287165877
2023,DEN,Caden Sterns,76725,S,S,2,1,0,0.0,0,0,0,0,0,0,0.20442828062762897,0.051958752067100454,0.25638703269472946,0.2546539193746793,0.0017331133200501614,0.6065896620175565
2021,PIT,Marcus Allen,49263,LB,LB,77,56,52,0.9285714285714286,2,0,3,0,0,0,0.17845788758014247,0.04967988384665387,0.2281377714267964,0.2264117320729514,0.0017260393538449936,0.015691266853136307
2021,GB,Tyler Davis,47743,TE,UNKNOWN,1,0,0,0.0,0,0,0,0,0,0,0.19055746834746912,0.04762885606150876,0.23818632440897788,0.23648925173029245,0.001697072678685435,1.1879508750798045
2022,GB,La'Darius Hamilton,50192,ED,EDGE,24,0,0,0.0,1,0,0,0,0,0,0.16488313884317704,0.038969064050325346,0.20385220289350242,0.2021575437637748,0.0016946591297276326,0.04942755795038928
2023,GB,Eric Wilson,38587,LB,LB,144,94,146,1.553191489361702,3,0,7,0,0,0,0.1772530213594031,0.050832570355117956,0.22808559171452106,0.2264117320729514,0.0016738596415696583,0.008136817702074728
2022,PHI,Christian Elliss,61853,LB,LB,33,20,11,0.55,0,0,2,0,0,0,0.17820883384897881,0.049862453519057014,0.22807128736803584,0.2264117320729514,0.0016595552950844361,0.035202688077548644
2021,CHI,Teez Tabor,11808,S,S,112,73,6,0.0821917808219178,0,0,2,0,0,0,0.20416593647255052,0.05213652502315537,0.2563024614957059,0.2546539193746793,0.0016485421210266082,0.010303388256416302
2022,TEN,Joe Schobert,10733,LB,LB,121,64,115,1.796875,2,0,5,0,1,0,0.17397002208695186,0.05408059001536776,0.22805061210231964,0.2264117320729514,0.0016388800293682393,0.009481124136841053
2021,HOU,Roy Lopez,48676,DI,IDL,502,1,0,0.0,8,1,19,0,0,0,0.15354051680404215,0.07146253254026153,0.2250030493443037,0.22337835625431512,0.0016246930899885825,0.0022655082928127643
2023,DEN,Drew Sanders,123933,LB,LB,260,74,134,1.8108108108108107,5,0,9,0,0,0,0.17570827306052178,0.052256983073119,0.2279652561336408,0.2264117320729514,0.0015535240606893985,0.004182564778779149
2023,LAC,Brevin Allen,88418,ED,EDGE,12,1,0,0.0,0,0,0,0,0,0,0.16472923260565708,0.038969064050325346,0.20369829665598244,0.2021575437637748,0.0015407528922076474,0.08987725204544611
2022,TEN,Elijah Molden,56290,CB,CB,82,43,9,0.20930232558139536,2,0,2,0,0,0,0.2079536277741954,0.05628864807269217,0.26424227584688753,0.26270954927892354,0.0015327265679639934,0.01308425118993653
2022,SEA,Josh Jones,11816,S,S,376,245,229,0.9346938775510204,2,0,7,0,0,1,0.2034719717033196,0.05269737352364033,0.25616934522695994,0.2546539193746793,0.0015154258522806496,0.0028212715335012096
2024,BUF,Edefuan Ulofoshio,81459,LB,LB,66,32,23,0.71875,0,0,2,0,0,1,0.17826896797090644,0.04954868529059669,0.22781765326150313,0.2264117320729514,0.0014059211885517342,0.014911285333124453
2022,KC,Justin Watson,66915,WR,UNKNOWN,1,1,0,0.0,0,0,0,0,0,0,0.19012235871329236,0.04762885606150876,0.23775121477480113,0.23648925173029245,0.0012619630445086794,0.8833741311560755
2023,NO,Shemar Jean-Charles,42496,CB,CB,10,5,2,0.4,0,0,1,0,0,0,0.20766661354982446,0.05628864807269217,0.26395526162251665,0.26270954927892354,0.0012457123435931083,0.0871998640515176
2021,PHI,K'Von Wallace,42467,S,S,183,103,41,0.39805825242718446,0,0,4,0,0,0,0.20352375753575236,0.05235362243088846,0.2558773799666408,0.2546539193746793,0.0012234605919614894,0.004679903903677828
2021,BAL,Justin Ellis,8742,DI,IDL,381,1,0,0.0,6,0,8,0,0,0,0.16475736650152256,0.059834084076543996,0.22459145057806662,0.22337835625431512,0.0012130943237514957,0.002228782222115609
2024,MIA,Jaelan Phillips,56902,ED,EDGE,134,18,12,0.6666666666666666,7,1,3,0,0,0,0.15282147804814736,0.050525021080330086,0.20334649912847746,0.2021575437637748,0.0011889553647026763,0.0062109608603871155
2022,KC,Jody Fortson,94384,TE,UNKNOWN,1,0,0,0.0,0,0,0,0,0,0,0.19002713572765445,0.04762885606150876,0.2376559917891632,0.23648925173029245,0.001166740058870741,0.8167180412095187
2022,KC,Noah Gray,60878,TE,UNKNOWN,1,0,0,0.0,0,0,0,0,0,0,0.19002713572765445,0.04762885606150876,0.2376559917891632,0.23648925173029245,0.001166740058870741,0.8167180412095187
2023,IND,McTelvin Agim,43069,DI,IDL,13,0,0,0.0,1,0,0,0,0,0,0.18123953289124542,0.043298960055917046,0.2245384929471625,0.22337835625431512,0.0011601366928473689,0.062468898845627556
2024,MIA,Cam Smith,98837,CB,CB,133,103,174,1.6893203883495145,0,0,3,0,0,0,0.20749849197246875,0.05628864807269217,0.2637871400451609,0.26270954927892354,0.0010775907662373685,0.005671530348617729
2024,CLE,Nathaniel Watson,81317,LB,LB,55,17,14,0.8235294117647058,0,0,2,0,0,1,0.1784545795925685,0.04898139655109739,0.22743597614366595,0.2264117320729514,0.0010242440707145528,0.013035833627276127
2022,DEN,Jonathan Kongbo,42433,ED,EDGE,60,5,0,0.0,1,0,0,0,0,0,0.16418162850132045,0.038969064050325346,0.20315069255164583,0.2021575437637748,0.0009931487878710454,0.01158673585849553
2023,BUF,Tyler Matakevich,10880,LB,LB,19,13,5,0.38461538461538464,0,0,1,0,0,0,0.17871823325214983,0.048652225719986675,0.22737045897213654,0.2264117320729514,0.0009587268991851361,0.03532151733839975
2022,ARI,Manny Jones,52026,DI,IDL,59,0,0,0.0,1,0,4,0,0,0,0.1687755818765543,0.05547699609622347,0.22425257797277778,0.22337835625431512,0.0008742217184626588,0.010372122083455273
2023,PIT,James Pierre,60649,CB,CB,28,24,18,0.75,0,0,1,0,0,0,0.207267571341881,0.05628864807269217,0.2635562194145732,0.26270954927892354,0.000846670135649652,0.0211667533912413
2024,ATL,Kaden Elliss,51485,LB,LB,1097,522,493,0.9444444444444444,43,5,52,1,1,2,0.17636618256158337,0.05083583573628113,0.22720201829786452,0.2264117320729514,0.0007902862249131171,0.000504284737866164
2024,IND,Ronnie Harrison,49206,S,UNKNOWN,3,0,0,0.0,0,0,0,0,0,0,0.18960271128205608,0.04762885606150876,0.23723156734356488,0.23648925173029245,0.0007423156132724262,0.1732069764302328
2022,ARI,Victor Dimukeje,56347,ED,EDGE,251,22,23,1.0454545454545454,6,0,7,0,0,0,0.1388446086719519,0.06405277378434651,0.2028973824562984,0.2021575437637748,0.0007398386925236144,0.0020632951584323906
2023,LAC,Raheem Layne,55960,S,S,76,51,9,0.17647058823529413,0,0,1,0,0,0,0.20328815084146462,0.052076574740176074,0.2553647255816407,0.2546539193746793,0.0007108062069614007,0.00654689927464448
2021,SEA,Blessuan Austin,50434,CB,CB,149,94,71,0.7553191489361702,0,0,2,0,0,0,0.20712448013788548,0.05628864807269217,0.26341312821057766,0.26270954927892354,0.0007035789316541252,0.003305404376898575
2024,LAR,Keir Thomas,42509,ED,EDGE,62,4,0,0.0,4,0,2,0,0,0,0.15412659012523416,0.04873205285567988,0.20285864298091402,0.2021575437637748,0.0007010992171392338,0.007915636322539738
2021,CAR,Stantley Thomas-Oliver III,47981,CB,CB,20,11,5,0.45454545454545453,0,0,1,0,0,0,0.20711095019881573,0.05628864807269217,0.26339959827150794,0.26270954927892354,0.0006900489925844022,0.024151714740454078
2024,MIA,Matt Dickerson,49601,DI,IDL,15,0,0,0.0,0,0,0,0,0,0,0.18074767303728626,0.043298960055917046,0.2240466330932033,0.22337835625431512,0.0006682768388881766,0.03118625248144824
2022,DET,Derrick Barnes,58120,LB,LB,346,164,99,0.6036585365853658,6,1,15,0,0,0,0.17492884914327622,0.05204529086588241,0.22697414000915864,0.2264117320729514,0.0005624079362072376,0.0011378195241186888
2023,JAC,Gregory Junior,156090,CB,CB,94,52,62,1.1923076923076923,0,0,2,0,0,0,0.20692078379753562,0.05628864807269217,0.2632094318702278,0.26270954927892354,0.0004998825913042348,0.003722529935244302
2022,DEN,Wyatt Ray,50115,ED,EDGE,56,0,0,0.0,2,0,0,0,0,0,0.163677016335007,0.038969064050325346,0.20264608038533236,0.2021575437637748,0.000488536621557567,0.006106707769469588
2024,CLE,Michael Dwumfour,27376,DI,IDL,5,0,0,0.0,0,0,0,0,0,0,0.1805405708324517,0.043298960055917046,0.22383953088836878,0.22337835625431512,0.00046117463405365156,0.06456444876751122
2023,TB,Josh Hayes,66798,CB,CB,29,13,6,0.46153846153846156,0,0,2,0,0,0,0.20675068942827624,0.05628864807269217,0.2630393375009684,0.26270954927892354,0.00032978822204488,0.007960405359704
2021,SEA,Josh Jones,11816,S,S,73,49,28,0.5714285714285714,1,0,3,0,0,1,0.20258919037997797,0.05221294031539265,0.2548021306953706,0.2546539193746793,0.00014821132069131604,0.0014212044449852222
2022,DAL,Jabril Cox,30669,LB,LB,37,22,23,1.0454545454545454,0,0,0,0,0,0,0.17885809344513293,0.04762885606150876,0.2264869495066417,0.2264117320729514,7.521743369029443e-05,0.0014230325292758407
2021,NYG,Oshane Ximines,48538,ED,EDGE,183,13,3,0.23076923076923078,7,0,5,0,0,0,0.14745835914452288,0.054705923549792264,0.20216428269431513,0.2021575437637748,6.738930540345356e-06,2.5777329935747262e-05
2024,TEN,Roger McCreary,83176,CB,CB,652,388,367,0.9458762886597938,3,1,21,0,0,0,0.20642264150984097,0.05628864807269217,0.26271128958253315,0.26270954927892354,1.7403036096097502e-06,1.8684241207466642e-06
2024,LV,Janarius Robinson,42447,ED,EDGE,109,3,4,1.3333333333333333,5,1,5,0,0,0,0.14605285133339915,0.05610469243037562,0.2021575437637748,0.2021575437637748,0.0,0.0
2023,SEA,Tre Brown,55677,CB,CB,603,378,398,1.052910052910053,1,1,8,2,2,5,0.20641568029540242,0.05628864807269217,0.2627043283680946,0.26270954927892354,-5.220910828940273e-06,-6.060758839565822e-06
2022,MIN,Akayleb Evans,65033,CB,CB,162,100,242,2.42,0,0,5,0,1,2,0.20633306001489568,0.05628864807269217,0.26262170808758784,0.26270954927892354,-8.784119133570245e-05,-0.00037956070330241796
2022,NO,Christian Ringo,9643,DI,IDL,33,0,0,0.0,0,0,0,0,0,0,0.1799459186451561,0.043298960055917046,0.22324487870107318,0.22337835625431512,-0.0001334775532419452,-0.002831342038465505
2022,MIA,Elijah Campbell,49190,S,S,96,55,47,0.8545454545454545,2,1,3,0,0,1,0.20170133613713565,0.052804371916852236,0.2545057080539879,0.2546539193746793,-0.00014821132069137155,-0.0010807075467079176
2024,NYG,Andru Phillips,124075,CB,CB,614,335,373,1.1134328358208956,4,1,31,1,2,0,0.20623658487260169,0.05628864807269217,0.26252523294529384,0.26270954927892354,-0.00018431633362969713,-0.0002101326279165928
2024,SEA,Drake Thomas,97525,LB,LB,37,21,41,1.9523809523809523,0,0,0,0,0,1,0.1785458678280247,0.04762885606150876,0.22617472388953347,0.2264117320729514,-0.0002370081834179305,-0.004483938605204091
2022,NE,Jamie Collins Sr.,7833,LB,LB,41,10,11,1.1,0,0,0,0,0,0,0.17854053809745182,0.04762885606150876,0.2261693941589606,0.2264117320729514,-0.00024233791399080884,-0.0041374765803308825
2021,MIN,Josh Metellus,43395,S,S,54,36,34,0.9444444444444444,0,0,3,0,0,1,0.20204356855061711,0.05235719476443379,0.2544007633150509,0.2546539193746793,-0.00025315605962838994,-0.0032816526248124625
2022,SEA,Bryan Mone,38461,DI,IDL,271,0,0,0.0,6,0,9,0,0,1,0.1581823986605416,0.06490455035428594,0.22308694901482756,0.22337835625431512,-0.0002914072394875622,-0.0007527124267206404
2022,PIT,Isaiahh Loudermilk,44416,DI,IDL,116,0,0,0.0,1,0,3,0,0,0,0.16530684191817582,0.05777590815980426,0.2230827500779801,0.22337835625431512,-0.0002956061763350337,-0.0017838303744355482
2022,KC,Malik Herring,56616,ED,EDGE,88,1,0,0.0,0,0,4,0,0,0,0.1554417051533211,0.046207932771468715,0.20164963792478982,0.2021575437637748,-0.0005079058389849678,-0.004040160082834971
2023,SF,Tayler Hawkins,42606,S,S,67,32,46,1.4375,1,0,0,1,0,0,0.20215716236062642,0.051958752067100454,0.25411591442772685,0.2546539193746793,-0.0005380049469524417,-0.0056209472069658085
2021,CIN,Clay Johnston,25685,LB,LB,94,34,42,1.2352941176470589,0,0,4,0,0,0,0.1746083178777037,0.05124100625904046,0.2258493241367442,0.2264117320729514,-0.0005624079362072099,-0.004188144205798372
2024,CLE,Alex Wright,98318,ED,EDGE,103,5,14,2.8,3,1,4,0,0,0,0.14577340611990758,0.05581499162964624,0.20158839774955384,0.2021575437637748,-0.0005691460142209503,-0.00386798262091908
2023,HOU,Jake Hansen,43645,LB,LB,54,26,22,0.8461538461538461,1,0,4,0,0,0,0.1750585066741341,0.050747949598132704,0.22580645627226684,0.2264117320729514,-0.0006052758006845627,-0.007846167786651738
2023,LAR,Earnest Brown IV,56428,DI,IDL,56,0,0,0.0,2,0,0,0,0,0,0.1794647104409733,0.043298960055917046,0.2227636704968904,0.22337835625431512,-0.0006146857574247377,-0.007683571967809222
2022,DEN,Aaron Patrick,48558,ED,EDGE,2,0,0,0.0,0,0,0,0,0,0,0.16249268759239105,0.038969064050325346,0.2014617516427164,0.2021575437637748,-0.0006957921210583862,-0.24352724237043516
2022,LAR,Daniel Hardy,91336,ED,EDGE,41,4,0,0.0,1,0,1,0,0,0,0.158536488679759,0.04286565061509509,0.2014021392948541,0.2021575437637748,-0.0007554044689206951,-0.012897149469377723
2024,LAR,Desjuan Johnson,76850,DI,IDL,155,0,0,0.0,3,2,5,0,0,0,0.17254051619173788,0.05005340174235324,0.2225939179340911,0.22337835625431512,-0.0007844383202240124,-0.0035426246719794108
2022,CIN,Markus Bailey,49681,LB,LB,62,20,24,1.2,0,0,3,0,0,0,0.1710922143689596,0.05453221988001227,0.22562443424897188,0.2264117320729514,-0.0007872978239795159,-0.008888846399768727
2023,IND,Trevor Denbow,77165,S,IDL,7,0,0,0.0,0,0,0,0,0,0,0.17924011777225252,0.043298960055917046,0.22253907782816956,0.22337835625431512,-0.0008392784261455621,-0.08392784261455621
2024,BAL,Josh Tupou,12093,DI,IDL,61,0,0,0.0,1,1,3,0,0,0,0.17385763505051158,0.048667676629199075,0.22252531167971065,0.22337835625431512,-0.0008530445746044724,-0.009789036102018535
2023,LAC,JT Woods,77837,S,S,61,48,9,0.1875,0,0,0,0,0,0,0.20174611968965794,0.051958752067100454,0.2537048717567584,0.2546539193746793,-0.0009490476179209173,-0.010890710369584297
2024,NYG,Darius Muasau,86008,LB,LB,435,196,153,0.7806122448979592,3,0,25,1,0,0,0.17491025718134706,0.05049198688684778,0.22540224406819487,0.2264117320729514,-0.0010094880047565313,-0.0016244634559300503
2022,CAR,Brandon Smith,101497,LB,LB,52,13,5,0.38461538461538464,0,0,3,0,0,0,0.17564376638222284,0.049756064074535825,0.22539983045675868,0.2264117320729514,-0.0010119016161927175,-0.013621752525671197
2022,ARI,Antwaun Woods,11332,DI,IDL,13,0,0,0.0,0,0,1,0,0,0,0.16828497047357682,0.05407059866288919,0.22235556913646604,0.22337835625431512,-0.0010227871178490888,-0.05507315249956632
2021,LAC,Kyler Fackrell,10722,ED,EDGE,382,18,42,2.3333333333333335,12,3,10,0,1,0,0.14219110457789125,0.05891219101301225,0.20110329559090354,0.2021575437637748,-0.0010542481728712527,-0.0019318683796070075
2022,LV,Roderic Teamer,51405,S,S,286,166,207,1.2469879518072289,1,0,10,0,0,0,0.1982574054186877,0.05505475137095198,0.2533121567896397,0.2546539193746793,-0.0013417625850395964,-0.003284034299047963
2024,NYG,Adoree' Jackson,11773,CB,CB,426,276,206,0.7463768115942029,0,0,9,0,1,5,0.20504618508588765,0.05628864807269217,0.26133483315857986,0.26270954927892354,-0.0013747161203436775,-0.002258923202442663
2023,MIA,Parry Nickerson,50511,CB,CB,84,53,30,0.5660377358490566,0,0,1,0,0,0,0.20504257364117304,0.05628864807269217,0.2613312217138652,0.26270954927892354,-0.001378327565058346,-0.011486063042152883
2023,MIA,Nik Needham,50356,CB,CB,73,60,44,0.7333333333333333,0,0,2,0,0,0,0.20499731798612542,0.05628864807269217,0.2612859660588176,0.26270954927892354,-0.0014235832201059395,-0.013650798001015858
2024,LAR,Xavier Smith,102585,WR,UNKNOWN,1,1,0,0.0,0,0,0,0,0,0,0.18742400377976187,0.04762885606150876,0.2350528598412707,0.23648925173029245,-0.0014363918890217542,-1.0054743223152278
2021,MIA,Javaris Davis,49432,CB,CB,10,10,32,3.2,0,0,0,0,0,1,0.20492819841044915,0.05628864807269217,0.26121684648314136,0.26270954927892354,-0.0014927027957821748,-0.10448919570475222
2022,TB,Genard Avery,49699,ED,EDGE,72,6,10,1.6666666666666667,6,1,4,0,0,0,0.14804165337631112,0.05254792884323801,0.20058958221954915,0.2021575437637748,-0.0015679615442256434,-0.015244070568860422
2024,NYG,Jason Pinnock,56144,S,S,976,551,271,0.49183303085299457,7,3,14,0,0,1,0.20073351570132172,0.052307136294329266,0.253040651995651,0.2546539193746793,-0.0016132673790282825,-0.001157056521844055
2021,NE,Chase Winovich,48523,ED,EDGE,112,7,6,0.8571428571428571,4,0,2,0,0,0,0.14548137190305283,0.05504295503742115,0.200524326940474,0.2021575437637748,-0.0016332168233007816,-0.010207605145629885
2022,DET,C.J. Moore,26617,S,S,106,77,0,0.0,1,0,0,0,0,1,0.2009369284759156,0.051958752067100454,0.2528956805430161,0.2546539193746793,-0.0017582388316632058,-0.011611011152492868
2024,TEN,Chidobe Awuzie,11815,CB,CB,373,194,172,0.8865979381443299,1,0,4,1,1,1,0.20465458691926214,0.05628864807269217,0.2609432349919543,0.26270954927892354,-0.0017663142869692172,-0.00331479892996904
2021,GB,La'Darius Hamilton,50192,ED,EDGE,64,3,0,0.0,3,0,1,0,0,0,0.1581113648796379,0.04225306936536253,0.20036443424500044,0.2021575437637748,-0.001793109518774344,-0.01961213536159439
2021,PHI,Raequan Williams,27300,DI,IDL,43,0,0,0.0,1,0,2,0,0,0,0.1720063020443357,0.04957818116933417,0.22158448321366986,0.22337835625431512,-0.0017938730406452663,-0.029202584382597357
2022,ATL,Timmy Horne,43918,DI,IDL,385,1,0,0.0,5,0,8,0,0,0,0.16300504665887072,0.058533195119320224,0.22153824177819098,0.22337835625431512,-0.001840114476124144,-0.00334566268386208
2024,NYG,Kayvon Thibodeaux,98444,ED,EDGE,593,7,10,1.4285714285714286,38,6,20,0,1,0,0.1424202411457837,0.057817582920906704,0.2002378240666904,0.2021575437637748,-0.0019197196970843766,-0.0022661109409090447
2022,NE,Joshuah Bledsoe,60691,S,S,22,18,17,0.9444444444444444,0,0,0,0,0,0,0.200742894026348,0.051958752067100454,0.2527016460934484,0.2546539193746793,-0.0019522732812308763,-0.06211778622098243
2021,CHI,Xavier Crawford,50326,CB,CB,140,80,137,1.7125,0,0,4,0,0,0,0.20437185042587896,0.05628864807269217,0.26066049849857115,0.26270954927892354,-0.0020490507803523905,-0.010245253901761953
2021,WAS,William Jackson III,10658,CB,CB,748,494,363,0.7348178137651822,0,0,10,2,0,6,0.20437111934561678,0.05628864807269217,0.26065976741830893,0.26270954927892354,-0.002049781860614608,-0.0019182450567249004
2023,DEN,Tremon Smith,28196,CB,HYBRID,4,1,0,0.0,0,0,0,0,0,0,0.18675181221352974,0.04762885606150876,0.23438066827503853,0.23648925173029245,-0.002108583455253915,-0.36900210466943517
2024,TB,SirVocea Dennis,99767,LB,LB,105,64,53,0.828125,1,1,7,0,0,0,0.17389198146259274,0.05037456829713948,0.2242665497597322,0.2264117320729514,-0.002145182313219196,-0.014301215421461306
2023,LAR,Zach VanValkenburg,101450,ED,EDGE,96,15,13,0.8666666666666667,5,1,2,0,0,0,0.15163736831308283,0.04835675031823919,0.19999411863132202,0.2021575437637748,-0.0021634251324527676,-0.015774974924134762
2023,DEN,Nate Adkins,87625,TE,UNKNOWN,2,0,0,0.0,0,0,0,0,0,0,0.18655403522492056,0.04762885606150876,0.23418289128642933,0.23648925173029245,-0.0023063604438631202,-0.8072261553520921
2023,DEN,Michael Bandy,91824,WR,UNKNOWN,1,0,0,0.0,0,0,0,0,0,0,0.18655403522492056,0.04762885606150876,0.23418289128642933,0.23648925173029245,-0.0023063604438631202,-1.6144523107041842
2023,DEN,Dwayne Washington,10870,HB,UNKNOWN,1,0,0,0.0,0,0,0,0,0,0,0.18655403522492056,0.04762885606150876,0.23418289128642933,0.23648925173029245,-0.0023063604438631202,-1.6144523107041842
2023,DEN,Marvin Mims Jr.,122937,WR,UNKNOWN,1,0,0,0.0,0,0,0,0,0,0,0.18655403522492056,0.04762885606150876,0.23418289128642933,0.23648925173029245,-0.0023063604438631202,-1.6144523107041842
2023,DEN,Michael Burton,9601,FB,UNKNOWN,1,0,0,0.0,0,0,0,0,0,0,0.18655403522492056,0.04762885606150876,0.23418289128642933,0.23648925173029245,-0.0023063604438631202,-1.6144523107041842
2021,ARI,Joe Walker,10885,LB,LB,55,28,43,1.5357142857142858,0,0,3,0,0,0,0.17327625659717288,0.050718622036440876,0.22399487863361378,0.2264117320729514,-0.0024168534393376184,-0.03075995286429696
2021,HOU,Eric Wilson,38587,LB,LB,298,184,172,0.9347826086956522,2,0,11,1,0,0,0.17412034394017603,0.049872958433703304,0.22399330237387932,0.2264117320729514,-0.0024184296990720777,-0.005680875132048504
2024,LV,Luke Masterson,45046,LB,LB,102,54,48,0.8888888888888888,0,0,3,0,0,0,0.17470421049601373,0.04927981634893246,0.22398402684494623,0.2264117320729514,-0.0024277052280051725,-0.016660722152976676
2023,ATL,Micah Abernathy,51344,S,S,24,18,6,0.3333333333333333,1,0,1,0,0,0,0.20011560092588365,0.05209862297663641,0.2522142239025201,0.2546539193746793,-0.00243969547215922,-0.07115778460464392
2024,LV,Marcus Epps,51391,S,S,176,103,133,1.2912621359223302,0,0,7,0,0,0,0.1989978595369363,0.05317156688051801,0.2521694264174543,0.2546539193746793,-0.0024844929572249708,-0.009881506079872043
2024,NYG,Dexter Lawrence,25991,DI,IDL,551,2,0,0.0,36,10,25,0,1,0,0.16316241418661603,0.05771290182656936,0.22087531601318544,0.22337835625431512,-0.0025030402411296837,-0.0031799059324696525
2022,LV,Sidney Jones IV,11798,CB,CB,109,71,94,1.323943661971831,0,0,2,0,0,1,0.20378389052200813,0.05628864807269217,0.26007253859470025,0.26270954927892354,-0.0026370106842232843,-0.016934930999599074
2022,CLE,Sam Kamara,24176,ED,EDGE,7,0,0,0.0,0,0,0,0,0,0,0.16054690805483682,0.038969064050325346,0.19951597210516217,0.2021575437637748,-0.002641571658612618,-0.2641571658612618
2021,NYG,Woodrow Hamilton,11215,DI,IDL,21,0,0,0.0,0,0,0,0,0,0,0.17742919908372734,0.043298960055917046,0.22072815913964441,0.22337835625431512,-0.0026501971146707104,-0.08833990382235701
2021,NYG,David Moa,50012,DI,IDL,44,0,0,0.0,0,0,0,0,0,0,0.17742919908372734,0.043298960055917046,0.22072815913964441,0.22337835625431512,-0.0026501971146707104,-0.04216222682430676
2021,DEN,Pita Taumoepenu,11957,ED,EDGE,3,0,0,0.0,0,0,0,0,0,0,0.1603922642781712,0.038969064050325346,0.19936132832849654,0.2021575437637748,-0.0027962154352782487,-0.6524502682315914
2022,DET,Julian Okwara,44152,ED,EDGE,220,43,93,2.1627906976744184,12,2,9,0,0,0,0.14040555374655425,0.05879263603145903,0.19919818977801326,0.2021575437637748,-0.002959353985761526,-0.009416126318332128
2021,LAC,Christian Covington,9649,DI,IDL,523,0,0,0.0,6,1,16,0,1,0,0.15475530058517561,0.06561882236500594,0.22037412295018158,0.22337835625431512,-0.0030042333041335467,-0.0040209623573489155
2024,PHI,Nicholas Morrow,51674,LB,LB,49,25,53,2.12,0,0,2,0,0,0,0.17331638566708768,0.050081555181193955,0.22339794084828168,0.2264117320729514,-0.003013791224669715,-0.0430541603524245
2024,TEN,Luke Gifford,50675,LB,LB,203,101,113,1.118811881188119,0,0,13,1,0,1,0.173863567352016,0.04951556723502278,0.22337913458703879,0.2264117320729514,-0.0030325974859126137,-0.010457232710043497
2022,WAS,Christian Holmes,43393,CB,CB,104,44,84,1.9090909090909092,0,0,3,0,0,0,0.20337862504641083,0.05628864807269217,0.25966727311910304,0.26270954927892354,-0.0030422761598205006,-0.0204768587680226
2024,TB,Trey Palmer,99248,WR,UNKNOWN,1,1,0,0.0,0,0,0,0,0,0,0.18571051988696408,0.04762885606150876,0.23333937594847284,0.23648925173029245,-0.0031498757818196055,-2.204913047273724
2023,SF,Samuel Womack III,65771,CB,CB,70,42,19,0.4523809523809524,0,0,1,0,0,0,0.20322258787163677,0.05628864807269217,0.25951123594432896,0.26270954927892354,-0.0031983133345945824,-0.031983133345945824
2022,TEN,Greg Mabin,12068,CB,CB,108,83,139,1.6746987951807228,0,0,2,0,0,0,0.20321080243858333,0.05628864807269217,0.2594994505112755,0.26270954927892354,-0.003210098767648051,-0.020806195716237368
2021,PIT,Ulysees Gilbert,50810,LB,LB,46,31,16,0.5161290322580645,1,0,1,0,0,0,0.17488564195591394,0.04831253198989047,0.22319817394580443,0.2264117320729514,-0.003213558127146965,-0.04890197150006251
2024,TB,Ko Kieft,41372,TE,UNKNOWN,1,0,0,0.0,0,0,0,0,0,0,0.18558829699412954,0.04762885606150876,0.2332171530556383,0.23648925173029245,-0.003272098674654139,-2.2904690722578973
2022,MIA,Justin Zimmer,10975,DI,IDL,40,0,0,0.0,0,0,0,0,0,0,0.17680237191231693,0.043298960055917046,0.220101331968234,0.22337835625431512,-0.0032770242860811205,-0.0573479250064196
2022,MIA,Josiah Bronson,36668,DI,IDL,5,0,0,0.0,0,0,0,0,0,0,0.17680237191231693,0.043298960055917046,0.220101331968234,0.22337835625431512,-0.0032770242860811205,-0.4587834000513568
2021,SF,Curtis Robinson,42871,LB,LB,84,31,16,0.5161290322580645,1,0,1,0,0,0,0.1748163276547806,0.04829239486644987,0.2231087225212305,0.2264117320729514,-0.003303009551720887,-0.027525079597674057
2023,LAC,Daiyan Henley,61500,LB,LB,54,33,20,0.6060606060606061,0,0,4,0,0,0,0.17248797993293913,0.05061369711275774,0.22310167704569686,0.2264117320729514,-0.003310055027254538,-0.04290812072366994
2022,LV,Neil Farrell Jr.,56401,DI,IDL,158,0,0,0.0,1,0,4,0,0,0,0.1617556157192624,0.05825538984878778,0.2200110055680502,0.22337835625431512,-0.003367350686264925,-0.014918642280920554
2022,CAR,Sean Chandler,51315,S,S,74,39,14,0.358974358974359,0,0,0,0,0,0,0.199143175183214,0.051958752067100454,0.2511019272503145,0.2546539193746793,-0.0035519921243648,-0.03359992550074811
2023,TEN,Eric Garror,83274,CB,CB,350,231,124,0.5367965367965368,1,0,8,0,0,1,0.20286221188689216,0.05628864807269217,0.25915085995958437,0.26270954927892354,-0.00355868931933917,-0.00711737863867834
2022,ATL,Matt Dickerson,49601,DI,IDL,96,0,0,0.0,0,0,5,0,0,0,0.16052597827270398,0.059265982861514264,0.21979196113421828,0.22337835625431512,-0.0035863951200968414,-0.026150797750706133
2023,CIN,Jalen Davis,50431,CB,CB,53,35,43,1.2285714285714286,0,0,1,0,0,1,0.2027908516018602,0.05628864807269217,0.25907949967455235,0.26270954927892354,-0.0036300496043711883,-0.04794405137848739
2024,ATL,Dee Alford,110542,CB,CB,724,498,706,1.4176706827309238,3,1,22,0,1,9,0.20273457243133064,0.05628864807269217,0.25902322050402277,0.26270954927892354,-0.003686328774900771,-0.003564130030981409
2021,GB,Chauncey Rivers,36669,ED,EDGE,54,1,0,0.0,1,0,1,0,0,0,0.15619901299162992,0.04225306936536253,0.1984520823569925,0.2021575437637748,-0.0037054614067822955,-0.048033758976807533
2021,WAS,Bobby McCain,9578,S,S,1031,665,340,0.5112781954887218,0,0,11,4,0,5,0.19893681237728786,0.051981803561881666,0.25091861593916953,0.2546539193746793,-0.0037353034355097625,-0.002536093506165697
2024,DET,Kwon Alexander,9557,LB,LB,94,32,57,1.78125,1,0,3,0,1,0,0.1694652517158732,0.05319701371748309,0.22266226543335632,0.2264117320729514,-0.003749466639595078,-0.02792156008209101
2024,ATL,Jessie Bates III,49162,S,S,1095,671,249,0.3710879284649776,5,1,27,4,4,6,0.19795140992998964,0.05290540406417014,0.25085681399415977,0.2546539193746793,-0.0037971053805195276,-0.0024273733026152233
2023,SF,George Odum,31342,S,S,39,28,5,0.17857142857142858,0,0,0,0,0,0,0.19885106419239063,0.051958752067100454,0.25080981625949106,0.2546539193746793,-0.0038441031151882354,-0.06899672258030166
2024,IND,Chris Lammons,49368,CB,CB,95,65,130,2.0,1,1,1,0,1,0,0.20257157651968527,0.05628864807269217,0.25886022459237745,0.26270954927892354,-0.003849324686546085,-0.028363445058760626
2021,LAR,Kareem Orr,50513,CB,CB,40,36,66,1.8333333333333333,0,0,0,0,0,0,0.20253921836013053,0.05628864807269217,0.25882786643282274,0.26270954927892354,-0.003881682846100798,-0.06792944980676396
2023,DEN,Elijah Garcia,44498,DI,IDL,31,0,0,0.0,2,1,1,0,0,0,0.17337618701187998,0.046019787223236415,0.2193959742351164,0.22337835625431512,-0.0039823820191987325,-0.08992475527222944
2021,CHI,Danny Trevathan,7177,LB,LB,77,42,53,1.2619047619047619,0,0,6,0,0,0,0.16938111438410092,0.05302846922358117,0.22240958360768212,0.2264117320729514,-0.0040021484652692785,-0.03638316786608435
2024,LAR,Emmanuel Forbes,124166,CB,CB,160,83,131,1.5783132530120483,0,0,1,1,0,0,0.2023731873645548,0.05628864807269217,0.25866183543724697,0.26270954927892354,-0.00404771384167657,-0.017708748057334994
2022,TEN,Da'Shawn Hand,48386,DI,IDL,2,0,0,0.0,1,0,0,0,0,0,0.17601550730480742,0.043298960055917046,0.2193144673607245,0.22337835625431512,-0.004063888893590634,-1.4223611127567217
2021,BAL,Tony Jefferson,8361,S,S,92,69,52,0.7536231884057971,1,1,4,0,0,1,0.19779929063263088,0.05278155421673556,0.25058084484936644,0.2546539193746793,-0.004073074525312859,-0.03099078443172827
2023,CIN,Markus Bailey,49681,LB,LB,29,12,3,0.25,0,0,0,0,0,0,0.17470311980518005,0.04762885606150876,0.22233197586668882,0.2264117320729514,-0.00407975620626258,-0.09847687394426918
2021,BAL,Isaiah Mack,26229,DI,IDL,31,0,0,0.0,4,1,2,0,0,0,0.17165480665047864,0.047432741061073785,0.21908754771155242,0.22337835625431512,-0.004290808542762703,-0.09688922515915781
2022,TEN,Jayden Peevy,56876,DI,IDL,27,1,0,0.0,0,0,0,0,0,0,0.17575812146669276,0.043298960055917046,0.21905708152260983,0.22337835625431512,-0.0043212747317052935,-0.11203304859976687
2023,NYG,Oshane Ximines,48538,ED,EDGE,52,13,7,0.5384615384615384,3,0,1,0,0,0,0.15289306111508907,0.044905458861658344,0.19779851997674744,0.2021575437637748,-0.00435902378702735,-0.0586791663638297
2021,BAL,Devin Duvernay,40006,WR,UNKNOWN,1,0,0,0.0,0,0,0,0,0,0,0.18441456494926559,0.04762885606150876,0.23204342101077435,0.23648925173029245,-0.004445830719518096,-3.112081503662667
2021,BAL,Tylan Wallace,61577,WR,UNKNOWN,1,0,0,0.0,0,0,0,0,0,0,0.18441456494926559,0.04762885606150876,0.23204342101077435,0.23648925173029245,-0.004445830719518096,-3.112081503662667
2021,BAL,Miles Boykin,48209,WR,UNKNOWN,1,0,0,0.0,0,0,0,0,0,0,0.18441456494926559,0.04762885606150876,0.23204342101077435,0.23648925173029245,-0.004445830719518096,-3.112081503662667
2024,BUF,Joe Andreessen,108177,LB,LB,116,65,83,1.2769230769230768,1,0,8,0,0,0,0.16989599707569267,0.05202172931599007,0.22191772639168275,0.2264117320729514,-0.004494005681268648,-0.027118999800759082
2021,CLE,Curtis Weaver,43751,ED,EDGE,6,0,0,0.0,1,0,0,0,0,0,0.15868838705813532,0.038969064050325346,0.19765745110846067,0.2021575437637748,-0.00450009265531412,-0.5250108097866473
2022,ATL,Micah Abernathy,51344,S,S,1,0,0,0.0,0,0,0,0,0,0,0.1981592630825457,0.051958752067100454,0.25011801514964616,0.2546539193746793,-0.004535904225033138,-3.175132957523197
2021,BAL,Malik Harrison,28081,LB,LB,171,87,160,1.839080459770115,2,0,4,0,0,0,0.17044522161697886,0.05129265361726867,0.22173787523424754,0.2264117320729514,-0.00467385683870386,-0.01913274729293978
2022,BUF,Ja'Marcus Ingram,55738,CB,CB,44,33,38,1.1515151515151516,0,0,0,0,0,0,0.20171596393030763,0.05628864807269217,0.25800461200299984,0.26270954927892354,-0.004704937275923693,-0.07485127484424056
2021,CIN,Trayvon Henderson,51394,S,S,57,21,9,0.42857142857142855,0,0,0,0,0,0,0.197986235722494,0.051958752067100454,0.24994498778959442,0.2546539193746793,-0.004708931585084869,-0.057828984378235235
2024,HOU,Jeff Okudah,55674,CB,CB,79,52,146,2.8076923076923075,0,0,3,0,0,0,0.2016536377448362,0.05628864807269217,0.25794228581752837,0.26270954927892354,-0.004767263461395166,-0.04224157497438755
2024,ATL,A.J. Terrell,55586,CB,CB,1085,671,466,0.6944858420268256,1,0,16,2,0,2,0.20160943286619465,0.05628864807269217,0.25789808093888683,0.26270954927892354,-0.004811468340036706,-0.0031041731226043264
2021,SF,Jason Verrett,8660,CB,CB,60,40,24,0.6,0,0,1,0,0,0,0.20160536276644497,0.05628864807269217,0.25789401083913716,0.26270954927892354,-0.004815538439786382,-0.05618128179750779
2023,LAR,Jake Hummel,57879,LB,LB,45,35,27,0.7714285714285715,0,0,3,0,0,0,0.17168536840770368,0.049890036228844,0.2215754046365477,0.2264117320729514,-0.004836327436403692,-0.07523176012183522
2021,PHI,Marlon Tuipulotu,57035,DI,IDL,55,0,0,0.0,1,0,1,0,0,0,0.1720063020443357,0.04643857061262561,0.2184448726569613,0.22337835625431512,-0.004933483597353822,-0.06278979123904864
2022,CLE,Roderick Perry II,45336,DI,IDL,40,0,0,0.0,2,0,1,0,0,0,0.17255650716409227,0.0458358238903985,0.21839233105449077,0.22337835625431512,-0.0049860251998243565,-0.08725544099692625
2023,GB,Brenton Cox Jr.,81957,ED,EDGE,5,0,0,0.0,0,0,0,0,0,0,0.1582001265290739,0.038969064050325346,0.19716919057939924,0.2021575437637748,-0.0049883531843755435,-0.698369445812576
2023,GB,Keshawn Banks,82385,ED,EDGE,2,0,0,0.0,0,0,0,0,0,0,0.1582001265290739,0.038969064050325346,0.19716919057939924,0.2021575437637748,-0.0049883531843755435,-1.7459236145314403
2021,KC,Darius Harris,29188,LB,LB,1,0,0,0.0,0,0,0,0,0,0,0.1735929683309735,0.04762885606150876,0.22122182439248228,0.2264117320729514,-0.005189907680469119,-3.6329353763283834
2022,NE,Shaun Wade,55673,CB,CB,18,18,41,2.2777777777777777,0,0,0,0,0,0,0.20112513013407654,0.05628864807269217,0.2574137782067687,0.26270954927892354,-0.005295771072154842,-0.20594665280602165
2023,BUF,Siran Neal,27130,CB,CB,50,38,62,1.631578947368421,0,0,2,0,0,0,0.2010711240953017,0.05628864807269217,0.2573597721679939,0.26270954927892354,-0.005349777110929654,-0.07489687955301516
2024,TEN,Daryl Worley,10711,S,S,460,232,175,0.7543103448275862,2,0,11,1,1,1,0.19666663120611452,0.052606055441178357,0.2492726866472929,0.2546539193746793,-0.005381232727386387,-0.008188832411240155
2023,SEA,Quandre Diggs,9633,S,S,1155,680,247,0.36323529411764705,0,0,17,1,0,2,0.19730447439049217,0.051958752067100454,0.24926322645759263,0.2546539193746793,-0.005390692917086659,-0.0032670866164161575
2022,DET,Chris Board,29456,LB,LB,158,102,109,1.0686274509803921,5,0,6,0,1,1,0.1712857869892019,0.04969544695491659,0.22098123394411853,0.2264117320729514,-0.005430498128832867,-0.0240591689252089
2023,CAR,D'Shawn Jamison,76791,CB,CB,107,59,122,2.0677966101694913,0,0,1,0,0,1,0.200974386853386,0.05628864807269217,0.25726303492607816,0.26270954927892354,-0.0054465143528453774,-0.03563140230833425
2024,LAR,Josh Wallace,97676,CB,CB,165,86,66,0.7674418604651163,0,0,4,0,0,1,0.20083896296967374,0.05628864807269217,0.2571276110423659,0.26270954927892354,-0.005581938236557615,-0.02368095009448685
2024,BUF,Mack Hollins,11873,WR,HYBRID,2,1,0,0.0,0,0,0,0,0,0,0.18323909991664403,0.04762885606150876,0.23086795597815282,0.23648925173029245,-0.005621295752139627,-1.9674535132488693
2024,BUF,Khalil Shakir,84140,WR,UNKNOWN,1,1,0,0.0,0,0,0,0,0,0,0.18323909991664403,0.04762885606150876,0.23086795597815282,0.23648925173029245,-0.005621295752139627,-3.9349070264977386
2023,SEA,Boye Mafe,55220,ED,EDGE,808,29,64,2.206896551724138,58,9,29,0,1,0,0.1431195131893725,0.05340883135043051,0.19652834453980303,0.2021575437637748,-0.005629199223971759,-0.004876781505916128
2022,GB,Eric Wilson,38587,LB,LB,36,18,43,2.388888888888889,1,1,1,0,0,0,0.17246786862347221,0.048200711559702424,0.22066858018317465,0.2264117320729514,-0.005743151889776754,-0.11167239785677022
2024,BUF,Jalen Virgil,41991,WR,UNKNOWN,1,0,0,0.0,0,0,0,0,0,0,0.1830905662197334,0.04762885606150876,0.23071942228124218,0.23648925173029245,-0.005769829449050273,-4.038880614335191
2024,BUF,Reggie Gilliam,40951,FB,UNKNOWN,2,0,0,0.0,0,0,0,0,0,0,0.1830905662197334,0.04762885606150876,0.23071942228124218,0.23648925173029245,-0.005769829449050273,-2.0194403071675957
2024,BUF,Ray Davis,101072,HB,UNKNOWN,1,0,0,0.0,0,0,0,0,0,0,0.1830905662197334,0.04762885606150876,0.23071942228124218,0.23648925173029245,-0.005769829449050273,-4.038880614335191
2024,BUF,Quintin Morris,61182,TE,UNKNOWN,2,0,0,0.0,0,0,0,0,0,0,0.1830905662197334,0.04762885606150876,0.23071942228124218,0.23648925173029245,-0.005769829449050273,-2.0194403071675957
2021,NYG,Keion Crossen,49454,CB,CB,24,21,15,0.7142857142857143,1,1,1,0,0,0,0.20054357401386003,0.05628864807269217,0.2568322220865522,0.26270954927892354,-0.005877327192371329,-0.17142204311083042
2022,MIN,Theo Jackson,62919,S,S,18,12,0,0.0,0,0,0,0,0,0,0.19669314391597253,0.051958752067100454,0.248651895983073,0.2546539193746793,-0.006002023391606298,-0.23341202078468937
2022,PIT,Carlos Davis,48662,DI,IDL,12,0,0,0.0,1,1,1,0,0,0,0.17191354988697957,0.04545693650385864,0.21737048639083822,0.22337835625431512,-0.0060078698634769,-0.35045907536948584
2022,DET,Austin Bryant,36248,ED,EDGE,207,16,0,0.0,10,0,6,0,0,0,0.14533325648931614,0.05080080858628044,0.19613406507559658,0.2021575437637748,-0.006023478688178208,-0.020369251602535002
2022,LAR,Brayden Thomas,138266,ED,EDGE,4,0,0,0.0,0,0,0,0,0,0,0.15715504752463505,0.038969064050325346,0.1961241115749604,0.2021575437637748,-0.006033432188814386,-1.0558506330425175
2021,CHI,Christian Jones,9020,LB,LB,116,43,49,1.1395348837209303,0,0,5,0,0,0,0.16981761404354134,0.05050057304393431,0.22031818708747566,0.2264117320729514,-0.006093544985475735,-0.03677139215373288
2021,KC,Josh Jackson,50417,CB,CB,10,8,0,0.0,0,0,1,0,0,0,0.20029297000506302,0.05628864807269217,0.25658161807775526,0.26270954927892354,-0.00612793120116828,-0.4289551840817796
2023,BUF,Baylon Spector,57782,LB,LB,43,21,38,1.8095238095238095,0,0,4,0,0,0,0.16855637059829445,0.05172233469542042,0.2202787052937149,0.2264117320729514,-0.0061330267792364945,-0.09983997082478013
2024,BAL,David Ojabo,101420,ED,EDGE,292,21,40,1.9047619047619047,12,2,5,0,0,0,0.14646419038837957,0.049500696394913585,0.19596488678329319,0.2021575437637748,-0.006192656980481603,-0.01484541056964768
2023,CAR,Alex Cook,61805,S,S,155,81,22,0.2716049382716049,0,0,5,0,0,0,0.19513699083873673,0.05329609743951465,0.2484330882782514,0.2546539193746793,-0.0062208310964279034,-0.028094075919351823
2023,LV,Kana'i Mauga,81982,LB,LB,11,8,9,1.125,0,0,2,0,0,0,0.16985458845212098,0.050104269802267364,0.21995885825438838,0.2264117320729514,-0.006452873818563021,-0.41063742481764676
2022,DEN,Elijah Garcia,44498,DI,IDL,18,0,0,0.0,0,0,0,0,0,0,0.17360089316987767,0.043298960055917046,0.21689985322579475,0.22337835625431512,-0.006478503028520377,-0.2519417844424591
2021,CHI,Sam Kamara,24176,ED,EDGE,108,7,10,1.4285714285714286,5,0,3,0,0,0,0.13380187859833242,0.0618650331443481,0.19566691174268053,0.2021575437637748,-0.006490632021094261,-0.04206891124783318
2022,ARI,Eric Banks,45507,ED,EDGE,14,0,0,0.0,0,0,0,0,0,0,0.1566451726264601,0.038969064050325346,0.19561423667678546,0.2021575437637748,-0.006543307086989331,-0.32716535434946653
2021,PHI,Josiah Scott,55634,CB,CB,90,62,76,1.2258064516129032,0,0,3,0,0,0,0.19986873088135132,0.05628864807269217,0.2561573789540435,0.26270954927892354,-0.006552170324880036,-0.05096132474906694
2022,LAR,Russ Yeast,55629,S,S,113,72,32,0.4444444444444444,0,0,6,0,0,0,0.19605291565421637,0.051958752067100454,0.24801166772131686,0.2546539193746793,-0.006642251653362435,-0.041146691657997385
2023,MIA,Calvin Munson,12236,LB,LB,23,15,7,0.4666666666666667,0,0,1,0,0,0,0.17145987342035712,0.04830011149749238,0.2197599849178495,0.2264117320729514,-0.006651747155101889,-0.20244447863353576
2022,TEN,Caleb Farley,61803,CB,CB,104,70,204,2.914285714285714,0,0,4,0,0,0,0.19976405075975096,0.05628864807269217,0.2560526988324431,0.26270954927892354,-0.006656850446480456,-0.04480572415900307
2021,CHI,Michael Joseph,66576,S,S,3,2,0,0.0,0,0,0,0,0,0,0.19603330739904992,0.051958752067100454,0.24799205946615038,0.2546539193746793,-0.006661859908528911,-1.554433978656746
2023,CAR,DJ Johnson,56704,ED,EDGE,231,14,22,1.5714285714285714,3,0,7,0,0,0,0.1330141434671067,0.06245196055007163,0.19546610401717832,0.2021575437637748,-0.0066914397465964726,-0.020277090141201434
2022,CLE,Greedy Williams,43254,CB,CB,105,77,134,1.7402597402597402,0,0,1,0,0,0,0.1996756967604054,0.05628864807269217,0.25596434483309755,0.26270954927892354,-0.006745204445825992,-0.04496802963883994
2022,CIN,Jalen Davis,50431,CB,CB,50,29,42,1.4482758620689655,0,0,0,0,0,0,0.19956293217104887,0.05628864807269217,0.25585158024374105,0.26270954927892354,-0.006857969035182487,-0.09601156649255481
2021,HOU,Ross Blacklock,44526,DI,IDL,457,1,0,0.0,25,2,9,0,1,0,0.1600998031417892,0.056390464842073836,0.21649026798386303,0.22337835625431512,-0.006888088270452092,-0.01055068225233362
2022,DET,Charles Harris,11777,ED,EDGE,259,14,15,1.0714285714285714,11,1,5,0,1,0,0.13627390295774752,0.05886263452009297,0.19513653747784052,0.2021575437637748,-0.0070210062859342726,-0.018975692664687224
2022,LV,Mack Hollins,11873,WR,UNKNOWN,2,1,0,0.0,0,0,0,0,0,0,0.18180185320672768,0.04762885606150876,0.22943070926823647,0.23648925173029245,-0.007058542462055978,-2.4704898617195923
2022,LV,Kyle Peko,11027,DI,IDL,153,1,0,0.0,3,0,5,0,0,0,0.1619505377532008,0.05435671733686524,0.21630725509006604,0.22337835625431512,-0.007071101164249083,-0.03235144323512652
2024,BAL,Chris Wormley,11829,DI,IDL,33,0,0,0.0,1,0,2,0,0,0,0.16942251691591204,0.04687810443810506,0.21630062135401712,0.22337835625431512,-0.007077734900298005,-0.15013377061238192
2024,TB,Tyrek Funderburk,83356,CB,CB,168,111,184,1.6576576576576576,0,0,1,0,1,0,0.1992468098124703,0.05628864807269217,0.2555354578851625,0.26270954927892354,-0.007174091393761017,-0.02989204747400424
2022,LV,Brandon Bolden,7469,HB,UNKNOWN,1,0,0,0.0,0,0,0,0,0,0,0.18166598845391085,0.04762885606150876,0.22929484451541962,0.23648925173029245,-0.007194407214872828,-5.036085050410979
2022,LV,Jacob Hollister,12051,TE,UNKNOWN,1,0,0,0.0,0,0,0,0,0,0,0.18166598845391085,0.04762885606150876,0.22929484451541962,0.23648925173029245,-0.007194407214872828,-5.036085050410979
2022,LV,Keelan Cole Sr.,51593,WR,UNKNOWN,1,0,0,0.0,0,0,0,0,0,0,0.18166598845391085,0.04762885606150876,0.22929484451541962,0.23648925173029245,-0.007194407214872828,-5.036085050410979
2021,NO,Ken Crawley,11224,CB,CB,16,16,35,2.1875,0,0,0,0,0,0,0.19922445791088242,0.05628864807269217,0.2555131059835746,0.26270954927892354,-0.007196443295348964,-0.3148443941715172
2022,CIN,Allan George,56275,CB,CB,37,25,30,1.2,0,0,0,0,0,0,0.19922157430863344,0.05628864807269217,0.2555102223813256,0.26270954927892354,-0.007199326897597946,-0.13620348184644765
2021,CIN,Austin Calitro,50640,LB,LB,20,12,10,0.8333333333333334,0,0,0,0,0,0,0.17152736474921335,0.04762885606150876,0.21915622081072214,0.2264117320729514,-0.007255511262229258,-0.25394289417802407
2022,MIN,Lewis Cine,98879,S,S,2,2,0,0.0,0,0,0,0,0,0,0.19542327537266177,0.051958752067100454,0.24738202743976226,0.2546539193746793,-0.007271891934917035,-2.5451621772209623
2024,NO,Kendal Vickers,48993,DI,IDL,21,0,0,0.0,0,0,1,0,0,0,0.17014201872418425,0.04596247327754018,0.21610449200172444,0.22337835625431512,-0.007273864252590689,-0.24246214175302297
2022,SEA,Isaiah Dunn,52129,CB,CB,1,1,0,0.0,0,0,0,0,0,0,0.19911859771622872,0.05628864807269217,0.25540724578892093,0.26270954927892354,-0.007302303490002604,-5.111612443001823
2024,LAR,John Johnson III,11847,S,S,63,42,30,0.7142857142857143,0,0,1,1,0,1,0.19524670149880974,0.052082133201906015,0.24732883470071576,0.2546539193746793,-0.007325084673963533,-0.08138982971070592
2022,DEN,Ja'Quan McMillian,100931,CB,CB,68,45,70,1.5555555555555556,1,0,3,0,0,0,0.19906890706987854,0.05628864807269217,0.2553575551425707,0.26270954927892354,-0.007351994136352846,-0.07568229258010283
2022,DET,Benito Jones,44035,DI,IDL,309,1,0,0.0,16,2,8,0,0,0,0.1640000238363581,0.05199885717464036,0.21599888101099848,0.22337835625431512,-0.007379475243316641,-0.016717257832756145
2021,PIT,Karl Joseph,10648,S,S,17,14,14,1.0,0,0,0,0,0,1,0.19525685906664186,0.051958752067100454,0.24721561113374235,0.2546539193746793,-0.007438308240936942,-0.3062832805091682
2021,LAC,Alohi Gilman,41662,S,S,355,222,93,0.4189189189189189,0,0,4,1,0,0,0.1951192448684755,0.05207959465037228,0.24719883951884783,0.2546539193746793,-0.007455079855831465,-0.014700157462202887
2021,CIN,Jordan Evans,11947,LB,LB,44,30,52,1.7333333333333334,0,0,0,0,0,0,0.17125968122675786,0.04762885606150876,0.21888853728826663,0.2264117320729514,-0.007523194784684772,-0.11968718975634866
2021,HOU,Neville Hewitt,9836,LB,LB,325,141,166,1.177304964539007,1,0,22,0,0,0,0.16670404955007573,0.05211706080589785,0.2188211103559736,0.2264117320729514,-0.007590621716977802,-0.016349031390413726
2023,MIA,Melvin Ingram III,7024,ED,EDGE,150,8,26,3.25,6,1,3,0,0,0,0.14304003545284727,0.05150982037020978,0.19454985582305706,0.2021575437637748,-0.007607687940717728,-0.0355025437233494
2022,DET,Romeo Okwara,11250,ED,EDGE,119,6,0,0.0,6,2,4,0,0,0,0.1504531527572216,0.04408895350469401,0.19454210626191565,0.2021575437637748,-0.00761543750185914,-0.044796691187406715
2022,ATL,Keith Smith,9302,FB,UNKNOWN,1,0,0,0.0,0,0,0,0,0,0,0.18112470205005737,0.04762885606150876,0.22875355811156617,0.23648925173029245,-0.00773569361872628,-5.414985533108396
2022,ATL,KhaDarel Hodge,26104,WR,UNKNOWN,1,0,0,0.0,0,0,0,0,0,0,0.18112470205005737,0.04762885606150876,0.22875355811156617,0.23648925173029245,-0.00773569361872628,-5.414985533108396
2022,ATL,Avery Williams,42873,HB,UNKNOWN,1,0,0,0.0,0,0,0,0,0,0,0.18112470205005737,0.04762885606150876,0.22875355811156617,0.23648925173029245,-0.00773569361872628,-5.414985533108396
2021,SF,Dre Kirkpatrick,7023,CB,CB,95,45,72,1.6,0,0,3,0,0,0,0.1986450080125709,0.05628864807269217,0.2549336560852631,0.26270954927892354,-0.007775893193660455,-0.05729605511118229
2024,NO,Tanoh Kpassagnon,11814,DI,IDL,73,0,0,0.0,2,0,0,0,0,0,0.17214201955203462,0.043298960055917046,0.21544097960795167,0.22337835625431512,-0.007937376646363459,-0.07611183085554002
2022,ARI,Nick Vigil,10721,LB,LB,84,46,160,3.4782608695652173,0,0,3,0,0,0,0.1676227963828577,0.050815520164035455,0.2184383165468932,0.2264117320729514,-0.007973415526058208,-0.0664451293838184
2021,CHI,Ledarius Mack,55041,ED,EDGE,24,1,0,0.0,1,1,0,0,0,0,0.15519434384430442,0.038969064050325346,0.19416340789462977,0.2021575437637748,-0.00799413586914502,-0.2331622961833964
2024,NYG,Tyler Nubin,97895,S,S,789,440,204,0.4636363636363636,2,0,22,0,0,1,0.192788983776532,0.05380585605100784,0.24659483982753988,0.2546539193746793,-0.008059079547139414,-0.007150007202785285
2022,ARI,Josh Jackson,50417,CB,CB,85,56,60,1.0714285714285714,0,0,2,0,0,0,0.19834465307020258,0.05628864807269217,0.2546333011428948,0.26270954927892354,-0.008076248136028752,-0.06651027876729561
2023,CIN,Akeem Davis-Gaither,34788,LB,LB,98,40,56,1.4,0,0,4,0,0,0,0.16719730698867147,0.05105671499287085,0.21825402198154234,0.2264117320729514,-0.00815771009140906,-0.05826935779577899
2024,IND,Genard Avery,49699,ED,EDGE,2,0,0,0.0,0,0,0,0,0,0,0.1550182887278693,0.038969064050325346,0.19398735277819465,0.2021575437637748,-0.008170190985580139,-2.859566844953049
2024,TEN,Jack Gibbens,57662,LB,LB,234,129,62,0.4806201550387597,3,1,10,0,0,0,0.16875616917094097,0.049456184470786445,0.21821235364172742,0.2264117320729514,-0.00819937843122398,-0.024528055136140113
2021,NE,Jahlani Tavai,51055,LB,LB,62,21,116,5.523809523809524,1,0,1,0,0,0,0.16929084678624898,0.04891941060550243,0.21821025739175143,0.2264117320729514,-0.008201474681199972,-0.09259729478774162
2021,PHI,Tay Gowan,42465,CB,CB,44,24,8,0.3333333333333333,0,0,0,0,0,0,0.19820266300770084,0.05628864807269217,0.254491311080393,0.26270954927892354,-0.008218238198530514,-0.13074469861298546
2021,KC,DeAndre Baker,33356,CB,CB,239,178,229,1.2865168539325842,0,0,5,0,0,0,0.19817975920235578,0.05628864807269217,0.25446840727504794,0.26270954927892354,-0.008241142003875601,-0.024137235994614734
2023,SEA,Leonard Williams,9439,DI,IDL,884,1,0,0.0,54,6,34,0,0,0,0.15657501435372484,0.05849306087935775,0.21506807523308263,0.22337835625431512,-0.00831028102123249,-0.006580539270206724
2022,MIN,Brian Asamoah II,77195,LB,LB,121,63,45,0.7142857142857143,1,0,3,0,1,0,0.16742572507421,0.0506006038800959,0.2180263289543059,0.2264117320729514,-0.008385403118645496,-0.048510596554147495
2021,DEN,Marquiss Spencer,50306,DI,IDL,14,0,0,0.0,0,0,0,0,0,0,0.1716914174296778,0.043298960055917046,0.21499037748559488,0.22337835625431512,-0.008387978768720245,-0.4193989384360122
2022,LV,Isaiah Pola-Mao,60781,S,S,81,57,29,0.5087719298245614,3,1,6,0,0,0,0.191587155360263,0.054661837999247544,0.2462489933595106,0.2546539193746793,-0.008404926015168707,-0.07263516309405055
2021,CLE,Adrian Colbert,11983,S,S,161,87,47,0.5402298850574713,0,0,1,0,0,0,0.19412642959179707,0.05208683073244739,0.24621326032424448,0.2546539193746793,-0.008440659050434812,-0.03669851761058614
2021,PHI,Marvin Wilson,56977,DI,IDL,19,0,0,0.0,0,0,0,0,0,0,0.1715566958124541,0.043298960055917046,0.21485565586837116,0.22337835625431512,-0.008522700385943965,-0.313994224745304
2022,LV,Matthew Butler,62931,DI,IDL,56,1,0,0.0,1,1,1,0,0,0,0.16933879034538177,0.04551051151210669,0.2148493018574885,0.22337835625431512,-0.008529054396826635,-0.10661317996033294
2022,LV,Malcolm Koonce,55015,ED,EDGE,68,2,0,0.0,2,0,2,0,0,0,0.14944958036937858,0.044175056178195754,0.19362463654757434,0.2021575437637748,-0.008532907216200453,-0.08783875075500466
2023,LV,Curtis Bolton,39043,LB,LB,16,8,10,1.25,0,0,1,0,0,0,0.16900244775620366,0.048866562931888055,0.21786901068809175,0.2264117320729514,-0.008542721384859647,-0.37374406058760956
2021,CLE,Andrew Billings,10756,DI,IDL,72,0,0,0.0,0,0,1,0,0,0,0.1688743964940884,0.045896675490643205,0.2147710719847316,0.22337835625431512,-0.008607284269583515,-0.08368193039872862
2023,GB,Eric Stokes,55912,CB,CB,110,69,112,1.6231884057971016,0,0,1,0,0,0,0.19771131811366766,0.05628864807269217,0.25399996618635984,0.26270954927892354,-0.0087095830925637,-0.05542461967995082
2024,MIA,Ethan Bonner,83091,CB,CB,16,11,4,0.36363636363636365,0,0,0,0,0,0,0.1975905995456778,0.05628864807269217,0.25387924761837,0.26270954927892354,-0.008830301660553541,-0.3863256976492174
2023,MIA,Malik Reed,48567,ED,EDGE,94,21,29,1.380952380952381,0,0,1,0,0,0,0.13540218077172636,0.05785727192836795,0.19325945270009434,0.2021575437637748,-0.008898091063680447,-0.06626238026145014
2022,PHI,Josh Jobe,83122,CB,CB,24,16,17,1.0625,0,0,0,0,0,0,0.19736694786874365,0.05628864807269217,0.25365559594143583,0.26270954927892354,-0.009053953337487708,-0.26407363901005815
2021,LAC,Nick Niemann,43500,LB,LB,67,34,8,0.23529411764705882,0,0,1,1,0,0,0.16955824232260314,0.04779819468148836,0.21735643700409152,0.2264117320729514,-0.009055295068859881,-0.09460756042092412
2021,PIT,Justin Layne,40160,CB,CB,29,25,17,0.68,0,0,1,0,0,0,0.19727060901907834,0.05628864807269217,0.2535592570917705,0.26270954927892354,-0.00915029218715302,-0.22086912175886597
2024,NO,Khristian Boyd,88444,DI,IDL,74,0,0,0.0,2,0,0,0,0,0,0.17077946918724413,0.043298960055917046,0.2140784292431612,0.22337835625431512,-0.009299927011153925,-0.08797228253794254
2022,MIN,Esezi Otomewo,55221,DI,IDL,90,0,0,0.0,4,0,3,0,0,0,0.15940282503920022,0.05465795048918913,0.21406077552838937,0.22337835625431512,-0.009317580725925756,-0.07247007231275587
2022,SEA,Jamal Adams,11761,S,S,15,8,0,0.0,1,0,0,0,0,1,0.1933564893459692,0.051958752067100454,0.24531524141306962,0.2546539193746793,-0.00933867796160967,-0.4358049715417846
2023,SEA,Jarran Reed,10683,DI,IDL,809,4,0,0.0,43,7,35,0,1,0,0.15647129268929597,0.057540776976491965,0.21401206966578795,0.22337835625431512,-0.009366286588527173,-0.008104327085252189
2022,BAL,Ar'Darius Washington,77848,CB,CB,25,16,11,0.6875,0,0,0,0,0,0,0.19699870428685207,0.05628864807269217,0.25328735235954425,0.26270954927892354,-0.009422196919379289,-0.2638215137426201
2021,CLE,Elijah Lee,11987,LB,LB,74,36,22,0.6111111111111112,0,0,1,0,0,0,0.16886859254925096,0.048119824278672,0.21698841682792297,0.2264117320729514,-0.00942331524502843,-0.0891394685340527
2021,BAL,Joe Thomas,9272,LB,LB,86,39,23,0.5897435897435898,0,0,8,0,0,0,0.1662281789914288,0.05075399450140725,0.2169821734928361,0.2264117320729514,-0.009429558580115294,-0.07675222100093844
2023,DAL,Noah Igbinoghene,61155,CB,CB,25,17,27,1.588235294117647,0,0,0,0,0,0,0.1969110152853799,0.05628864807269217,0.2531996633580721,0.26270954927892354,-0.009509885920851446,-0.2662768057838405
2022,GB,Innis Gaines,44443,CB,CB,44,33,28,0.8484848484848485,0,0,2,0,0,0,0.19684842879738357,0.05628864807269217,0.2531370768700757,0.26270954927892354,-0.009572472408847843,-0.15228933377712478
2024,NYG,Tre Hawkins III,145387,CB,CB,82,41,60,1.4634146341463414,0,0,3,1,0,1,0.1967750818111269,0.05628864807269217,0.2530637298838191,0.26270954927892354,-0.009645819395104449,-0.08234236068991603
2021,LAC,Kenneth Murray Jr.,58099,LB,LB,363,137,132,0.9635036496350365,6,0,6,0,0,0,0.1670162349457021,0.04968295080131231,0.21669918574701447,0.2264117320729514,-0.009712546325936933,-0.018729428176737884
2023,TEN,Tre Avery,56146,CB,CB,360,211,340,1.6113744075829384,0,0,8,0,0,0,0.19665744704660307,0.05628864807269217,0.2529460951192953,0.26270954927892354,-0.00976345415962826,-0.018984494199277172
2022,CAR,Josh Norman,7649,CB,CB,71,32,54,1.6875,0,0,1,0,0,0,0.19665188806430295,0.05628864807269217,0.25294053613699513,0.26270954927892354,-0.009769013141928407,-0.09631421407535048
2024,LAR,Nick Hampton,81162,ED,EDGE,11,1,0,0.0,1,0,0,0,0,0,0.153406407466465,0.038969064050325346,0.19237547151679035,0.2021575437637748,-0.009782072246984436,-0.6224955066262823
2023,SEA,Mike Jackson,50437,CB,CB,474,279,262,0.9390681003584229,0,0,7,0,0,4,0.19648494154288812,0.05628864807269217,0.25277358961558033,0.26270954927892354,-0.009935959663343208,-0.01467335815261655
2024,KC,Malik Herring,56616,ED,EDGE,193,4,17,4.25,8,0,6,0,0,0,0.13277522386166463,0.05942242884002447,0.19219765270168912,0.2021575437637748,-0.009959891062085668,-0.036123957219999836
2024,LAC,Kendall Williamson,83090,S,S,19,17,12,0.7058823529411765,0,0,0,0,0,0,0.19269869382608112,0.051958752067100454,0.2446574458931816,0.2546539193746793,-0.00999647348149768,-0.36829112826570404
2021,LAC,Chris Rumph II,56345,ED,EDGE,176,14,0,0.0,4,1,7,0,0,0,0.14248092545424595,0.04958324911507848,0.19206417456932445,0.2021575437637748,-0.010093369194450336,-0.040144082023382016
2021,BUF,Vernon Butler,10664,DI,IDL,307,1,6,6.0,9,0,2,0,0,0,0.1548781912689145,0.058390939632022985,0.21326913090093752,0.22337835625431512,-0.010109225353377604,-0.02305035096861343
2024,CLE,Myles Harden,141857,CB,CB,53,34,58,1.7058823529411764,0,0,0,0,0,0,0.19628579876857488,0.05628864807269217,0.25257444684126706,0.26270954927892354,-0.010135102437656474,-0.13385984351621757
2023,CAR,Shaq Thompson,9458,LB,LB,68,30,16,0.5333333333333333,0,0,3,0,0,0,0.1674767451345111,0.04876081947600223,0.21623756461051333,0.2264117320729514,-0.010174167462438072,-0.10473407681921545
2022,PIT,Delontae Scott,50185,ED,EDGE,16,0,0,0.0,0,0,0,0,0,0,0.15300846779085736,0.038969064050325346,0.1919775318411827,0.2021575437637748,-0.010180011922592075,-0.44537552161340327
2022,MIN,T.J. Smith,36851,DI,IDL,22,0,0,0.0,0,0,3,0,0,0,0.1585379720103728,0.05465795048918913,0.21319592249956199,0.22337835625431512,-0.01018243375475314,-0.32398652856032717
2024,KC,Keith Taylor Jr.,56289,CB,CB,79,44,36,0.8181818181818182,0,0,3,0,0,0,0.19622084511385607,0.05628864807269217,0.25250949318654825,0.26270954927892354,-0.010200056092375287,-0.09038024385648989
2023,CAR,Chris Wormley,11829,DI,IDL,46,0,0,0.0,0,0,1,0,0,0,0.16786262129081467,0.0452953681943535,0.2131579894851682,0.22337835625431512,-0.010220366769146921,-0.15552732040006184
2022,CLE,Jermaine Carter,28838,LB,LB,93,21,23,1.0952380952380953,1,0,5,0,0,0,0.16613278768541898,0.05002619238509373,0.21615898007051274,0.2264117320729514,-0.010252752002438664,-0.07717125163125876
2024,NO,D'Marco Jackson,57691,LB,LB,67,26,15,0.5769230769230769,0,0,2,0,0,0,0.16737824982580618,0.04863566405928231,0.2160139138850885,0.2264117320729514,-0.010397818187862895,-0.10863392136573173
2022,MIN,Jalen Nailor,84292,WR,UNKNOWN,2,0,0,0.0,0,0,0,0,0,0,0.17844089359591028,0.04762885606150876,0.22606974965741908,0.23648925173029245,-0.010419502072873371,-3.6468257255056797
2022,MIN,C.J. Ham,11347,FB,UNKNOWN,2,0,0,0.0,0,0,0,0,0,0,0.17844089359591028,0.04762885606150876,0.22606974965741908,0.23648925173029245,-0.010419502072873371,-3.6468257255056797
2022,MIN,Nick Muse,61079,TE,UNKNOWN,1,0,0,0.0,0,0,0,0,0,0,0.17844089359591028,0.04762885606150876,0.22606974965741908,0.23648925173029245,-0.010419502072873371,-7.2936514510113595
2022,MIN,Jalen Reagor,61697,WR,UNKNOWN,2,0,0,0.0,0,0,0,0,0,0,0.17844089359591028,0.04762885606150876,0.22606974965741908,0.23648925173029245,-0.010419502072873371,-3.6468257255056797
2022,MIN,Myles Dorn,49299,S,UNKNOWN,2,0,0,0.0,0,0,0,0,0,0,0.17844089359591028,0.04762885606150876,0.22606974965741908,0.23648925173029245,-0.010419502072873371,-3.6468257255056797
2022,JAC,Chris Claybrooks,76692,CB,CB,47,32,34,1.0625,0,0,0,0,0,0,0.1959701815351864,0.05628864807269217,0.25225882960787854,0.26270954927892354,-0.010450719671044995,-0.15564901637726586
2024,CHI,Noah Sewell,131722,LB,IDL,5,0,0,0.0,0,0,0,0,0,0,0.1696267460736172,0.043298960055917046,0.21292570612953426,0.22337835625431512,-0.01045265012478086,-1.4633710174693202
2023,NYJ,Tae Hayes,35173,CB,CB,13,13,54,4.153846153846154,0,0,0,0,0,0,0.19594233588789361,0.05628864807269217,0.2522309839605858,0.26270954927892354,-0.01047856531833774,-0.564230440218186
2023,LAR,Tre Tomlinson,99256,CB,CB,45,39,78,2.0,0,0,1,0,0,0,0.19593100905004834,0.05628864807269217,0.2522196571227405,0.26270954927892354,-0.010489892156183012,-0.16317610020729129
2022,JAC,Montaric Brown,55797,CB,CB,63,42,79,1.880952380952381,0,0,0,0,0,0,0.1958067792746699,0.05628864807269217,0.2520954273473621,0.26270954927892354,-0.010614121931561415,-0.11793468812846017
2023,DEN,Thomas Incoom,145694,ED,EDGE,20,0,0,0.0,0,0,0,0,0,0,0.15253418231094407,0.038969064050325346,0.19150324636126945,0.2021575437637748,-0.010654297402505342,-0.37290040908768696
2024,TEN,Mike Brown,56054,S,S,384,214,61,0.2850467289719626,2,0,10,0,0,1,0.19163891396546828,0.05234307183345307,0.24398198579892139,0.2546539193746793,-0.010671933575757908,-0.019454045580808686
2022,LV,Isaac Rochell,11980,ED,EDGE,137,6,-6,-1.0,6,0,6,0,0,0,0.12967678842054217,0.06177877404440462,0.19145556246494677,0.2021575437637748,-0.010701981298828017,-0.05468165627138402
2023,TEN,Chance Campbell,81295,LB,LB,5,0,0,0.0,0,0,0,0,0,0,0.1680743743017201,0.04762885606150876,0.2157032303632289,0.2264117320729514,-0.010708501709722512,-1.4991902393611518
2022,LV,Kendal Vickers,48993,DI,IDL,206,2,0,0.0,5,0,3,0,0,0,0.16266648899825048,0.04993361442448596,0.21260010342273647,0.22337835625431512,-0.010778252831578655,-0.03662513098109252
2024,MIN,Brian Asamoah II,77195,LB,LB,34,14,48,3.4285714285714284,1,0,0,0,0,0,0.16795574472567018,0.04762885606150876,0.21558460078717898,0.2264117320729514,-0.010827131285772423,-0.2229115264717852
2021,ARI,Jace Whittaker,50465,CB,CB,30,15,27,1.8,1,0,0,0,0,0,0.19554618916891792,0.05628864807269217,0.2518348372416101,0.26270954927892354,-0.010874712037313439,-0.2537432808706469
2021,WAS,Jonathan Allen,11772,DI,IDL,772,0,0,0.0,67,10,32,0,0,0,0.1579675190916293,0.054494306352858984,0.21246182544448827,0.22337835625431512,-0.010916530809826852,-0.009898408765387043
2024,TB,Markees Watts,84537,ED,EDGE,11,2,0,0.0,1,0,0,0,0,0,0.1522036773560105,0.038969064050325346,0.19117274140633586,0.2021575437637748,-0.010984802357438928,-0.6990328772915682
2024,LV,Tommy Eichenberg,101488,LB,LB,78,34,53,1.5588235294117647,0,0,0,0,0,0,0.16778693198286856,0.04762885606150876,0.21541578804437733,0.2264117320729514,-0.010995944028574067,-0.09868154897438265
2021,PHI,Andre Chachere,51194,S,S,118,75,109,1.4533333333333334,1,0,3,0,0,0,0.191395123408149,0.052235684051997903,0.2436308074601469,0.2546539193746793,-0.011023111914532396,-0.06539134186587015
2024,KC,Cam Jones,81244,LB,LB,80,37,49,1.3243243243243243,2,0,2,0,0,0,0.16699828150540932,0.04835557828627092,0.21535385979168026,0.2264117320729514,-0.011057872281271142,-0.09675638246112249
2021,CLE,Richard LeCounte III,55910,S,S,76,53,15,0.2830188679245283,0,0,0,0,0,0,0.19163573914710996,0.051958752067100454,0.2435944912142104,0.2546539193746793,-0.011059428160468898,-0.10186315410958197
2021,PHI,JaCoby Stevens,61402,LB,LB,44,18,9,0.5,0,0,0,0,0,0,0.16772248384149033,0.04762885606150876,0.21535133990299912,0.2264117320729514,-0.011060392169952277,-0.17596078452196806
2021,HOU,Garret Wallow,60761,LB,LB,180,92,194,2.108695652173913,1,1,7,0,0,0,0.16611245448786605,0.04921766991576646,0.21533012440363253,0.2264117320729514,-0.011081607669318871,-0.043095140936240055
2024,ATL,Mike Hughes,34057,CB,CB,720,451,405,0.8980044345898004,1,0,19,0,0,4,0.19527975439626535,0.05628864807269217,0.25156840246895756,0.26270954927892354,-0.011141146809965974,-0.010831670509689141
2022,MIN,Ross Blacklock,44526,DI,IDL,139,0,0,0.0,11,1,1,0,0,0,0.1670783956700432,0.045101407019247496,0.21217980268929074,0.22337835625431512,-0.011198553565024388,-0.056395593492928574
2022,LAR,T.J. Carter,44081,DI,IDL,5,0,0,0.0,0,0,0,0,0,0,0.16874849310828133,0.043298960055917046,0.2120474531641984,0.22337835625431512,-0.011330903090116723,-1.5863264326163413
2021,GB,Isaac Yiadom,49355,CB,CB,96,56,99,1.7678571428571428,0,0,1,0,0,0,0.19507208236440823,0.05628864807269217,0.2513607304371004,0.26270954927892354,-0.01134881884182315,-0.08275180405496046
2022,CAR,T.J. Carrie,8853,CB,CB,37,29,77,2.6551724137931036,1,0,1,0,0,0,0.1950206753796227,0.05628864807269217,0.2513093234523148,0.26270954927892354,-0.011400225826608712,-0.21567994807097565
2021,GB,Abdullah Anderson,32708,DI,IDL,49,0,0,0.0,4,0,0,0,0,0,0.16850561444707687,0.043298960055917046,0.21180457450299395,0.22337835625431512,-0.011573781751321177,-0.16533973930458826
2024,GB,Ty'Ron Hopper,98781,LB,LB,18,11,15,1.3636363636363635,0,0,0,0,0,0,0.1672080709998274,0.04762885606150876,0.2148369270613362,0.2264117320729514,-0.011574805011615202,-0.45013130600725787
2024,SEA,K'Von Wallace,42467,S,S,127,54,85,1.5740740740740742,0,0,2,0,1,0,0.18945791652985203,0.05355094701525587,0.24300886354510792,0.2546539193746793,-0.011645055829571371,-0.06418534709212567
2021,CHI,Bruce Irvin,7021,ED,EDGE,173,4,7,1.75,5,0,4,0,0,0,0.13720494640783626,0.053275988445308904,0.19048093485314518,0.2021575437637748,-0.011676608910629604,-0.04724639443607354
2024,MIA,Duke Riley,11830,LB,LB,43,22,26,1.1818181818181819,0,0,2,0,0,0,0.16582549161630142,0.04886594237058318,0.21469143398688462,0.2264117320729514,-0.011720298086066783,-0.19079555023829645
2021,LV,Casey Hayward Jr.,7064,CB,CB,1153,712,388,0.5449438202247191,0,0,16,1,0,7,0.19467155131060368,0.05628864807269217,0.25096019938329583,0.26270954927892354,-0.011749349895627703,-0.007133169927961311
2021,SF,Darqueze Dennard,8659,CB,CB,21,16,12,0.75,0,0,0,0,0,0,0.19465569977935962,0.05628864807269217,0.2509443478520518,0.26270954927892354,-0.011765201426871763,-0.3921733808957254
2022,LAC,Derrek Tuszka,37724,ED,EDGE,123,17,25,1.4705882352941178,3,0,3,0,0,0,0.13657722383772394,0.05381296646418084,0.1903901903019048,0.2021575437637748,-0.011767353461869995,-0.06696867823828452
2024,CLE,Mike Ford,50535,CB,CB,58,31,83,2.6774193548387095,0,0,1,0,0,0,0.19459674284502804,0.05628864807269217,0.2508853909177202,0.26270954927892354,-0.011824158361203319,-0.1427053595317642
2022,PIT,Elijah Riley,44440,S,S,20,19,2,0.10526315789473684,0,0,1,0,0,0,0.19056188954272474,0.0522306570995411,0.24279254664226585,0.2546539193746793,-0.011861372732413444,-0.4151480456344705
2024,TEN,L'Jarius Sneed,40588,CB,CB,301,168,107,0.6369047619047619,1,0,7,0,0,0,0.19454631914158296,0.05628864807269217,0.2508349672142752,0.26270954927892354,-0.011874582064648365,-0.027615307127089216
2024,NYG,Azeez Ojulari,81959,ED,EDGE,391,6,14,2.3333333333333335,22,7,14,0,0,0,0.1408417822438782,0.04943835404778055,0.19028013629165877,0.2021575437637748,-0.01187740747211602,-0.021263900845220497
2022,LAR,Robert Rochell,33693,CB,CB,27,11,4,0.36363636363636365,0,0,0,0,0,0,0.19451765705326154,0.05628864807269217,0.2508063051259537,0.26270954927892354,-0.011903244152969839,-0.3086026261881069
2022,ATL,Anthony Rush,56895,DI,IDL,87,0,0,0.0,0,0,4,0,0,0,0.16052597827270398,0.05091607758761863,0.21144205586032266,0.22337835625431512,-0.01193630039399246,-0.09603919857235314
2024,BAL,Arthur Maulet,12224,CB,CB,72,48,31,0.6458333333333334,0,0,1,0,0,0,0.19440882041018512,0.05628864807269217,0.25069746848287733,0.26270954927892354,-0.01201208079604621,-0.11678411885044926
2022,TEN,John Reid,49381,CB,CB,38,29,39,1.3448275862068966,1,0,2,0,0,0,0.19438002826475567,0.05628864807269217,0.2506686763374478,0.26270954927892354,-0.012040872941475711,-0.22180555418507888
2022,KC,Brandon Williams,7875,DI,IDL,115,1,0,0.0,2,0,0,0,0,0,0.1680058372286435,0.043298960055917046,0.21130479728456059,0.22337835625431512,-0.012073558969754539,-0.07349122851154936
2022,ARI,Chris Banjo,8419,S,S,79,32,7,0.21875,0,0,2,0,0,0,0.1902199114022604,0.052318081206466964,0.24253799260872738,0.2546539193746793,-0.012115926765951912,-0.1073563131160296
2022,LV,Blake Martinez,10765,LB,LB,105,44,104,2.3636363636363638,0,0,6,0,0,0,0.16413181738832572,0.050136755412827805,0.21426857280115355,0.2264117320729514,-0.012143159271797849,-0.08095439514531899
2022,TB,K.J. Britt,57727,LB,LB,48,21,50,2.380952380952381,1,0,4,0,0,0,0.1643217278298385,0.049809319481950984,0.2141310473117895,0.2264117320729514,-0.012280684761161897,-0.179093319433611
2024,TEN,Raekwon McMillan,11809,LB,LB,267,121,104,0.859504132231405,3,0,11,0,0,0,0.16484622457170345,0.049272305492803994,0.21411853006450743,0.2264117320729514,-0.01229320200844397,-0.0322293685614636
2021,BAL,Daelin Hayes,43449,ED,EDGE,4,1,0,0.0,0,0,0,0,0,0,0.1508933141454663,0.038969064050325346,0.18986237819579166,0.2021575437637748,-0.01229516556798313,-2.1516539743970475
2021,NYG,Rodarius Williams,44160,CB,CB,50,40,70,1.75,0,0,0,0,0,0,0.19411896126480477,0.05628864807269217,0.25040760933749695,0.26270954927892354,-0.012301939941426587,-0.17222715917997225
2024,TEN,Otis Reese IV,83219,LB,LB,88,32,39,1.21875,2,0,2,1,0,0,0.16590644460143222,0.04817762765281941,0.21408407225425166,0.2264117320729514,-0.012327659818699738,-0.09806093037602064
2021,WAS,Jamin Davis,57905,LB,LB,581,307,302,0.9837133550488599,6,1,21,0,0,1,0.16489115723216916,0.049178917199263504,0.2140700744314327,0.2264117320729514,-0.012341657641518705,-0.014869467037974343
2022,DAL,Mackensie Alexander,10688,CB,CB,14,7,12,1.7142857142857142,0,0,0,0,0,0,0.19405567297883994,0.05628864807269217,0.2503443210515321,0.26270954927892354,-0.012365228227391445,-0.6182614113695722
2024,HOU,Del'Shawn Phillips,57868,LB,LB,29,10,33,3.3,0,0,3,0,0,0,0.16156813699556655,0.05246718541317593,0.21403532240874248,0.2264117320729514,-0.012376409664208915,-0.2987409229291807
2021,BAL,Daryl Worley,10711,CB,CB,100,62,121,1.9516129032258065,2,0,1,0,0,0,0.19394020926147446,0.05628864807269217,0.2502288573341666,0.26270954927892354,-0.012480691944756928,-0.08736484361329849
2024,BUF,Kingsley Jonathan,56856,ED,EDGE,7,0,0,0.0,1,0,0,0,0,0,0.15070648420755645,0.038969064050325346,0.1896755482578818,0.2021575437637748,-0.01248199550589299,-1.248199550589299
2024,ATL,Justin Simmons,10732,S,S,1017,613,278,0.4535073409461664,2,0,17,2,0,4,0.18992344903670555,0.052240215110391106,0.2421636641470967,0.2546539193746793,-0.012490255227582597,-0.008597029163527845
2023,TEN,Kyle Peko,11027,DI,IDL,342,1,0,0.0,7,0,9,0,0,0,0.15224348282960015,0.05861856320980678,0.21086204603940698,0.22337835625431512,-0.01251631021490815,-0.02561817880244358
2022,MIA,Sam Eguavoen,15301,LB,LB,35,8,5,0.625,1,0,2,0,0,0,0.16527699381293764,0.04858766911949503,0.2138646629324327,0.2264117320729514,-0.012547069140518702,-0.25094138281037404
2021,GB,Jack Heflin,44570,DI,IDL,17,0,0,0.0,0,0,0,0,0,0,0.16751321256708304,0.043298960055917046,0.21081217262300012,0.22337835625431512,-0.012566183631315009,-0.5174310907012063
2022,DET,Brady Breeze,43073,S,S,4,4,0,0.0,0,0,0,0,0,0,0.19012586477867038,0.051958752067100454,0.24208461684577082,0.2546539193746793,-0.012569302528908477,-2.1996279425589833
2024,BAL,Jalyn Armour-Davis,83120,CB,CB,94,63,81,1.2857142857142858,0,0,1,0,0,0,0.19382633691782203,0.05628864807269217,0.25011498499051416,0.26270954927892354,-0.012594564288409382,-0.09378930853070816
2022,HOU,Neville Hewitt,9836,LB,LB,23,8,24,3.0,0,0,3,0,0,0,0.1617103960182108,0.052082842293834544,0.21379323831204536,0.2264117320729514,-0.012618493760906041,-0.3840411144623578
2022,LAR,Jordan Fuller,45326,S,S,90,61,59,0.9672131147540983,0,0,2,0,0,0,0.18973748679217253,0.05223684320681214,0.2419743299989847,0.2546539193746793,-0.012679589375694605,-0.09861902847762472
2022,CLE,Thomas Graham Jr.,55685,CB,CB,37,33,34,1.0303030303030303,0,0,2,0,0,0,0.19373676170825346,0.05628864807269217,0.2500254097809457,0.26270954927892354,-0.012684139497977864,-0.23997020671850014
2021,BAL,Kahlil McKenzie,62935,DI,IDL,41,0,0,0.0,1,0,2,0,0,0,0.16324647346749807,0.047432741061073785,0.21067921452857186,0.22337835625431512,-0.012699141725743268,-0.2168146148297631
2024,HOU,Kris Boyd,34222,CB,CB,50,26,112,4.3076923076923075,0,0,1,0,0,0,0.19361865794778896,0.05628864807269217,0.24990730602048114,0.26270954927892354,-0.012802243258442397,-0.17923140561819356
2022,KC,Danny Shelton,9445,DI,IDL,9,2,0,0.0,0,0,0,0,0,0,0.16726144467927653,0.043298960055917046,0.2105604047351936,0.22337835625431512,-0.012817951519121518,-0.9969517848205625
2023,CIN,Sidney Jones IV,11798,CB,CB,25,16,11,0.6875,0,0,1,0,0,0,0.19359037996715933,0.05628864807269217,0.24987902803985154,0.26270954927892354,-0.012830521239071996,-0.3592545946940158
2023,CAR,Chandler Wooten,57726,LB,LB,47,17,8,0.47058823529411764,0,0,0,0,0,0,0.1659449350849698,0.04762885606150876,0.2135737911464786,0.2264117320729514,-0.012837940926472807,-0.19120337550065883
2023,CAR,A.J. Parker,55983,CB,CB,35,25,14,0.56,0,0,1,0,0,0,0.19353560139160672,0.05628864807269217,0.24982424946429888,0.26270954927892354,-0.012885299814624662,-0.25770599629249324
2023,SEA,Uchenna Nwosu,50084,ED,EDGE,283,23,0,0.0,14,2,13,0,2,0,0.1364327158094299,0.05278753109254491,0.18922024690197484,0.2021575437637748,-0.012937296861799952,-0.03200038093024723
2024,BUF,Brandon Codrington,106248,CB,CB,70,48,73,1.5208333333333333,0,0,4,0,0,0,0.19322505099177847,0.05628864807269217,0.24951369906447066,0.26270954927892354,-0.013195850214452881,-0.1319585021445288
2024,NYG,Isaiah Simmons,42451,LB,LB,181,122,126,1.0327868852459017,4,0,5,0,1,1,0.16478925607793937,0.04840288118107087,0.21319213725901026,0.2264117320729514,-0.013219594813941138,-0.05112550480529722
2021,CIN,Noah Spence,10673,ED,EDGE,56,3,5,1.6666666666666667,2,0,2,0,0,0,0.13871750976009328,0.05021642061777194,0.18893393037786524,0.2021575437637748,-0.01322361338590955,-0.16529516732386937
2021,HOU,Kevin Pierre-Louis,8767,LB,LB,29,5,0,0.0,0,0,0,0,0,0,0.16543327104218053,0.04762885606150876,0.2130621271036893,0.2264117320729514,-0.013349604969262102,-0.32223184408563693
2022,TEN,Chris Jackson,42512,CB,CB,24,21,20,0.9523809523809523,0,0,0,0,0,0,0.19302562870814668,0.05628864807269217,0.24931427678083887,0.26270954927892354,-0.01339527249808467,-0.3906954478608029
2023,TEN,Trevis Gipson,35241,ED,EDGE,76,2,0,0.0,7,1,3,0,1,0,0.1407875125289917,0.047966645055549956,0.18875415758454167,0.2021575437637748,-0.013403386179233118,-0.12345224112451557
2024,TB,Dallis Flowers,156091,CB,CB,89,58,111,1.9137931034482758,0,0,4,0,0,0,0.19300490079188484,0.05628864807269217,0.249293548864577,0.26270954927892354,-0.01341600041434654,-0.10551910438250088
2022,BUF,Baylon Spector,57782,LB,LB,12,11,26,2.3636363636363638,0,0,1,0,0,0,0.16413811926747257,0.0487597223755705,0.21289784164304307,0.2264117320729514,-0.013513890429908332,-0.7883102750779861
2021,HOU,Connor Strachan,44987,LB,LB,4,2,0,0.0,0,0,0,0,0,0,0.1652413126524294,0.04762885606150876,0.21287016871393816,0.2264117320729514,-0.013541563359013242,-2.3697735878273174
2021,HOU,Hardy Nickerson,50712,LB,LB,9,2,0,0.0,0,0,0,0,0,0,0.1652413126524294,0.04762885606150876,0.21287016871393816,0.2264117320729514,-0.013541563359013242,-1.05323270570103
2023,MIN,Jaylin Williams,83246,CB,CB,24,11,20,1.8181818181818181,0,0,0,0,0,0,0.19286171014266598,0.05628864807269217,0.24915035821535814,0.26270954927892354,-0.013559191063565401,-0.39547640602065753
2021,HOU,T.J. Green,10691,CB,CB,122,80,132,1.65,0,0,3,0,0,1,0.1928156788902011,0.05628864807269217,0.24910432696289328,0.26270954927892354,-0.013605222316030258,-0.07806275099361623
2024,TEN,Ali Gaye,124095,ED,EDGE,177,4,0,0.0,3,1,6,0,0,0,0.14121963825020986,0.0473189444552819,0.18853858270549176,0.2021575437637748,-0.01361896105828303,-0.05386029797061085
2021,LAC,Amen Ogbongbemiga,42449,LB,LB,111,45,44,0.9777777777777777,2,1,4,0,0,0,0.1639496338280647,0.04882524205139014,0.21277487587945487,0.2264117320729514,-0.013636856193496527,-0.08599819221123936
2023,SEA,Darrell Taylor,36001,ED,EDGE,522,34,44,1.2941176470588236,27,6,19,0,1,0,0.13777328302259073,0.050717570936875775,0.18849085395946652,0.2021575437637748,-0.013666689804308269,-0.018326978664781203
2022,SEA,Darryl Johnson,37479,ED,EDGE,52,4,0,0.0,0,0,2,0,0,0,0.14062644820101658,0.04784475745556106,0.18847120565657768,0.2021575437637748,-0.013686338107197105,-0.18423916682765332
2021,LV,Nate Hobbs,55948,CB,CB,894,592,398,0.6722972972972973,9,1,24,1,1,3,0.19272657554915157,0.05628864807269217,0.24901522362184378,0.26270954927892354,-0.013694325657079759,-0.010722626353418157
2021,MIN,Parry Nickerson,50511,CB,CB,17,17,19,1.1176470588235294,0,0,1,0,0,0,0.19269791933441674,0.05628864807269217,0.24898656740710892,0.26270954927892354,-0.013722981871814616,-0.5650639594276606
2022,NYJ,Bryce Hall,42313,CB,CB,15,10,34,3.4,0,0,0,0,0,0,0.1926791285966306,0.05628864807269217,0.2489677766693228,0.26270954927892354,-0.013741772609600744,-0.641282721781368
2024,DET,Ennis Rakestraw Jr.,124215,CB,CB,46,23,47,2.0434782608695654,0,0,1,0,0,0,0.1926706408965196,0.05628864807269217,0.24895928896921182,0.26270954927892354,-0.013750260309711715,-0.20924309166952612
2023,IND,Grant Stuard,55933,LB,LB,32,11,29,2.6363636363636362,2,0,1,0,0,0,0.16431706830464837,0.04832774153065807,0.21264480983530648,0.2264117320729514,-0.013766922237644919,-0.3011514239484826
2023,NO,D'Marco Jackson,57691,LB,LB,9,5,17,3.4,0,0,1,0,0,0,0.16329412734014384,0.04930520288286323,0.2125993302230071,0.2264117320729514,-0.013812401849944311,-1.0742979216623354
2024,IND,JuJu Brents,83256,CB,CB,68,39,89,2.282051282051282,0,0,0,0,0,0,0.19259836392182345,0.05628864807269217,0.24888701199451563,0.26270954927892354,-0.01382253728440791,-0.14229082498655202
2022,TB,J.J. Russell,57958,LB,LB,46,21,39,1.8571428571428572,1,0,0,0,0,0,0.16494472014393358,0.04762885606150876,0.21257357620544237,0.2264117320729514,-0.013838155867509028,-0.21058063276644173
2024,LAR,Jake Hummel,57879,LB,LB,78,41,39,0.9512195121951219,2,0,3,0,0,0,0.16417066851254306,0.04839480974875063,0.21256547826129374,0.2264117320729514,-0.01384625381165766,-0.12426125215590209
2021,MIN,Tye Smith,9603,CB,CB,17,9,7,0.7777777777777778,0,0,1,0,0,0,0.1925395650318357,0.05628864807269217,0.24882821310452788,0.26270954927892354,-0.013881336174395659,-0.5715844307104094
2021,KC,Zayne Anderson,34622,S,S,6,5,0,0.0,0,0,0,0,0,0,0.18876888896592378,0.051958752067100454,0.24072764103302421,0.2546539193746793,-0.01392627834165508,-1.6247324731930926
2021,CLE,Ifeadi Odenigbo,11975,ED,EDGE,162,2,12,6.0,5,0,5,0,0,0,0.13395539324645706,0.05425661938368878,0.18821201263014586,0.2021575437637748,-0.013945531133628924,-0.06025846786135955
2021,LV,Brandon Facyson,50564,CB,CB,621,376,590,1.5691489361702127,1,0,17,1,0,10,0.1924543087217442,0.05628864807269217,0.24874295679443642,0.26270954927892354,-0.013966592484487117,-0.015743340964800293
2023,MIN,Dean Lowry,10771,DI,IDL,237,11,15,1.3636363636363635,4,0,3,0,0,0,0.15227205590888954,0.05706064873036689,0.20933270463925646,0.22337835625431512,-0.014045651615058663,-0.041485046964308284
2022,MIA,Clayton Fejedelem,10879,S,S,38,23,27,1.173913043478261,0,0,1,0,0,1,0.1882209326642332,0.052384891203983236,0.24060582386821647,0.2546539193746793,-0.014048095506462827,-0.25878070669799946
2022,MIN,Andrew Booth Jr.,99744,CB,CB,105,61,152,2.4918032786885247,0,0,1,0,0,0,0.19232080739459922,0.05628864807269217,0.24860945546729138,0.26270954927892354,-0.014100093811632158,-0.09400062541088107
2022,ATL,Mike Ford,50535,CB,CB,83,46,68,1.4782608695652173,1,0,2,0,0,0,0.1923149464254974,0.05628864807269217,0.24860359449818956,0.26270954927892354,-0.014105954780733981,-0.11896588369293719
2021,KC,Marcus Kemp,12137,WR,UNKNOWN,2,0,0,0.0,0,0,1,0,0,0,0.17233242415235392,0.050007508249785185,0.22233993240213915,0.23648925173029245,-0.014149319328153304,-4.952261764853656
2024,ATL,Clark Phillips III,131871,CB,CB,409,255,292,1.1450980392156862,0,0,13,1,1,2,0.19226626121519536,0.05628864807269217,0.24855490928788754,0.26270954927892354,-0.014154639991036,-0.02422554521693203
2024,TB,Mike Greene,56664,DI,IDL,58,0,0,0.0,0,0,1,0,0,0,0.16383234489794263,0.045374328336817066,0.20920667323475972,0.22337835625431512,-0.014171683019555403,-0.17103755368428936
2023,CHI,Josh Blackwell,55589,CB,CB,21,11,79,7.181818181818182,1,0,1,0,0,0,0.19223857363958774,0.05628864807269217,0.24852722171227987,0.26270954927892354,-0.014182327566643671,-0.4727442522214557
2022,DET,Tracy Walker III,51266,S,S,139,91,13,0.14285714285714285,2,1,2,0,0,0,0.1883916141756915,0.05201855603614319,0.24041017021183467,0.2546539193746793,-0.014243749162844627,-0.0717311108920233
2021,ATL,A.J. Terrell,55586,CB,CB,1023,571,200,0.3502626970227671,1,1,18,3,1,13,0.19214950856632193,0.05628864807269217,0.2484381566390141,0.26270954927892354,-0.014271392639909425,-0.009765371307855913
2024,KC,Swayze Bozeman,98634,LB,LB,7,4,3,0.75,0,0,0,0,0,0,0.16429348769391722,0.04762885606150876,0.21192234375542598,0.2264117320729514,-0.014489388317525415,-1.4489388317525416
2021,WAS,Daron Payne,48698,DI,IDL,837,1,0,0.0,47,5,39,0,0,0,0.1524783754794523,0.05639955656284982,0.20887793204230215,0.22337835625431512,-0.014500424212012974,-0.012126997548875845
2024,LV,Kyu Blu Kelly,100375,CB,CB,14,8,7,0.875,0,0,0,0,0,0,0.19190138899759437,0.05628864807269217,0.24819003707028658,0.26270954927892354,-0.014519512208636953,-0.7259756104318477
2022,LV,Tashawn Bower,50170,ED,EDGE,37,0,0,0.0,0,0,0,0,0,0,0.14855132938641763,0.038969064050325346,0.18752039343674298,0.2021575437637748,-0.014637150327031806,-0.27691906024114227
2022,KC,Ugo Amadi,49352,CB,CB,56,23,13,0.5652173913043478,0,0,3,0,0,0,0.19178145191501123,0.05628864807269217,0.2480700999877034,0.26270954927892354,-0.01463944929122013,-0.18299311614025163
2023,HOU,Kris Boyd,34222,CB,CB,14,7,10,1.4285714285714286,0,0,0,0,0,0,0.1917717904029856,0.05628864807269217,0.24806043847567774,0.26270954927892354,-0.014649110803245796,-0.7324555401622898
2021,HOU,Tremon Smith,28196,CB,CB,179,109,107,0.981651376146789,0,0,4,0,0,0,0.19175338288045832,0.05628864807269217,0.24804203095315047,0.26270954927892354,-0.014667518325773066,-0.057359010212520364
2024,BUF,Kareem Jackson,5545,S,S,33,29,4,0.13793103448275862,0,0,0,0,0,0,0.18802381730652945,0.051958752067100454,0.23998256937362994,0.2546539193746793,-0.014671350001049355,-0.31121045456771357
2021,BAL,Robert Jackson,28990,CB,CB,43,31,24,0.7741935483870968,0,0,1,0,0,0,0.19165241323446955,0.05628864807269217,0.24794106130716168,0.26270954927892354,-0.014768487971761862,-0.24041724605193732
2021,WAS,Landon Collins,9466,S,S,675,394,478,1.2131979695431472,6,2,30,2,1,0,0.18523221989280184,0.0546374217888058,0.23986964168160768,0.2546539193746793,-0.014784277693071612,-0.015331843533555746
2024,CLE,D'Anthony Bell,111578,S,S,92,32,40,1.25,3,0,1,0,0,0,0.18666930318031913,0.0531923097640502,0.23986161294436933,0.2546539193746793,-0.01479230643030996,-0.11255015762192361
2023,MIA,Cam Smith,98837,CB,CB,22,15,24,1.6,0,0,2,0,0,0,0.19158188386224345,0.05628864807269217,0.24787053193493558,0.26270954927892354,-0.014839017343987959,-0.4721505518541624
2023,TEN,Jaleel Johnson,11864,DI,IDL,270,1,0,0.0,4,1,8,0,1,0,0.1534559548372278,0.055061715103955196,0.208517669941183,0.22337835625431512,-0.014860686313132115,-0.038527705256268446
2022,MIN,Luiji Vilain,56715,ED,EDGE,35,0,0,0.0,1,0,1,0,0,0,0.14616130889986323,0.04109054412616528,0.1872518530260285,0.2021575437637748,-0.01490569073774628,-0.2981138147549256
2021,LV,Denzel Perryman,9481,LB,LB,913,547,523,0.9561243144424132,7,0,63,0,1,3,0.16206610433595167,0.04939084972186346,0.21145695405781514,0.2264117320729514,-0.014954778015136255,-0.011465875805690449
2021,WAS,Benjamin St-Juste,56061,CB,CB,318,226,358,1.584070796460177,0,0,6,0,0,3,0.1914001051379972,0.05628864807269217,0.24768875321068937,0.26270954927892354,-0.015020796068234171,-0.03306464543321987
2023,MIN,Jay Ward,98833,S,S,35,22,26,1.1818181818181819,1,0,1,0,0,0,0.1873985331313288,0.05220646246324055,0.23960499559456933,0.2546539193746793,-0.015048923780109968,-0.30097847560219937
2022,PIT,Renell Wren,48953,DI,IDL,1,0,0,0.0,0,0,0,0,0,0,0.1649788751684834,0.043298960055917046,0.20827783522440046,0.22337835625431512,-0.01510052102991466,-10.570364720940262
2021,GB,Shemar Jean-Charles,42496,CB,CB,38,33,82,2.484848484848485,0,0,2,0,0,0,0.19117977039787898,0.05628864807269217,0.24746841847057116,0.26270954927892354,-0.015241130808352377,-0.2807576727854385
2021,NE,Sean Davis,10692,S,S,19,16,18,1.125,0,0,0,0,0,0,0.18744583082277294,0.051958752067100454,0.23940458288987343,0.2546539193746793,-0.015249336484805864,-0.5618176599665319
2021,MIA,Calvin Munson,12236,LB,LB,12,3,21,7.0,0,0,1,0,0,0,0.1589198083086179,0.05223213505502443,0.21115194336364237,0.2264117320729514,-0.015259788709309025,-0.8901543413763597
2024,ATL,Nate Landman,57788,LB,LB,543,297,261,0.8787878787878788,1,0,21,0,3,0,0.16179518099232568,0.04934259481576854,0.21113777580809423,0.2264117320729514,-0.01527395626485717,-0.019690183030202615
2023,DEN,Tyler Lancaster,48604,DI,IDL,42,1,0,0.0,0,0,0,0,0,0,0.16469420802342424,0.043298960055917046,0.20799316807934132,0.22337835625431512,-0.015385188174973807,-0.2564198029162301
2022,LV,Austin Calitro,50640,LB,LB,62,21,39,1.8571428571428572,1,0,2,0,0,0,0.16131847301625363,0.04961965484192164,0.21093812785817528,0.2264117320729514,-0.015473604214776115,-0.1747019830700529
2021,ATL,Foyesade Oluokun,24904,LB,LB,1148,560,509,0.9089285714285714,13,2,48,3,1,3,0.1625143204001602,0.048392461422399016,0.21090678182255923,0.2264117320729514,-0.015504950250392169,-0.0094542379575562
2022,LV,Javelin Guidry,56262,CB,CB,18,18,10,0.5555555555555556,0,0,0,0,0,0,0.19089863243917105,0.05628864807269217,0.24718728051186326,0.26270954927892354,-0.015522268767060282,-0.6036437853856776
2023,DEN,JL Skinner,101311,S,IDL,1,0,0,0.0,0,0,0,0,0,0,0.16454770655038042,0.043298960055917046,0.2078466666062975,0.22337835625431512,-0.015531689648017627,-10.87218275361234
2023,MIA,Bruce Irvin,7021,ED,EDGE,54,5,19,3.8,5,1,1,0,0,0,0.14346638105987794,0.043149316156953485,0.18661569721683144,0.2021575437637748,-0.01554184654694335,-0.20146838116408045
2022,DET,Ifeatu Melifonwu,56203,S,S,98,47,17,0.3617021276595745,3,1,2,0,0,1,0.1863641119019785,0.052696819879203535,0.23906093178118204,0.2546539193746793,-0.015592987593497254,-0.11137848281069468
2021,HOU,Derek Rivers,11838,ED,EDGE,143,0,0,0.0,2,1,6,0,0,0,0.13869146026868004,0.04784321886544912,0.18653467913412916,0.2021575437637748,-0.015622864629645627,-0.07647556112413943
2024,NO,J.T. Gray,51495,S,S,40,29,9,0.3103448275862069,1,0,0,0,1,0,0.18679398716495127,0.052196689113449275,0.23899067627840054,0.2546539193746793,-0.015663243096278756,-0.27410675418487823
2023,HOU,Cory Littleton,11190,LB,LB,24,10,27,2.7,0,0,0,0,0,0,0.1630755106251069,0.04762885606150876,0.21070436668661566,0.2264117320729514,-0.015707365386335742,-0.45813149043479245
2021,WAS,Kamren Curl,55800,S,S,878,557,310,0.5565529622980251,6,1,27,0,0,3,0.18632810596532165,0.052584278094932865,0.23891238406025456,0.2546539193746793,-0.015741535314424737,-0.012550198997832935
2024,TEN,Quandre Diggs,9633,S,S,419,237,107,0.45147679324894513,1,0,13,0,0,0,0.18664386238904465,0.05223633235794307,0.23888019474698774,0.2546539193746793,-0.015773724627691554,-0.026352284580868947
2024,BUF,Eli Ankou,48856,DI,IDL,34,0,0,0.0,0,0,1,0,0,0,0.1619821739539455,0.04547977489312461,0.20746194884707014,0.22337835625431512,-0.01591640740724498,-0.3276907407373967
2024,BUF,Zion Logue,98944,DI,IDL,36,0,0,0.0,0,0,1,0,0,0,0.1619821739539455,0.04547977489312461,0.20746194884707014,0.22337835625431512,-0.01591640740724498,-0.3094856995853191
2021,CHI,Jeremiah Attaochu,8685,ED,EDGE,129,8,2,0.25,5,0,2,0,0,0,0.1400787282567557,0.046122526247817125,0.18620125450457287,0.2021575437637748,-0.015956289259201922,-0.08658451536001043
2022,SEA,Justin Coleman,9892,CB,CB,60,49,59,1.2040816326530612,0,0,2,0,0,0,0.190451333476129,0.05628864807269217,0.24673998154882115,0.26270954927892354,-0.015969567730102385,-0.18631162351786118
2021,NYG,Steven Parker,51220,S,S,24,18,42,2.3333333333333335,0,0,2,0,0,1,0.18582421306385424,0.052857237163416664,0.2386814502272709,0.2546539193746793,-0.01597246914740838,-0.4658636834660777
2024,NYG,Matthew Adams,38526,LB,LB,2,0,0,0.0,1,0,0,0,0,0,0.1627731515373368,0.04762885606150876,0.2104020075988456,0.2264117320729514,-0.016009724474105813,-5.603403565937034
2023,SEA,Artie Burns,10659,CB,CB,232,162,183,1.1296296296296295,0,0,5,0,0,1,0.19035997102889438,0.05628864807269217,0.24664861910158656,0.26270954927892354,-0.01606093017733698,-0.04845970312127537
2022,JAC,Tevaughn Campbell,91247,CB,CB,31,19,62,3.263157894736842,0,0,0,0,0,0,0.19030816937591055,0.05628864807269217,0.2465968174486027,0.26270954927892354,-0.01611273183032083,-0.3638358800395026
2021,HOU,Jaleel Johnson,11864,DI,IDL,322,0,0,0.0,12,0,10,0,0,0,0.1505704013958741,0.056644670058978164,0.20721507145485227,0.22337835625431512,-0.016163284799462857,-0.03513757565100621
2024,ATL,Matthew Judon,10780,ED,EDGE,655,87,125,1.4367816091954022,25,6,21,1,0,0,0.1386638844042695,0.047326775727733375,0.18599066013200288,0.2021575437637748,-0.016166883631771906,-0.017277585560672267
2021,PHI,Kary Vincent Jr.,55631,CB,CB,29,18,37,2.0555555555555554,0,0,0,0,0,0,0.1902495459855151,0.05628864807269217,0.2465381940582073,0.26270954927892354,-0.01617135522071625,-0.3903430570517716
2023,SEA,Drake Thomas,97525,LB,LB,5,2,0,0.0,0,0,1,0,0,0,0.162478777317591,0.04769102242793651,0.21016979974552755,0.2264117320729514,-0.016241932327423853,-2.2738705258393392
2022,TB,Anthony Chesley,54369,CB,CB,18,11,18,1.6363636363636365,0,0,0,0,0,0,0.19015147992075826,0.05628864807269217,0.24644012799345044,0.26270954927892354,-0.016269421285473096,-0.6326997166572871
2022,LV,Harvey Langi,50118,LB,LB,56,21,48,2.2857142857142856,3,0,1,0,0,0,0.16209245760274832,0.0480468392867286,0.21013929688947694,0.2264117320729514,-0.01627243518347446,-0.20340543979343073
2021,WAS,Danny Johnson,49379,CB,CB,336,233,191,0.8197424892703863,1,0,3,0,1,1,0.1901380625215143,0.05628864807269217,0.24642671059420648,0.26270954927892354,-0.016282838684717055,-0.03392258059316053
2023,HOU,D'Angelo Ross,27732,CB,CB,19,13,94,7.230769230769231,0,0,2,0,0,0,0.19007839278312014,0.05628864807269217,0.2463670408558123,0.26270954927892354,-0.016342508423111246,-0.6020924155883091
2022,GB,Corey Ballentine,83833,CB,CB,17,10,14,1.4,0,0,0,0,0,0,0.1900625272277176,0.05628864807269217,0.24635117530040976,0.26270954927892354,-0.01635837397851378,-0.6735801049976262
2021,ARI,Ezekiel Turner,49167,LB,LB,6,5,15,3.0,0,0,1,0,0,0,0.1613678688422317,0.0486587780531528,0.21002664689538453,0.2264117320729514,-0.01638508517756687,-1.9115932707161352
2021,WAS,De'Jon Harris,43858,LB,LB,15,7,0,0.0,1,1,1,0,0,0,0.16234283120741644,0.04768029781717851,0.21002312902459497,0.2264117320729514,-0.01638860304835643,-0.7648014755899669
2022,DET,A.J. Parker,55983,CB,CB,113,68,184,2.7058823529411766,0,0,3,0,0,0,0.1899362843246005,0.05628864807269217,0.24622493239729265,0.26270954927892354,-0.016484616881630887,-0.102117095726917
2021,DEN,Mike Ford,50535,CB,CB,13,13,17,1.3076923076923077,0,0,0,0,0,0,0.18993499121725832,0.05628864807269217,0.24622363928995047,0.26270954927892354,-0.016485909988973063,-0.887702845560088
2021,KC,Jody Fortson,94384,TE,UNKNOWN,1,0,0,0.0,0,0,0,0,0,0,0.17233242415235392,0.04762885606150876,0.21996128021386271,0.23648925173029245,-0.016527971516429735,-11.569580061500814
2021,KC,Noah Gray,60878,TE,UNKNOWN,1,0,0,0.0,0,0,0,0,0,0,0.17233242415235392,0.04762885606150876,0.21996128021386271,0.23648925173029245,-0.016527971516429735,-11.569580061500814
2021,KC,Mecole Hardman Jr.,42683,WR,UNKNOWN,2,0,0,0.0,0,0,0,0,0,0,0.17233242415235392,0.04762885606150876,0.21996128021386271,0.23648925173029245,-0.016527971516429735,-5.784790030750407
2021,KC,Byron Pringle,42345,WR,UNKNOWN,2,0,0,0.0,0,0,0,0,0,0,0.17233242415235392,0.04762885606150876,0.21996128021386271,0.23648925173029245,-0.016527971516429735,-5.784790030750407
2022,DEN,Darius Phillips,49507,CB,CB,7,5,5,1.0,0,0,1,0,0,0,0.1898808488079825,0.05628864807269217,0.24616949688067463,0.26270954927892354,-0.016540052398248906,-1.6540052398248906
2022,JAC,Gregory Junior,156090,CB,CB,18,15,41,2.7333333333333334,0,0,2,0,0,0,0.18987738762947262,0.05628864807269217,0.24616603570216483,0.26270954927892354,-0.016543513576758706,-0.6433588613183941
2024,NYG,Ty Summers,30242,LB,LB,113,50,68,1.36,0,0,8,0,0,1,0.16126864925601617,0.04855478063376525,0.20982342988978142,0.2264117320729514,-0.01658830218316998,-0.10275939405503526
2021,LAR,JuJu Hughes,49545,S,S,30,26,65,2.5,0,0,2,0,0,0,0.18600742054275424,0.051958752067100454,0.23796617260985473,0.2546539193746793,-0.016687746764824568,-0.38938075784590653
2022,DET,JuJu Hughes,49545,S,S,164,91,39,0.42857142857142855,2,1,10,0,0,0,0.18415991109847438,0.05375132492187017,0.23791123602034456,0.2546539193746793,-0.016742683354334736,-0.07146267285386779
2021,HOU,Chris Smith,8794,ED,EDGE,90,0,0,0.0,5,2,3,0,0,0,0.14336953476927947,0.04202967748529229,0.1853992122545718,0.2021575437637748,-0.016758331509203,-0.13034257840491223
2022,MIN,Troy Dye,28251,LB,LB,42,24,29,1.2083333333333333,0,0,2,0,0,0,0.1613350221014226,0.048310181013647674,0.20964520311507026,0.2264117320729514,-0.01676652895788114,-0.27944214929801897
2024,ATL,Troy Andersen,57317,LB,LB,287,148,157,1.0608108108108107,2,0,13,1,0,0,0.16129157973593725,0.04834284407570747,0.20963442381164474,0.2264117320729514,-0.01677730826130666,-0.04092026405196747
2021,WAS,Chase Young,56436,ED,EDGE,477,15,66,4.4,24,2,16,0,2,0,0.13173565731289963,0.05362998042671078,0.1853656377396104,0.2021575437637748,-0.016791906024164388,-0.02464221009835445
2022,SEA,Artie Burns,10659,CB,UNKNOWN,16,5,0,0.0,0,0,0,0,0,0,0.17203478482028603,0.04762885606150876,0.2196636408817948,0.23648925173029245,-0.016825610848497652,-0.7361204746217722
2021,ATL,Deion Jones,10686,LB,LB,1070,531,884,1.664783427495292,12,2,51,0,1,4,0.16105595790284052,0.048499202427493365,0.2095551603303339,0.2264117320729514,-0.01685657174261751,-0.011027663756852577
2023,TEN,Rashad Weaver,42495,ED,EDGE,240,6,-5,-0.8333333333333334,7,0,9,0,0,0,0.1281516395951529,0.05700023696245357,0.18515187655760645,0.2021575437637748,-0.017005667206168334,-0.049599862684657645
2021,CHI,Charles Snowden,62775,ED,EDGE,6,0,0,0.0,0,0,0,0,0,0,0.14615845168716066,0.038969064050325346,0.185127515737486,0.2021575437637748,-0.01703002802628878,-1.9868366030670241
2022,MIN,Kris Boyd,34222,CB,CB,39,24,25,1.0416666666666667,0,0,2,0,0,0,0.18938468900019606,0.05628864807269217,0.24567333707288821,0.26270954927892354,-0.017036212206035323,-0.305778167800634
2023,SEA,Devin Bush,27375,LB,LB,251,111,139,1.2522522522522523,0,0,12,0,0,0,0.160024428103482,0.04932238820500023,0.20934681630848226,0.2264117320729514,-0.01706491576446914,-0.04759139854632828
2022,LAC,Amen Ogbongbemiga,42449,LB,LB,14,6,19,3.1666666666666665,0,0,2,0,0,0,0.16012074178271038,0.049217922929941885,0.2093386647126523,0.2264117320729514,-0.017073067360299093,-0.8536533680149546
2022,PIT,Mark Robinson,55265,LB,LB,44,16,50,3.125,1,0,3,0,0,0,0.16047819593318216,0.04885242870749164,0.2093306246406738,0.2264117320729514,-0.017081107432277587,-0.2717448909680525
2022,NYJ,Hamsah Nasirildeen,55898,LB,LB,7,3,11,3.6666666666666665,0,0,0,0,0,0,0.1616718895697794,0.04762885606150876,0.20930074563128817,0.2264117320729514,-0.01711098644166323,-1.711098644166323
2024,SEA,AJ Finley,98887,S,S,50,37,48,1.2972972972972974,0,0,1,0,0,0,0.18541827885823334,0.05208292733865595,0.2375012061968893,0.2546539193746793,-0.01715271317778999,-0.24013798448905987
2022,SEA,L.J. Collier,48822,DI,IDL,169,0,0,0.0,3,1,3,0,0,0,0.1589703390723218,0.047213179072421084,0.2061835181447429,0.22337835625431512,-0.01719483810957223,-0.07122122293905657
2022,SEA,Tyler Lockett,9502,WR,UNKNOWN,1,1,0,0.0,0,0,0,0,0,0,0.17165563717190757,0.04762885606150876,0.21928449323341634,0.23648925173029245,-0.01720475849687611,-12.043330947813278
2022,SEA,Nick Bellore,6515,FB,UNKNOWN,10,1,0,0.0,0,0,0,0,0,0,0.17165563717190757,0.04762885606150876,0.21928449323341634,0.23648925173029245,-0.01720475849687611,-1.2043330947813278
2022,SEA,Penny Hart,13534,WR,UNKNOWN,1,1,0,0.0,0,0,0,0,0,0,0.17165563717190757,0.04762885606150876,0.21928449323341634,0.23648925173029245,-0.01720475849687611,-12.043330947813278
2023,LAR,Nick Hampton,81162,ED,EDGE,70,10,11,1.1,3,0,2,0,0,0,0.13652394002704085,0.04835675031823919,0.18488069034528007,0.2021575437637748,-0.01727685341849472,-0.1727685341849472
2022,SEA,DeeJay Dallas,55632,HB,UNKNOWN,1,0,0,0.0,0,0,0,0,0,0,0.17156085025981294,0.04762885606150876,0.2191897063213217,0.23648925173029245,-0.017299545408970746,-12.109681786279522
2022,SEA,Cullen Gillaspia,38844,FB,UNKNOWN,1,0,0,0.0,0,0,0,0,0,0,0.17156085025981294,0.04762885606150876,0.2191897063213217,0.23648925173029245,-0.017299545408970746,-12.109681786279522
2024,TEN,Jaylen Harrell,129579,ED,EDGE,286,12,0,0.0,5,0,4,0,0,0,0.13904250880280186,0.04580402873786643,0.1848465375406683,0.2021575437637748,-0.017311006223106495,-0.042369595650959956
2021,GB,Ty Summers,30242,LB,LB,29,14,39,2.7857142857142856,0,0,2,0,0,0,0.16025721292618286,0.04868353236489368,0.20894074529107656,0.2264117320729514,-0.017470986781874837,-0.42171347404525467
2023,SF,Jason Verrett,8660,CB,CB,5,4,6,1.5,0,0,0,0,0,0,0.18893533666988402,0.05628864807269217,0.24522398474257623,0.26270954927892354,-0.01748556453634731,-2.4479790350886232
2021,ATL,Fabian Moreau,11836,CB,CB,1036,593,523,0.8819561551433389,1,0,15,0,0,6,0.1889323891148284,0.05628864807269217,0.24522103718752056,0.26270954927892354,-0.01748851209140298,-0.011816562223920933
2021,LV,Cory Littleton,11190,LB,LB,693,363,428,1.1790633608815426,4,0,31,0,0,2,0.1602117465805628,0.04862587176355977,0.2088376183441226,0.2264117320729514,-0.017574113728828805,-0.017751630029120006
2022,NO,Chase Hansen,51448,LB,LB,16,4,10,2.5,0,0,1,0,0,0,0.1602562687354981,0.04857534184870608,0.20883161058420419,0.2264117320729514,-0.017580121488747213,-0.7691303151326906
2022,SEA,Daviyon Nixon,82488,DI,IDL,62,0,0,0.0,1,0,3,0,0,0,0.1536535616673219,0.05214464569684947,0.20579820736417137,0.22337835625431512,-0.017580148890143754,-0.198485551985494
2024,BAL,Kristian Welch,51283,LB,LB,53,12,20,1.6666666666666667,0,0,3,0,0,0,0.16018764926508192,0.04864354349385907,0.208831192758941,0.2264117320729514,-0.017580539314010407,-0.2321958022605148
2021,DEN,P.J. Locke,51189,S,S,27,20,8,0.4,1,0,0,0,0,0,0.18510251059990526,0.051958752067100454,0.23706126266700575,0.2546539193746793,-0.017592656707673543,-0.4561059146433881
2023,TEN,Otis Reese IV,83219,LB,LB,90,43,43,1.0,0,0,6,0,0,0,0.1602226896479183,0.048562875438277274,0.20878556508619558,0.2264117320729514,-0.017626166986755815,-0.13709240989698968
2023,LV,Roderic Teamer,51405,S,S,46,19,52,2.736842105263158,0,0,0,0,0,0,0.1848947716612767,0.051958752067100454,0.23685352372837715,0.2546539193746793,-0.017800395646302147,-0.27087558592198924
2021,KC,Dorian O'Daniel,51487,LB,LB,28,20,15,0.75,1,0,3,0,0,0,0.16026400433771223,0.04834382681616931,0.2086078311538816,0.2264117320729514,-0.017803900919069804,-0.4450975229767451
2021,NYG,Carter Coughlin,43498,LB,LB,40,10,33,3.3,1,0,1,0,0,0,0.1603567867029478,0.048134253928186634,0.20849104063113447,0.2264117320729514,-0.017920691441816933,-0.31361210023179636
2021,LV,Trayvon Mullen,41968,CB,CB,229,157,215,1.3694267515923566,0,0,5,1,0,2,0.1884003905717332,0.05628864807269217,0.24468903864442534,0.26270954927892354,-0.018020510634498194,-0.05508453032379361
2024,TEN,James Williams,143955,LB,LB,111,43,37,0.8604651162790697,0,0,4,0,0,0,0.16026521056646384,0.04811537954594636,0.20838059011241022,0.2264117320729514,-0.018031141960541175,-0.11370990425566506
2024,IND,Tre Flowers,49059,CB,CB,16,12,25,2.0833333333333335,0,0,2,0,0,0,0.18838203338332749,0.05628864807269217,0.24467068145601964,0.26270954927892354,-0.018038867822903898,-0.7892004672520455
2024,BUF,Branson Deen,82372,DI,IDL,9,0,0,0.0,0,0,0,0,0,0,0.1619821739539455,0.043298960055917046,0.2052811340098626,0.22337835625431512,-0.018097222244452538,-1.4075617301240864
2024,NYG,Rakeem Nunez-Roches,9650,DI,IDL,608,1,0,0.0,13,3,19,0,0,0,0.15204904624565066,0.053165905910528784,0.20521495215617946,0.22337835625431512,-0.01816340409813566,-0.02091181392877461
2021,WAS,Darryl Roberts,9680,CB,CB,203,117,113,0.9658119658119658,0,0,2,0,0,1,0.18815285022545353,0.05628864807269217,0.2444414982981457,0.26270954927892354,-0.018268050980777828,-0.06299327924406148
2024,BAL,Desmond King II,11906,CB,CB,19,16,39,2.4375,1,0,0,0,0,0,0.1881473005457892,0.05628864807269217,0.24443594861848142,0.26270954927892354,-0.01827360066044212,-0.6732379190689202
2024,DET,Anthony Pittman,94372,LB,LB,15,7,20,2.857142857142857,0,0,0,0,0,0,0.16041973470430507,0.04762885606150876,0.20804859076581383,0.2264117320729514,-0.018363141307137565,-0.8569465943330864
2024,TEN,Julius Wood,151039,S,S,5,2,0,0.0,0,0,0,0,0,0,0.1842754460260792,0.051958752067100454,0.2362341980931797,0.2546539193746793,-0.0184197212814996,-2.578760979409944
2024,ATL,Arnold Ebiketie,56862,ED,EDGE,543,57,32,0.5614035087719298,39,6,21,0,0,0,0.13806992580411223,0.04562938840001908,0.18369931420413133,0.2021575437637748,-0.018458229559643463,-0.023795139395488808
2023,LAR,Jason Taylor II,77842,S,S,44,35,44,1.2571428571428571,0,0,1,0,0,0,0.1841585504548169,0.051958752067100454,0.23611730252191737,0.2546539193746793,-0.018536616852761922,-0.29490072265757605
2024,NYG,Greg Stroman Jr.,49354,CB,CB,130,69,104,1.5072463768115942,1,0,5,0,0,0,0.18784136934015297,0.05628864807269217,0.24413001741284515,0.26270954927892354,-0.018579531866078386,-0.10004363312503747
2022,KC,Chris Lammons,49368,CB,CB,20,17,40,2.3529411764705883,0,0,0,0,0,0,0.18782760357970102,0.05628864807269217,0.24411625165239323,0.26270954927892354,-0.01859329762653031,-0.6507654169285608
2021,LV,Maxx Crosby,26316,ED,EDGE,977,2,0,0.0,108,11,43,0,0,0,0.13594693298628074,0.04761214895848102,0.18355908194476178,0.2021575437637748,-0.018598461819013007,-0.013325407649241661
2024,ATL,Grady Jarrett,9570,DI,IDL,744,6,0,0.0,34,4,28,0,0,0,0.1504713815053596,0.0542089030445251,0.2046802845498847,0.22337835625431512,-0.018698071704430413,-0.017592271764921088
2024,NYG,Divaad Wilson,83218,CB,CB,26,14,34,2.4285714285714284,0,0,1,0,0,1,0.1876835978521091,0.05628864807269217,0.24397224592480127,0.26270954927892354,-0.01873730335412227,-0.5044658595340611
2021,LAC,Ryan Smith,10742,CB,CB,54,28,23,0.8214285714285714,0,0,0,0,0,0,0.18766376493942502,0.05628864807269217,0.2439524130121172,0.26270954927892354,-0.018757136266806335,-0.24314806271785988
2023,TEN,Shyheim Carter,25451,S,S,24,20,0,0.0,0,0,0,0,0,0,0.18391959248012626,0.051958752067100454,0.23587834454722673,0.2546539193746793,-0.018775574827452568,-0.5476209324673665
2021,HOU,Jonathan Owens,66930,S,S,168,102,40,0.39215686274509803,0,0,1,1,0,0,0.18385225946324735,0.05200469160605634,0.2358569510693037,0.2546539193746793,-0.018796968305375583,-0.07832070127239826
2023,TEN,Quinton Bohanna,56673,DI,IDL,113,0,0,0.0,0,0,7,0,0,0,0.15022813591414905,0.05433567906924082,0.20456381498338988,0.22337835625431512,-0.018814541270925245,-0.11655025566059887
2022,SEA,Alexander Johnson,15267,LB,LB,28,14,28,2.0,1,0,4,0,0,0,0.15897019516519992,0.04861523925366778,0.2075854344188677,0.2264117320729514,-0.018826297654083696,-0.4706574413520924
2023,SF,Curtis Robinson,42871,LB,LB,3,2,5,2.5,0,0,1,0,0,0,0.15922536859052794,0.048341364266982705,0.20756673285751068,0.2264117320729514,-0.018844999215440722,-4.3971664836028355
2021,LAC,Davontae Harris,37492,CB,CB,74,39,114,2.923076923076923,0,0,1,0,0,0,0.18749769794150528,0.05628864807269217,0.24378634601419744,0.26270954927892354,-0.0189232032647261,-0.17900327412578745
2024,CHI,Reddy Steward,97289,CB,CB,18,10,39,3.9,0,0,0,0,1,0,0.18748922193485562,0.05628864807269217,0.2437778700075478,0.26270954927892354,-0.018931679271375734,-0.736231971664612
2022,DET,Bobby Price,91112,CB,CB,38,19,23,1.2105263157894737,0,0,0,0,0,0,0.18746767744932427,0.05628864807269217,0.24375632552201643,0.26270954927892354,-0.01895322375690711,-0.3491383323640784
2022,KC,Dicaprio Bootle,42913,CB,CB,11,10,20,2.0,0,0,0,0,0,0,0.18741939862706192,0.05628864807269217,0.2437080466997541,0.26270954927892354,-0.019001502579169438,-1.2091865277653278
2021,LV,Desmond Trufant,7803,CB,CB,277,187,192,1.0267379679144386,0,0,8,0,0,3,0.18733705213649074,0.05628864807269217,0.24362570020918292,0.26270954927892354,-0.019083849069740616,-0.048226333389236216
2021,LAC,Kemon Hall,56123,CB,CB,22,14,10,0.7142857142857143,1,0,1,0,0,0,0.18733291567890287,0.05628864807269217,0.24362156375159502,0.26270954927892354,-0.019087985527328516,-0.6073449940513619
2022,SEA,Isaiah Mack,26229,DI,IDL,30,0,0,0.0,0,0,2,0,0,0,0.15344164361326365,0.05083990602468147,0.20428154963794515,0.22337835625431512,-0.019096806616369977,-0.44559215438196614
2023,TEN,Garret Wallow,60761,LB,LB,48,27,30,1.1111111111111112,0,0,3,0,0,0,0.1591587024750846,0.04809586574989301,0.20725456822497762,0.2264117320729514,-0.01915716384797378,-0.27937530611628425
2023,TEN,Marlon Davidson,48741,DI,IDL,163,1,0,0.0,3,1,6,0,0,0,0.15333213410757418,0.05087644517273878,0.20420857928031297,0.22337835625431512,-0.019169776974002156,-0.08232419559387429
2024,IND,Segun Olubi,128312,LB,LB,21,4,25,6.25,0,0,0,0,1,0,0.1578803329410281,0.04935710362876179,0.2072374365697899,0.2264117320729514,-0.019174295503161493,-0.6391431834387165
2022,DAL,Tyler Coyle,42631,S,S,21,13,31,2.3846153846153846,0,0,2,0,0,0,0.18296395397960494,0.052488798834351404,0.23545275281395633,0.2546539193746793,-0.01920116656072296,-0.640038885357432
2024,ATL,JD Bertrand,102787,LB,LB,157,99,136,1.3737373737373737,4,1,3,0,0,0,0.15942978672881353,0.04776217299312948,0.20719195972194301,0.2264117320729514,-0.019219772351008385,-0.08569325252041957
2021,LAC,Joe Gaziano,27949,DI,IDL,214,0,0,0.0,6,0,7,0,0,0,0.15181853060140454,0.052316959261314785,0.20413548986271934,0.22337835625431512,-0.01924286639159578,-0.06294395548652826
2021,HOU,Terrence Brooks,8714,S,S,180,90,17,0.18888888888888888,0,0,2,0,0,1,0.18329193238333397,0.05199515698476361,0.23528708936809759,0.2546539193746793,-0.01936683000658171,-0.07531545002559553
2024,ATL,Josh Woods,49023,LB,LB,1,1,0,0.0,0,0,0,0,0,0,0.15939847100470467,0.04762885606150876,0.20702732706621343,0.2264117320729514,-0.019384405006737965,-13.569083504716575
2024,ATL,Rashaan Evans,50213,LB,LB,1,0,0,0.0,0,0,0,0,0,0,0.15938197846743096,0.04762885606150876,0.20701083452893973,0.2264117320729514,-0.01940089754401167,-13.580628280808169
2024,ATL,Kevin King,11788,CB,CB,74,65,92,1.4153846153846155,0,0,3,0,0,1,0.18701554613476057,0.05628864807269217,0.24330419420745275,0.26270954927892354,-0.019405355071470787,-0.18356416959499391
2023,NO,Daniel Sorensen,9253,S,S,9,6,8,1.3333333333333333,0,0,0,0,0,0,0.1832810091362651,0.051958752067100454,0.23523976120336554,0.2546539193746793,-0.019414158171313756,-1.50999007999107
2021,KC,Dicaprio Bootle,42913,CB,CB,27,17,34,2.0,1,0,1,0,0,0,0.18697892874425814,0.05628864807269217,0.24326757681695033,0.26270954927892354,-0.01944197246197321,-0.5040511379030091
2021,KC,Chris Lammons,49368,CB,CB,14,13,17,1.3076923076923077,0,0,0,0,0,0,0.1869705248289826,0.05628864807269217,0.2432591729016748,0.26270954927892354,-0.01945037637724875,-0.9725188188624375
2021,WAS,Matt Ioannidis,10786,DI,IDL,608,0,0,0.0,34,4,20,0,1,0,0.1510986862645778,0.0527931900939386,0.2038918763585164,0.22337835625431512,-0.019486479895798714,-0.022435091985294572
2021,WAS,David Mayo,9602,LB,LB,166,73,98,1.3424657534246576,1,0,8,0,0,0,0.1583935799738726,0.04851017437555673,0.20690375434942934,0.2264117320729514,-0.019507977723522058,-0.08226255666545446
2022,LV,Darien Butler,81174,LB,LB,22,9,17,1.8888888888888888,0,0,0,0,0,0,0.15925867627069484,0.04762885606150876,0.20688753233220364,0.2264117320729514,-0.01952419974074776,-0.6212245372056105
2022,SEA,Tre Brown,55677,CB,CB,21,15,39,2.6,0,0,0,0,0,0,0.18688894147664994,0.05628864807269217,0.24317758954934213,0.26270954927892354,-0.01953195972958141,-0.6510653243193804
2021,WAS,Jon Bostic,7831,LB,LB,179,98,219,2.2346938775510203,0,0,7,0,0,0,0.15863859512024375,0.048223840485542,0.20686243560578577,0.2264117320729514,-0.019549296467165633,-0.07644976272075946
2022,CAR,Arron Mosby,55908,LB,LB,2,2,7,3.5,0,0,0,0,0,0,0.15921502744498825,0.04762885606150876,0.20684388350649702,0.2264117320729514,-0.019567848566454382,-6.848746998259034
2021,CAR,Kamal Martin,12744,LB,LB,11,3,29,9.666666666666666,0,0,0,0,0,0,0.15915152483818307,0.04762885606150876,0.20678038089969186,0.2264117320729514,-0.019631351173259537,-1.2492678019346979
2022,CLE,D'Anthony Bell,111578,S,S,72,42,42,1.0,0,0,0,0,0,0,0.18305377204758772,0.051958752067100454,0.23501252411468818,0.2546539193746793,-0.019641395259991118,-0.19095800947213587
2021,WAS,Torry McTyer,49357,CB,CB,42,33,36,1.0909090909090908,0,0,0,0,0,1,0.18673644404526027,0.05628864807269217,0.24302509211795248,0.26270954927892354,-0.01968445716097106,-0.32807428601618427
2021,LAC,Ben DeLuca,51269,S,S,1,1,0,0.0,0,0,0,0,0,0,0.18295723824040774,0.051958752067100454,0.23491599030750818,0.2546539193746793,-0.019737929067171117,-13.816550347019781
2024,ATL,Natrone Brooks,121449,CB,CB,43,27,23,0.8518518518518519,1,0,0,0,0,1,0.1866533571408111,0.05628864807269217,0.24294200521350326,0.26270954927892354,-0.01976754406542028,-0.321797228971958
2021,LV,K.J. Wright,6251,LB,LB,442,211,152,0.7203791469194313,2,0,22,0,0,0,0.15833426219867075,0.04821810093940444,0.2065523631380752,0.2264117320729514,-0.019859368934876193,-0.03145148926337858
2023,TEN,Anthony Kendall,169860,S,S,3,2,0,0.0,0,0,0,0,0,0,0.18279613660576377,0.051958752067100454,0.23475488867286423,0.2546539193746793,-0.019899030701815063,-4.643107163756848
2021,WAS,Montez Sweat,27271,ED,EDGE,483,13,21,1.6153846153846154,27,5,14,0,2,0,0.13509463469961194,0.04713809650426247,0.18223273120387443,0.2021575437637748,-0.019924812559900362,-0.028876539941884584
2023,SEA,Mario Edwards Jr.,9468,DI,IDL,393,0,0,0.0,22,2,13,0,1,0,0.1501214402235498,0.053312530343711854,0.2034339705672617,0.22337835625431512,-0.019944385687053423,-0.03552435109653282
2021,NE,Brandon King,9952,LB,LB,2,2,16,8.0,0,0,0,0,0,0,0.15881311965574185,0.04762885606150876,0.20644197571725062,0.2264117320729514,-0.01996975635570078,-6.989414724495273
2024,NYG,Duke Shelley,49569,CB,CB,14,13,6,0.46153846153846156,0,0,1,0,0,0,0.1864431911746479,0.05628864807269217,0.2427318392473401,0.26270954927892354,-0.01997771003158344,-0.9988855015791719
2023,TEN,Matthew Jackson,57797,S,S,2,0,0,0.0,0,0,0,0,0,0,0.18267130817527905,0.051958752067100454,0.2346300602423795,0.2546539193746793,-0.020023859132299787,-7.008350696304926
2024,NYG,Art Green,123666,CB,CB,47,26,40,1.5384615384615385,0,0,1,0,0,0,0.1862791569391844,0.05628864807269217,0.2425678050118766,0.26270954927892354,-0.02014174426704693,-0.29998342525389043
2021,LV,Divine Deablo,42208,LB,LB,326,177,223,1.2598870056497176,2,0,12,0,0,1,0.15839584026693435,0.04786690430785286,0.20626274457478724,0.2264117320729514,-0.020148987498164156,-0.04326469708194758
2021,WAS,Corn Elder,11907,CB,CB,19,16,55,3.4375,0,0,0,0,0,1,0.1862263829463416,0.05628864807269217,0.2425150310190338,0.26270954927892354,-0.020194518259889743,-0.7440085674696221
2023,LAR,Keir Thomas,42509,ED,EDGE,96,19,44,2.3157894736842106,3,0,1,0,0,0,0.13827389639869728,0.043662907184282264,0.18193680358297956,0.2021575437637748,-0.020220740180795227,-0.14744289715163186
2021,CHI,Bopete Keyes,43467,CB,CB,8,4,43,10.75,0,0,0,0,0,0,0.18614384326222086,0.05628864807269217,0.24243249133491304,0.26270954927892354,-0.020277057944010496,-1.7742425701009183
2023,TEN,Mike Brown,56054,S,S,113,76,43,0.5657894736842105,1,0,1,0,0,1,0.18235578796211113,0.05201293804864356,0.2343687260107547,0.2546539193746793,-0.020285193363924592,-0.1256604898650196
2021,ATL,Darren Hall,60742,CB,CB,283,174,302,1.735632183908046,2,1,7,0,0,0,0.1861334811432995,0.05628864807269217,0.24242212921599166,0.26270954927892354,-0.020287420062931882,-0.05018089768216367
2023,CIN,Joe Bachie,43250,LB,LB,10,4,18,4.5,0,0,0,0,0,0,0.1584853081483179,0.04762885606150876,0.20611416420982667,0.2264117320729514,-0.020297567863124727,-1.420829750418731
2022,SEA,Teez Tabor,11808,S,S,102,77,31,0.4025974025974026,0,0,1,0,0,0,0.1822626171698088,0.05203826443771022,0.23430088160751905,0.2546539193746793,-0.020353037767160242,-0.13967771016678598
2021,BAL,Anthony Levine,6013,S,S,32,21,79,3.761904761904762,0,0,1,0,0,1,0.18197544141633992,0.05230598967153362,0.23428143108787353,0.2546539193746793,-0.020372488286805768,-0.4456481812738762
2024,DEN,Levelle Bailey,97956,LB,LB,7,1,34,34.0,0,0,1,0,0,0,0.15733704744120305,0.04868898220535687,0.20602602964655994,0.2264117320729514,-0.020385702426391455,-2.0385702426391457
2021,CLE,Jovante Moffatt,34207,S,S,54,37,40,1.0810810810810811,0,0,3,0,0,0,0.181453962782187,0.05272248040490994,0.23417644318709693,0.2546539193746793,-0.02047747618758236,-0.2654487653945862
2021,ATL,Isaiah Oliver,50393,CB,CB,161,91,81,0.8901098901098901,3,0,4,0,1,2,0.1858909218066786,0.05628864807269217,0.24217956987937078,0.26270954927892354,-0.020529979399552756,-0.08926077999805546
2022,BAL,Kristian Welch,51283,LB,LB,4,2,14,7.0,0,0,0,0,0,0,0.15817526695162748,0.04762885606150876,0.20580412301313628,0.2264117320729514,-0.020607609059815124,-3.6063315854676468
2021,ATL,Richie Grant,43196,CB,CB,276,136,199,1.463235294117647,0,0,13,0,1,1,0.1858098063772601,0.05628864807269217,0.2420984544499523,0.26270954927892354,-0.02061109482897125,-0.052274515870579255
2024,TEN,James Lynch,56962,DI,IDL,243,1,0,0.0,4,1,5,0,0,0,0.1546309006901918,0.048133162196863304,0.20276406288705515,0.22337835625431512,-0.020614293367259978,-0.05938273809498759
2022,NO,DaMarcus Fields,43347,CB,CB,1,1,13,13.0,0,0,0,0,0,0,0.18574521758269172,0.05628864807269217,0.2420338656553839,0.26270954927892354,-0.020675683623539637,-14.472978536477745
2021,LV,Damon Arnette,28080,CB,CB,61,41,94,2.292682926829268,0,0,0,0,0,1,0.18568622767740448,0.05628864807269217,0.24197487575009666,0.26270954927892354,-0.02073467352882688,-0.23793887656030846
2024,TEN,Cedric Gray,122835,LB,LB,48,9,31,3.4444444444444446,0,0,5,0,0,0,0.15743098580450215,0.048237010417055755,0.20566799622155793,0.2264117320729514,-0.02074373585139347,-0.3025128144994881
2021,LAC,Breiden Fehoko,49589,DI,IDL,121,0,0,0.0,0,0,10,0,0,0,0.15037512844936535,0.05225867539875297,0.20263380384811838,0.22337835625431512,-0.020744552406196742,-0.1200098073085762
2021,LV,Keisean Nixon,56167,CB,CB,81,51,21,0.4117647058823529,1,0,4,0,0,0,0.18563143336289398,0.05628864807269217,0.24192008143558616,0.26270954927892354,-0.020789467843337378,-0.17966206778192795
2021,ATL,Mykal Walker,57834,LB,LB,194,103,101,0.9805825242718447,3,0,10,1,0,1,0.15787305374616872,0.0477456085964766,0.20561866234264534,0.2264117320729514,-0.020793069730306063,-0.07502654026399094
2022,SEA,Christian Jones,9020,ED,EDGE,20,4,0,0.0,1,0,1,0,0,0,0.14085955806048064,0.040504742644467094,0.18136430070494775,0.2021575437637748,-0.020793243058827043,-0.7277635070589464
2021,LV,Patrick Onwuasor,11100,LB,LB,2,1,0,0.0,0,0,0,0,0,0,0.15797383374280877,0.04762885606150876,0.20560268980431756,0.2264117320729514,-0.020809042268633837,-7.283164794021843
2021,LV,Justin March-Lillard,10065,LB,LB,1,0,0,0.0,0,0,0,0,0,0,0.15796641664345093,0.04762885606150876,0.2055952727049597,0.2264117320729514,-0.020816459367991702,-14.571521557594192
2021,LV,Kyle Wilber,7113,LB,LB,4,0,0,0.0,0,0,0,0,0,0,0.15796641664345093,0.04762885606150876,0.2055952727049597,0.2264117320729514,-0.020816459367991702,-3.642880389398548
2023,CAR,Matthias Farley,10953,S,S,68,32,19,0.59375,0,0,0,0,0,0,0.18187265394329702,0.051958752067100454,0.23383140601039748,0.2546539193746793,-0.020822513364281814,-0.2143494022793716
2024,NYG,Dyontae Johnson,77568,LB,LB,37,18,70,3.888888888888889,1,0,5,0,0,0,0.15752800090061206,0.04805564160435655,0.20558364250496863,0.2264117320729514,-0.020828089567982766,-0.39404493777264693
2021,LV,Amik Robertson,55619,CB,CB,137,72,123,1.7083333333333333,0,0,3,0,0,0,0.1855718909162464,0.05628864807269217,0.2418605389889386,0.26270954927892354,-0.020849010289984926,-0.10652778980284269
2021,LAC,Essang Bassey,45258,CB,CB,11,7,50,7.142857142857143,0,0,0,0,0,0,0.1855639970342544,0.05628864807269217,0.2418526451069466,0.26270954927892354,-0.020856904171976942,-1.3272575382167144
2022,DET,Chase Lucas,42833,CB,CB,6,4,30,7.5,0,0,0,0,0,0,0.18550788975139823,0.05628864807269217,0.2417965378240904,0.26270954927892354,-0.020913011454833125,-2.439851336397198
2024,ATL,Antonio Hamilton Sr.,11353,CB,CB,40,23,40,1.7391304347826086,0,0,2,0,0,0,0.18550360063340804,0.05628864807269217,0.24179224870610022,0.26270954927892354,-0.020917300572823316,-0.366052760024408
2021,ATL,Avery Williams,42873,CB,CB,122,77,109,1.4155844155844155,5,0,4,0,0,0,0.18548320129947898,0.05628864807269217,0.24177184937217117,0.26270954927892354,-0.02093769990675237,-0.12013434372726771
2023,SEA,Kelvin Joseph,83051,CB,CB,21,12,39,3.25,0,0,0,0,0,0,0.18547659969353397,0.05628864807269217,0.24176524776622618,0.26270954927892354,-0.020944301512697355,-0.6981433837565785
2022,SEA,Xavier Crawford,50326,CB,CB,1,1,6,6.0,0,0,0,0,0,0,0.1853616667809598,0.05628864807269217,0.24165031485365196,0.26270954927892354,-0.021059234425271578,-14.741464097690105
2023,SEA,Jamal Adams,11761,S,S,518,287,292,1.0174216027874565,7,0,21,0,0,0,0.179871041452469,0.053722481076838656,0.23359352252930765,0.2546539193746793,-0.021060396845371643,-0.028459995736988708
2021,ATL,Kendall Sheffield,34105,CB,CB,53,28,10,0.35714285714285715,0,0,0,0,0,0,0.18533872942124036,0.05628864807269217,0.24162737749393254,0.26270954927892354,-0.021082171784991,-0.27844377829233397
2022,DET,Josh Woods,49023,LB,LB,10,5,14,2.8,1,0,0,0,0,0,0.1576951685208129,0.04762885606150876,0.20532402458232166,0.2264117320729514,-0.021087707490629742,-1.476139524344082
2022,KC,Derrick Nnadi,49970,DI,IDL,444,3,10,3.3333333333333335,7,1,7,0,0,0,0.1482004223183161,0.05406193394036981,0.2022623562586859,0.22337835625431512,-0.021115999995629214,-0.03329099098410011
2021,ATL,Chris Williamson,49490,CB,CB,55,32,43,1.34375,0,0,1,0,0,0,0.18522684762911082,0.05628864807269217,0.24151549570180295,0.26270954927892354,-0.021194053577120592,-0.2697425000724439
2024,WAS,Nick Bellore,6515,LB,LB,8,4,-4,-1.0,0,0,1,0,0,0,0.1583374167802479,0.04687990061467883,0.20521731739492677,0.2264117320729514,-0.02119441467802463,-1.8545112843271552
2021,ATL,Emmanuel Ellerbee,50893,LB,LB,9,3,0,0.0,0,0,0,0,0,0,0.1575750196213311,0.04762885606150876,0.20520387568283988,0.2264117320729514,-0.021207856390111524,-1.6494999414531184
2022,DET,Saivion Smith,44429,CB,CB,2,1,23,23.0,0,0,0,0,0,0,0.18517646766426735,0.05628864807269217,0.2414651157369595,0.26270954927892354,-0.021244433541964036,-7.435551739687413
2022,SEA,Josh Onujiogu,156131,ED,EDGE,11,1,0,0.0,0,0,1,0,0,0,0.14039474686034087,0.040504742644467094,0.18089948950480797,0.2021575437637748,-0.02125805425896682,-1.352785271025161
2022,DET,Michael Brockers,7020,DI,IDL,123,0,0,0.0,2,0,3,0,0,0,0.1555478498072124,0.04656142147543829,0.20210927128265072,0.22337835625431512,-0.02126908497166441,-0.12104357300947224
2021,CHI,LaCale London,87179,DI,IDL,1,0,0,0.0,0,0,0,0,0,0,0.1587515878014864,0.043298960055917046,0.20205054785740348,0.22337835625431512,-0.021327808396911646,-14.929465877838153
2021,WAS,D.J. Hayden,7793,CB,CB,4,2,61,30.5,0,0,0,0,0,0,0.1850902587489927,0.05628864807269217,0.2413789068216849,0.26270954927892354,-0.021330642457238647,-3.732862430016763
2021,LAC,Andre Roberts,5612,WR,UNKNOWN,1,1,0,0.0,0,0,0,0,0,0,0.16747926751755324,0.04762885606150876,0.215108123579062,0.23648925173029245,-0.021381128151230444,-14.966789705861311
2021,LAC,Justin Jackson,29539,HB,UNKNOWN,1,1,0,0.0,0,0,0,0,0,0,0.16747926751755324,0.04762885606150876,0.215108123579062,0.23648925173029245,-0.021381128151230444,-14.966789705861311
2021,HOU,Michael Dwumfour,27376,DI,IDL,67,2,0,0.0,3,1,4,0,0,0,0.15288445624547162,0.049105031303562884,0.20198948754903454,0.22337835625431512,-0.02138886870528059,-0.22346579244323003
2021,LAC,Stephen Anderson,11160,TE,UNKNOWN,1,0,0,0.0,0,0,0,0,0,0,0.16742105478855024,0.04762885606150876,0.215049910850059,0.23648925173029245,-0.021439340880233443,-15.00753861616341
2021,LAC,Gabe Nabers,40117,FB,UNKNOWN,1,0,0,0.0,0,0,0,0,0,0,0.16742105478855024,0.04762885606150876,0.215049910850059,0.23648925173029245,-0.021439340880233443,-15.00753861616341
2024,NYJ,Qwan'tez Stiggers,169764,CB,CB,48,30,42,1.4,0,0,3,0,0,0,0.18489959079925525,0.05628864807269217,0.24118823887194746,0.26270954927892354,-0.02152131040697608,-0.3138524434350678
2021,KC,Khalen Saunders,31534,DI,IDL,144,2,0,0.0,5,0,3,0,0,0,0.1547673884318817,0.047081874101740064,0.2018492625336218,0.22337835625431512,-0.021529093720693337,-0.10465531669781483
2023,SEA,Nick Bellore,6515,LB,LB,16,4,8,2.0,0,0,1,0,0,0,0.1569628314580734,0.0478805295772082,0.20484336103528164,0.2264117320729514,-0.02156837103766976,-0.943616232898052
2023,JAC,Yasir Abdullah,77100,ED,EDGE,45,4,12,3.0,4,0,1,0,0,0,0.13547792282557347,0.04510937626347442,0.18058729908904791,0.2021575437637748,-0.021570244674726874,-0.33553713938464025
2022,ATL,Quinton Bell,37468,ED,EDGE,61,8,26,3.25,0,0,2,0,0,0,0.12949496369231406,0.05103823939140369,0.18053320308371776,0.2021575437637748,-0.02162434068005703,-0.24814817173835937
2021,WAS,Khaleke Hudson,49073,LB,LB,23,8,15,1.875,2,0,1,0,0,0,0.1571061276989796,0.04768029781717851,0.20478642551615814,0.2264117320729514,-0.02162530655679326,-0.6581615039024036
2021,LV,Nick Kwiatkoski,10747,LB,LB,67,47,77,1.6382978723404256,0,0,3,0,0,0,0.15700423458822912,0.04776477966956054,0.20476901425778968,0.2264117320729514,-0.02164271781516172,-0.22611794732258514
2024,NYJ,Kendall Sheffield,34105,CB,CB,92,62,56,0.9032258064516129,0,0,3,0,0,0,0.18476849273060061,0.05628864807269217,0.24105714080329277,0.26270954927892354,-0.02165240847563077,-0.16474658622762542
2023,CAR,Jammie Robinson,98836,S,S,64,39,51,1.3076923076923077,0,0,3,0,0,0,0.18027627747335978,0.05265050748706868,0.23292678496042848,0.2546539193746793,-0.02172713441425081,-0.23764053265586824
2023,SEA,Jon Rhattigan,57718,LB,LB,21,7,28,4.0,0,0,2,0,0,0,0.15690849180120287,0.04775318879436426,0.20466168059556714,0.2264117320729514,-0.021750051477384263,-0.7250017159128088
2024,NE,Marcellas Dial,146902,CB,CB,61,31,45,1.4516129032258065,0,0,2,0,0,0,0.1846696441087624,0.05628864807269217,0.24095829218145462,0.26270954927892354,-0.021751257097468918,-0.24960458964308593
2021,LV,Tre'von Moehrig,77847,S,S,1214,751,158,0.2103861517976032,1,0,4,1,0,5,0.18091540059814792,0.051958752067100454,0.2328741526652484,0.2546539193746793,-0.02177976670943088,-0.012558349832456026
2023,TEN,Luke Gifford,50675,LB,LB,8,2,8,4.0,0,0,0,0,0,0,0.15697708983444142,0.04762885606150876,0.20460594589595021,0.2264117320729514,-0.021805786177001185,-1.9080062904876036
2021,WAS,Jordan Kunaszyk,38548,LB,LB,12,5,9,1.8,0,0,1,0,0,0,0.15692369785836072,0.04768029781717851,0.20460399567553925,0.2264117320729514,-0.021807736397412153,-1.272117956515709
2021,MIA,Sheldrick Redwine,50458,S,S,34,21,83,3.9523809523809526,0,0,1,0,0,0,0.1808540033790743,0.051958752067100454,0.2328127554461748,0.2546539193746793,-0.021841163928504492,-0.44967102205744547
2023,DAL,Tyrus Wheat,124191,ED,EDGE,32,10,37,3.7,0,0,1,0,0,0,0.13357888301049467,0.04662051405843218,0.18019939706892685,0.2021575437637748,-0.02195814669484794,-0.4803344589497987
2024,NYJ,Jarrick Bernard-Converse,77841,CB,CB,6,5,0,0.0,0,0,0,0,0,0,0.18442678642197813,0.05628864807269217,0.2407154344946703,0.26270954927892354,-0.021994114784253227,-2.5659800581628764
2021,LV,Marquel Lee,11923,LB,LB,35,6,6,1.0,0,0,1,0,0,0,0.15674656039974194,0.047648693415370764,0.20439525381511273,0.2264117320729514,-0.022016478257838673,-0.44032956515677346
2021,ATL,Daren Bates,8077,LB,LB,9,5,3,0.6,0,0,2,0,0,0,0.1567388767071439,0.047652206568502324,0.2043910832756462,0.2264117320729514,-0.022020648797305198,-1.7127171286792933
2021,KC,Joshua Kaindoh,56353,ED,EDGE,46,3,0,0.0,0,0,0,0,0,0,0.14112387401504767,0.038969064050325346,0.18009293806537302,0.2021575437637748,-0.022064605698401768,-0.3357657388887226
2023,PHI,Josiah Scott,55634,CB,CB,17,14,11,0.7857142857142857,0,0,0,0,0,0,0.18426616648173672,0.05628864807269217,0.24055481455442887,0.26270954927892354,-0.022154734724494668,-0.9122537827733098
2024,ARI,Kei'Trel Clark,104163,CB,CB,97,62,70,1.1290322580645162,1,1,5,1,0,0,0.1842515421572007,0.05628864807269217,0.24054019022989284,0.26270954927892354,-0.022169359049030696,-0.15998506530228337
2024,NE,Isaiah Bolden,76626,CB,CB,141,84,68,0.8095238095238095,0,0,5,0,0,0,0.18412988850740067,0.05628864807269217,0.24041853658009285,0.26270954927892354,-0.022291012698830687,-0.11066460205093248
2024,NYJ,Michael Carter II,60644,CB,CB,285,190,215,1.131578947368421,2,0,11,0,0,1,0.1841207547157568,0.05628864807269217,0.24040940278844897,0.26270954927892354,-0.02230014649047457,-0.054772289625727014
2021,WAS,James Smith-Williams,48455,ED,EDGE,388,16,0,0.0,11,3,8,0,0,0,0.1353934621451315,0.04445748550870871,0.17985094765384024,0.2021575437637748,-0.022306596109934546,-0.040243858961222116
2024,NE,Curtis Jacobs,129785,LB,LB,23,6,9,1.5,0,0,0,0,0,0,0.15640219625230586,0.04762885606150876,0.20403105231381466,0.2264117320729514,-0.02238067975913674,-0.6811511231041616
2024,ATL,David Onyemata,10754,DI,IDL,567,4,0,0.0,19,3,25,0,0,0,0.14820889019467207,0.05278245731897144,0.20099134751364353,0.22337835625431512,-0.022387008740671593,-0.02763828239589086
2023,SEA,Dre'Mont Jones,28075,DI,IDL,762,11,55,5.0,43,5,15,0,0,0,0.15073161111097672,0.0502381653202538,0.20096977643123054,0.22337835625431512,-0.022408579823084585,-0.020585309548765366
2024,NE,Miles Battle,84301,CB,CB,18,12,11,0.9166666666666666,0,0,1,0,0,2,0.18400886413266365,0.05628864807269217,0.2402975122053558,0.26270954927892354,-0.02241203707356773,-0.871579219527634
2021,LAC,Trey Marshall,49154,S,S,197,130,148,1.1384615384615384,0,0,1,0,0,0,0.18021631227080073,0.05200325956676796,0.23221957183756875,0.2546539193746793,-0.022434347537110544,-0.07971595571562122
2023,PHI,Mario Goodrich,76578,CB,CB,70,59,109,1.847457627118644,0,0,1,0,0,0,0.18391473220267274,0.05628864807269217,0.24020338027536495,0.26270954927892354,-0.02250616900355859,-0.2250616900355859
2024,NYJ,C.J. Mosley,8652,LB,LB,110,44,35,0.7954545454545454,1,0,6,0,0,0,0.15631531287705544,0.04757307606053763,0.2038883889375931,0.2264117320729514,-0.02252334313535831,-0.1433303654068256
2024,ARI,Vi Jones,58233,LB,LB,55,34,4,0.11764705882352941,0,0,1,0,1,0,0.1561238398192198,0.04759240446433897,0.20371624428355878,0.2264117320729514,-0.02269548778939262,-0.2888516627740879
2021,PHI,Jared Mayden,43058,S,S,38,26,37,1.4230769230769231,0,0,1,0,0,0,0.17972563563174612,0.05217389801156543,0.2318995336433116,0.2546539193746793,-0.022754385731367704,-0.41915973715677346
2024,NYJ,Chazz Surratt,40313,LB,LB,137,49,11,0.22448979591836735,2,0,7,0,0,0,0.1561274894523123,0.04748261328795279,0.20361010274026511,0.2264117320729514,-0.022801629332686285,-0.11650467542248467
2021,HOU,Grayland Arnold,43528,S,S,3,3,0,0.0,0,0,0,0,0,0,0.17981486813334627,0.051958752067100454,0.23177362020044673,0.2546539193746793,-0.022880299174232566,-5.338736473987598
2024,NYJ,Marcelino McCrary-Ball,51112,LB,LB,3,1,0,0.0,0,0,0,0,0,0,0.15587761258418645,0.04762885606150876,0.20350646864569522,0.2264117320729514,-0.022905263427256184,-5.344561466359776
2021,LV,Johnathan Abram,34646,S,S,955,564,409,0.725177304964539,6,1,33,1,0,3,0.17883279498382612,0.052880254653567146,0.2317130496373933,0.2546539193746793,-0.022940869737285985,-0.016815297189633708
2024,ARI,Max Melton,129889,CB,CB,565,352,370,1.0511363636363635,0,0,9,0,1,2,0.18341433547010663,0.05628864807269217,0.23970298354279881,0.26270954927892354,-0.023006565736124723,-0.028503709761570455
2024,DAL,Andrew Booth Jr.,99744,CB,CB,118,62,232,3.7419354838709675,0,0,4,0,0,1,0.18340465252334828,0.05628864807269217,0.23969330059604047,0.26270954927892354,-0.023016248682883073,-0.13653706845778094
2024,NYJ,Sam Eguavoen,15301,LB,LB,75,18,0,0.0,0,0,4,0,0,0,0.15580919315284292,0.047564614025609235,0.20337380717845216,0.2264117320729514,-0.02303792489449924,-0.2150206323486596
2024,DAL,Troy Pride Jr.,42883,CB,CB,58,42,23,0.5476190476190477,0,0,0,0,0,1,0.18336355127308426,0.05628864807269217,0.23965219934577645,0.26270954927892354,-0.023057349933147092,-0.2782783612621201
2024,CIN,Jalen Davis,50431,CB,CB,49,33,29,0.8787878787878788,0,0,0,0,0,0,0.18332936285456522,0.05628864807269217,0.23961801092725743,0.26270954927892354,-0.023091538351666108,-0.3298791193095158
2022,CHI,Elijah Lee,11987,LB,LB,8,4,22,5.5,0,0,0,0,0,0,0.15564759863385177,0.04762885606150876,0.20327645469536057,0.2264117320729514,-0.02313527737759083,-2.0243367705391977
2024,ARI,Owen Pappoe,99006,LB,LB,131,68,116,1.7058823529411764,4,0,8,0,1,2,0.1557268863958019,0.047526556417838685,0.20325344281364058,0.2264117320729514,-0.02315828925931082,-0.12374658382837844
2024,ARI,Krys Barnes,42548,LB,LB,205,113,61,0.5398230088495575,3,2,12,0,0,0,0.15575798449480457,0.04748942068512084,0.20324740517992543,0.2264117320729514,-0.02316432689302597,-0.07909770158594234
2024,NE,Ja'Whaun Bentley,50966,LB,LB,61,39,66,1.6923076923076923,2,1,2,0,0,0,0.15555880113279302,0.04757837465991325,0.2031371757927063,0.2264117320729514,-0.023274556280245107,-0.2670850720683865
2024,NE,Sione Takitaki,12666,LB,LB,194,67,30,0.44776119402985076,0,0,4,0,0,0,0.1555620968671269,0.04752789325831774,0.20308999012544465,0.2264117320729514,-0.023321741947506747,-0.08415061527450887
2021,NYG,Elerson Smith,43766,ED,EDGE,107,4,6,1.5,6,0,1,0,0,0,0.13647006266525866,0.042116435950218724,0.1785864986154774,0.2021575437637748,-0.023571045148297387,-0.15420309910101093
2024,CIN,Maema Njongmeta,101465,LB,LB,31,17,27,1.588235294117647,0,0,3,0,0,0,0.15550273973204576,0.047319311488075916,0.2028220512201217,0.2264117320729514,-0.023589680852829698,-0.5326702128058319
2024,NYJ,Brandin Echols,98900,CB,CB,406,243,295,1.213991769547325,0,0,7,2,0,1,0.18269422467835625,0.05628864807269217,0.23898287275104846,0.26270954927892354,-0.02372667652787508,-0.04090806297909496
2024,ARI,Starling Thomas V,83098,CB,CB,817,492,396,0.8048780487804879,0,0,9,0,1,3,0.1824679724573856,0.05628864807269217,0.2387566205300778,0.26270954927892354,-0.023952928748845748,-0.020522705170369672
2024,NE,Monty Rice,57839,LB,LB,5,2,0,0.0,0,0,0,0,0,0,0.15476401164027165,0.04762885606150876,0.20239286770178044,0.2264117320729514,-0.024018864371170956,-3.3626410119639343
2024,TEN,Khalid Duke,99387,ED,EDGE,12,0,0,0.0,1,0,1,0,0,0,0.13840303973216764,0.03972652190903307,0.17812956164120072,0.2021575437637748,-0.024027982122574065,-1.4016322904834873
2021,LV,Yannick Ngakoue,10703,ED,EDGE,883,1,0,0.0,63,10,19,0,2,0,0.13465015562523708,0.0434135564140069,0.17806371203924398,0.2021575437637748,-0.024093831724530806,-0.019100432850703924
2024,DEN,Keidron Smith,83310,S,S,17,7,17,2.4285714285714284,0,0,0,0,0,0,0.17852594226801213,0.051958752067100454,0.23048469433511257,0.2546539193746793,-0.024169225039566727,-0.9952033839821594
2023,WAS,Kyu Blu Kelly,100375,CB,CB,20,14,22,1.5714285714285714,0,0,1,0,0,0,0.18223501626989072,0.05628864807269217,0.2385236643425829,0.26270954927892354,-0.024185884936340635,-0.8465059727719222
2022,KC,Tershawn Wharton,40292,DI,IDL,149,9,28,3.111111111111111,5,1,4,0,0,0,0.14957482576337364,0.04944923084703291,0.1990240566104066,0.22337835625431512,-0.024354299643908534,-0.11441617282373136
2021,HOU,Jimmy Moreland,28704,CB,UNKNOWN,8,0,0,0.0,0,0,0,0,0,0,0.16448091680200375,0.04762885606150876,0.2121097728635125,0.23648925173029245,-0.024379478866779936,-2.1332044008432445
2021,KC,Armani Watts,51264,S,S,77,67,77,1.1492537313432836,0,0,6,0,0,0,0.17764026940094682,0.05248349695313612,0.23012376635408294,0.2546539193746793,-0.024530153020596357,-0.2230013910963305
2021,DET,Nickell Robey-Coleman,8483,CB,CB,62,26,17,0.6538461538461539,0,0,1,0,0,0,0.18179085476699927,0.05628864807269217,0.23807950283969148,0.26270954927892354,-0.024630046439232056,-0.2780811694752007
2024,CIN,Joe Bachie,43250,LB,LB,36,19,8,0.42105263157894735,1,0,2,0,0,0,0.15433392443174862,0.04742249301255353,0.20175641744430217,0.2264117320729514,-0.024655314628649228,-0.47940889555706834
2024,NE,Alex Austin,97683,CB,CB,234,131,76,0.5801526717557252,0,0,2,0,0,5,0.18171495058696183,0.05628864807269217,0.23800359865965398,0.26270954927892354,-0.024705950619269557,-0.0739066898867038
2024,DAL,Josh Butler,35097,CB,CB,160,103,131,1.2718446601941749,1,1,3,0,0,2,0.18169896671332048,0.05628864807269217,0.23798761478601266,0.26270954927892354,-0.02472193449291088,-0.1081584634064851
2024,ARI,Sean Murphy-Bunting,25891,CB,CB,725,418,390,0.9330143540669856,0,0,14,3,2,3,0.1816303028363495,0.05628864807269217,0.2379189509090417,0.26270954927892354,-0.024790598369881844,-0.023935750150230743
2024,DAL,Nick Vigil,10721,LB,LB,127,64,7,0.109375,1,0,5,0,0,0,0.1541703572678835,0.04744197235961755,0.20161232962750106,0.2264117320729514,-0.02479940244545034,-0.13668961977807276
2024,WAS,Mykal Walker,57834,LB,LB,90,22,77,3.5,0,0,3,0,0,0,0.15452254310974622,0.047082349854225734,0.201604892963972,0.2264117320729514,-0.024806839108979406,-0.1929420819587287
2024,NYG,D.J. Davidson,56523,DI,IDL,261,3,0,0.0,8,2,12,0,0,0,0.14977460403485934,0.04871845901271434,0.19849306304757372,0.22337835625431512,-0.024885293206741405,-0.06674216568857848
2024,ATL,James Smith-Williams,48455,ED,EDGE,306,28,15,0.5357142857142857,4,1,11,0,0,0,0.13015446350564694,0.047105413535573105,0.17725987704122007,0.2021575437637748,-0.024897666722554723,-0.056955446750942176
2024,ARI,Mack Wilson Sr.,43190,LB,LB,760,272,237,0.8713235294117647,16,3,22,1,0,1,0.15411030421267788,0.0473953520472633,0.2015056562599412,0.2264117320729514,-0.024906075813010187,-0.022939806669877806
2023,ARI,Divaad Wilson,83218,CB,CB,96,43,61,1.4186046511627908,1,0,1,0,0,0,0.18148402331040092,0.05628864807269217,0.2377726713830931,0.26270954927892354,-0.024936877895830434,-0.18183140132376358
2024,NYG,Raheem Layne,55960,S,S,22,11,0,0.0,0,0,1,0,0,0,0.17759306538431818,0.05200013733186145,0.22959320271617964,0.2546539193746793,-0.025060716658499654,-0.7973864391340799
2024,DAL,Buddy Johnson,58189,LB,LB,6,1,0,0.0,0,0,0,0,0,0,0.15370978769601884,0.04762885606150876,0.2013386437575276,0.2264117320729514,-0.02507308831542379,-2.925193636799442
2023,PHI,Ben VanSumeren,82523,LB,LB,50,21,3,0.14285714285714285,0,0,2,0,0,0,0.1538058474961636,0.04752378993613813,0.20132963743230176,0.2264117320729514,-0.025082094640649644,-0.351149324969095
2024,NYJ,D.J. Reed,26940,CB,CB,880,501,431,0.8602794411177644,1,1,18,0,0,7,0.1813274761357829,0.05628864807269217,0.23761612420847508,0.26270954927892354,-0.025093425070448455,-0.019960679033311272
2022,DET,Demetrius Taylor,56513,DI,IDL,13,0,0,0.0,0,0,0,0,0,0,0.1549827227416044,0.043298960055917046,0.19828168279752148,0.22337835625431512,-0.025096673456793644,-1.351359339981196
2022,NYG,Zyon Gilbert,55891,CB,CB,73,44,78,1.7727272727272727,2,1,5,0,0,0,0.18128561682411945,0.05628864807269217,0.2375742648968116,0.26270954927892354,-0.025135284382111933,-0.24102327489696376
2024,NYG,Elijah Garcia,44498,DI,IDL,143,1,0,0.0,4,1,6,0,0,0,0.14837328700254376,0.04986692705336377,0.19824021405590753,0.22337835625431512,-0.025138142198407598,-0.12305384292926795
2021,LAC,Emeke Egbule,45378,ED,EDGE,40,1,0,0.0,0,0,1,0,0,0,0.13699177899382992,0.04002362254617713,0.17701540154000708,0.2021575437637748,-0.025142142223767705,-0.43998748891593487
2024,NYG,Anthony Johnson Jr.,76736,S,S,21,10,0,0.0,0,0,0,0,0,0,0.1775511980974726,0.051958752067100454,0.2295099501645731,0.2546539193746793,-0.0251439692101062,-0.83813230700354
2021,BAL,Jaylon Ferguson,48362,ED,EDGE,133,7,23,3.2857142857142856,6,0,2,0,0,0,0.13316165840413782,0.04383452429339482,0.17699618269753267,0.2021575437637748,-0.025161361066242116,-0.1324282161381164
2024,SF,Dre Greenlaw,51503,LB,LB,34,16,12,0.75,0,0,4,0,0,0,0.1542797568980951,0.0469406190460709,0.201220375944166,0.2264117320729514,-0.025191356128785397,-0.5186455673573463
2023,ARI,Ezekiel Turner,49167,LB,LB,50,21,17,0.8095238095238095,0,0,1,0,0,0,0.15371559540771645,0.04746891002275699,0.20118450543047348,0.2264117320729514,-0.025227226642477923,-0.3531811729946909
2024,SF,Jalen Graham,98165,LB,LB,37,8,5,0.625,0,0,3,0,0,0,0.15464822311660442,0.0464897762845954,0.20113799940119984,0.2264117320729514,-0.025273732671751564,-0.4781516991952999
2024,BAL,T.J. Tampa,122537,CB,UNKNOWN,18,7,4,0.5714285714285714,0,0,1,0,0,0,0.1627246001037553,0.04843416354750107,0.2111587636512564,0.23648925173029245,-0.02533048807903604,-0.9850745364069571
2024,NYG,Elijah Chatman,97568,DI,IDL,423,4,0,0.0,19,1,8,0,0,0,0.14981991720260268,0.048198031866797934,0.19801794906940065,0.22337835625431512,-0.025360407184914474,-0.04196757690174972
2023,PHI,Avonte Maddox,50543,CB,CB,211,147,261,1.7755102040816326,0,0,6,0,1,2,0.18100045547228927,0.05628864807269217,0.23728910354498148,0.26270954927892354,-0.02542044573394206,-0.08433323229269878
2023,SEA,Derick Hall,98130,ED,EDGE,308,25,24,0.96,11,0,10,0,0,0,0.13019926617970323,0.04638095757907122,0.17658022375877447,0.2021575437637748,-0.02557732000500032,-0.058130272738637086
2021,DET,Jeff Okudah,55674,CB,CB,48,26,86,3.3076923076923075,0,0,0,0,0,1,0.1808117505342144,0.05628864807269217,0.23710039860690654,0.26270954927892354,-0.025609150672016995,-0.37346678063358113
2024,NYG,Jordon Riley,56759,DI,IDL,248,0,0,0.0,2,0,8,0,0,0,0.14692407846619698,0.05077017687949664,0.19769425534569365,0.22337835625431512,-0.02568410090862147,-0.07249544611304448
2021,DET,Anthony Pittman,94372,LB,LB,76,33,105,3.1818181818181817,1,0,2,0,0,0,0.15340291702546835,0.047315579520476096,0.20071849654594445,0.2264117320729514,-0.025693235527006947,-0.2366482219592745
2024,NYJ,Sauce Gardner,100903,CB,CB,879,490,391,0.7979591836734694,2,1,15,1,0,7,0.18066446601410854,0.05628864807269217,0.2369531140868007,0.26270954927892354,-0.02575643519212284,-0.02051138183673036
2024,DAL,Damone Clark,81282,LB,LB,163,61,15,0.2459016393442623,1,1,8,0,0,1,0.15351073210023647,0.047125379688382464,0.20063611178861893,0.2264117320729514,-0.025775620284332473,-0.11069284784682656
2024,KC,Deon Bush,10758,S,S,10,7,8,1.1428571428571428,0,0,0,0,0,0,0.17688650081904927,0.051958752067100454,0.22884525288614974,0.2546539193746793,-0.025808666488529558,-1.8066066541970691
2021,DET,Mark Gilbert,26144,CB,CB,47,24,44,1.8333333333333333,0,0,1,0,1,1,0.18061019503943573,0.05628864807269217,0.23689884311212792,0.26270954927892354,-0.02581070616679562,-0.38441477269695606
2024,ARI,Garrett Williams,99723,CB,CB,778,514,343,0.6673151750972762,3,0,13,2,1,6,0.18060010453708017,0.05628864807269217,0.23688875260977235,0.26270954927892354,-0.025820796669151186,-0.023232079265303122
2023,PHI,Bradley Roby,8666,CB,CB,379,254,168,0.6614173228346457,2,0,13,0,1,0,0.18054660234654402,0.05628864807269217,0.2368352504192362,0.26270954927892354,-0.02587429885968734,-0.047788942484910654
2024,DAL,Amani Oruwariye,50533,CB,CB,286,183,355,1.9398907103825136,0,0,11,1,0,1,0.18038714660301303,0.05628864807269217,0.23667579467570518,0.26270954927892354,-0.026033754603218356,-0.06371897979808688
2024,TEN,Keondre Coburn,76928,DI,IDL,125,0,0,0.0,2,0,4,0,0,0,0.15146573121118953,0.04587315838627468,0.19733888959746423,0.22337835625431512,-0.02603946665685089,-0.145821013278365
2024,TB,Tavierre Thomas,66931,S,S,46,32,67,2.09375,0,0,0,0,0,0,0.17664044055308453,0.051958752067100454,0.228599192620185,0.2546539193746793,-0.0260547267544943,-0.39648497235100016
2021,KC,Cortez Broughton,38524,DI,IDL,3,0,0,0.0,0,0,0,0,0,0,0.1540131798299607,0.043298960055917046,0.19731213988587776,0.22337835625431512,-0.026066216368437367,-6.082117152635385
2024,ARI,Kyzir White,44485,LB,LB,1015,512,660,1.2890625,21,3,39,1,0,1,0.15322339689163653,0.047102670308111105,0.20032606719974766,0.2264117320729514,-0.02608566487320374,-0.017990113705657753
2024,NYJ,Jamien Sherwood,83175,LB,LB,1063,558,435,0.7795698924731183,9,2,59,0,0,2,0.15344784568308623,0.046863909769942466,0.2003117554530287,0.2264117320729514,-0.026099976619922693,-0.017187190624596317
2021,PIT,John Simon,7911,ED,EDGE,49,3,13,4.333333333333333,2,0,1,0,0,0,0.13280107455617857,0.0432266649376548,0.1760277394938334,0.2021575437637748,-0.02612980426994138,-0.37328291814201975
2022,NYG,Aaron Robinson,50370,CB,CB,72,42,28,0.6666666666666666,0,0,1,0,0,1,0.18020060365760027,0.05628864807269217,0.23648925173029245,0.26270954927892354,-0.02622029754863109,-0.25491955950058004
2024,DAL,Caelen Carson,123377,CB,CB,252,137,348,2.54014598540146,0,0,6,0,0,4,0.18017676037722827,0.05628864807269217,0.23646540844992045,0.26270954927892354,-0.026244140829003088,-0.07290039119167524
2022,PIT,Jamir Jones,44287,ED,EDGE,86,5,22,4.4,0,0,3,0,0,0,0.1292699066303722,0.04658887888800709,0.1758587855183793,0.2021575437637748,-0.026298758245395487,-0.21405966013694003
2023,TEN,Caleb Murphy,169634,ED,EDGE,4,0,0,0.0,0,0,0,0,0,0,0.13678265461108952,0.038969064050325346,0.17575171866141487,0.2021575437637748,-0.02640582510235992,-4.621019392912986
2021,WAS,Darrick Forrest,55087,S,S,26,15,0,0.0,1,0,2,0,0,0,0.17615818379994272,0.051997443302134114,0.22815562710207687,0.2546539193746793,-0.02649829227260242,-0.7134155611854497
2024,DET,Jamal Adams,11761,S,UNKNOWN,40,11,47,4.2727272727272725,0,0,1,0,0,0,0.1605141548449666,0.049443639734776376,0.20995779457974298,0.23648925173029245,-0.02653145715054947,-0.46430050013461577
2023,WAS,Tariq Castro-Fields,55689,CB,CB,21,11,5,0.45454545454545453,0,0,0,0,0,0,0.17986565477445318,0.05628864807269217,0.23615430284714536,0.26270954927892354,-0.026555246431778173,-0.8851748810592724
2024,NYG,Dee Williams,157609,CB,UNKNOWN,4,0,0,0.0,0,0,0,0,0,0,0.16225096793950963,0.04762885606150876,0.20987982400101843,0.23648925173029245,-0.02660942772927402,-4.656649852622953
2024,NYG,Ihmir Smith-Marsette,61324,WR,UNKNOWN,1,0,0,0.0,0,0,0,0,0,0,0.16225096793950963,0.04762885606150876,0.20987982400101843,0.23648925173029245,-0.02660942772927402,-18.626599410491814
2024,NYG,Bryce Ford-Wheaton,78127,WR,UNKNOWN,1,0,0,0.0,0,0,0,0,0,0,0.16225096793950963,0.04762885606150876,0.20987982400101843,0.23648925173029245,-0.02660942772927402,-18.626599410491814
2021,DEN,Aaron Patrick,48558,ED,EDGE,52,1,8,8.0,1,0,2,0,0,0,0.1291449979039187,0.04632846623501374,0.17547346413893244,0.2021575437637748,-0.026684079624842344,-0.35920876418057
2024,NYJ,Quincy Williams,49779,LB,LB,1136,574,584,1.0174216027874565,15,2,60,0,4,3,0.15312798688375268,0.04653355606256672,0.1996615429463194,0.2264117320729514,-0.02675018912663199,-0.016483391187185205
2021,IND,Ben Banogu,26554,ED,EDGE,68,7,20,2.857142857142857,4,0,0,0,0,0,0.1364205338037774,0.038969064050325346,0.17538959785410277,0.2021575437637748,-0.02676794590967202,-0.27555238436427076
2024,TB,Shaquil Barrett,9000,ED,EDGE,17,3,2,0.6666666666666666,0,0,2,0,0,0,0.13148956680974222,0.04385448098356398,0.17534404779330623,0.2021575437637748,-0.02681349597046856,-1.1040851281957642
2023,PHI,Nakobe Dean,99018,LB,LB,182,127,120,0.9448818897637795,3,1,11,0,0,0,0.15312687664868846,0.04646590538631261,0.19959278203500108,0.2264117320729514,-0.026818950037950318,-0.10314980783827045
2024,ATL,Lorenzo Carter,50126,ED,EDGE,410,70,112,1.6,7,0,13,0,1,0,0.12971532173370973,0.04560146298721122,0.17531678472092094,0.2021575437637748,-0.02684075904285385,-0.04582568617072608
2023,SEA,Brady Russell,60876,TE,UNKNOWN,2,1,0,0.0,0,0,0,0,0,0,0.16201634569698886,0.04762885606150876,0.20964520175849763,0.23648925173029245,-0.02684404997179482,-9.395417490128187
2023,SEA,Jake Bobo,77997,WR,UNKNOWN,2,1,0,0.0,0,0,0,0,0,0,0.16201634569698886,0.04762885606150876,0.20964520175849763,0.23648925173029245,-0.02684404997179482,-9.395417490128187
2023,SEA,DeeJay Dallas,55632,HB,UNKNOWN,2,1,0,0.0,0,0,0,0,0,0,0.16201634569698886,0.04762885606150876,0.20964520175849763,0.23648925173029245,-0.02684404997179482,-9.395417490128187
2023,SEA,Kenny McIntosh,99158,HB,UNKNOWN,1,0,0,0.0,0,0,0,0,0,0,0.1619911848466076,0.04762885606150876,0.20962004090811637,0.23648925173029245,-0.02686921082217608,-18.808447575523257
2023,SEA,Lance Boykin,83066,CB,UNKNOWN,2,0,0,0.0,0,0,0,0,0,0,0.1619911848466076,0.04762885606150876,0.20962004090811637,0.23648925173029245,-0.02686921082217608,-9.404223787761628
2021,WAS,Tim Settle,48966,DI,IDL,210,0,0,0.0,10,0,8,0,0,0,0.14602153826908415,0.05044765096987425,0.19646918923895842,0.22337835625431512,-0.0269091670153567,-0.08969722338452232
2021,ARI,Victor Dimukeje,56347,ED,EDGE,46,5,7,1.4,1,0,0,0,0,0,0.1362177669710473,0.038969064050325346,0.17518683102137264,0.2021575437637748,-0.026970712742402148,-0.41042388955829356
2024,NE,Jonathan Jones,11217,CB,CB,712,425,523,1.2305882352941175,0,0,14,0,2,3,0.17943877360312568,0.05628864807269217,0.23572742167581787,0.26270954927892354,-0.02698212760310567,-0.02652737264350277
2023,PHI,Eli Ricks,124109,CB,CB,316,244,230,0.9426229508196722,0,0,2,0,0,2,0.17935572088544968,0.05628864807269217,0.23564436895814184,0.26270954927892354,-0.0270651803207817,-0.059954513368820225
2021,WAS,Casey Toohill,38472,ED,EDGE,361,13,38,2.923076923076923,15,1,13,0,0,0,0.1304916871399431,0.04459646270443601,0.17508814984437912,0.2021575437637748,-0.027069393919395668,-0.05248912948359271
2023,TB,Derrek Pitts Jr.,60785,CB,HYBRID,18,7,25,3.5714285714285716,0,0,0,0,0,0,0.16175175771650693,0.04762885606150876,0.20938061377801573,0.23648925173029245,-0.02710863795227672,-1.0542248092552058
2024,WAS,Michael Davis,12040,CB,CB,139,82,154,1.8780487804878048,0,0,3,0,0,0,0.17927229664693808,0.05628864807269217,0.23556094471963027,0.26270954927892354,-0.02714860455929327,-0.13671959130579345
2023,TEN,Kendall Sheffield,34105,CB,CB,24,16,-4,-0.25,0,0,1,0,0,0,0.17925573727964392,0.05628864807269217,0.2355443853523361,0.26270954927892354,-0.027165163926587438,-0.7923172811921335
2021,ATL,Duron Harmon,7872,S,S,1071,593,238,0.40134907251264756,6,0,9,2,0,3,0.1754945083261981,0.05198476013868199,0.22747926846488006,0.2546539193746793,-0.02717465090979923,-0.017761209744966817
2024,NYG,Boogie Basham,44320,ED,EDGE,86,0,0,0.0,4,0,2,0,0,0,0.1333147947691392,0.04154589643565694,0.17486069120479614,0.2021575437637748,-0.02729685255897865,-0.22218368361959367
2023,TEN,TK McLendon Jr.,150239,DI,IDL,101,0,0,0.0,0,0,3,0,0,0,0.15022813591414905,0.04576991078810887,0.19599804670225793,0.22337835625431512,-0.027380309552057197,-0.18976452164792115
2022,DET,Anthony Pittman,94372,ED,EDGE,54,11,10,0.9090909090909091,1,0,0,0,1,0,0.13057590611882597,0.04415895199332796,0.17473485811215395,0.2021575437637748,-0.027422685651620843,-0.3554792584469369
2024,CIN,DJ Ivey,76670,CB,CB,59,53,8,0.1509433962264151,0,0,2,0,0,1,0.17890141816203153,0.05628864807269217,0.2351900662347237,0.26270954927892354,-0.02751948304419985,-0.3265023412023711
2021,ATL,Dante Fowler Jr.,9436,ED,EDGE,508,18,55,3.0555555555555554,30,5,21,0,3,0,0.13182795153511773,0.042728965929555496,0.17455691746467325,0.2021575437637748,-0.02760062629910154,-0.038032359073565114
2023,PHI,Josh Jobe,83122,CB,CB,240,179,212,1.1843575418994414,0,0,1,0,0,4,0.17879700058872258,0.05628864807269217,0.2350856486614148,0.26270954927892354,-0.027623900617508745,-0.08056971013440051
2024,DAL,DaRon Bland,56158,CB,CB,436,290,311,1.0724137931034483,0,0,7,0,1,3,0.17867788780441293,0.05628864807269217,0.23496653587710511,0.26270954927892354,-0.027743013401818423,-0.044541535278148844
2021,LAC,Forrest Merrill,82222,DI,IDL,36,0,0,0.0,1,0,2,0,0,0,0.15050958986657054,0.04509090312448423,0.1956004929910548,0.22337835625431512,-0.027777863263260316,-0.5401251190078394
2021,LV,Carl Nassib,10699,ED,EDGE,264,0,0,0.0,14,2,17,0,1,0,0.13025668514138825,0.04378332931620073,0.17404001445758896,0.2021575437637748,-0.02811752930618583,-0.07455405497852303
2024,DET,Morice Norris Jr.,146033,S,S,22,8,30,3.75,0,0,0,0,0,0,0.17456984042043378,0.051958752067100454,0.22652859248753424,0.2546539193746793,-0.028125326887145058,-0.8948967645909791
2024,ATL,DeAngelo Malone,56941,ED,EDGE,93,22,0,0.0,6,2,4,0,0,0,0.13303964008637345,0.040924734987675175,0.1739643750740486,0.2021575437637748,-0.028193168689726184,-0.21220664605170247
2023,PHI,Kelee Ringo,124035,CB,CB,233,134,61,0.4552238805970149,1,1,6,1,0,1,0.1782090902587959,0.05628864807269217,0.23449773833148807,0.26270954927892354,-0.028211810947435467,-0.08475651357598639
2024,NYG,Tomon Fox,42486,ED,EDGE,207,12,32,2.6666666666666665,3,1,5,0,0,0,0.1307885447716879,0.04314058400369454,0.17392912877538244,0.2021575437637748,-0.028228414988392347,-0.09545840817330745
2022,LV,Matthias Farley,10953,S,S,8,7,7,1.0,0,0,0,0,0,0,0.17441045196360058,0.051958752067100454,0.22636920403070104,0.2546539193746793,-0.02828471534397825,-2.474912592598097
2021,ATL,Erik Harris,10346,S,S,702,410,294,0.7170731707317073,5,0,13,0,0,6,0.17422262364119662,0.05207163975683668,0.2262942633980333,0.2546539193746793,-0.028359655976645998,-0.02827885923597179
2022,ATL,Erik Harris,10346,S,S,33,16,36,2.25,0,0,1,0,0,0,0.1741353275558961,0.05214537144662714,0.22628069900252326,0.2546539193746793,-0.028373220372156033,-0.6018561897124007
2024,ATL,Richie Grant,43196,S,S,165,120,107,0.8916666666666667,1,0,3,0,0,1,0.1742305213292973,0.05204894752324236,0.22627946885253966,0.2546539193746793,-0.028374450522139633,-0.12037645676059237
2021,HOU,Demone Harris,48452,ED,EDGE,58,1,0,0.0,1,0,0,0,0,0,0.13475094156322967,0.038969064050325346,0.17372000561355502,0.2021575437637748,-0.028437538150219765,-0.3432116673302385
2023,CLE,Siaki Ika,98328,DI,IDL,103,1,4,4.0,1,0,0,0,0,0,0.15161828405548058,0.043298960055917046,0.19491724411139763,0.22337835625431512,-0.028461112142917494,-0.19342503398099267
2023,SEA,Cameron Young,82499,DI,IDL,201,0,0,0.0,3,0,12,0,0,0,0.14662848727919087,0.04824871426969853,0.1948772015488894,0.22337835625431512,-0.02850115470542572,-0.09925775270546269
2023,SEA,Coby Bryant,55088,S,S,147,91,107,1.1758241758241759,2,0,5,0,0,0,0.1740182291371185,0.052091730764750134,0.2261099599018687,0.2546539193746793,-0.028543959472810604,-0.13592361653719334
2021,LV,Quinton Jefferson,10781,DI,IDL,707,2,0,0.0,50,7,23,0,2,0,0.1469291153650845,0.047899211384999314,0.19482832675008385,0.22337835625431512,-0.028550029504231272,-0.028267355944783436
2023,WAS,Christian Holmes,43393,CB,CB,33,15,28,1.8666666666666667,0,0,0,0,0,1,0.17780431286851667,0.05628864807269217,0.23409296094120885,0.26270954927892354,-0.028616588337714688,-0.6070185404969782
2021,HOU,Ron'Dell Carter,36346,ED,EDGE,17,0,0,0.0,0,0,0,0,0,0,0.1345486784107896,0.038969064050325346,0.17351774246111498,0.2021575437637748,-0.028639801302659806,-1.1792859359918744
2024,HOU,John Metchie III,97400,WR,UNKNOWN,1,1,4,4.0,0,0,1,0,0,0,0.15816723360150192,0.049638437989847094,0.20780567159134905,0.23648925173029245,-0.0286835801389434,-20.07850609726038
2024,NE,Marcus Jones,55717,CB,CB,586,385,466,1.2103896103896103,2,0,15,1,0,6,0.1777146185980005,0.05628864807269217,0.2340032666706927,0.26270954927892354,-0.028706282608230826,-0.03429078127263068
2021,LV,Dallin Leavitt,49120,S,S,255,228,137,0.6008771929824561,0,0,7,0,0,3,0.17393803471420913,0.05200534175656286,0.22594337647077198,0.2546539193746793,-0.028710542903907316,-0.0788132550303338
2022,NYG,Jarrad Davis,11776,LB,LB,201,77,52,0.6753246753246753,4,0,5,0,0,0,0.15107057901804335,0.04662354906791106,0.19769412808595443,0.2264117320729514,-0.028717603986996965,-0.10001155617362129
2021,LAC,Andrew Brown,49636,DI,IDL,12,0,0,0.0,0,0,1,0,0,0,0.15037512844936535,0.044194931590200645,0.19457006003956603,0.22337835625431512,-0.02880829621474909,-1.6804839458603635
2024,CIN,Marco Wilson,55592,CB,CB,242,161,162,1.0062111801242235,0,0,4,0,0,1,0.1775649257432774,0.05628864807269217,0.23385357381596955,0.26270954927892354,-0.028855975462953987,-0.08346769762011484
2024,TEN,Abdullah Anderson,32708,DI,IDL,38,0,0,0.0,0,0,0,0,0,0,0.15122001077387706,0.043298960055917046,0.19451897082979414,0.22337835625431512,-0.02885938542452099,-0.5316202578201235
2023,GB,Zayne Anderson,34622,S,S,14,11,47,4.2727272727272725,0,0,0,0,0,0,0.1737805714747433,0.051958752067100454,0.22573932354184376,0.2546539193746793,-0.028914595832835538,-1.4457297916417768
2024,CAR,Shemar Bartholomew,78995,CB,CB,17,15,26,1.7333333333333334,0,0,2,0,0,0,0.17747515626258126,0.05628864807269217,0.2337638043352734,0.26270954927892354,-0.028945744943650126,-1.19188361532677
2021,WAS,Jeremy Reaves,50406,S,S,195,103,162,1.5728155339805825,0,0,9,0,0,0,0.1731197023396197,0.0525274433916577,0.2256471457312774,0.2546539193746793,-0.0290067736434019,-0.1041268797455453
2021,NYJ,Blake Cashman,35413,LB,LB,33,19,45,2.3684210526315788,1,0,1,0,0,0,0.1503323111693443,0.04706784807350404,0.19740015924284834,0.2264117320729514,-0.029011572830103055,-0.6153969994264284
2023,ARI,Owen Pappoe,99006,LB,LB,114,54,37,0.6851851851851852,3,0,2,0,0,0,0.15009102068285976,0.047308963984005206,0.19739998466686498,0.2264117320729514,-0.02901174740608642,-0.17814230863386396
2021,WAS,Olubunmi Rotimi,48387,ED,EDGE,204,10,1,0.1,4,2,6,0,0,0,0.13215648825130574,0.040891189333604666,0.1730476775849104,0.2021575437637748,-0.02910986617886438,-0.09988679571178953
2021,WAS,Daniel Wise,48922,ED,EDGE,139,0,0,0.0,5,0,6,0,0,0,0.13202910392304895,0.040891189333604666,0.17292029325665362,0.2021575437637748,-0.02923725050712117,-0.14723795219413538
2024,ATL,KhaDarel Hodge,26104,WR,UNKNOWN,2,0,0,0.0,0,0,1,0,0,0,0.15917410020462935,0.04805914246083216,0.20723324266546153,0.23648925173029245,-0.029256009064830918,-10.23960317269082
2021,ATL,Jaylinn Hawkins,51423,S,S,462,258,185,0.7170542635658915,3,0,4,2,0,1,0.17335818652296614,0.051978474765648174,0.2253366612886143,0.2546539193746793,-0.029317258086065,-0.04442008800918939
2023,TEN,Ross Blacklock,44526,DI,IDL,69,0,0,0.0,4,0,0,0,0,0,0.15072341883276344,0.043298960055917046,0.1940223788886805,0.22337835625431512,-0.02935597736563461,-0.2978142631296265
2024,LV,Chris Smith II,83220,S,HYBRID,11,3,7,2.3333333333333335,0,0,0,0,0,0,0.15947705287939679,0.04762885606150876,0.20710590894090558,0.23648925173029245,-0.029383342789386868,-1.8698490865973463
2024,SF,Nick McCloud,49535,CB,CB,224,124,253,2.0403225806451615,0,0,5,0,0,0,0.17703326524220475,0.05628864807269217,0.23332191331489693,0.26270954927892354,-0.029387635964026604,-0.09183636238758315
2021,NYG,Trent Harris,48575,ED,EDGE,44,3,9,3.0,2,0,1,0,0,0,0.1306274783078248,0.042116435950218724,0.17274391425804356,0.2021575437637748,-0.02941362950573123,-0.46794410577299683
2023,TEN,Keondre Coburn,76928,DI,IDL,107,0,0,0.0,3,0,0,0,0,0,0.15059959810310986,0.043298960055917046,0.19389855815902693,0.22337835625431512,-0.029479798095288196,-0.19285849221216578
2024,NYG,Patrick Johnson,56460,ED,EDGE,47,1,0,0.0,1,0,1,0,0,0,0.133095510763908,0.039500626573004544,0.17259613733691256,0.2021575437637748,-0.029561406426862225,-0.4402762659319906
2024,ATL,Kentavius Street,48404,DI,IDL,280,1,0,0.0,6,1,9,0,0,0,0.14549991281405827,0.048299362367545874,0.19379927518160414,0.22337835625431512,-0.029579081072710983,-0.07394770268177746
2024,ATL,Avery Williams,42873,HB,UNKNOWN,3,2,0,0.0,0,0,0,0,0,0,0.1592046419403214,0.04762885606150876,0.20683349800183018,0.23648925173029245,-0.02965575372846227,-6.9196758699745295
2024,ATL,Casey Washington,101710,WR,UNKNOWN,1,1,0,0.0,0,0,0,0,0,0,0.15918937107247538,0.04762885606150876,0.20681822713398415,0.23648925173029245,-0.0296710245963083,-20.76971721741581
2024,ATL,Tyler Allgeier,83639,HB,HYBRID,2,1,0,0.0,0,0,0,0,0,0,0.15918937107247538,0.04762885606150876,0.20681822713398415,0.23648925173029245,-0.0296710245963083,-10.384858608707905
2024,ATL,Charlie Woerner,42257,TE,UNKNOWN,1,0,0,0.0,0,0,0,0,0,0,0.15917410020462935,0.04762885606150876,0.20680295626613812,0.23648925173029245,-0.029686295464154328,-20.78040682490803
2024,ATL,Ross Dwelley,20994,TE,UNKNOWN,1,0,0,0.0,0,0,0,0,0,0,0.15917410020462935,0.04762885606150876,0.20680295626613812,0.23648925173029245,-0.029686295464154328,-20.78040682490803
2024,CIN,Dax Hill,97519,CB,CB,262,140,95,0.6785714285714286,1,1,8,0,0,1,0.17666518669838896,0.05628864807269217,0.23295383477108111,0.26270954927892354,-0.029755714507842423,-0.07950000059347212
2023,TEN,Dane Cruikshank,25546,S,IDL,1,0,0,0.0,0,0,0,0,0,0,0.15022813591414905,0.043298960055917046,0.19352709597006612,0.22337835625431512,-0.029851260284249004,-20.895882198974302
2023,TEN,Jayden Peevy,56876,DI,IDL,4,0,0,0.0,0,0,0,0,0,0,0.15022813591414905,0.043298960055917046,0.19352709597006612,0.22337835625431512,-0.029851260284249004,-5.2239705497435756
2023,TEN,Taylor Stallworth,48935,DI,IDL,6,0,0,0.0,0,0,0,0,0,0,0.15022813591414905,0.043298960055917046,0.19352709597006612,0.22337835625431512,-0.029851260284249004,-3.482647033162384
2024,DAL,Marist Liufau,102789,LB,LB,520,196,165,0.8418367346938775,12,2,19,0,2,2,0.15035847600156335,0.046049732581395636,0.19640820858295902,0.2264117320729514,-0.030003523489992384,-0.040389358544220516
2024,SF,Tre Avery,56146,CB,CB,2,2,0,0.0,0,0,0,0,0,0,0.17640597235674096,0.05628864807269217,0.23269462042943312,0.26270954927892354,-0.03001492884949042,-10.505225097321647
2023,SEA,Jerrick Reed II,101322,S,S,29,19,7,0.3684210526315789,0,0,1,0,0,0,0.1726303753692267,0.051983046968922794,0.2246134223381495,0.2546539193746793,-0.030040497036529806,-0.7251154457093401
2021,WAS,Will Bradley-King,44184,ED,EDGE,59,0,0,0.0,3,1,1,0,0,0,0.1328257624354597,0.039289418264205234,0.17211518069966497,0.2021575437637748,-0.030042363064109817,-0.35643481601486227
2023,DET,James Houston,57810,ED,EDGE,42,9,31,3.4444444444444446,2,0,0,0,0,0,0.13307159252942705,0.038969064050325346,0.1720406565797524,0.2021575437637748,-0.03011688718402239,-0.5019481197337065
2021,LV,Roderic Teamer,51405,S,S,257,166,110,0.6626506024096386,0,0,8,0,0,0,0.1722679703826695,0.05208540924039667,0.2243533796230662,0.2546539193746793,-0.030300539751613093,-0.08253065301995784
2023,PHI,Shaquille Leonard,49684,LB,LB,618,290,203,0.7,5,1,21,0,0,0,0.1501182113551614,0.04594057475945947,0.19605878611462088,0.2264117320729514,-0.03035294595833052,-0.03438035949972712
2024,NE,Christian Elliss,61853,LB,LB,514,266,156,0.5864661654135338,10,2,17,1,0,4,0.1487536526552353,0.04719976414794693,0.19595341680318223,0.2264117320729514,-0.030458315269769165,-0.041480195892681745
2021,HOU,A.J. Moore,51146,S,S,44,11,13,1.1818181818181819,0,0,0,0,0,0,0.172222900711733,0.051958752067100454,0.22418165277883345,0.2546539193746793,-0.030472266595845843,-0.48478605947936565
2021,DET,Josh Woods,49023,LB,LB,113,43,53,1.2325581395348837,4,0,10,0,0,0,0.1511567896695782,0.04472982432046825,0.19588661399004648,0.2264117320729514,-0.030525118082904923,-0.18909365184100396
2024,CIN,Shaka Heyward,77120,LB,LB,12,2,0,0.0,0,0,2,0,0,0,0.1488037375318926,0.04702310796331576,0.19582684549520837,0.2264117320729514,-0.030584886577743026,-1.7841183837016765
2021,LV,Hunter Renfrow,47509,WR,UNKNOWN,2,2,0,0.0,0,0,0,0,0,1,0.1582299240305625,0.04762885606150876,0.20585878009207126,0.23648925173029245,-0.03063047163822119,-10.720665073377416
2021,NYJ,Hamsah Nasirildeen,55898,LB,LB,60,21,21,1.0,0,0,1,0,0,0,0.14870518663042528,0.04706784807350404,0.19577303470392934,0.2264117320729514,-0.030638697369022055,-0.35745146930525734
2024,NYG,Cory Durden,56976,DI,IDL,84,0,0,0.0,3,0,3,0,0,0,0.14677262087456344,0.04593990730146573,0.19271252817602919,0.22337835625431512,-0.03066582807828594,-0.2555485673190495
2024,PIT,Jeremiah Moon,26453,ED,EDGE,117,4,9,2.25,2,0,0,0,0,0,0.13230226480696256,0.038969064050325346,0.1712713288572879,0.2021575437637748,-0.03088621490648688,-0.18478931995334033
2022,TB,Nolan Turner,43187,S,S,1,1,-5,-5.0,0,0,1,0,0,0,0.1698363652701199,0.05390390225886928,0.22374026752898918,0.2546539193746793,-0.030913651845690115,-21.63955629198308
2021,LV,Solomon Thomas,11758,DI,IDL,597,3,0,0.0,31,4,18,0,2,0,0.1454883916292306,0.046970119767137976,0.1924585113963686,0.22337835625431512,-0.03091984485794652,-0.03625442445655371
2024,NYG,Armon Watts,27844,DI,IDL,87,1,0,0.0,5,0,2,0,0,0,0.1469519157579826,0.04548828238839928,0.1924401981463819,0.22337835625431512,-0.03093815810793321,-0.24892770891440516
2021,LV,Dillon Stoner,48304,WR,UNKNOWN,1,1,0,0.0,0,0,0,0,0,0,0.15787026249664582,0.04762885606150876,0.20549911855815461,0.23648925173029245,-0.030990133172137835,-21.693093220496486
2021,LV,Foster Moreau,47043,TE,UNKNOWN,1,0,0,0.0,0,0,0,0,0,0,0.15786339481205525,0.04762885606150876,0.20549225087356404,0.23648925173029245,-0.030997000856728407,-21.697900599709886
2021,LV,DeSean Jackson,4363,WR,UNKNOWN,1,0,0,0.0,0,0,0,0,0,0,0.15786339481205525,0.04762885606150876,0.20549225087356404,0.23648925173029245,-0.030997000856728407,-21.697900599709886
2021,WAS,Deshazor Everett,9940,S,S,40,26,32,1.2307692307692308,0,0,0,0,0,0,0.17169105098430323,0.051958752067100454,0.2236498030514037,0.2546539193746793,-0.0310041163232756,-0.542572035657323
2024,MIA,Mohamed Kamara,97731,ED,EDGE,26,3,11,3.6666666666666665,2,0,0,0,0,0,0.13215257063596525,0.038969064050325346,0.17112163468629063,0.2021575437637748,-0.03103590907748416,-0.8355821674707273
2023,SEA,Teez Tabor,11808,S,S,12,12,15,1.25,0,0,0,0,0,0,0.17159305592464633,0.051958752067100454,0.2235518079917468,0.2546539193746793,-0.031102111382932507,-1.8142898306710629
2023,DAL,Jalen Tolbert,61637,WR,UNKNOWN,2,2,59,29.5,0,0,0,0,0,0,0.15774973836234382,0.04762885606150876,0.2053785944238526,0.23648925173029245,-0.03111065730643986,-10.888730057253952
2022,CHI,Justin Layne,40160,CB,CB,11,7,9,1.2857142857142858,0,0,0,0,0,1,0.17530409269179262,0.05628864807269217,0.23159274076448477,0.26270954927892354,-0.031116808514438765,-1.9801605418279213
2021,DET,Bobby Price,91112,CB,CB,152,80,174,2.175,0,0,2,0,0,2,0.17526144201074595,0.05628864807269217,0.2315500900834381,0.26270954927892354,-0.031159459195485434,-0.14349750945289344
2021,ATL,Shawn Williams,7865,S,S,164,72,18,0.25,1,0,5,0,0,0,0.1714434111679017,0.05199403094961784,0.2234374421175196,0.2546539193746793,-0.031216477257159703,-0.13324106146348652
2024,ATL,Demone Harris,48452,ED,EDGE,216,37,15,0.40540540540540543,2,0,4,0,0,1,0.12994946536771756,0.040924734987675175,0.17087420035539275,0.2021575437637748,-0.03128334340838204,-0.10138120549012698
2021,CLE,Herb Miller,50480,CB,UNKNOWN,9,3,26,8.666666666666666,0,0,0,0,0,0,0.15751298130808095,0.04762885606150876,0.2051418373695897,0.23648925173029245,-0.031347414360702736,-2.438132228054657
2021,ATL,Cordarrelle Patterson,7810,HB,UNKNOWN,2,2,0,0.0,0,0,0,0,0,0,0.1574968412669495,0.04762885606150876,0.20512569732845826,0.23648925173029245,-0.03136355440183419,-10.977244040641967
2021,ATL,Christian Blake,47900,WR,UNKNOWN,1,1,0,0.0,0,0,0,0,0,0,0.15749269237195468,0.04762885606150876,0.20512154843346345,0.23648925173029245,-0.031367703296829,-21.957392307780303
2021,ATL,Qadree Ollison,45934,HB,UNKNOWN,1,0,0,0.0,0,0,0,0,0,0,0.15748854347695987,0.04762885606150876,0.20511739953846866,0.23648925173029245,-0.031371852191823785,-21.96029653427665
2021,ATL,Keith Smith,9302,FB,UNKNOWN,1,0,0,0.0,0,0,0,0,0,0,0.15748854347695987,0.04762885606150876,0.20511739953846866,0.23648925173029245,-0.031371852191823785,-21.96029653427665
2021,LAC,Mark Webb Jr.,61274,S,S,6,5,35,7.0,0,0,0,0,0,0,0.17130421351190814,0.051958752067100454,0.22326296557900863,0.2546539193746793,-0.03139095379567067,-3.6622779428282444
2021,WAS,Nate Orchard,9484,ED,EDGE,1,0,0,0.0,0,0,0,0,0,0,0.1317388980916728,0.038969064050325346,0.17070796214199815,0.2021575437637748,-0.031449581621776634,-22.014707135243643
2021,WAS,Shaka Toney,42806,ED,EDGE,117,8,12,1.5,6,2,3,0,0,0,0.13070434264265846,0.039930126691965,0.17063446933462348,0.2021575437637748,-0.03152307442915131,-0.18859959060175996
2024,JAC,Christian Braswell,56207,CB,CB,42,30,26,0.8666666666666667,0,0,1,0,0,0,0.1748431554439113,0.05628864807269217,0.23113180351660348,0.26270954927892354,-0.03157774576232006,-0.5262957627053343
2021,LV,Clelin Ferrell,25955,ED,EDGE,273,0,0,0.0,19,3,6,0,0,0,0.13086798757805634,0.03971028835177244,0.1705782759298288,0.2021575437637748,-0.03157926783394599,-0.08097248162550254
2024,ATL,Zach Harrison,98503,DI,IDL,272,0,0,0.0,10,1,9,0,0,0,0.14564219199514516,0.046136166962642354,0.19177835895778753,0.22337835625431512,-0.0315999972965276,-0.08132352245429897
2021,LV,Tyree Gillespie,60692,S,S,13,10,15,1.5,0,0,0,0,0,0,0.17097594760990759,0.051958752067100454,0.22293469967700805,0.2546539193746793,-0.03171921969767125,-1.7079579837207595
2023,SEA,Myles Adams,28430,DI,IDL,87,0,0,0.0,6,1,2,0,0,0,0.1476599188719635,0.04395680520330065,0.19161672407526417,0.22337835625431512,-0.03176163217905095,-0.25555336236018006
2021,HOU,Xavier Williams,9809,DI,IDL,27,0,0,0.0,0,0,0,0,0,0,0.14819724845933094,0.043298960055917046,0.19149620851524798,0.22337835625431512,-0.03188214773906714,-0.8265742006424813
2021,HOU,Vincent Taylor,11949,DI,IDL,25,0,0,0.0,0,0,0,0,0,0,0.14819724845933094,0.043298960055917046,0.19149620851524798,0.22337835625431512,-0.03188214773906714,-0.89270013669388
2024,TB,Sean Tucker,123056,HB,UNKNOWN,1,1,17,17.0,0,0,0,0,0,0,0.15686750957896148,0.04762885606150876,0.20449636564047025,0.23648925173029245,-0.0319928860898222,-22.39502026287554
2024,ARI,Jammie Robinson,98836,S,S,11,11,9,0.8181818181818182,0,0,0,0,0,0,0.1706882006782455,0.051958752067100454,0.222646952745346,0.2546539193746793,-0.032006966629333305,-2.0368069673212106
2024,NE,Jahlani Tavai,51055,LB,LB,916,384,502,1.3072916666666667,14,1,30,1,0,4,0.148203506395241,0.04619489988316923,0.19439840627841024,0.2264117320729514,-0.032013325794541164,-0.024464331939059843
2022,CHI,Josh Blackwell,55589,CB,CB,134,71,83,1.1690140845070423,1,0,3,0,0,0,0.17436298797167354,0.05628864807269217,0.23065163604436575,0.26270954927892354,-0.03205791323455778,-0.1674667109267944
2024,SF,DaShaun White,77198,LB,LB,1,0,0,0.0,0,0,0,0,0,0,0.14672236853299034,0.04762885606150876,0.19435122459449913,0.2264117320729514,-0.032060507478452266,-22.442355234916587
2024,SF,Curtis Robinson,42871,LB,LB,1,0,0,0.0,0,0,0,0,0,0,0.14672236853299034,0.04762885606150876,0.19435122459449913,0.2264117320729514,-0.032060507478452266,-22.442355234916587
2023,SEA,Mike Morris,101421,DI,IDL,26,0,0,0.0,0,0,2,0,0,0,0.14635300256644487,0.044959488532780506,0.1913124910992254,0.22337835625431512,-0.03206586515508972,-0.8633117541754924
2024,ATL,Khalid Kareem,42993,ED,EDGE,32,3,0,0.0,3,0,2,0,0,0,0.13038864693722557,0.03952255268707169,0.1699111996242973,0.2021575437637748,-0.032246344139477495,-0.7053887780510703
2024,JAC,Joe Giles-Harris,39382,LB,LB,17,8,6,0.75,1,0,0,0,0,0,0.14651909121333875,0.04762885606150876,0.19414794727484755,0.2264117320729514,-0.03226378479810385,-1.3285087858042761
2024,SEA,Trevis Gipson,35241,ED,EDGE,47,5,16,3.2,1,0,0,0,0,0,0.13090445158278838,0.038969064050325346,0.16987351563311373,0.2021575437637748,-0.03228402813066106,-0.480825950882186
2024,WAS,Jeremy Reaves,50406,S,UNKNOWN,5,1,16,16.0,0,0,0,0,0,0,0.15640499458421334,0.04762885606150876,0.2040338506457221,0.23648925173029245,-0.032455401084570346,-4.543756151839848
2024,DAL,Trevon Diggs,41817,CB,CB,683,389,368,0.9460154241645244,1,0,13,2,0,4,0.17395745930513612,0.05628864807269217,0.2302461073778283,0.26270954927892354,-0.032463441901095236,-0.03327146314899951
2021,ATL,Adetokunbo Ogundeji,44047,ED,EDGE,527,26,41,1.5769230769230769,11,1,16,0,0,0,0.1290632383871463,0.04057899641408369,0.16964223480123003,0.2021575437637748,-0.03251530896254476,-0.04318921494076154
2024,SF,Rock Ya-Sin,49564,CB,CB,63,32,3,0.09375,0,0,0,0,0,2,0.17388426061156004,0.05628864807269217,0.23017290868425216,0.26270954927892354,-0.03253664059467137,-0.36151822882968193
2024,ARI,Andre Chachere,51194,S,S,3,0,0,0.0,0,0,0,0,0,0,0.17007476015259151,0.051958752067100454,0.22203351221969198,0.2546539193746793,-0.03262040715498732,-7.6114283361637085
2024,ARI,Joey Blount,62771,S,S,20,8,0,0.0,0,0,0,0,0,0,0.17004456511250587,0.051958752067100454,0.22200331717960634,0.2546539193746793,-0.03265060219507296,-1.1427710768275534
2021,ATL,Brandon Copeland,8378,ED,EDGE,339,43,33,0.7674418604651163,6,0,16,0,0,0,0.12847487276731873,0.04102560404846941,0.16950047681578814,0.2021575437637748,-0.032657066947986646,-0.06743347157401372
2024,NYJ,Jarius Monroe,103580,S,S,17,11,0,0.0,1,0,1,0,0,0,0.17004313449535008,0.051950488363252875,0.22199362285860297,0.2546539193746793,-0.032660296516076326,-1.3448357388972605
2023,SEA,Frank Clark,9496,ED,EDGE,178,7,5,0.7142857142857143,3,0,4,0,0,0,0.12893980546342904,0.04051763152726635,0.1694574369906954,0.2021575437637748,-0.032700106773079385,-0.12859592551210994
2024,LAR,Brennan Jackson,82474,ED,EDGE,47,4,32,8.0,1,0,1,0,0,0,0.12888685551611187,0.040559059623312424,0.1694459151394243,0.2021575437637748,-0.03271162862435048,-0.48719446887330503
2021,LV,Malcolm Koonce,55015,ED,EDGE,48,0,0,0.0,4,2,3,0,0,0,0.13004891159512744,0.03933967620104889,0.16938858779617635,0.2021575437637748,-0.032768955967598434,-0.4778806078608105
2024,ATL,Eddie Goldman,9472,DI,IDL,330,0,0,0.0,10,1,6,0,0,0,0.1458341806639538,0.0447097212370887,0.1905439019010425,0.22337835625431512,-0.03283445435327262,-0.06964884256754798
2021,ATL,Steven Means,7929,ED,EDGE,693,89,89,1.0,11,0,17,0,0,0,0.12865685099630847,0.04065170420966949,0.16930855520597798,0.2021575437637748,-0.032848988557796804,-0.03318079652302707
2021,LV,Darius Philon,9625,DI,IDL,277,1,0,0.0,17,2,16,0,0,0,0.14428570555631337,0.046191194453744484,0.19047690001005785,0.22337835625431512,-0.03290145624425728,-0.08314447426346604
2023,NYG,Benton Whitley,54444,ED,EDGE,14,1,16,16.0,1,0,0,0,0,0,0.12986528397313685,0.038969064050325346,0.1688343480234622,0.2021575437637748,-0.03332319574031259,-1.6661597870156293
2024,NE,Christian Gonzalez,131679,CB,CB,978,563,499,0.8863232682060391,1,0,12,2,0,7,0.1730353390404851,0.05628864807269217,0.22932398711317725,0.26270954927892354,-0.033385562165746285,-0.023895596642149693
2021,ATL,James Vaughters,9934,ED,EDGE,210,16,17,1.0625,7,1,4,0,1,0,0.12904447066139416,0.03963206826132327,0.16867653892271744,0.2021575437637748,-0.033481004841057344,-0.11160334947019114
2024,NYG,Casey Rogers,82347,DI,IDL,33,0,0,0.0,0,0,0,0,0,0,0.14654543448711307,0.043298960055917046,0.18984439454303015,0.22337835625431512,-0.033533961711284976,-0.7113264605424086
2024,TB,Jose Ramirez,56323,ED,EDGE,30,1,8,8.0,2,0,0,0,0,0,0.1296452105518605,0.038969064050325346,0.16861427460218587,0.2021575437637748,-0.03354326916158892,-0.7826762804370749
2024,ARI,Dadrion Taylor-Demerson,97348,S,S,258,161,173,1.0745341614906831,0,0,11,0,1,3,0.16931043757501407,0.05179908099535946,0.22110951857037356,0.2546539193746793,-0.033544400804305735,-0.09101194016672098
2024,ATL,Ta'Quon Graham,56868,DI,IDL,193,1,0,0.0,5,0,8,0,0,0,0.14456556795918954,0.045179974964145914,0.18974554292333548,0.22337835625431512,-0.033632813330979644,-0.12198429705536658
2024,SF,Tatum Bethune,98532,LB,LB,52,23,0,0.0,0,0,0,0,0,0,0.14508842159318308,0.04762885606150876,0.19271727765469188,0.2264117320729514,-0.03369445441825952,-0.45357919409195513
2023,SEA,Austin Faoliu,56800,DI,IDL,22,0,0,0.0,0,0,0,0,0,0,0.14635300256644487,0.043298960055917046,0.18965196262236195,0.22337835625431512,-0.03372639363195318,-1.0731125246530557
2023,PHI,Tristin McCollum,66771,S,S,29,19,6,0.3157894736842105,0,0,3,0,0,0,0.16902250841821248,0.05187300844754511,0.2208955168657576,0.2546539193746793,-0.0337584025089217,-0.8148579915946619
2024,ATL,Ruke Orhorhoro,99768,DI,IDL,147,1,0,0.0,6,0,4,0,0,0,0.14460396569295125,0.044960532644999315,0.1895644983379506,0.22337835625431512,-0.033813857916364515,-0.1610183710303072
2021,ATL,Grady Jarrett,9570,DI,IDL,864,4,8,2.0,36,1,33,0,0,0,0.14364366773448461,0.04590666498872048,0.18955033272320507,0.22337835625431512,-0.03382802353111006,-0.027406963509001205
2022,CIN,Jeff Gunter,54402,ED,EDGE,37,2,21,10.5,0,0,0,0,0,0,0.12932144571464244,0.038969064050325346,0.1682905097649678,0.2021575437637748,-0.033867033998807,-0.6407276702476999
2023,ARI,Tyreek Maddox-Williams,42694,LB,LB,5,3,0,0.0,0,0,0,0,0,0,0.1449030943603869,0.04762885606150876,0.19253195042189566,0.2264117320729514,-0.033879781651055735,-4.743169431147803
2021,DET,Brady Breeze,43073,S,S,14,12,13,1.0833333333333333,0,0,0,0,0,0,0.16863225527203166,0.051958752067100454,0.22059100733913212,0.2546539193746793,-0.03406291203554718,-1.703145601777359
2024,NYJ,Isaiah Oliver,50393,S,S,576,345,421,1.2202898550724637,5,1,16,0,0,2,0.16866161277134453,0.051909646868258844,0.2205712596396034,0.2546539193746793,-0.034082659735075904,-0.04141989898359919
2021,DET,Ifeatu Melifonwu,56203,CB,CB,242,127,184,1.4488188976377954,1,0,3,0,0,2,0.17231713663066908,0.05628864807269217,0.22860578470336126,0.26270954927892354,-0.03410376457556227,-0.09864725290451896
2024,NYJ,Chuck Clark,11941,S,S,709,389,113,0.29048843187660667,1,1,10,0,1,1,0.16863837197303216,0.05186661633576325,0.22050498830879542,0.2546539193746793,-0.034148931065883875,-0.033715446750520045
2024,NYJ,Ashtyn Davis,49560,S,S,260,153,158,1.0326797385620916,3,0,8,2,0,0,0.1686001540273908,0.0518557498671687,0.2204559038945595,0.2546539193746793,-0.0341980154801198,-0.0920715801387841
2024,ARI,Jalen Thompson,49116,S,S,941,542,275,0.507380073800738,5,0,12,0,0,0,0.168569981600669,0.05181885064911942,0.22038883224978842,0.2546539193746793,-0.034265087124890875,-0.025489437818728602
2024,DAL,Juanyeh Thomas,76655,S,S,93,45,11,0.24444444444444444,0,0,0,0,0,1,0.16835518986217407,0.051958752067100454,0.22031394192927453,0.2546539193746793,-0.03433997744540476,-0.2584729485137993
2024,NYJ,Jalen Mills,10867,S,S,457,250,139,0.556,0,0,9,1,1,2,0.16842389491695658,0.05185089743255827,0.22027479234951486,0.2546539193746793,-0.034379127025164435,-0.05265949434926719
2021,WAS,Akeem Spence,7882,DI,IDL,5,0,0,0.0,0,0,0,0,0,0,0.1456429027146793,0.043298960055917046,0.18894186277059638,0.22337835625431512,-0.034436493483718744,-4.821109087720624
2021,ATL,John Cominsky,88313,ED,EDGE,13,1,18,18.0,0,0,2,0,0,0,0.12811481734110192,0.03933778345868978,0.1674526007997917,0.2021575437637748,-0.034704942963983076,-1.8687276980606273
2021,LV,Johnathan Hankins,7830,DI,IDL,605,3,0,0.0,8,0,14,0,0,0,0.14347274733917156,0.045172687571969246,0.18864543491114083,0.22337835625431512,-0.034732921343174294,-0.040186851140862824
2021,NYJ,Kai Nacua,12102,S,S,11,7,19,2.7142857142857144,0,0,0,0,0,0,0.16792926822313115,0.051958752067100454,0.2198880202902316,0.2546539193746793,-0.03476589908444769,-2.2123753962830346
2024,DAL,Brock Hoffman,54535,G,UNKNOWN,1,0,0,0.0,0,0,0,0,0,0,0.1539368088256269,0.04762885606150876,0.2015656648871357,0.23648925173029245,-0.034923586843156745,-24.44651079020972
2024,DAL,Jalen Brooks,111284,WR,UNKNOWN,1,0,0,0.0,0,0,0,0,0,0,0.1539368088256269,0.04762885606150876,0.2015656648871357,0.23648925173029245,-0.034923586843156745,-24.44651079020972
2024,DAL,C.J. Goodwin,9243,CB,UNKNOWN,5,1,0,0.0,0,0,0,0,0,0,0.15392207171258107,0.04762885606150876,0.20155092777408987,0.23648925173029245,-0.03493832395620258,-4.891365353868362
2024,DAL,Markquese Bell,56033,S,S,34,6,0,0.0,0,0,2,0,0,0,0.16777142669908715,0.05192161961914298,0.21969304631823017,0.2546539193746793,-0.03496087305644913,-0.7197826805739526
2024,NE,Brenden Schooler,28253,S,S,51,33,0,0.0,4,2,2,0,0,0,0.16763276728130946,0.05195237315360909,0.21958514043491856,0.2546539193746793,-0.035068778939760736,-0.4813361815261277
2024,DAL,Jourdan Lewis,11846,CB,CB,871,526,488,0.9277566539923955,2,1,24,1,1,5,0.17087086901296433,0.05628864807269217,0.22715951708565651,0.26270954927892354,-0.03555003219326702,-0.028570634368871316
2021,ATL,Anthony Rush,56895,DI,IDL,266,1,0,0.0,2,0,12,0,1,0,0.14306997842768385,0.04473589651307079,0.18780587494075465,0.22337835625431512,-0.03557248131356047,-0.09361179293042231
2024,ATL,Brandon Dorlus,100452,DI,IDL,19,0,0,0.0,0,0,1,0,0,0,0.14426627320201657,0.04353408691944566,0.18780036012146223,0.22337835625431512,-0.035577996132852896,-1.3107682785787909
2024,ARI,Benton Whitley,54444,ED,EDGE,2,0,0,0.0,0,0,0,0,0,0,0.1275697537966239,0.038969064050325346,0.16653881784694927,0.2021575437637748,-0.03561872591682552,-12.466554070888932
2021,ATL,Tyeler Davison,9587,DI,IDL,358,2,0,0.0,3,0,12,0,0,0,0.14306231877215264,0.04460941460018896,0.18767173337234164,0.22337835625431512,-0.03570662288197349,-0.06981741904296493
2022,NYG,Terrell Burgess,45255,S,S,82,42,22,0.5238095238095238,0,0,1,0,0,0,0.16701631273125056,0.05192632797889938,0.21894264071014996,0.2546539193746793,-0.03571127866452933,-0.30485237884354305
2021,ATL,Marlon Davidson,48741,DI,IDL,270,5,0,0.0,4,1,6,1,0,0,0.1439708521398089,0.04366960302406891,0.1876404551638778,0.22337835625431512,-0.03573790109043731,-0.09265381764187451
2024,JAC,DJ Coleman,106310,ED,EDGE,12,1,7,7.0,0,0,0,0,0,0,0.12742026491295172,0.038969064050325346,0.16638932896327707,0.2021575437637748,-0.035768214800497716,-2.0864791966957
2024,NYJ,Braiden McGregor,129586,ED,EDGE,83,0,0,0.0,3,0,3,0,0,0,0.1275627616543912,0.03879537870338614,0.16635814035777735,0.2021575437637748,-0.03579940340599744,-0.30192267932768924
2022,CHI,Harrison Hand,55576,CB,CB,111,50,80,1.6,0,0,1,0,1,1,0.17061484519231154,0.05628864807269217,0.22690349326500373,0.26270954927892354,-0.03580605601391981,-0.22580395684453936
2022,CHI,Greg Stroman Jr.,49354,CB,CB,70,35,52,1.4857142857142858,0,0,2,1,0,0,0.17051563832957925,0.05628864807269217,0.22680428640227143,0.26270954927892354,-0.035905262876652105,-0.3590526287665211
2024,NE,Dell Pettus,97290,S,S,341,207,76,0.3671497584541063,1,1,9,0,0,2,0.16685867644169336,0.05183898827269938,0.21869766471439275,0.2546539193746793,-0.03595625466028654,-0.07381049343753836
2024,NYJ,Jermaine Johnson,99015,ED,EDGE,82,1,0,0.0,7,0,3,0,0,0,0.12753174790403846,0.038626891037645064,0.16615863894168356,0.2021575437637748,-0.03599890482209123,-0.3073077240910227
2024,NYJ,Jamin Davis,57905,ED,EDGE,107,11,29,2.6363636363636362,4,1,9,0,0,0,0.1278582950264739,0.03827952034376666,0.16613781537024058,0.2021575437637748,-0.036019728393534206,-0.23564308294835462
2021,ATL,Jonathan Bullard,10706,DI,IDL,224,3,0,0.0,4,0,8,0,0,0,0.14310176467081867,0.044172596418764996,0.18727436108958367,0.22337835625431512,-0.03610399516473145,-0.11282498488978579
2024,NYJ,Tony Adams,55953,S,S,764,435,256,0.5885057471264368,5,1,17,1,0,5,0.1667539467733751,0.05177449026874628,0.21852843704212138,0.2546539193746793,-0.03612548233255791,-0.0330992639172651
2021,ATL,Ta'Quon Graham,56868,DI,IDL,309,4,0,0.0,6,0,7,0,0,0,0.14313047765840176,0.04411082259073969,0.18724130024914146,0.22337835625431512,-0.03613705600517367,-0.08186388091786916
2024,NYJ,Eric Watts,98459,ED,EDGE,231,0,0,0.0,5,0,6,0,0,0,0.1275487730026974,0.03845320569070586,0.16600197869340327,0.2021575437637748,-0.036155565070371515,-0.10956231839506521
2024,ARI,Xavier Thomas,76807,ED,EDGE,208,27,50,1.8518518518518519,11,3,4,0,1,0,0.12738805933724132,0.03856631714082087,0.1659543764780622,0.2021575437637748,-0.0362031672857126,-0.12183758221153279
2024,ARI,Budda Baker,11791,S,S,1064,604,461,0.7632450331125827,11,2,55,0,1,4,0.16701251501772646,0.051426565330082614,0.21843908034780907,0.2546539193746793,-0.03621483902687023,-0.02382555199136199
2022,NYG,Rodarius Williams,44160,CB,CB,147,76,121,1.5921052631578947,0,0,5,1,0,1,0.17018987671513233,0.05628864807269217,0.22647852478782451,0.26270954927892354,-0.03623102449109902,-0.17252868805285249
2022,NYG,Cor'Dale Flott,98834,CB,CB,338,195,178,0.9128205128205128,1,0,6,0,1,3,0.17016542594712536,0.05628864807269217,0.22645407401981754,0.26270954927892354,-0.036255475259105996,-0.07508530379104791
2024,NYJ,Takk McKinley,11781,ED,EDGE,130,3,0,0.0,6,1,4,0,0,0,0.12733285018941654,0.03856899592199867,0.1659018461114152,0.2021575437637748,-0.036255697652359586,-0.19522298735885932
2024,CAR,Lonnie Johnson Jr.,55615,S,S,12,7,23,3.2857142857142856,0,0,0,0,0,0,0.16638211338406883,0.051958752067100454,0.2183408654511693,0.2546539193746793,-0.03631305392351,-2.1182614788714167
2024,NE,Jaylinn Hawkins,51423,S,S,613,337,136,0.4035608308605341,0,0,4,0,0,1,0.1664172750134157,0.051867974856808385,0.21828524987022405,0.2546539193746793,-0.03636866950445525,-0.04153029144065036
2024,NE,Oshane Ximines,48538,ED,EDGE,14,2,0,0.0,0,0,0,0,0,0,0.12674054286376904,0.038969064050325346,0.1657096069140944,0.2021575437637748,-0.036447936849680396,-1.8223968424840196
2024,ARI,Julian Okwara,44152,ED,EDGE,286,41,74,1.8048780487804879,6,1,8,0,0,1,0.12751956070137252,0.03816969464713035,0.1656892553485029,0.2021575437637748,-0.03646828841527189,-0.08925804856884728
2021,DET,Rashod Berry,28071,ED,EDGE,62,4,19,4.75,3,0,0,0,0,0,0.1265656753552681,0.038969064050325346,0.16553473940559346,0.2021575437637748,-0.03662280435818133,-0.4134832750117246
2024,ARI,Victor Dimukeje,56347,ED,EDGE,157,17,0,0.0,10,0,4,0,1,0,0.1272905146802768,0.038235598686867454,0.16552611336714426,0.2021575437637748,-0.03663143039663053,-0.16332484890217433
2021,ATL,Mike Pennel,9316,DI,IDL,249,1,0,0.0,4,0,5,0,0,0,0.14307206538261663,0.0436078291960436,0.18667989457866024,0.22337835625431512,-0.03669846167565488,-0.1031683661564595
2024,NE,Truman Jones,106527,ED,EDGE,19,0,0,0.0,0,0,2,0,0,0,0.12675600444677795,0.0386546904541459,0.16541069490092386,0.2021575437637748,-0.03674684886285093,-1.353831273894508
2023,PHI,Justin Evans,11805,S,S,197,152,58,0.3815789473684211,0,0,1,0,0,1,0.1659224552683166,0.0519526483948426,0.2178751036631592,0.2546539193746793,-0.036778815711520085,-0.13068614719829472
2021,LV,Kendal Vickers,48993,DI,IDL,19,0,0,0.0,0,0,0,0,0,0,0.14329538031862835,0.043298960055917046,0.1865943403745454,0.22337835625431512,-0.03678401587976973,-1.3552005850441482
2021,LV,Gerald McCoy,5528,DI,IDL,9,0,0,0.0,0,0,0,0,0,0,0.14329538031862835,0.043298960055917046,0.1865943403745454,0.22337835625431512,-0.03678401587976973,-2.860979012870979
2024,DAL,DeMarvion Overshown,76729,LB,LB,708,347,473,1.3631123919308357,20,5,38,1,1,3,0.14415111696007446,0.04546736354552175,0.1896184805055962,0.2264117320729514,-0.03679325156735519,-0.036377508611791856
2021,ATL,Nick Thurman,49607,DI,IDL,17,0,0,0.0,1,0,1,0,0,0,0.14305408530611644,0.04336073388394236,0.1864148191900588,0.22337835625431512,-0.03696353706425631,-1.522027996763495
2024,ARI,Baron Browning,58095,ED,EDGE,378,38,77,2.026315789473684,25,2,11,0,1,0,0.1274221121480104,0.03766016987930437,0.16508228202731481,0.2021575437637748,-0.037075261736459975,-0.0686578921045555
2024,NE,Titus Leo,87743,ED,EDGE,9,0,0,0.0,0,0,1,0,0,0,0.12675600444677795,0.03820982337715103,0.164965827823929,0.2021575437637748,-0.0371917159398458,-2.892689017543562
2024,ARI,Jesse Luketa,81361,ED,EDGE,188,36,30,0.8333333333333334,8,3,12,0,1,0,0.12735576241886615,0.037601588510649174,0.16495735092951533,0.2021575437637748,-0.03720019283425946,-0.13851135629777458
2024,DAL,Eric Kendricks,9478,LB,LB,918,477,326,0.6834381551362684,6,3,48,2,3,0,0.14416738210682636,0.04504248052921424,0.18920986263604062,0.2264117320729514,-0.037201869436910784,-0.028367438568450486
2024,NE,Jabrill Peppers,11780,S,S,372,208,44,0.21153846153846154,3,0,9,1,1,1,0.16577584982564442,0.05158595266582643,0.21736180249147086,0.2546539193746793,-0.03729211688320844,-0.07017333822109115
2024,NYJ,Haason Reddick,11768,ED,EDGE,392,22,5,0.22727272727272727,26,3,9,0,1,0,0.12709923177123258,0.037611185936327056,0.16471041770755965,0.2021575437637748,-0.03744712605621514,-0.06686986795752704
2021,JAC,Brandon Rusnak,51088,S,S,11,11,12,1.0909090909090908,0,0,0,0,0,0,0.16523894567289546,0.051958752067100454,0.21719769773999592,0.2546539193746793,-0.03745622163468337,-2.383577740388942
2024,NYJ,Micheal Clemons,56872,ED,EDGE,624,3,0,0.0,23,4,16,0,0,0,0.12658318960223874,0.038042742199982924,0.16462593180222168,0.2021575437637748,-0.03753161196155311,-0.04210276982866535
2024,ARI,Dennis Gardeck,66928,ED,EDGE,206,29,18,0.6206896551724138,12,3,11,1,1,0,0.12690728407248147,0.03766016987930437,0.16456745395178587,0.2021575437637748,-0.037590089811988914,-0.12773331489510797
2024,DAL,Israel Mukuamu,83377,S,S,201,130,123,0.9461538461538461,2,0,6,2,0,0,0.16518908591879355,0.05187390806739432,0.2170629939861879,0.2546539193746793,-0.0375909253884914,-0.130913670507184
2022,CHI,Matthew Adams,38526,LB,LB,189,57,85,1.4912280701754386,1,0,9,0,1,0,0.1472595978473267,0.041552364755160054,0.18881196260248678,0.2264117320729514,-0.03759976947046462,-0.13925840544616525
2024,DAL,KJ Henry,76808,ED,EDGE,51,1,0,0.0,2,1,1,0,0,0,0.1253833284363806,0.03873629990521851,0.1641196283415991,0.2021575437637748,-0.03803791542217569,-0.522089035206333
2024,NE,Kyle Dugger,90621,S,S,759,406,387,0.9532019704433498,7,1,26,0,1,0,0.16578742650365078,0.0507313511786795,0.2165187776823303,0.2546539193746793,-0.038135141692348995,-0.03517074991389235
2023,PHI,Mekhi Garner,102900,S,S,27,17,0,0.0,0,0,0,0,0,0,0.1644688924175405,0.051958752067100454,0.21642764448464097,0.2546539193746793,-0.038226274890038325,-0.9910515712232157
2024,NYJ,Leki Fotu,44614,DI,IDL,46,0,0,0.0,0,0,1,0,0,0,0.14186549047855115,0.04324977134253863,0.18511526182108984,0.22337835625431512,-0.038263094433225286,-0.5822644805056022
2024,ARI,Angelo Blackson,9533,DI,IDL,23,0,0,0.0,1,0,1,0,0,0,0.14184592209296903,0.04324918828985486,0.18509511038282392,0.22337835625431512,-0.038283245871491206,-1.1651422656540802
2024,ARI,Justin Jones,48940,DI,IDL,100,0,0,0.0,3,0,1,0,0,0,0.14180368385254521,0.04310869616837932,0.18491238002092455,0.22337835625431512,-0.03846597623339057,-0.269261833633734
2024,ARI,Ben Stille,43555,DI,IDL,120,0,0,0.0,5,1,2,0,0,0,0.1416661241776514,0.04319941652379267,0.1848655407014441,0.22337835625431512,-0.03851281555287103,-0.22465809072508103
2024,SF,Demetrius Flannigan-Fowles,49231,LB,LB,151,58,93,1.603448275862069,0,0,3,1,0,1,0.14135701464790673,0.0464897762845954,0.18784679093250217,0.2264117320729514,-0.03856494114044923,-0.1787778728365196
2024,ARI,Bilal Nichols,28451,DI,IDL,173,0,0,0.0,4,0,4,0,0,0,0.1417968344081522,0.04295938087019275,0.18475621527834496,0.22337835625431512,-0.038622140975970165,-0.156274558862307
2024,ARI,Khyiris Tonga,52000,DI,IDL,229,0,0,0.0,6,0,9,0,0,0,0.1418116748710038,0.04285101416135736,0.18466268903236116,0.22337835625431512,-0.038715667221953964,-0.11834483430291605
2024,ARI,Darius Robinson,98946,DI,IDL,184,0,0,0.0,2,1,5,0,0,0,0.14168667251083056,0.04290960910413057,0.18459628161496114,0.22337835625431512,-0.038782074639353986,-0.14754050134536842
2024,NYJ,Phidarian Mathis,56504,DI,IDL,257,0,0,0.0,7,0,7,0,0,0,0.14182098113225275,0.042668338865596775,0.1844893199978495,0.22337835625431512,-0.038889036256465614,-0.10592344505652113
2024,NE,Trysten Hill,44519,DI,IDL,14,0,0,0.0,0,0,0,0,0,0,0.14111299940113847,0.043298960055917046,0.18441195945705555,0.22337835625431512,-0.03896639679725958,-1.9483198398629789
2024,NE,Yannick Ngakoue,10703,ED,EDGE,239,6,0,0.0,10,2,6,0,0,0,0.1251196439629231,0.03802594326178703,0.16314558722471015,0.2021575437637748,-0.03901195653906464,-0.11426096057466632
2024,NYJ,Bruce Hector,48759,DI,IDL,118,0,0,0.0,3,1,5,0,0,0,0.14169321546408356,0.042623566194017956,0.18431678165810153,0.22337835625431512,-0.039061574596213594,-0.23172120523177556
2024,ARI,Zaven Collins,77190,ED,EDGE,600,91,121,1.3296703296703296,31,6,27,0,2,0,0.12651632521276399,0.03655444654593755,0.16307077175870155,0.2021575437637748,-0.03908677200507324,-0.04560123400591878
2024,NE,Marte Mapu,56159,S,S,487,260,189,0.7269230769230769,3,1,10,1,1,4,0.16378393906471075,0.051568531157787374,0.21535247022249812,0.2546539193746793,-0.03930144915218117,-0.056490789335784025
2024,ARI,Naquan Jones,44363,DI,IDL,260,0,0,0.0,9,3,9,0,0,0,0.14130538677295057,0.042710522039881814,0.18401590881283242,0.22337835625431512,-0.039362447441482706,-0.10597582003476114
2022,NYG,Micah McFadden,81246,LB,LB,435,172,269,1.563953488372093,6,2,19,0,1,0,0.14333328673135917,0.04370503508590463,0.18703832181726385,0.2264117320729514,-0.03937341025568755,-0.06335951075627883
2024,NYJ,Leonard Taylor III,143953,DI,IDL,261,0,0,0.0,9,2,10,0,0,0,0.14147341082624726,0.042520772725461516,0.1839941835517088,0.22337835625431512,-0.03938417270260633,-0.10562804939396332
2024,CIN,Chase Brown,77787,HB,UNKNOWN,1,0,0,0.0,0,0,0,0,0,0,0.14944662494831235,0.04762885606150876,0.19707548100982114,0.23648925173029245,-0.03941377072047131,-27.589639504329917
2024,CIN,Charlie Jones,55038,WR,UNKNOWN,1,1,0,0.0,0,0,0,0,0,0,0.14941302881001792,0.04762885606150876,0.19704188487152668,0.23648925173029245,-0.039447366858765764,-27.613156801136036
2024,CIN,Trayveon Williams,45775,HB,UNKNOWN,1,1,0,0.0,0,0,0,0,0,0,0.14941302881001792,0.04762885606150876,0.19704188487152668,0.23648925173029245,-0.039447366858765764,-27.613156801136036
2024,NE,Eric Johnson,33698,DI,IDL,178,0,0,0.0,4,0,3,0,0,0,0.14094110205272706,0.04289831401150825,0.18383941606423534,0.22337835625431512,-0.03953894019007978,-0.15549021423065082
2021,JAC,Chapelle Russell,38876,LB,LB,94,37,16,0.43243243243243246,2,0,6,0,0,0,0.14162573450638094,0.04511423832012737,0.1867399728265083,0.2264117320729514,-0.03967175924644309,-0.29542799438840595
2023,WAS,Sean Chandler,51315,S,S,63,39,32,0.8205128205128205,0,0,0,0,0,0,0.16301349525158143,0.051958752067100454,0.2149722473186819,0.2546539193746793,-0.0396816720559974,-0.44090746728886004
2024,DAL,Earnest Brown IV,56428,DI,IDL,21,0,0,0.0,0,0,0,0,0,0,0.1403867981064592,0.043298960055917046,0.18368575816237628,0.22337835625431512,-0.03969259809193884,-1.323086603064628
2023,PHI,Zach Cunningham,11812,LB,LB,787,519,390,0.7514450867052023,7,0,35,0,0,6,0.14111312957952302,0.045595169872303526,0.18670829945182657,0.2264117320729514,-0.03970343262112483,-0.0353143619247616
2024,NYJ,Will McDonald IV,76842,ED,EDGE,756,18,0,0.0,61,11,19,0,0,0,0.12487312448980968,0.03753208152156157,0.16240520601137126,0.2021575437637748,-0.03975233775240353,-0.03680772014111438
2024,WAS,Darrick Forrest,55087,S,S,74,42,13,0.30952380952380953,1,0,1,0,0,0,0.16304063990199377,0.05184605909542848,0.21488669899742227,0.2546539193746793,-0.03976722037725702,-0.3761764089740529
2024,ARI,Roy Lopez,48676,DI,IDL,464,0,0,0.0,18,1,14,0,1,0,0.14152000269726628,0.042037585139191,0.1835575878364573,0.22337835625431512,-0.03982076841785784,-0.060074435113147605
2024,NE,Christian Barmore,82198,DI,IDL,123,0,0,0.0,3,1,2,0,0,0,0.14051434820080133,0.043031862692977846,0.18354621089377918,0.22337835625431512,-0.03983214536053595,-0.22668700611687123
2024,CIN,Tycen Anderson,55351,S,S,1,1,0,0.0,0,0,0,0,0,0,0.16283011008030912,0.051958752067100454,0.2147888621474096,0.2546539193746793,-0.039865057227269685,-27.90554005908878
2024,DAL,Marshawn Kneeland,98344,ED,EDGE,255,6,7,1.1666666666666667,11,0,6,0,0,0,0.12716704241076596,0.03502589395462489,0.16219293636539087,0.2021575437637748,-0.03996460739838392,-0.1097067654073284
2023,PHI,Patrick Johnson,56460,ED,EDGE,38,3,0,0.0,2,0,1,0,0,0,0.12349220564430133,0.038641913707570766,0.1621341193518721,0.2021575437637748,-0.04002342441190268,-0.7372736075876809
2024,ARI,L.J. Collier,48822,DI,IDL,588,0,0,0.0,29,4,17,0,0,0,0.1409303796924309,0.04217185578990877,0.1831022354823397,0.22337835625431512,-0.04027612077197543,-0.047947762823780264
2024,ARI,Dante Stills,76937,DI,IDL,532,0,0,0.0,22,5,19,0,1,0,0.14085446501707455,0.04221020267330668,0.18306466769038127,0.22337835625431512,-0.04031368856393386,-0.053044327057807705
2024,DAL,Carlos Watkins,11897,DI,IDL,228,0,0,0.0,2,0,3,0,0,0,0.14033017485147434,0.042705678462611606,0.18303585331408595,0.22337835625431512,-0.040342502940229175,-0.12385856165859835
2024,DAL,Tyrus Wheat,124191,ED,EDGE,165,1,0,0.0,7,1,5,0,0,0,0.1252276144851721,0.03653195071226145,0.1617595651974336,0.2021575437637748,-0.0403979785663412,-0.17138536361478085
2021,DET,Jalen Elliott,51071,S,S,92,40,18,0.45,0,0,1,0,0,1,0.16232581552961606,0.05192545697578297,0.21425127250539905,0.2546539193746793,-0.040402646869280245,-0.30741144357061057
2024,NYJ,Solomon Thomas,11758,DI,IDL,458,1,0,0.0,22,4,14,0,1,1,0.14088995247754982,0.04204248934522103,0.18293244182277082,0.22337835625431512,-0.0404459144315443,-0.061816899786203076
2023,PHI,Nolan Smith,99014,ED,EDGE,203,24,103,4.291666666666667,9,2,9,0,0,0,0.12565100199548745,0.03602471096553415,0.16167571296102162,0.2021575437637748,-0.040481830802753166,-0.13959252000949368
2023,PHI,Sydney Brown,83241,S,S,334,221,211,0.9547511312217195,0,0,11,1,0,1,0.16219224082136216,0.051852820002522886,0.21404506082388505,0.2546539193746793,-0.04060885855079424,-0.0851083861842993
2022,CHI,Michael Ojemudia,50327,CB,CB,2,1,0,0.0,0,0,0,0,0,0,0.1657760037252296,0.05628864807269217,0.22206465179792179,0.26270954927892354,-0.04064489748100175,-14.225714118350613
2024,NYJ,Javon Kinlaw,56834,DI,IDL,695,2,3,1.5,30,5,24,0,2,0,0.1412356356601536,0.04141222378304568,0.1826478594431993,0.22337835625431512,-0.04073049681111582,-0.041023521968030316
2024,WAS,Jordan Magee,98155,LB,LB,17,7,0,0.0,0,0,0,0,0,0,0.13770455104028545,0.04762885606150876,0.18533340710179422,0.2264117320729514,-0.04107832497115718,-1.6914604399888251
2024,SF,Darrell Luter Jr.,121428,CB,UNKNOWN,3,0,0,0.0,0,0,0,0,0,0,0.14745223915422137,0.04762885606150876,0.19508109521573017,0.23648925173029245,-0.04140815651456228,-9.6619031867312
2024,SF,Jake Tonges,60864,TE,UNKNOWN,1,0,0,0.0,0,0,0,0,0,0,0.14745223915422137,0.04762885606150876,0.19508109521573017,0.23648925173029245,-0.04140815651456228,-28.985709560193598
2024,SF,Brayden Willis,77917,TE,UNKNOWN,2,0,0,0.0,0,0,0,0,0,0,0.14745223915422137,0.04762885606150876,0.19508109521573017,0.23648925173029245,-0.04140815651456228,-14.492854780096799
2024,SF,Jacob Cowing,100894,WR,UNKNOWN,3,0,0,0.0,0,0,0,0,0,0,0.14745223915422137,0.04762885606150876,0.19508109521573017,0.23648925173029245,-0.04140815651456228,-9.6619031867312
2024,SF,Chris Conley,9509,WR,UNKNOWN,2,0,0,0.0,0,0,0,0,0,0,0.14745223915422137,0.04762885606150876,0.19508109521573017,0.23648925173029245,-0.04140815651456228,-14.492854780096799
2024,NYJ,Quinnen Williams,44216,DI,IDL,722,5,0,0.0,54,7,23,0,0,0,0.1401798458670441,0.04159501925487072,0.18177486512191485,0.22337835625431512,-0.04160349113240028,-0.04033579472670387
2024,CIN,Isaiah Thomas,56798,ED,EDGE,46,2,0,0.0,1,0,1,0,0,0,0.12215251664507014,0.03832649974180602,0.16047901638687617,0.2021575437637748,-0.041678527376898616,-0.6342384600832398
2023,WAS,Terrell Burgess,45255,S,S,120,66,94,1.4242424242424243,0,0,1,0,0,0,0.16076151842501316,0.05175227984649043,0.21251379827150357,0.2546539193746793,-0.04214012110317572,-0.24581737310185836
2024,CIN,Mike Hilton,10898,CB,CB,737,422,421,0.9976303317535545,6,0,38,1,0,2,0.16421285108721453,0.05628864807269217,0.2205014991599067,0.26270954927892354,-0.04220805011901685,-0.04008905710083011
2024,NE,Jaquelin Roy,124111,DI,IDL,141,0,0,0.0,4,2,12,0,0,0,0.13996352930610906,0.04118486026648525,0.18114838957259435,0.22337835625431512,-0.04222996668172077,-0.20965231685960664
2023,PHI,Moro Ojomo,76927,DI,IDL,68,0,0,0.0,0,0,2,0,0,0,0.13832424997601328,0.042743054630675625,0.18106730460668893,0.22337835625431512,-0.04231105164762619,-0.4355549434314461
2024,NE,Deatrich Wise Jr.,11886,ED,EDGE,409,0,0,0.0,20,5,11,0,0,0,0.1230803159718987,0.036637955396253835,0.15971827136815256,0.2021575437637748,-0.04243927239562223,-0.07263445153284978
2024,CIN,Daijahn Anthony,147537,S,S,12,12,0,0.0,0,0,0,0,0,1,0.1602350614050179,0.051958752067100454,0.21219381347211835,0.2546539193746793,-0.04246010590256094,-2.4768395109827215
2023,PHI,Nicholas Morrow,51674,LB,LB,898,526,566,1.0760456273764258,10,3,46,0,2,4,0.14097868739313651,0.042811978313747626,0.18379066570688415,0.2264117320729514,-0.042621066366067245,-0.033223548392257315
2022,NYG,Elerson Smith,43766,ED,EDGE,14,0,0,0.0,0,0,0,0,0,0,0.1203580467690239,0.038969064050325346,0.15932711081934925,0.2021575437637748,-0.04283043294442554,-2.141521647221277
2022,NYG,Cam Brown,42516,LB,EDGE,3,1,0,0.0,0,0,0,0,0,0,0.12032156537425301,0.038969064050325346,0.15929062942457836,0.2021575437637748,-0.04286691433919643,-10.002280012479167
2024,DAL,DeMarcus Lawrence,8669,ED,EDGE,167,3,0,0.0,9,3,7,0,1,0,0.12396423209177411,0.0352706145392167,0.1592348466309908,0.2021575437637748,-0.04292269713278399,-0.17991549696376521
2022,NYG,Carter Coughlin,43498,LB,EDGE,6,1,0,0.0,1,0,0,0,0,0,0.12021299955418038,0.038969064050325346,0.15918206360450574,0.2021575437637748,-0.04297548015926905,-5.0138060185813895
2024,CIN,Lawrence Guy Sr.,6385,DI,IDL,90,0,0,0.0,0,0,0,0,0,0,0.1370607359751151,0.043298960055917046,0.18035969603103216,0.22337835625431512,-0.04301866022328296,-0.33458957951442303
2023,WAS,Danny Johnson,49379,CB,CB,208,151,239,1.5827814569536425,0,0,5,0,0,1,0.1632797200464094,0.05628864807269217,0.21956836811910158,0.26270954927892354,-0.04314118115982196,-0.14518666736478547
2022,NYG,Tony Jefferson,8361,S,S,193,132,104,0.7878787878787878,3,0,9,0,0,1,0.16040076978326778,0.05098205912455392,0.2113828289078217,0.2546539193746793,-0.04327109046685759,-0.15694177889533842
2024,DAL,Linval Joseph,5571,DI,IDL,264,0,0,0.0,6,2,9,0,1,0,0.13922774527227783,0.04084298283519268,0.18007072810747052,0.22337835625431512,-0.04330762814684461,-0.1148308322075425
2024,SF,Alex Barrett,12183,ED,EDGE,25,0,0,0.0,0,0,1,0,0,0,0.12067345958667065,0.037897562770999475,0.15857102235767015,0.2021575437637748,-0.04358652140610464,-1.22042259937093
2022,NYG,Quincy Roche,43734,ED,EDGE,6,0,0,0.0,0,0,1,0,0,0,0.1203580467690239,0.03820876802295942,0.15856681479198334,0.2021575437637748,-0.04359072897179145,-5.085585046709003
2023,ARI,Tyreke Smith,83513,ED,EDGE,19,0,0,0.0,0,0,0,0,0,0,0.11947353697714488,0.038969064050325346,0.15844260102747024,0.2021575437637748,-0.04371494273630455,-1.6105505218638518
2024,NE,Jeremiah Pharms Jr.,156117,DI,IDL,457,0,0,0.0,19,2,16,0,0,0,0.13937608880240743,0.04013914992881026,0.17951523873121766,0.22337835625431512,-0.04386311752309746,-0.06718639445551033
2023,ARI,Qwuantrezz Knight,43322,S,S,4,3,0,0.0,0,0,0,0,0,0,0.15876897276254576,0.051958752067100454,0.2107277248296462,0.2546539193746793,-0.043926194545033104,-7.687084045380793
2024,DAL,Carl Lawson,11871,ED,EDGE,402,13,1,0.07692307692307693,27,6,10,0,1,0,0.12236382633957978,0.03584561471642592,0.15820944105600573,0.2021575437637748,-0.043948102707769054,-0.07652654700357796
2023,PHI,Darius Slay,7817,CB,CB,874,616,618,1.0032467532467533,0,0,15,2,0,7,0.16224282566467024,0.05628864807269217,0.21853147373736242,0.26270954927892354,-0.04417807554156111,-0.0353828980309986
2024,NO,Nephi Sewell,56107,LB,LB,58,28,-6,-0.21428571428571427,1,1,2,0,0,0,0.13353100922671338,0.04863566405928231,0.1821666732859957,0.2264117320729514,-0.0442450587869557,-0.533992088808086
2022,NYG,Nick McCloud,49535,CB,CB,583,307,296,0.9641693811074918,3,1,8,0,0,4,0.16215140218665855,0.05628864807269217,0.21844005025935073,0.26270954927892354,-0.044269499019572806,-0.05315377240772035
2024,NE,Davon Godchaux,11934,DI,IDL,680,0,0,0.0,6,0,35,0,0,0,0.14089326974708213,0.03811324059268446,0.17900651033976664,0.22337835625431512,-0.044371845914548486,-0.04567690020615286
2022,CHI,Elijah Hicks,55584,S,S,168,80,106,1.325,0,0,1,0,1,0,0.15822433901119073,0.051958752067100454,0.2101830910782912,0.2546539193746793,-0.0444708282963881,-0.1852951179016171
2023,WAS,Jalen Harris,56321,ED,EDGE,87,1,1,1.0,1,0,3,0,0,0,0.12483175015632676,0.03284256479844307,0.15767431495476983,0.2021575437637748,-0.04448322880900496,-0.3579110363942928
2024,JAC,Deantre Prince,98888,CB,CB,101,53,69,1.3018867924528301,0,0,0,0,0,1,0.1619034962876696,0.05628864807269217,0.21819214436036177,0.26270954927892354,-0.044517404918561765,-0.3085364697326063
2023,PHI,James Bradberry,10696,CB,CB,1090,726,797,1.0977961432506886,0,0,12,1,0,9,0.16167325310877423,0.05628864807269217,0.2179619011814664,0.26270954927892354,-0.04474764809745713,-0.02873702171396329
2024,CIN,Josh Newton,84268,CB,CB,504,343,371,1.0816326530612246,0,0,7,1,0,5,0.16165336435016942,0.05628864807269217,0.2179420124228616,0.26270954927892354,-0.04476753685606194,-0.06217713452230825
2024,NE,Daniel Ekuale,48874,DI,IDL,723,0,0,0.0,9,2,26,0,0,0,0.13976771580487518,0.038803663114114255,0.17857137891898944,0.22337835625431512,-0.04480697733532568,-0.04338158248233468
2022,NYG,Jack Heflin,44570,DI,IDL,23,1,0,0.0,0,0,0,0,0,0,0.13526350933520676,0.043298960055917046,0.17856246939112383,0.22337835625431512,-0.044815886863191295,-1.3639617740971264
2021,JAC,Tre Herndon,50380,CB,CB,207,135,267,1.9777777777777779,1,0,4,0,0,0,0.16159253437234639,0.05628864807269217,0.21788118244503857,0.26270954927892354,-0.04482836683388497,-0.15159351103246124
2021,DET,Derrick Barnes,58120,LB,LB,448,167,418,2.502994011976048,1,1,20,0,0,1,0.13932008840002763,0.04183079257942774,0.1811508809794554,0.2264117320729514,-0.04526085109349601,-0.07072007983358751
2024,CIN,Logan Wilson,29623,LB,LB,743,371,219,0.5902964959568733,12,0,31,0,2,1,0.1384489655537124,0.04266325252425683,0.18111221807796923,0.2264117320729514,-0.045299513994982166,-0.04267787321196166
2024,CIN,Myles Murphy,122154,ED,EDGE,353,22,35,1.5909090909090908,20,0,7,0,0,0,0.12484383445050012,0.03198393821369085,0.15682777266419098,0.2021575437637748,-0.045329771099583804,-0.08988906450342397
2022,NYG,Vernon Butler,10664,DI,IDL,12,0,0,0.0,0,0,1,0,0,0,0.13529667423954392,0.04265299911507939,0.17794967335462333,0.22337835625431512,-0.04542868289969179,-2.650006502482021
2022,NYG,D.J. Davidson,56523,DI,IDL,43,0,0,0.0,0,0,1,0,0,0,0.13529667423954392,0.04265299911507939,0.17794967335462333,0.22337835625431512,-0.04542868289969179,-0.7395366983670757
2023,ARI,Jesse Luketa,81361,ED,EDGE,132,19,15,0.7894736842105263,4,0,4,0,0,0,0.12480374877457963,0.03176314856059167,0.15656689733517132,0.2021575437637748,-0.04559064642860347,-0.24176857954562447
2023,ARI,L.J. Collier,48822,DI,IDL,37,0,0,0.0,1,0,0,0,0,0,0.13437484660964308,0.043298960055917046,0.17767380666556015,0.22337835625431512,-0.04570454958875497,-0.8646806678953644
2024,CIN,Akeem Davis-Gaither,34788,LB,LB,535,290,363,1.2517241379310344,8,0,22,1,1,2,0.1371324656976048,0.043277219236065,0.1804096849336698,0.2264117320729514,-0.046002047139281604,-0.060189594387845095
2021,JAC,Shaquille Quarterman,51048,LB,LB,144,62,29,0.46774193548387094,0,0,8,0,0,0,0.1380465598258405,0.042355689560864586,0.1804022493867051,0.2264117320729514,-0.0460094826862463,-0.22365720750258616
2022,NYG,Jaylon Smith,10668,LB,LB,724,306,246,0.803921568627451,8,1,36,0,0,0,0.13794301332394523,0.04204911610653099,0.17999212943047624,0.2264117320729514,-0.04641960264247516,-0.044880831284161066
2024,CIN,Cedric Johnson,124136,ED,EDGE,83,2,0,0.0,5,1,4,0,0,0,0.11927152167469077,0.03639880681624805,0.15567032849093881,0.2021575437637748,-0.046487215272835974,-0.39206085169861665
2023,ARI,Starling Thomas V,83098,CB,CB,473,246,441,1.7926829268292683,0,0,10,0,0,2,0.15977607191817034,0.05628864807269217,0.21606471999086252,0.26270954927892354,-0.04664482928806102,-0.06903040275188735
2024,SF,Dee Winters,99376,LB,LB,398,180,161,0.8944444444444445,0,0,14,0,0,3,0.13446570786721246,0.045220026507476266,0.17968573437468874,0.2264117320729514,-0.04672599769826266,-0.08218140298689412
2024,SF,Talanoa Hufanga,83903,S,S,308,171,95,0.5555555555555556,0,0,8,0,0,0,0.15672799794607478,0.05093330133884811,0.2076612992849229,0.2546539193746793,-0.04699262008975638,-0.10680140929490087
2024,CIN,DJ Turner II,101376,CB,CB,508,329,253,0.7689969604863222,0,0,3,0,0,8,0.1593289985595398,0.05628864807269217,0.215617646632232,0.26270954927892354,-0.047091902646691525,-0.06489041703284265
2023,ARI,Eric Banks,45507,DI,IDL,42,0,0,0.0,0,0,2,0,0,0,0.13449257442874482,0.0416064093812951,0.17609898381003994,0.22337835625431512,-0.047279372444275186,-0.7879895407379197
2024,SF,Tashaun Gipson Sr.,7288,S,S,57,32,0,0.0,0,0,2,0,0,1,0.15543575831189782,0.051887647658098106,0.20732340596999593,0.2546539193746793,-0.04733051340468336,-0.5812519190048834
2021,JAC,Bradley McDougald,8220,S,S,93,59,51,0.864406779661017,0,0,0,0,0,0,0.15526386884952387,0.051958752067100454,0.20722262091662433,0.2546539193746793,-0.047431298458054966,-0.3570097733401987
2023,PHI,Marlon Tuipulotu,57035,DI,IDL,178,0,0,0.0,6,2,11,0,0,0,0.13671755519545756,0.039209580771484835,0.17592713596694243,0.22337835625431512,-0.0474512202873727,-0.18660592247843197
2023,WAS,De'Jon Harris,43858,LB,LB,3,0,0,0.0,0,0,0,0,0,0,0.13078654372118967,0.04762885606150876,0.17841539978269844,0.2264117320729514,-0.04799633229025296,-11.199144201059024
2023,ARI,Phil Hoskins,56672,DI,IDL,124,0,0,0.0,1,0,3,0,0,0,0.13437484660964308,0.04076013404398411,0.17513498065362723,0.22337835625431512,-0.04824337560068789,-0.2723416364554962
2024,SF,Robert Beal Jr.,57840,ED,EDGE,149,4,0,0.0,2,0,5,0,0,0,0.12017189221313376,0.03361155765369599,0.1537834498668298,0.2021575437637748,-0.048374093896945,-0.227260843811151
2024,CIN,Sheldon Rankins,10646,DI,IDL,287,0,0,0.0,4,1,6,0,0,0,0.1347402819788017,0.040023356104246746,0.17476363808304846,0.22337835625431512,-0.04861471817126667,-0.11857248334455285
2024,DAL,Donovan Wilson,49408,S,S,1008,549,335,0.6102003642987249,13,5,28,1,2,3,0.15507205419721307,0.050882932087024366,0.20595498628423745,0.2546539193746793,-0.04869893309044185,-0.03381870353502906
2021,DET,Jashon Cornell,28074,DI,IDL,4,0,0,0.0,0,0,0,0,0,0,0.13133677884726935,0.043298960055917046,0.17463573890318643,0.22337835625431512,-0.0487426173511287,-8.529958036447523
2021,DET,Eric Banks,45507,DI,IDL,34,0,0,0.0,0,0,0,0,0,0,0.13133677884726935,0.043298960055917046,0.17463573890318643,0.22337835625431512,-0.0487426173511287,-1.0035244748761791
2024,DAL,Malik Hooker,11770,S,S,1062,628,302,0.48089171974522293,1,0,18,2,0,3,0.15422360088257403,0.05162647654057831,0.20585007742315234,0.2546539193746793,-0.048803841951526955,-0.03216825740684451
2024,NE,Keion White,60998,ED,EDGE,830,58,84,1.4482758620689655,45,6,26,0,2,0,0.12215555017274507,0.031169541736970976,0.15332509190971605,0.2021575437637748,-0.04883245185405874,-0.041183995539567614
2023,ARI,Garrett Williams,99723,CB,CB,360,232,182,0.7844827586206896,0,0,7,1,0,1,0.15754451075519937,0.05628864807269217,0.21383315882789156,0.26270954927892354,-0.04887639045103198,-0.09503742587700664
2024,CIN,Jay Tufele,56913,DI,IDL,242,1,0,0.0,4,1,3,0,0,0,0.13471539595043544,0.03954800967141646,0.1742634056218519,0.22337835625431512,-0.04911495063246321,-0.1420680390195217
2024,DAL,Mazi Smith,101419,DI,IDL,524,0,0,0.0,8,2,20,0,0,0,0.13917112201729293,0.035016501812709246,0.1741876238300022,0.22337835625431512,-0.04919073242431293,-0.06571281049049438
2021,DET,C.J. Moore,26617,S,S,158,101,45,0.44554455445544555,1,0,1,1,0,0,0.15352792770699145,0.05189221935585442,0.20542014706284586,0.2546539193746793,-0.04923377231183343,-0.21812430771065444
2024,NE,Anfernee Jennings,25449,ED,EDGE,831,78,70,0.8974358974358975,31,3,41,0,1,0,0.12431138972183693,0.02856088398433994,0.1528722737061769,0.2021575437637748,-0.04928527005759789,-0.0415158712879886
2024,WAS,Luke McCaffrey,101634,WR,UNKNOWN,1,0,0,0.0,0,0,0,0,0,0,0.13955685301616627,0.04762885606150876,0.18718570907767504,0.23648925173029245,-0.04930354265261741,-34.512479856832186
2024,WAS,Tyler Owens,99271,S,UNKNOWN,1,0,0,0.0,0,0,0,0,0,0,0.13955685301616627,0.04762885606150876,0.18718570907767504,0.23648925173029245,-0.04930354265261741,-34.512479856832186
2024,WAS,Chris Rodriguez Jr.,83689,HB,UNKNOWN,1,0,0,0.0,0,0,0,0,0,0,0.13955685301616627,0.04762885606150876,0.18718570907767504,0.23648925173029245,-0.04930354265261741,-34.512479856832186
2024,WAS,Olamide Zaccheaus,44920,WR,UNKNOWN,1,1,0,0.0,0,0,0,0,0,0,0.13949193231992216,0.04762885606150876,0.18712078838143095,0.23648925173029245,-0.0493684633488615,-34.557924344203045
2021,NYJ,Justin Hardee,18348,CB,CB,2,1,0,0.0,0,0,0,0,0,0,0.15692820593316392,0.05628864807269217,0.2132168540058561,0.26270954927892354,-0.04949269527306743,-17.322443345573603
2021,NYJ,Rachad Wildgoose,83111,CB,CB,2,1,0,0.0,0,0,0,0,0,0,0.15692820593316392,0.05628864807269217,0.2132168540058561,0.26270954927892354,-0.04949269527306743,-17.322443345573603
2022,NYG,Nick Williams,8006,DI,IDL,227,1,0,0.0,7,0,6,0,0,0,0.13445967040454848,0.03942319441089111,0.17388286481543963,0.22337835625431512,-0.049495491438875494,-0.15262926875424163
2021,JAC,Jamir Jones,44287,ED,EDGE,114,9,28,3.111111111111111,3,0,4,0,0,0,0.12395211657148751,0.02852918721926399,0.1524813037907515,0.2021575437637748,-0.049676239973023284,-0.30502954369400265
2024,WAS,Andre Jones Jr.,56395,ED,EDGE,17,1,0,0.0,0,0,1,0,0,0,0.11418728364761202,0.037834605838734305,0.15202188948634635,0.2021575437637748,-0.05013565427742844,-2.0644092937764653
2024,CAR,Akayleb Evans,65033,CB,CB,32,21,43,2.0476190476190474,0,0,1,0,0,1,0.15612140247595213,0.05628864807269217,0.2124100505486443,0.26270954927892354,-0.050299498730279224,-1.100301534724858
2021,DET,Bruce Hector,48759,DI,IDL,52,0,0,0.0,0,0,2,0,0,0,0.13133677884726935,0.04164141221976541,0.17297819106703477,0.22337835625431512,-0.050400165187280355,-0.6784637621364663
2021,NYJ,Jarrad Davis,11776,LB,LB,209,95,141,1.4842105263157894,1,0,6,0,0,0,0.13174500252016152,0.044262808133480436,0.17600781065364196,0.2264117320729514,-0.05040392141930944,-0.16881696169146704
2023,PHI,Kevin Byard,10698,S,S,1187,726,502,0.6914600550964187,6,0,23,1,1,1,0.1529654158499009,0.05116829222219575,0.20413370807209666,0.2546539193746793,-0.050520211302582635,-0.029792879453924045
2024,WAS,Javontae Jean-Baptiste,83514,ED,EDGE,248,8,22,2.75,7,1,9,0,0,0,0.12268035642833856,0.028758940146005982,0.15143929657434457,0.2021575437637748,-0.050718247189430216,-0.14315634287339174
2024,CIN,Jordan Battle,98857,S,S,464,281,188,0.6690391459074733,2,0,14,1,0,1,0.15333074185762255,0.05044334129672583,0.2037740831543484,0.2546539193746793,-0.050879836220330904,-0.07675837360825784
2024,SF,George Odum,31342,S,S,139,96,120,1.25,0,0,2,0,0,4,0.15156236468868442,0.051848172019056483,0.20341053670774092,0.2546539193746793,-0.05124338266693837,-0.2580602004809846
2024,WAS,Efe Obada,10235,ED,EDGE,84,0,0,0.0,1,0,2,0,0,0,0.11410046935178121,0.03670014762714326,0.1508006169789245,0.2021575437637748,-0.05135692678485029,-0.42797438987375247
2022,NYG,Darnay Holmes,56247,CB,CB,637,416,527,1.2668269230769231,5,0,16,0,1,6,0.15497497800050702,0.05628864807269217,0.21126362607319918,0.26270954927892354,-0.05144592320572436,-0.05653398154475204
2024,DAL,Chauncey Golston,42718,ED,EDGE,790,4,0,0.0,37,7,30,1,0,0,0.11995006135072876,0.030712847084590596,0.15066290843531935,0.2021575437637748,-0.05149463532845544,-0.04562815788597318
2023,ARI,Josh Woods,49023,LB,LB,568,280,205,0.7321428571428571,3,0,17,0,1,0,0.1329346401612284,0.04180582058820196,0.1747404607494304,0.2264117320729514,-0.051671271323521006,-0.06367938367335335
2022,CHI,Gerri Green,50228,ED,EDGE,4,0,0,0.0,0,0,0,0,0,0,0.1113865253080231,0.038969064050325346,0.15035558935834845,0.2021575437637748,-0.05180195440542634,-9.06534202094961
2021,DET,Jessie Lemonier,82302,ED,EDGE,161,8,4,0.5,6,2,5,0,0,0,0.11626025800259254,0.03409172954244915,0.15035198754504173,0.2021575437637748,-0.05180555621873306,-0.22524154877710026
2022,NYG,Ryder Anderson,56409,DI,IDL,193,1,0,0.0,5,2,4,0,0,0,0.13057543983207037,0.040715116292566425,0.1712905561246368,0.22337835625431512,-0.05208780012967831,-0.18891948233562084
2024,SF,Javon Hargrave,10723,DI,IDL,104,0,0,0.0,8,1,4,0,0,0,0.1316098655015737,0.03965749436576966,0.1712673598673434,0.22337835625431512,-0.052110996386971725,-0.3507470910661558
2023,ARI,Kei'Trel Clark,104163,CB,CB,464,281,343,1.2206405693950177,0,0,7,0,0,2,0.15415355768136124,0.05628864807269217,0.21044220575405345,0.26270954927892354,-0.052267343524870086,-0.07885159583493333
2023,ARI,Carlos Watkins,11897,DI,IDL,43,0,0,0.0,1,1,4,0,0,0,0.13118311462510734,0.03991385870667313,0.1710969733317805,0.22337835625431512,-0.05228138292253462,-0.8510922801342844
2023,ARI,Ben Stille,43555,DI,IDL,134,0,0,0.0,4,1,4,0,0,0,0.13082993116780214,0.03991385870667313,0.1707437898744753,0.22337835625431512,-0.05263456637983982,-0.27495669004393936
2023,ARI,Joey Blount,62771,S,S,25,12,0,0.0,0,0,0,1,0,0,0.14991593850975565,0.051958752067100454,0.20187469057685611,0.2546539193746793,-0.05277922879782318,-1.477818406339049
2023,PHI,Brandon Graham,5538,ED,EDGE,427,22,0,0.0,30,5,13,0,0,0,0.11828094315319601,0.03107247265208674,0.14935341580528277,0.2021575437637748,-0.052804127958492014,-0.08656414419424921
2022,CHI,Dante Pettis,48113,WR,UNKNOWN,1,0,0,0.0,0,0,0,0,0,0,0.13605463799406303,0.04762885606150876,0.1836834940555718,0.23648925173029245,-0.05280575767472065,-36.96403037230446
2022,CHI,DeMarquis Gates,50881,LB,IDL,2,0,0,0.0,0,0,0,0,0,0,0.1271407456386341,0.043298960055917046,0.17043970569455116,0.22337835625431512,-0.05293865055976396,-18.528527695917386
2022,NYG,Henry Mondeaux,48889,DI,IDL,249,0,0,0.0,2,0,6,0,0,0,0.13509928183941186,0.03524463457484752,0.17034391641425942,0.22337835625431512,-0.05303443984005571,-0.14909280276320883
2023,PHI,Jordan Davis,94854,DI,IDL,561,0,0,0.0,18,4,24,0,1,0,0.1348383839041529,0.03543744174655338,0.1702758256507063,0.22337835625431512,-0.05310253060360884,-0.06625984210788982
2023,ARI,Naquan Jones,44363,DI,IDL,171,0,0,0.0,4,0,6,0,0,0,0.1340216631523379,0.03548413623793598,0.1695057993902739,0.22337835625431512,-0.053872556864041216,-0.22053093453116288
2024,WAS,Carl Davis Jr.,9523,DI,IDL,89,0,0,0.0,1,0,4,0,0,0,0.129607967496596,0.0394435370768481,0.16905150457344412,0.22337835625431512,-0.05432685168087101,-0.42728984468100795
2021,DET,Jerry Jacobs,83025,CB,CB,535,313,347,1.1086261980830672,1,0,13,0,1,6,0.15198320365746565,0.05628864807269217,0.20827185173015783,0.26270954927892354,-0.05443769754876571,-0.07122689398903924
2021,NYJ,LaRoy Reynolds,8500,LB,LB,1,0,0,0.0,0,0,0,0,0,0,0.12427668830965784,0.04762885606150876,0.17190554437116662,0.2264117320729514,-0.05450618770178478,-38.15433139124934
2021,NYJ,Isaiah Dunn,52129,CB,CB,115,64,106,1.65625,0,0,0,0,0,2,0.15190012967749075,0.05628864807269217,0.20818877775018294,0.26270954927892354,-0.0545207715287406,-0.33186556582711674
2023,WAS,Joshua Pryor,153400,ED,EDGE,1,0,0,0.0,0,0,0,0,0,0,0.10865054649134777,0.038969064050325346,0.1476196105416731,0.2021575437637748,-0.05453793322210168,-38.17655325547118
2022,CHI,Taco Charlton,11783,ED,EDGE,67,4,0,0.0,1,0,1,0,0,0,0.1105712390074344,0.03699594032806404,0.14756717933549846,0.2021575437637748,-0.05459036442827633,-0.570347091041693
2022,CHI,Andrew Brown,49636,DI,IDL,79,0,0,0.0,0,0,1,0,0,0,0.1271407456386341,0.04162255927234755,0.16876330491098168,0.22337835625431512,-0.05461505134333344,-0.48393083468776465
2022,CHI,Jalyn Holmes,48400,DI,IDL,34,0,0,0.0,0,0,1,0,0,0,0.1271407456386341,0.04162255927234755,0.16876330491098168,0.22337835625431512,-0.05461505134333344,-1.124427527656865
2024,SF,Kalia Davis,55389,DI,IDL,259,1,0,0.0,2,0,5,1,0,0,0.12996321679988684,0.03874712794323281,0.1687103447431197,0.22337835625431512,-0.054668011511195436,-0.14775138246269034
2022,NYG,Jason Pinnock,56144,S,S,473,244,161,0.6598360655737705,11,2,9,0,1,2,0.1482311577751903,0.05165583886292204,0.19988699663811238,0.2546539193746793,-0.054766922736566914,-0.08105041419787916
2022,CHI,Dane Cruikshank,25546,S,S,1,1,0,0.0,0,0,0,0,0,0,0.14781060961634127,0.051958752067100454,0.19976936168344175,0.2546539193746793,-0.05488455769123754,-38.41919038386628
2022,NYG,Tomon Fox,42486,ED,EDGE,327,32,43,1.34375,8,1,10,0,0,0,0.12322762547093559,0.02398885638613117,0.1472164818570668,0.2021575437637748,-0.054941061906708,-0.11761083588591927
2022,NYG,Adoree' Jackson,11773,CB,CB,673,414,388,0.9371980676328503,0,0,15,0,1,8,0.15144453525333118,0.05628864807269217,0.20773318332602336,0.26270954927892354,-0.054976365952900175,-0.05718195567166437
2022,NYG,Justin Ellis,8742,DI,IDL,377,1,0,0.0,2,1,9,0,0,0,0.13296882268367158,0.03539603167035634,0.16836485435402793,0.22337835625431512,-0.0550135019002872,-0.10214708575650144
2024,DAL,Osa Odighizuwa,42754,DI,IDL,859,0,0,0.0,60,7,30,0,1,1,0.13380330043312352,0.03452638787146883,0.16832968830459238,0.22337835625431512,-0.05504866794972274,-0.04485921718836544
2021,DET,John Penisini,57037,DI,IDL,276,1,0,0.0,5,0,6,0,0,0,0.1299646743502009,0.03832631654746214,0.16829099089766303,0.22337835625431512,-0.055087365356652096,-0.13971433242629155
2024,CIN,McKinnley Jackson,124324,DI,IDL,248,0,0,0.0,7,1,9,0,1,0,0.1344914216951391,0.0337110137092426,0.16820243540438173,0.22337835625431512,-0.05517592084993339,-0.15573848626997328
2023,WAS,Jabril Cox,30669,LB,IDL,1,0,0,0.0,0,0,0,0,0,0,0.12465349216892925,0.043298960055917046,0.1679524522248463,0.22337835625431512,-0.055425904029468814,-38.79813282062817
2022,NYG,Landon Collins,9466,S,S,171,110,47,0.42727272727272725,3,1,8,1,0,1,0.14808530275893125,0.051090580562614646,0.1991758833215459,0.2546539193746793,-0.055478036053133395,-0.22710307156253437
2023,PHI,Jalen Carter,124019,DI,IDL,599,0,0,0.0,50,7,13,0,1,0,0.13144939261995842,0.036431122694172424,0.16788051531413084,0.22337835625431512,-0.055497840940184284,-0.06485557371974791
2024,SF,Charvarius Ward,43034,CB,CB,694,389,412,1.0591259640102828,1,0,12,0,0,4,0.15074466672872047,0.05628864807269217,0.20703331480141265,0.26270954927892354,-0.05567623447751088,-0.056157585207864
2024,SF,Isaac Yiadom,49355,CB,CB,488,320,315,0.984375,0,0,10,1,1,3,0.1507213867386875,0.05628864807269217,0.20701003481137967,0.26270954927892354,-0.05569951446754387,-0.07989684452311621
2022,CHI,A.J. Thomas,56309,S,S,13,9,0,0.0,0,0,0,0,0,0,0.14671250093983496,0.051958752067100454,0.19867125300693542,0.2546539193746793,-0.05598266636774388,-3.0144512659554397
2021,NYJ,Noah Dawkins,35771,LB,LB,14,7,0,0.0,0,0,0,0,0,0,0.12263196544386777,0.04762885606150876,0.17026082150537655,0.2264117320729514,-0.05615091056757485,-2.8075455283787427
2021,DET,Jalen Reeves-Maybin,11879,LB,LB,615,294,298,1.0136054421768708,7,0,32,0,2,1,0.1323561806703482,0.03768562997224053,0.17004181064258875,0.2264117320729514,-0.05636992143036265,-0.06416088618090057
2024,DAL,Micah Parsons,81360,ED,EDGE,694,24,28,1.1666666666666667,70,14,28,0,2,0,0.11740778442809767,0.028313466996612382,0.14572125142471007,0.2021575437637748,-0.05643629233906472,-0.05692421417484914
2023,WAS,Nick Whiteside,169772,CB,UNKNOWN,15,5,0,0.0,0,0,0,0,0,0,0.13213224167680407,0.04762885606150876,0.17976109773831286,0.23648925173029245,-0.056728153991979585,-2.6473138529590474
2024,CIN,Kris Jenkins,129584,DI,IDL,496,1,0,0.0,11,3,12,0,0,0,0.12985880904530106,0.03674775215257644,0.1666065611978775,0.22337835625431512,-0.05677179505643762,-0.08012148495868213
2021,NYJ,Del'Shawn Phillips,57868,LB,LB,161,66,71,1.0757575757575757,2,1,6,0,0,0,0.12677894304036635,0.04252123557637851,0.1693001786167449,0.2264117320729514,-0.0571115534562065,-0.2483111019835065
2023,WAS,Benning Potoa'e,50195,DI,IDL,28,0,0,0.0,0,0,1,0,0,0,0.12465349216892925,0.0415638993785219,0.1662173915474512,0.22337835625431512,-0.05716096470686394,-1.4290241176715983
2023,ARI,Cameron Thomas,82387,ED,EDGE,355,18,11,0.6111111111111112,16,0,12,0,0,0,0.12378532885144888,0.020572968782797917,0.14435829763424682,0.2021575437637748,-0.05779924612952797,-0.11397034448075939
2023,PHI,Milton Williams,56682,DI,IDL,522,0,0,0.0,25,2,26,0,1,1,0.13475790132111495,0.030753938538894396,0.16551183986000936,0.22337835625431512,-0.05786651639430576,-0.07759877677397324
2024,CIN,Vonn Bell,10695,S,S,705,412,237,0.5752427184466019,2,0,11,1,1,2,0.14610080621418547,0.05027588600471405,0.19637669221889953,0.2546539193746793,-0.058277227155779765,-0.057863913488008276
2023,PHI,Fletcher Cox,7018,DI,IDL,721,0,0,0.0,49,8,18,0,2,0,0.1300673837738632,0.034882605370206654,0.1649499891440699,0.22337835625431512,-0.05842836711024524,-0.05672657000994683
2021,DET,Romeo Okwara,11250,ED,EDGE,188,16,0,0.0,16,1,3,0,0,0,0.1073359301912805,0.03604266334559963,0.14337859353688015,0.2021575437637748,-0.05877895022689464,-0.21885779339801195
2023,WAS,Efe Obada,10235,ED,EDGE,98,2,0,0.0,6,0,1,0,0,0,0.10635942448728312,0.03692689763303125,0.1432863221203144,0.2021575437637748,-0.0588712216434604,-0.4205087260247171
2021,DET,Trey Flowers,9534,ED,EDGE,302,26,78,3.0,6,1,12,0,1,0,0.12093691626898943,0.022284007532287625,0.14322092380127707,0.2021575437637748,-0.058936619962497716,-0.1366080595157232
2023,WAS,Andre Jones Jr.,56395,ED,EDGE,171,3,0,0.0,6,0,1,0,0,0,0.10626741492484265,0.03692689763303125,0.14319431255787393,0.2021575437637748,-0.05896323120590086,-0.2413699523048573
2023,PHI,Reed Blankenship,56065,S,S,942,617,367,0.5948136142625607,2,0,19,3,0,6,0.14355887791423197,0.051779293225996476,0.19533817114022847,0.2546539193746793,-0.05931574823445082,-0.04407751991944329
2021,NYJ,Hamilcar Rashed,44025,ED,EDGE,16,0,0,0.0,0,0,0,0,0,0,0.10373913294355284,0.038969064050325346,0.14270819699387818,0.2021575437637748,-0.059449346769896605,-2.6009089211829766
2024,CAR,Caleb Farley,61803,CB,CB,169,94,74,0.7872340425531915,1,0,3,0,0,0,0.14692958634794862,0.05628864807269217,0.20321823442064077,0.26270954927892354,-0.05949131485828277,-0.2464137301822363
2024,WAS,Percy Butler,83271,S,S,448,257,143,0.556420233463035,2,0,8,0,0,1,0.1447933260846756,0.04986133796044139,0.19465466404511703,0.2546539193746793,-0.05999925532956227,-0.09374883645244103
2021,NYJ,Will Parks,10853,S,S,91,45,32,0.7111111111111111,1,0,2,0,0,1,0.14430042954316405,0.050217522409604164,0.1945179519527682,0.2546539193746793,-0.0601359674219111,-0.46258436478393156
2024,SF,De'Vondre Campbell,10749,LB,LB,719,394,388,0.9847715736040609,5,0,28,0,0,1,0.12392922983268924,0.04094249090743885,0.16487172074012812,0.2264117320729514,-0.061540011332823275,-0.05991378015712975
2021,NYJ,Jamien Sherwood,83175,LB,LB,139,63,3,0.047619047619047616,1,0,4,0,0,0,0.11942261597112065,0.04538482410948987,0.16480744008061057,0.2264117320729514,-0.061604291992340826,-0.3102374416880473
2023,PHI,Josh Sweat,50120,ED,EDGE,875,24,6,0.25,70,8,27,0,2,0,0.1164477424883155,0.02368957020550028,0.1401373126938158,0.2021575437637748,-0.06202023106995899,-0.049616184855967194
2021,JAC,Daniel Thomas,42544,S,S,205,108,36,0.3333333333333333,0,0,0,0,0,0,0.14065926611204982,0.051958752067100454,0.19261801817915028,0.2546539193746793,-0.062035901195529014,-0.21182990652131856
2021,DET,A.J. Parker,55983,CB,CB,556,348,409,1.1752873563218391,2,0,19,1,1,6,0.14436702210986538,0.05628864807269217,0.2006556701825576,0.26270954927892354,-0.06205387909636595,-0.07812538735153987
2022,NYG,Fabian Moreau,11836,CB,CB,860,536,560,1.044776119402985,0,0,14,0,0,7,0.1442809848463776,0.05628864807269217,0.2005696329190698,0.26270954927892354,-0.06213991635985375,-0.05057900168825305
2021,NYJ,Braxton Berrios,47961,WR,UNKNOWN,2,0,0,0.0,0,0,0,0,0,0,0.126669201910395,0.04762885606150876,0.17429805797190376,0.23648925173029245,-0.06219119375838869,-21.76691781543604
2021,NYJ,Nick Bawden,27413,FB,UNKNOWN,1,0,0,0.0,0,0,0,0,0,0,0.126669201910395,0.04762885606150876,0.17429805797190376,0.23648925173029245,-0.06219119375838869,-43.53383563087208
2021,NYJ,D.J. Montgomery,55003,WR,UNKNOWN,1,0,0,0.0,0,0,0,0,0,0,0.126669201910395,0.04762885606150876,0.17429805797190376,0.23648925173029245,-0.06219119375838869,-43.53383563087208
2021,NYJ,Daniel Brown,10144,TE,UNKNOWN,1,0,0,0.0,0,0,0,0,0,0,0.126669201910395,0.04762885606150876,0.17429805797190376,0.23648925173029245,-0.06219119375838869,-43.53383563087208
2021,JAC,Tyrell Adams,10140,LB,LB,2,0,0,0.0,0,0,0,0,0,0,0.11649507121255276,0.04762885606150876,0.16412392727406153,0.2264117320729514,-0.06228780479888987,-21.800731679611456
2023,WAS,Phidarian Mathis,56504,DI,IDL,202,0,0,0.0,3,0,3,0,0,0,0.12272882243945842,0.0380937780237316,0.16082260046319002,0.22337835625431512,-0.0625557557911251,-0.21677737155340382
2021,JAC,Chris Claybrooks,76692,CB,CB,199,112,248,2.2142857142857144,1,0,1,0,0,2,0.14352032610137036,0.05628864807269217,0.19980897417406257,0.26270954927892354,-0.06290057510486097,-0.22125830438895816
2024,SF,Jordan Elliott,56734,DI,IDL,440,1,0,0.0,7,0,11,0,0,0,0.133769357559276,0.02669337369018134,0.16046273124945734,0.22337835625431512,-0.06291562500485778,-0.10009303978045557
2024,CAR,Chandler Wooten,57726,LB,LB,212,80,207,2.5875,2,0,5,0,0,0,0.12080490768653197,0.04245460879981935,0.16325951648635134,0.2264117320729514,-0.06315221558660006,-0.2085214665595285
2021,NYJ,Freedom Akinmoladun,48374,DI,IDL,21,0,0,0.0,1,0,1,0,0,0,0.11966570699701372,0.04033066382308784,0.15999637082010157,0.22337835625431512,-0.06338198543421356,-2.1127328478071186
2024,SF,Khalil Davis,48988,DI,IDL,209,1,0,0.0,9,1,5,0,0,0,0.1310048126657831,0.02885979436648723,0.15986460703227034,0.22337835625431512,-0.06351374922204478,-0.21272547586330787
2023,PHI,Haason Reddick,11768,ED,EDGE,910,48,57,1.1875,68,13,24,0,1,0,0.11350360707426321,0.02485787441029883,0.13836148148456204,0.2021575437637748,-0.06379606227921275,-0.049073894060932884
2023,WAS,Darrick Forrest,55087,S,S,328,193,56,0.29015544041450775,0,0,6,0,0,0,0.1397114574270074,0.0509565958313306,0.19066805325833802,0.2546539193746793,-0.06398586611634127,-0.13655520207755759
2022,NYG,Oshane Ximines,48538,ED,EDGE,529,82,49,0.5975609756097561,15,3,11,0,1,0,0.11470981101796128,0.02307486770479577,0.1377846787227571,0.2021575437637748,-0.06437286504101769,-0.08518148493140337
2021,NYJ,Jonathan Marshall,44173,DI,IDL,77,1,0,0.0,1,0,1,0,0,0,0.11847893706798723,0.04033066382308784,0.15880960089107507,0.22337835625431512,-0.06456875536324005,-0.5869886851203642
2024,CIN,Sam Hubbard,48457,ED,EDGE,521,28,45,1.6071428571428572,18,2,21,1,1,0,0.1174426333921612,0.019973279498057613,0.13741591289021884,0.2021575437637748,-0.06474163087355594,-0.08698491672070857
2021,JAC,Doug Costin,44473,DI,IDL,15,0,0,0.0,0,0,0,0,0,0,0.11485138482418515,0.043298960055917046,0.1581503448801022,0.22337835625431512,-0.06522801137421291,-3.043973864129936
2021,JAC,Jordan Smith,43427,ED,EDGE,21,0,0,0.0,0,0,0,0,0,0,0.09786822841212926,0.038969064050325346,0.13683729246245463,0.2021575437637748,-0.06532025130132016,-2.177341710044005
2024,CIN,Joseph Ossai,77205,ED,EDGE,573,33,24,0.7272727272727273,31,5,16,0,1,0,0.11109308873624865,0.025673276717653456,0.1367663654539021,0.2021575437637748,-0.06539117830987268,-0.07988451102427727
2022,NYG,Xavier McKinney,55775,S,S,681,363,220,0.6060606060606061,9,2,12,0,2,4,0.13791937536553348,0.051000649387334666,0.18892002475286815,0.2546539193746793,-0.06573389462181115,-0.06756787993431394
2024,SF,Kevin Givens,28308,DI,IDL,185,0,0,0.0,11,4,8,0,0,0,0.1215788720853305,0.036016028675622265,0.15759490076095276,0.22337835625431512,-0.06578345549336237,-0.2489103721370468
2022,CHI,Joe Thomas,9272,LB,LB,413,165,137,0.8303030303030303,2,1,19,0,0,0,0.12130411122756667,0.038970318833031335,0.16027443006059802,0.2264117320729514,-0.06613730201235338,-0.11209712205483623
2024,CIN,Germaine Pratt,29407,LB,LB,1075,578,659,1.1401384083044983,10,0,53,2,2,3,0.12044156997484248,0.03919510383803601,0.15963667381287852,0.2264117320729514,-0.06677505826007288,-0.04348143328562885
2021,NYJ,Lamarcus Joyner,8676,S,S,9,7,0,0.0,0,0,0,0,0,0,0.13579518820119818,0.051958752067100454,0.18775394026829864,0.2546539193746793,-0.06689997910638065,-5.2033317082740504
2021,DET,Levi Onwuzurike,43679,DI,IDL,396,1,0,0.0,3,1,13,0,0,0,0.12725403602596916,0.02899937257099169,0.15625340859696085,0.22337835625431512,-0.06712494765735427,-0.11865521050542423
2022,NYG,Azeez Ojulari,81959,ED,EDGE,252,17,34,2.0,20,6,9,0,2,0,0.11048336109170893,0.02444176710555814,0.1349251281972671,0.2021575437637748,-0.06723241556650769,-0.1867567099069658
2024,CAR,Claudin Cherelus,52094,LB,LB,158,68,51,0.75,1,0,7,0,0,0,0.11875217843309115,0.04038490989514358,0.15913708832823475,0.2264117320729514,-0.06727464374471664,-0.29805221912216234
2023,ARI,Andre Chachere,51194,S,S,467,285,95,0.3333333333333333,1,0,4,0,0,2,0.13538547406385762,0.05178126257751247,0.1871667366413701,0.2546539193746793,-0.0674871827333092,-0.1011585180156669
2023,ARI,Budda Baker,11791,S,S,763,390,176,0.4512820512820513,5,0,21,0,0,0,0.1375109101033935,0.04951854867318955,0.18702945877658309,0.2546539193746793,-0.06762446059809621,-0.06204078953953781
2024,WAS,Sheldon Day,10737,DI,IDL,339,1,0,0.0,7,0,10,0,0,0,0.12796600839165148,0.0276626596339704,0.1556286680256219,0.22337835625431512,-0.06774968822869323,-0.13989611138668218
2021,JAC,Jay Tufele,56913,DI,IDL,54,0,0,0.0,1,0,1,0,0,0,0.11453059894143132,0.0410814840934996,0.15561208303493093,0.22337835625431512,-0.0677662732193842,-0.8784516898809062
2024,SF,Evan Anderson,123590,DI,IDL,267,0,0,0.0,6,1,13,0,1,0,0.13144514275918456,0.02387392028180001,0.1553190630409846,0.22337835625431512,-0.06805929321333051,-0.17843260393008
2023,ARI,Krys Barnes,42548,LB,LB,408,215,160,0.7441860465116279,2,0,21,1,0,3,0.11531788843040511,0.042718012840458175,0.1580359012708633,0.2264117320729514,-0.06837583080208809,-0.11731147441534721
2021,JAC,Lerentee McCray,8159,ED,EDGE,71,13,3,0.23076923076923078,0,0,4,0,0,0,0.11715089388564665,0.016570226747745463,0.13372112063339212,0.2021575437637748,-0.06843642313038267,-0.6747252984685616
2021,DET,Dean Marlowe,9966,S,S,700,396,172,0.43434343434343436,6,0,11,0,0,2,0.1346505296986107,0.0513023631239844,0.18595289282259514,0.2546539193746793,-0.06870102655208415,-0.06870102655208415
2024,WAS,Jalyn Holmes,48400,DI,IDL,337,5,4,0.8,14,2,13,0,0,0,0.13290308366058326,0.021772220912531552,0.15467530457311482,0.22337835625431512,-0.0687030516812003,-0.1427066355395852
2024,WAS,Marshon Lattimore,11766,CB,CB,687,421,323,0.7672209026128266,2,0,9,0,0,6,0.13741534419010554,0.05628864807269217,0.19370399226279772,0.26270954927892354,-0.06900555701612582,-0.07031133902662019
2021,JAC,Michael Jacquet,47826,CB,UNKNOWN,1,0,0,0.0,0,0,0,0,0,0,0.11946400089455694,0.04762885606150876,0.16709285695606574,0.23648925173029245,-0.06939639477422671,-48.5774763419587
2024,CIN,Cam Taylor-Britt,83326,CB,CB,1036,639,751,1.1752738654147106,1,1,16,3,0,7,0.1367692029627543,0.05628864807269217,0.1930578510354465,0.26270954927892354,-0.06965169824347703,-0.047061958272619615
2022,CHI,Jaylon Jones,49374,CB,CB,466,274,287,1.0474452554744527,1,0,6,0,0,2,0.13652384367611062,0.05628864807269217,0.19281249174880283,0.26270954927892354,-0.06989705753012071,-0.10499557998086802
2021,NYJ,Tim Ward,48467,ED,EDGE,191,0,0,0.0,1,0,3,0,0,0,0.10316398280224066,0.02848801005220539,0.13165199285444606,0.2021575437637748,-0.07050555090932872,-0.2583973069975398
2022,NYG,Dane Belton,101398,S,S,400,247,202,0.8178137651821862,5,0,4,2,0,1,0.13252711103701878,0.051482794420152675,0.18400990545717144,0.2546539193746793,-0.07064401391750785,-0.12362702435563874
2024,JAC,Caleb Johnson,12488,LB,LB,1,0,0,0.0,0,0,0,0,0,0,0.10794827899362051,0.04762885606150876,0.1555771350551293,0.2264117320729514,-0.0708345970178221,-49.584217912475474
2021,JAC,Dakota Allen,30076,LB,LB,43,19,0,0.0,0,0,3,0,1,0,0.11298024906490738,0.04253086149988009,0.1555111105647875,0.2264117320729514,-0.0709006215081639,-1.154196164086389
2024,WAS,Clelin Ferrell,25955,ED,EDGE,443,11,8,0.7272727272727273,19,3,13,0,1,0,0.11166198935435928,0.019152860698098677,0.13081485005245796,0.2021575437637748,-0.07134269371131682,-0.1127311187312004
2024,CAR,Sam Roberts,156069,DI,IDL,24,0,0,0.0,0,0,0,0,0,0,0.10787331980554181,0.043298960055917046,0.15117227986145887,0.22337835625431512,-0.07220607639285626,-2.1060105614583073
2023,WAS,David Mayo,9602,LB,LB,349,173,214,1.2369942196531791,4,2,19,0,0,0,0.11646830623599996,0.037712374307926094,0.15418068054392606,0.2264117320729514,-0.07223105152902534,-0.14487603458543766
2024,JAC,Chad Muma,75818,LB,LB,260,130,117,0.9,1,1,6,0,0,0,0.10967738559556178,0.04390068806108405,0.15357807365664586,0.2264117320729514,-0.07283365841630554,-0.1960906188131303
2024,CAR,Jon Rhattigan,57718,LB,LB,3,1,0,0.0,0,0,0,0,0,0,0.10591992049050404,0.04762885606150876,0.15354877655201282,0.2264117320729514,-0.07286295552093858,-17.001356288219
2023,ARI,Roy Lopez,48676,DI,IDL,395,0,0,0.0,15,0,24,0,0,0,0.13207074500722354,0.017514008372223184,0.14958475337944674,0.22337835625431512,-0.07379360287486839,-0.13077347344913384
2024,SF,Yetur Gross-Matos,56444,ED,EDGE,367,2,14,7.0,21,4,9,0,0,0,0.11058617723499595,0.01768816091656297,0.12827433815155892,0.2021575437637748,-0.07388320561221587,-0.14092164558188314
2024,SF,Renardo Green,99773,CB,CB,675,389,493,1.2673521850899743,0,0,11,1,1,9,0.13224731661191116,0.05628864807269217,0.18853596468460335,0.26270954927892354,-0.07417358459432019,-0.07692075439410984
2024,CAR,T.J. Smith,36851,DI,IDL,54,0,0,0.0,2,0,0,0,0,0,0.10586196116797034,0.043298960055917046,0.1491609212238874,0.22337835625431512,-0.07421743503042771,-0.9620778615055444
2024,CAR,Tarron Jackson,54410,ED,EDGE,28,1,0,0.0,1,0,0,0,0,0,0.08878347238625672,0.038969064050325346,0.12775253643658208,0.2021575437637748,-0.07440500732719271,-1.860125183179818
2024,CAR,Marquis Haynes Sr.,50244,ED,EDGE,41,1,0,0.0,1,0,0,0,0,0,0.08878347238625672,0.038969064050325346,0.12775253643658208,0.2021575437637748,-0.07440500732719271,-1.270329393391095
2024,JAC,Yasir Abdullah,77100,LB,IDL,170,25,8,0.32,8,0,6,0,0,0,0.12445727019265833,0.023573203439913256,0.14803047363257163,0.22337835625431512,-0.0753478826217435,-0.3102559872660026
2024,CIN,Geno Stone,55967,S,S,1100,663,225,0.3393665158371041,6,0,11,4,0,1,0.12715429998901767,0.05176385363197607,0.17891815362099375,0.2546539193746793,-0.07573576575368554,-0.04819548729779989
2022,CHI,Jack Sanborn,82566,LB,LB,330,152,189,1.243421052631579,6,2,24,0,0,0,0.11325624839439076,0.03738612009255816,0.15064236848694892,0.2264117320729514,-0.07576936358600248,-0.16072289245515678
2024,WAS,Benjamin St-Juste,56061,CB,CB,859,493,638,1.2941176470588236,0,0,12,0,1,7,0.13055038628382365,0.05628864807269217,0.18683903435651583,0.26270954927892354,-0.0758705149224077,-0.061826962102078456
2023,ARI,Leki Fotu,44614,DI,IDL,297,0,0,0.0,7,3,14,0,0,0,0.12409328374142545,0.023239589951217766,0.14733287369264325,0.22337835625431512,-0.07604548256167187,-0.17923177708138152
2024,JAC,Joe Gaziano,27949,ED,EDGE,38,0,0,0.0,1,0,1,0,0,0,0.0909075288773755,0.035099528127485936,0.12600705700486145,0.2021575437637748,-0.07615048675891334,-1.4027721245062985
2024,CAR,Shaq Lawson,10653,ED,EDGE,14,0,0,0.0,3,0,0,0,0,0,0.08687361513962864,0.038969064050325346,0.12584267918995398,0.2021575437637748,-0.0763148645738208,-3.81574322869104
2023,ARI,BJ Ojulari,124105,ED,EDGE,409,73,79,1.082191780821918,20,4,13,0,0,0,0.10293486172790077,0.02279855391245648,0.12573341564035725,0.2021575437637748,-0.07642412812341753,-0.13079924128702267
2021,DET,Alim McNeill,76996,DI,IDL,422,3,0,0.0,10,2,18,0,0,0,0.12196267078552109,0.0248555029806126,0.1468181737661337,0.22337835625431512,-0.07656018248818142,-0.1269955633690213
2024,CIN,B.J. Hill,49894,DI,IDL,710,7,0,0.0,32,3,29,0,0,0,0.12766883854907024,0.019014280654848836,0.14668311920391908,0.22337835625431512,-0.07669523705039605,-0.07561502244405244
2021,DET,Alex Anzalone,11831,LB,LB,827,398,282,0.7085427135678392,4,1,32,1,0,4,0.10675033854580905,0.042616431404986214,0.1493667699507953,0.2264117320729514,-0.07704496212215611,-0.06521338994620227
2024,JAC,Devin Duvernay,40006,WR,UNKNOWN,1,0,0,0.0,0,0,0,0,0,0,0.1115503043955456,0.04762885606150876,0.15917916045705438,0.23648925173029245,-0.07731009127323807,-54.117063891266646
2024,JAC,Keilan Robinson,97097,HB,UNKNOWN,1,0,0,0.0,0,0,0,0,0,0,0.1115503043955456,0.04762885606150876,0.15917916045705438,0.23648925173029245,-0.07731009127323807,-54.117063891266646
2024,JAC,Tim Jones,61669,WR,UNKNOWN,1,0,0,0.0,0,0,0,0,0,0,0.1115503043955456,0.04762885606150876,0.15917916045705438,0.23648925173029245,-0.07731009127323807,-54.117063891266646
2022,CHI,DeAndre Houston-Carson,10819,S,S,414,209,116,0.5550239234449761,1,0,8,1,0,0,0.12625695478736704,0.05083863745982828,0.17709559224719534,0.2546539193746793,-0.07755832712748395,-0.1311372680899487
2021,DET,Nick Williams,8006,DI,IDL,622,2,0,0.0,15,1,10,0,0,0,0.12473755698345655,0.02090911467540001,0.14564667165885659,0.22337835625431512,-0.07773168459545854,-0.08747938780839386
2023,ARI,Jonathan Ledbetter,18645,DI,IDL,511,0,0,0.0,21,2,23,0,0,0,0.12432500198854632,0.021097455503649356,0.14542245749219568,0.22337835625431512,-0.07795589876211945,-0.10678890241386226
2024,CAR,Derrick Brown,43883,DI,IDL,60,1,0,0.0,0,0,1,0,0,0,0.10759819502854132,0.03782356612820339,0.14542176115674474,0.22337835625431512,-0.07795659509757039,-0.9094936094716545
2024,CAR,Jordan Matthews,8677,TE,UNKNOWN,1,0,0,0.0,0,0,0,0,0,0,0.11004361311938844,0.04762885606150876,0.1576724691808972,0.23648925173029245,-0.07881678254939525,-55.17174778457668
2024,CAR,David Moore,11981,WR,UNKNOWN,1,0,0,0.0,0,0,0,0,0,0,0.11004361311938844,0.04762885606150876,0.1576724691808972,0.23648925173029245,-0.07881678254939525,-55.17174778457668
2024,CAR,Kenny Dyson Jr.,106277,ED,EDGE,10,1,0,0.0,1,0,0,0,0,0,0.08422573371351974,0.038969064050325346,0.1231947977638451,0.2021575437637748,-0.0789627459999297,-5.527392219995079
2023,WAS,John Ridgeway,66694,DI,IDL,355,0,0,0.0,9,0,12,0,0,0,0.12178017006095146,0.02247823192717527,0.14425840198812676,0.22337835625431512,-0.07911995426618837,-0.15601117742628692
2024,CAR,Raheem Blackshear,57385,HB,UNKNOWN,1,1,0,0.0,0,0,0,0,0,0,0.10967219467043778,0.04762885606150876,0.15730105073194656,0.23648925173029245,-0.07918820099834589,-55.43174069884213
2023,WAS,Abdullah Anderson,32708,DI,IDL,113,1,0,0.0,6,1,5,0,0,0,0.11380375748535951,0.02974815552997743,0.14355191301533696,0.22337835625431512,-0.07982644323897817,-0.49450009086092667
2021,JAC,Andre Cisco,76641,S,S,247,135,55,0.4074074074074074,0,0,2,0,1,1,0.12381766478482915,0.05022021654505437,0.17403788132988351,0.2546539193746793,-0.08061603804479578,-0.2284665045803929
2024,CAR,Cam Gill,33560,ED,EDGE,222,18,24,1.3333333333333333,6,0,2,0,0,0,0.0951461877711601,0.02607998674448737,0.12122617451564746,0.2021575437637748,-0.08093136924812733,-0.2551890021337348
2021,DET,Michael Brockers,7020,DI,IDL,622,2,0,0.0,6,1,21,0,0,0,0.12672043638017083,0.015318128126505716,0.14203856450667657,0.22337835625431512,-0.08133979174763856,-0.09153995855843568
2023,ARI,Antonio Hamilton Sr.,11353,CB,CB,559,312,269,0.8621794871794872,0,0,10,1,0,6,0.12503719865460208,0.05628864807269217,0.18132584672729427,0.26270954927892354,-0.08138370255162927,-0.10191161321313147
2023,WAS,Khaleke Hudson,49073,LB,LB,405,193,216,1.1191709844559585,7,1,26,0,0,2,0.10960283047709216,0.034495419316468136,0.1440982497935603,0.2264117320729514,-0.08231348227939109,-0.14227021628536732
2023,ARI,Dante Stills,76937,DI,IDL,533,0,0,0.0,20,4,20,0,0,0,0.11871517797357185,0.020899109721467097,0.13961428769503897,0.22337835625431512,-0.08376406855927615,-0.11000909566884297
2024,SF,Malik Mustapha,142358,S,S,755,409,49,0.1198044009779951,1,0,9,1,0,3,0.11952723919628427,0.05109104761743087,0.17061828681371516,0.2546539193746793,-0.08403563256096414,-0.07791383151347668
2022,NYG,Leonard Williams,9439,DI,IDL,723,0,0,0.0,42,4,26,0,1,0,0.12118073940841345,0.018016275927174443,0.1391970153355879,0.22337835625431512,-0.08418134091872723,-0.08150337295035831
2024,CAR,Sam Franklin Jr.,43580,S,S,3,2,0,0.0,0,0,0,0,0,0,0.11814208941871629,0.051958752067100454,0.17010084148581675,0.2546539193746793,-0.08455307788886254,-19.72905150740126
2021,DET,Austin Bryant,36248,ED,EDGE,436,17,1,0.058823529411764705,14,5,19,0,0,0,0.09707798131615994,0.02043519292039581,0.11751317423655577,0.2021575437637748,-0.08464436952721902,-0.13589692355287455
2024,WAS,Noah Igbinoghene,61155,CB,CB,971,597,556,0.931323283082077,0,0,22,0,0,6,0.12077569411031258,0.05628864807269217,0.17706434218300476,0.26270954927892354,-0.08564520709591877,-0.061742167834338973
2021,DET,Will Harris,51336,S,S,1011,572,510,0.8916083916083916,4,1,15,0,1,4,0.11713959476398716,0.05130877635393731,0.16844837111792446,0.2546539193746793,-0.08620554825675483,-0.0596873232242615
2021,NYJ,Jason Pinnock,56144,S,S,202,148,63,0.42567567567567566,0,0,2,0,2,1,0.11752382992518218,0.050734883671376595,0.1682587135965588,0.2546539193746793,-0.08639520577812049,-0.2993893269538829
2022,CHI,Terrell Lewis,42845,ED,EDGE,332,44,50,1.1363636363636365,4,1,6,1,0,1,0.0934383032243293,0.021653053583992804,0.11509135680832215,0.2021575437637748,-0.08706618695545264,-0.18357328574944834
2022,CHI,Angelo Blackson,9533,DI,IDL,393,1,0,0.0,5,0,13,0,0,0,0.12394660018343791,0.012198582269233644,0.13614518245267157,0.22337835625431512,-0.08723317380164355,-0.15537715435407248
2022,NYG,Jihad Ward,10678,ED,EDGE,740,56,43,0.7678571428571429,24,3,28,0,1,0,0.11427791410944457,0.00031350538552849547,0.1145914194949731,0.2021575437637748,-0.08756612426880168,-0.08283282025427187
2024,WAS,Jonathan Allen,11772,DI,IDL,421,1,0,0.0,26,3,18,0,0,0,0.11548444733550042,0.019951813675832493,0.13543626101133294,0.22337835625431512,-0.08794209524298219,-0.1462220110928445
2021,DET,Tracy Walker III,51266,S,S,881,485,255,0.5257731958762887,1,1,20,1,0,4,0.11504991748603234,0.05131785893558577,0.16636777642161812,0.2546539193746793,-0.08828614295306117,-0.07014790018971943
2024,SF,Maliek Collins,10701,DI,IDL,715,1,0,0.0,45,6,16,0,0,0,0.10953025061790315,0.0254373194364123,0.13496757005431548,0.22337835625431512,-0.08841078619999965,-0.08655601446153811
2024,JAC,Daniel Thomas,42544,S,S,35,28,0,0.0,0,0,0,0,0,0,0.11412700972716162,0.051958752067100454,0.1660857617942621,0.2546539193746793,-0.0885681575804172,-1.771363151608344
2023,DAL,C.J. Goodwin,9243,CB,CB,17,14,-3,-0.21428571428571427,0,0,0,0,0,0,0.11755242779231015,0.05628864807269217,0.17384107586500233,0.26270954927892354,-0.0888684734139212,-3.6592900817496967
2023,ARI,Kyzir White,44485,LB,LB,708,363,347,0.9559228650137741,6,2,30,1,0,3,0.09872208789073067,0.038691871146253345,0.13741395903698403,0.2264117320729514,-0.08899777303596737,-0.08799214848188865
2024,SF,Sam Okuayinonu,101425,ED,EDGE,451,4,22,5.5,23,3,22,0,1,0,0.11338595416941329,-0.0012959803576296108,0.11208997381178368,0.2021575437637748,-0.09006756995199111,-0.13979445447093963
2023,ARI,Kevin Strong,48981,DI,IDL,467,0,0,0.0,12,3,27,0,0,0,0.12350464464591682,0.009500838772059856,0.1330054834179767,0.22337835625431512,-0.09037287283633844,-0.13546255029001478
2024,SF,Deommodore Lenoir,55686,CB,CB,922,516,547,1.060077519379845,1,0,25,2,1,7,0.1154016301409436,0.05628864807269217,0.17169027821363578,0.26270954927892354,-0.09101927106528776,-0.0691035680539061
2023,ARI,Victor Dimukeje,56347,ED,EDGE,385,39,20,0.5128205128205128,24,5,14,0,1,0,0.10162704820021974,0.008915883033747114,0.11054293123396686,0.2021575437637748,-0.09161461252980793,-0.16657202278146896
2022,NYG,Kayvon Thibodeaux,98444,ED,EDGE,859,71,22,0.30985915492957744,45,4,29,0,2,0,0.10802172852519598,0.0018585991677047419,0.10988032769290074,0.2021575437637748,-0.09227721607087405,-0.07519680005775534
2021,NYJ,Jabari Zuniga,26449,ED,EDGE,53,0,0,0.0,1,1,1,0,1,0,0.09020712822990262,0.019508148684024493,0.10971527691392713,0.2021575437637748,-0.09244226684984766,-1.2209355999036484
2024,JAC,Myles Cole,83500,ED,EDGE,135,5,0,0.0,1,0,2,0,0,0,0.09005583069394921,0.0187906434426937,0.10884647413664292,0.2021575437637748,-0.09331106962713187,-0.4838351758443875
2024,JAC,Esezi Otomewo,55221,DI,IDL,90,2,0,0.0,8,1,1,0,0,0,0.08897989880244603,0.04001133395324975,0.1289912327556958,0.22337835625431512,-0.09438712349861933,-0.734122071655928
2024,SF,Ji'Ayir Brown,129767,S,S,886,482,185,0.38381742738589214,1,0,24,1,0,5,0.11097127239132604,0.04916955478367335,0.16014082717499942,0.2546539193746793,-0.09451309219967988,-0.07467174327288477
2022,CHI,Kindle Vildor,49346,CB,CB,531,296,369,1.2466216216216217,0,0,9,1,0,4,0.11007678831354714,0.05628864807269217,0.16636543638623932,0.26270954927892354,-0.09634411289268421,-0.12700730513159877
2024,CAR,Thomas Incoom,145694,ED,EDGE,41,4,19,4.75,2,0,4,0,0,0,0.11934479287075132,-0.01465608854740111,0.10468870432335023,0.2021575437637748,-0.09746883944042456,-1.6641021367877364
2021,NYJ,Nathan Shepherd,24614,DI,IDL,495,3,4,1.3333333333333333,19,0,13,0,0,0,0.12012188003787055,0.004711109029137284,0.12483298906700785,0.22337835625431512,-0.09854536718730728,-0.13935708491134363
2021,JAC,Rudy Ford,11963,CB,CB,423,256,286,1.1171875,9,1,14,1,0,0,0.10619725434054869,0.05628864807269217,0.16248590241324087,0.26270954927892354,-0.10022364686568266,-0.16585473476590512
2021,NYJ,Kyle Phillips,36340,ED,EDGE,234,4,0,0.0,7,1,6,0,0,0,0.08379079794099926,0.01800695605408544,0.10179775399508471,0.2021575437637748,-0.10035978976869007,-0.30022159332514126
2022,NYG,Julian Love,51081,S,S,1133,648,436,0.6728395061728395,4,1,35,2,0,4,0.10388739222546496,0.04943705526586067,0.15332444749132565,0.2546539193746793,-0.10132947188335364,-0.06260426329951241
2023,WAS,KJ Henry,76808,ED,EDGE,281,4,0,0.0,10,1,11,0,0,0,0.0950350743993105,0.005028303778969391,0.1000633781782799,0.2021575437637748,-0.10209416558549489,-0.25432710288201577
2024,WAS,Jer'Zhan Newton,129420,DI,IDL,586,0,0,0.0,23,2,20,0,1,0,0.1191310519947197,0.0017225443587833484,0.12085359635350307,0.22337835625431512,-0.10252475990081206,-0.12246984971086765
2024,SF,Fred Warner,51222,LB,LB,997,528,409,0.7746212121212122,7,1,53,2,4,3,0.09028058142479797,0.03214856472308184,0.12242914614787984,0.2264117320729514,-0.10398258592507156,-0.0730068306394685
2024,WAS,Daron Payne,48698,DI,IDL,796,2,0,0.0,38,5,29,0,0,0,0.10955676034585725,0.009349400483392868,0.11890616082925014,0.22337835625431512,-0.10447219542506499,-0.09187253366525816
2024,JAC,Jordan Jefferson,99325,DI,IDL,151,1,0,0.0,3,1,5,0,0,0,0.09146430932402888,0.026860829542580553,0.11832513886660945,0.22337835625431512,-0.10505321738770568,-0.4870016700092316
2023,WAS,James Smith-Williams,48455,ED,EDGE,418,4,0,0.0,23,1,10,0,0,0,0.08408817325078938,0.01280893503682396,0.09689710828761335,0.2021575437637748,-0.10526043547616144,-0.17627345653902635
2022,CHI,Dominique Robinson,61436,ED,EDGE,549,14,19,1.3571428571428572,15,3,11,0,0,0,0.08443082959637627,0.011787434972686302,0.09621826456906259,0.2021575437637748,-0.1059392791947122,-0.1350774051662997
2021,NYJ,Javelin Guidry,56262,CB,CB,487,265,328,1.2377358490566037,2,0,9,0,0,3,0.10000490555879091,0.05628864807269217,0.15629355363148306,0.26270954927892354,-0.10641599564744048,-0.15295933665956538
2023,ARI,Zaven Collins,77190,ED,EDGE,636,112,74,0.6607142857142857,30,4,22,1,0,1,0.09147519081382016,0.004169005659300532,0.09564419647312071,0.2021575437637748,-0.10651334729065408,-0.11723167154631739
2021,DET,Julian Okwara,44152,ED,EDGE,361,69,58,0.8405797101449275,21,5,17,1,1,1,0.09066073403144935,0.004958038776574309,0.09561877280802368,0.2021575437637748,-0.10653877095575111,-0.2065848744294343
2024,CAR,Dane Jackson,32989,CB,CB,282,181,204,1.12707182320442,1,0,5,0,0,1,0.09850559317423536,0.05628864807269217,0.15479424124692756,0.26270954927892354,-0.10791530803199598,-0.26787487809360705
2021,DET,Amani Oruwariye,50533,CB,CB,937,535,582,1.0878504672897196,0,0,13,6,0,5,0.09807836759689506,0.05628864807269217,0.15436701566958724,0.26270954927892354,-0.1083425336093363,-0.08093892585542732
2024,CAR,Amare Barno,99780,ED,EDGE,57,4,0,0.0,3,1,1,0,0,0,0.05991420770019156,0.032524525397406356,0.09243873309759794,0.2021575437637748,-0.10971881066617685,-1.3474239906372596
2024,CAR,Shaq Thompson,9458,LB,LB,245,116,91,0.7844827586206896,2,0,16,0,0,0,0.09882323376738116,0.01765644081552946,0.11647967458291061,0.2264117320729514,-0.10993205749004079,-0.3140915928286879
2024,JAC,Andrew Wingard,49268,S,S,216,129,13,0.10077519379844961,1,0,0,0,0,2,0.0920095177135316,0.051958752067100454,0.14396826978063207,0.2546539193746793,-0.11068564959404723,-0.35870349405478263
2022,CHI,Mike Pennel,9316,DI,IDL,363,1,0,0.0,5,0,19,0,1,0,0.1227242536058131,-0.010269379232556573,0.11245487437325655,0.22337835625431512,-0.11092348188105858,-0.21390203117559506
2021,NYJ,Elijah Riley,44440,S,S,386,192,137,0.7135416666666666,2,1,10,0,0,1,0.09884235012594503,0.044760504298383505,0.14360285442432857,0.2546539193746793,-0.11105106495035072,-0.20138794161980703
2022,NYG,Dexter Lawrence,25991,DI,IDL,977,0,0,0.0,70,9,42,0,2,0,0.10657518818719638,0.005461040960873784,0.11203622914807018,0.22337835625431512,-0.11134212710624494,-0.07977429782433107
2024,WAS,Bobby Wagner,7050,LB,LB,1258,610,353,0.578688524590164,28,4,56,0,1,3,0.08392027574469096,0.030945692163078534,0.1148659679077695,0.2264117320729514,-0.1115457641651819,-0.06206839023499788
2024,WAS,Quan Martin,83236,S,S,1115,650,264,0.40615384615384614,2,0,10,2,2,2,0.09068557506328914,0.05145848185796639,0.14214405692125553,0.2546539193746793,-0.11250986245342376,-0.07063399436537815
2023,WAS,Emmanuel Forbes,124166,CB,CB,482,318,633,1.990566037735849,1,0,12,1,0,9,0.0918076681850384,0.05628864807269217,0.1480963162577306,0.26270954927892354,-0.11461323302119295,-0.1664507533502802
2022,CHI,Jaylon Johnson,56259,CB,CB,656,349,426,1.2206303724928367,0,0,9,0,1,7,0.09059161993301831,0.05628864807269217,0.1468802680057105,0.26270954927892354,-0.11582928127321304,-0.1235983184317822
2024,WAS,Frankie Luvu,51028,LB,LB,1239,439,379,0.8633257403189066,42,9,48,1,1,2,0.07629183111402016,0.03410340218237335,0.11039523329639353,0.2264117320729514,-0.11601649877655787,-0.06554604450652987
2022,CHI,Armon Watts,27844,DI,IDL,531,1,0,0.0,11,1,20,0,0,0,0.11151627575559198,-0.004189807015892812,0.1073264687396992,0.22337835625431512,-0.11605188751461593,-0.15298742233565188
2023,WAS,Cody Barton,50727,LB,LB,844,453,348,0.7682119205298014,9,0,27,1,0,0,0.07352333543195691,0.0360104322789688,0.10953376771092573,0.2264117320729514,-0.11687796436202567,-0.09693670030025825
2021,JAC,Nevin Lawson,8768,CB,CB,325,201,199,0.9900497512437811,2,0,4,1,0,3,0.08931075407926244,0.05628864807269217,0.1455994021519546,0.26270954927892354,-0.11711014712696893,-0.25223723996577924
2024,SF,Leonard Floyd,10643,ED,EDGE,604,7,5,0.7142857142857143,44,11,25,0,1,0,0.08177857606795051,0.0032477768842791546,0.08502635295222967,0.2021575437637748,-0.11713119081154512,-0.13574806882132712
2024,CAR,Nick Thurman,49607,DI,IDL,241,0,0,0.0,1,0,4,0,0,0,0.10686764048675607,-0.002261917257359456,0.10460572322939664,0.22337835625431512,-0.11877263302491849,-0.3449827515246595
2024,CIN,Trey Hendrickson,11858,ED,EDGE,823,36,29,0.8055555555555556,83,18,32,0,2,0,0.07690368616175203,0.004915962353983923,0.08181964851573595,0.2021575437637748,-0.12033789524803884,-0.10235300932396986
2024,CAR,Jacoby Windmon,101226,LB,LB,128,56,98,1.75,3,1,4,0,0,2,0.06220579446997813,0.04348945825215723,0.10569525272213538,0.2264117320729514,-0.12071647935081602,-0.6601682464497751
2022,CHI,Al-Quadin Muhammad,11951,ED,EDGE,609,16,0,0.0,19,1,13,0,1,0,0.08803940503549858,-0.006764860825875574,0.081274544209623,0.2021575437637748,-0.12088299955415178,-0.13894597649902504
2023,ARI,Dennis Gardeck,66928,ED,EDGE,510,112,112,1.0,42,6,27,0,1,0,0.08860059138217402,-0.010476278305795334,0.0781243130763787,0.2021575437637748,-0.12403323068739609,-0.17024168917877897
2024,JAC,Tyler Lacy,76836,DI,IDL,340,2,0,0.0,9,0,8,0,0,0,0.10214189193368757,-0.004139429839257908,0.09800246209442968,0.22337835625431512,-0.12537589415988543,-0.25812684091741117
2024,WAS,Jeremy Chinn,43179,S,S,1207,651,494,0.7588325652841782,7,2,38,2,0,3,0.08315675253457211,0.04568444204568458,0.1288411945802567,0.2546539193746793,-0.1258127247944226,-0.07296512622708849
2021,NYJ,Marcus Maye,11794,S,S,362,204,240,1.1764705882352942,1,1,12,0,0,2,0.08676086899689614,0.041968768845281154,0.1287296378421773,0.2546539193746793,-0.12592428153250199,-0.24349999191367788
2021,JAC,Jihad Ward,10678,ED,EDGE,455,16,10,0.625,17,3,13,0,0,0,0.08186404721943774,-0.006919496122142591,0.07494455109729517,0.2021575437637748,-0.12721299266647962,-0.19571229640996865
2022,CHI,Kyler Gordon,83451,CB,CB,863,445,795,1.7865168539325842,2,0,24,3,1,2,0.07876162966628102,0.05628864807269217,0.13505027773897318,0.26270954927892354,-0.12765927153995035,-0.10354749719347074
2024,CAR,Jonathan Harris,94361,DI,IDL,133,0,0,0.0,2,0,5,0,0,0,0.10171856237457308,-0.007737311185073125,0.09398125118949997,0.22337835625431512,-0.12939710506481517,-0.6810373950779746
2021,JAC,K'Lavon Chaisson,57945,ED,EDGE,384,69,75,1.0869565217391304,15,1,16,0,0,0,0.09905677371354264,-0.02670836421695712,0.07234840949658553,0.2021575437637748,-0.12980913426718926,-0.23663123434123043
2024,CAR,Jaden Crumedy,83508,DI,IDL,121,2,0,0.0,1,1,6,0,0,0,0.08290933782308699,0.010446596489635048,0.09335593431272206,0.22337835625431512,-0.13002242194159308,-0.752195829414175
2022,CHI,Trevis Gipson,35241,ED,EDGE,641,15,23,1.5333333333333334,30,3,16,0,0,0,0.07018097383284837,0.0019218163613797974,0.07210279019422816,0.2021575437637748,-0.13005475356954663,-0.1420254719168216
2021,NYJ,Bryce Huff,27128,ED,EDGE,338,8,17,2.125,17,4,7,0,0,0,0.057219939470725206,0.014513271388045458,0.07173321085877067,0.2021575437637748,-0.1304243329050041,-0.2701095651878783
2023,WAS,Quan Martin,83236,S,S,365,233,285,1.2231759656652361,2,1,15,2,0,3,0.07337610457115935,0.05048310385077963,0.12385920842193901,0.2546539193746793,-0.13079471095274028,-0.2508391716901868
2021,JAC,Myles Jack,10670,LB,LB,917,449,475,1.0579064587973275,12,0,30,0,0,0,0.06511809724388634,0.029294738818194856,0.09441283606208122,0.2264117320729514,-0.13199889601087017,-0.1007625160388322
2021,JAC,DaVon Hamilton,28072,DI,IDL,443,0,0,0.0,10,1,20,0,0,0,0.10193353235274458,-0.011211103348352526,0.09072242900439206,0.22337835625431512,-0.13265592724992306,-0.20961433199762108
2023,ARI,Jalen Thompson,49116,S,S,938,510,336,0.6588235294117647,5,1,18,4,1,4,0.0721099600140514,0.047616165959540276,0.1197261259735917,0.2546539193746793,-0.1349277934010876,-0.10069238313513999
2024,CAR,Chau Smith-Wade,131956,CB,CB,301,183,174,0.9508196721311475,2,0,10,1,0,0,0.07115110409834936,0.05628864807269217,0.12743975217104153,0.26270954927892354,-0.135269797107882,-0.3145809235067023
2023,WAS,Casey Toohill,38472,ED,EDGE,494,10,15,1.5,15,5,15,0,0,0,0.06989827634224434,-0.003140361890206976,0.06675791445203737,0.2021575437637748,-0.13539962931173743,-0.19186182291136886
2024,CAR,Nick Scott,49012,S,S,324,174,111,0.6379310344827587,1,0,3,0,0,1,0.0675611109178594,0.050817436621723694,0.11837854753958311,0.2546539193746793,-0.1362753718350962,-0.29442209964372634
2023,WAS,Percy Butler,83271,S,S,835,525,257,0.4895238095238095,1,0,12,0,1,6,0.06758457413903653,0.05045013478695736,0.1180347089259939,0.2546539193746793,-0.1366192104486854,-0.11453107462764048
2024,JAC,Ventrell Miller,57809,LB,LB,482,237,256,1.080168776371308,2,0,30,0,1,2,0.07542363335003506,0.014339810975216439,0.08976344432525152,0.2264117320729514,-0.13664828774769988,-0.1984518701730081
2021,JAC,Taven Bryan,48753,DI,IDL,301,3,0,0.0,14,2,11,0,0,0,0.0872913715364164,-0.0014143638425160605,0.08587700769390035,0.22337835625431512,-0.1375013485604148,-0.3197705780474763
2021,NYJ,Sharrod Neasman,11050,S,S,226,125,43,0.344,1,0,3,1,0,2,0.06718636268512986,0.04944932480590115,0.116635687491031,0.2546539193746793,-0.1380182318836483,-0.42749009875466293
2024,WAS,Mike Sainristil,97180,CB,CB,1158,690,752,1.0898550724637681,0,0,23,4,1,9,0.06479665790975923,0.05628864807269217,0.12108530598245142,0.26270954927892354,-0.1416242432964721,-0.0856105097647068
2024,JAC,Ronald Darby,9483,CB,CB,659,410,605,1.475609756097561,0,0,9,0,0,4,0.06317266222908953,0.05628864807269217,0.11946131030178171,0.26270954927892354,-0.14324823897714184,-0.1521604966373282
2024,WAS,Dorance Armstrong,48557,ED,EDGE,747,16,17,1.0625,51,10,33,0,3,0,0.08446542837778256,-0.027791483698250012,0.056673944679532545,0.2021575437637748,-0.14548359908424224,-0.13633001252874105
2024,WAS,Dante Fowler Jr.,9436,ED,EDGE,642,26,34,1.3076923076923077,50,11,27,1,2,0,0.07496032638655808,-0.022975831307881455,0.05198449507867665,0.2021575437637748,-0.15017304868509815,-0.16374008423608832
2022,CHI,Nicholas Morrow,51674,LB,LB,1086,526,459,0.8726235741444867,8,1,48,1,0,1,0.05294440590487618,0.022745747432475292,0.07569015333735148,0.2264117320729514,-0.15072157873559994,-0.09715018887193366
2023,WAS,Kamren Curl,55800,S,S,1088,638,389,0.609717868338558,7,0,29,0,1,4,0.06185737542260742,0.041953864596478097,0.10381124001908551,0.2546539193746793,-0.15084267935559378,-0.09704951796775335
2021,DET,Charles Harris,11777,ED,EDGE,871,74,62,0.8378378378378378,52,8,41,0,2,0,0.07821869388012918,-0.027582165309645315,0.05063652857048388,0.2021575437637748,-0.15152101519329092,-0.12177349097049787
2024,SF,Nick Bosa,42741,ED,EDGE,693,6,13,2.1666666666666665,69,10,32,1,1,0,0.07246120421917855,-0.027527515310661034,0.044933688908517525,0.2021575437637748,-0.15722385485525725,-0.15881197460126995
2023,WAS,Jamin Davis,57905,LB,LB,742,385,422,1.096103896103896,8,3,35,1,2,3,0.04418170505779527,0.024479479953860336,0.06866118501165563,0.2264117320729514,-0.15775054706129576,-0.14882127081254318
2024,JAC,Antonio Johnson,124326,S,S,685,444,368,0.8288288288288288,7,0,12,0,0,1,0.045816857134867384,0.048539122661992715,0.09435597979686011,0.2546539193746793,-0.16029793957781918,-0.16380811343718749
2022,CHI,Eddie Jackson,11867,S,S,697,368,97,0.26358695652173914,0,0,9,4,2,3,0.042580168104970645,0.050274188256459004,0.09285435636142966,0.2546539193746793,-0.16179956301324963,-0.16249597433181456
2024,JAC,Maason Smith,146774,DI,IDL,384,1,0,0.0,14,3,10,0,0,0,0.06142806236680794,-0.0001459915076742248,0.061282070859133723,0.22337835625431512,-0.1620962853951814,-0.29548802025163273
2023,WAS,Kendall Fuller,10718,CB,CB,1020,627,488,0.7783094098883573,0,0,28,2,0,5,0.044270846680582704,0.05628864807269217,0.10055949475327489,0.26270954927892354,-0.16215005452564865,-0.11127944918426869
2021,NYJ,Ronald Blair III,10776,ED,EDGE,315,9,0,0.0,9,1,14,0,0,0,0.08062597954210164,-0.04247951968231318,0.03814645985978848,0.2021575437637748,-0.1640110839039863,-0.3644690753421918
2021,NYJ,Michael Carter II,60644,CB,CB,777,472,595,1.2605932203389831,6,1,21,0,0,4,0.039344096110907105,0.05628864807269217,0.09563274418359928,0.26270954927892354,-0.16707680509532424,-0.15051964423002184
2021,JAC,Malcom Brown,9465,DI,IDL,678,1,0,0.0,14,3,23,0,0,0,0.08192061792516774,-0.02802407539152547,0.0538965425336423,0.22337835625431512,-0.16948181372067284,-0.17498122360541443
2021,JAC,Adam Gotsis,10697,DI,IDL,443,0,0,0.0,16,3,18,0,0,0,0.07977173365196871,-0.027097239735358797,0.05267449391660994,0.22337835625431512,-0.17070386233770518,-0.2697352226555161
2024,JAC,Tyson Campbell,83217,CB,CB,767,447,483,1.080536912751678,0,0,8,0,0,6,0.03545757194574156,0.05628864807269217,0.09174622001843374,0.26270954927892354,-0.1709633292604898,-0.15602911405781336
2022,CHI,Jaquan Brisker,101665,S,S,954,477,302,0.6331236897274634,7,4,28,1,1,2,0.038428352101792206,0.044193132078858076,0.08262148418065028,0.2546539193746793,-0.172032435194029,-0.12622925014236927
2021,JAC,Roy Robertson-Harris,11341,DI,IDL,547,4,0,0.0,35,3,25,0,0,0,0.07316928297882336,-0.02229848316043979,0.05087079981838358,0.22337835625431512,-0.17250755643593155,-0.2207592129893091
2021,JAC,Rayshawn Jenkins,11868,S,S,836,457,272,0.5951859956236324,6,0,24,0,0,3,0.03556088724836435,0.04229800748906817,0.07785889473743252,0.2546539193746793,-0.17679502463724678,-0.14803411153836452
2024,CAR,Demani Richardson,98852,S,S,403,206,200,0.970873786407767,1,0,9,1,0,0,0.026144790331812058,0.049853146827800794,0.07599793715961285,0.2546539193746793,-0.17865598221506646,-0.3103205646415546
2024,CAR,LaBryan Ray,56501,DI,IDL,626,0,0,0.0,8,1,13,0,0,0,0.07227643335219056,-0.027881161004360614,0.044395272347829966,0.22337835625431512,-0.17898308390648515,-0.2001408286494243
2024,CAR,Trevin Wallace,146747,LB,LB,582,261,321,1.2298850574712643,5,1,14,0,1,0,0.022508519154957295,0.021642543150001397,0.04415106230495871,0.2264117320729514,-0.18226066976799268,-0.21921386398212178
2024,CAR,Jordan Fuller,45326,S,S,574,278,162,0.5827338129496403,0,0,8,0,1,1,0.02476377967512855,0.04712353089528015,0.07188731057040873,0.2546539193746793,-0.18276660880427056,-0.2228861082978909
2021,JAC,Andrew Wingard,49268,S,S,930,519,150,0.28901734104046245,3,1,22,1,0,0,0.020864336574337523,0.04989896055212745,0.070763297126465,0.2546539193746793,-0.18389062224821429,-0.13841229631586022
2024,CAR,Shy Tuttle,37279,DI,IDL,610,0,0,0.0,4,0,13,0,1,0,0.0997072037370016,-0.06506006352245207,0.03464714021454955,0.22337835625431512,-0.18873121603976556,-0.21657680529153422
2022,CHI,Justin Jones,48940,DI,IDL,746,6,0,0.0,27,3,28,0,0,0,0.07980548562619641,-0.04552251608528855,0.03428296954090787,0.22337835625431512,-0.18909538671340725,-0.1774353494629827
2023,WAS,Benjamin St-Juste,56061,CB,CB,1063,639,872,1.3646322378716744,1,1,18,1,2,13,0.017043139205592975,0.05628864807269217,0.07333178727828515,0.26270954927892354,-0.18937776200063838,-0.12470783951123882
2021,JAC,Shaquill Griffin,11845,CB,CB,872,505,477,0.9445544554455445,3,0,19,0,1,6,0.01677275869887874,0.05628864807269217,0.07306140677157091,0.26270954927892354,-0.18964814250735262,-0.15224048137058124
2024,CAR,Jayden Peevy,56876,DI,IDL,84,1,0,0.0,5,2,4,0,1,0,0.04746689462848194,-0.01578151817302906,0.0316853764554529,0.22337835625431512,-0.19169297979886224,-1.597441498323852
2021,NYJ,Sheldon Rankins,10646,DI,IDL,643,2,0,0.0,24,4,17,0,0,0,0.0560992309696714,-0.025591415130771327,0.030507815838900075,0.22337835625431512,-0.19287054041541504,-0.20996792891258248
2021,NYJ,Shaq Lawson,10653,ED,EDGE,534,7,0,0.0,17,2,11,1,0,0,0.031789201664269004,-0.042844131820219476,-0.011054930155950451,0.2021575437637748,-0.21321247391972525,-0.2794920070108758
2024,CAR,DeShawn Williams,9891,DI,IDL,338,3,0,0.0,16,1,12,0,0,0,0.05511882688410866,-0.04606506867906879,0.009053758205039873,0.22337835625431512,-0.21432459804927526,-0.44386751075293696
2024,JAC,Arik Armstead,9450,ED,EDGE,569,2,0,0.0,36,2,19,0,0,0,0.029752655020391792,-0.04699146724557629,-0.017238812225184474,0.2021575437637748,-0.21939635598895926,-0.26990764357165464
2021,NYJ,Folorunso Fatukasi,38558,DI,IDL,558,0,0,0.0,16,0,28,0,0,0,0.10669466360028822,-0.10431602176337204,0.0023786418369161804,0.22337835625431512,-0.22099971441739893,-0.2772397851114324
2021,JAC,Damien Wilson,9560,LB,LB,866,393,629,1.6005089058524173,13,3,41,1,1,3,-0.017166638593296125,0.018923577755922006,0.0017569391626258886,0.2264117320729514,-0.2246547929103255,-0.18159163399217995
2023,WAS,Jonathan Allen,11772,DI,IDL,867,3,0,0.0,49,6,37,0,0,0,0.04308602106661783,-0.0501512918414867,-0.007065270774868848,0.22337835625431512,-0.23044362702918397,-0.18605598491398936
2021,NYJ,Quincy Williams,49779,LB,LB,881,427,448,1.0491803278688525,10,2,46,0,3,3,-0.006530407671094774,-0.0015436098611591818,-0.008074017532253949,0.2264117320729514,-0.23448574960520535,-0.18631103827882378
2021,NYJ,Brandin Echols,98900,CB,CB,762,461,600,1.3015184381778742,0,0,16,2,0,5,-0.02942145178437474,0.05628864807269217,0.02686719628831744,0.26270954927892354,-0.2358423529906061,-0.21665308017509746
2024,JAC,Jarrian Jones,97486,CB,CB,699,458,457,0.9978165938864629,2,2,17,1,0,6,-0.03045597651324742,0.05628864807269217,0.025832671559444756,0.26270954927892354,-0.2368768777194788,-0.2372157573728686
2024,JAC,Darnell Savage,34247,S,S,764,452,326,0.7212389380530974,0,0,12,1,0,3,-0.030267076904467137,0.04670940639708417,0.016442329492617043,0.2546539193746793,-0.23821158988206226,-0.2182566923003188
2024,JAC,Montaric Brown,55797,CB,CB,855,519,634,1.2215799614643545,0,0,26,1,0,5,-0.036282801647608096,0.05628864807269217,0.02000584642508408,0.26270954927892354,-0.24270370285383946,-0.19870478596220775
2021,NYJ,C.J. Mosley,8652,LB,LB,1098,558,598,1.07168458781362,6,2,60,0,2,2,-0.022790045251423037,0.005357268026665994,-0.017432777224757036,0.2264117320729514,-0.24384450929770843,-0.15545642669252813
2024,JAC,Jeremiah Ledbetter,11960,DI,IDL,441,2,0,0.0,8,2,23,0,0,0,0.0730074087079819,-0.09572858352694052,-0.022721174818958582,0.22337835625431512,-0.2460995310732737,-0.3906341763067837
2021,JAC,Dawuane Smoot,11823,ED,EDGE,675,25,70,2.8,50,7,20,0,1,0,0.028468815249813553,-0.07302512246257406,-0.04455630721276052,0.2021575437637748,-0.2467138509765353,-0.25585140101270326
2024,JAC,DaVon Hamilton,28072,DI,IDL,626,2,0,0.0,16,0,37,0,0,0,0.09653592740276769,-0.12061796789044615,-0.024082040487678442,0.22337835625431512,-0.24746039674199358,-0.27671290370510465
2021,NYJ,Ashtyn Davis,49560,S,S,745,414,286,0.6908212560386473,3,1,12,2,3,1,-0.04200308489113188,0.04574167833034497,0.003738593439213095,0.2546539193746793,-0.25091532593546617,-0.2357593666507736
2024,CAR,DJ Johnson,56704,ED,EDGE,392,19,3,0.15789473684210525,1,1,18,0,0,0,0.08080039040153035,-0.13272662767431742,-0.05192623727278704,0.2021575437637748,-0.2540837810365618,-0.453721037565289
2023,WAS,Daron Payne,48698,DI,IDL,924,3,0,0.0,35,5,40,0,2,0,0.06317444464375149,-0.09761081707802576,-0.03443637243427425,0.22337835625431512,-0.25781472868858935,-0.19531418840044648
2024,JAC,Devin Lloyd,58238,LB,LB,884,461,464,1.0065075921908895,10,2,39,1,1,1,-0.049116677716545286,0.006750076463101809,-0.04236660125344346,0.2264117320729514,-0.26877833332639484,-0.2128335218647923
2021,JAC,Tyson Campbell,83217,CB,CB,864,503,690,1.371769383697813,0,0,23,2,0,8,-0.06464769289360027,0.05628864807269217,-0.008359044820908088,0.26270954927892354,-0.27106859409983164,-0.21961575910865988
2024,JAC,Foyesade Oluokun,24904,LB,LB,815,448,400,0.8928571428571429,5,1,38,1,0,5,-0.07347009479231983,0.014029712834764448,-0.05944038195755537,0.2264117320729514,-0.28585211403050675,-0.24551715315503647
2021,NYJ,John Franklin-Myers,50088,ED,EDGE,717,5,2,0.4,53,6,19,1,1,0,-0.02766360558994222,-0.06506950757674772,-0.0927331131666899,0.2021575437637748,-0.2948906569304647,-0.2878988282445262
2021,NYJ,Quinnen Williams,44216,DI,IDL,613,3,0,0.0,34,7,35,0,0,0,0.015372564670833347,-0.08823541693599302,-0.07286285226515965,0.22337835625431512,-0.2962412085194748,-0.3382852299569859
2024,JAC,Andre Cisco,76641,S,S,979,591,307,0.5194585448392555,0,0,9,1,0,6,-0.09972898215295513,0.050096420207471376,-0.04963256194548371,0.2546539193746793,-0.304286481320163,-0.2175694963474097
2021,NYJ,Bryce Hall,42313,CB,CB,1171,668,638,0.9550898203592815,5,1,23,0,0,14,-0.12302936573771812,0.05628864807269217,-0.06674071766502594,0.26270954927892354,-0.32945026694394947,-0.1969386736641884
2021,JAC,Josh Hines-Allen,50235,ED,EDGE,767,58,29,0.5,50,8,35,1,1,0,-0.012709751326815179,-0.13609258152209122,-0.1488023328489064,0.2021575437637748,-0.3509598766126812,-0.3203023645748068
2024,CAR,D.J. Wonnum,44550,ED,EDGE,453,36,38,1.0555555555555556,26,4,15,0,1,0,-0.026942056874001443,-0.12930558199330358,-0.15624763886730503,0.2021575437637748,-0.3584051826310798,-0.5538269930281586
2024,JAC,Josh Hines-Allen,50235,ED,EDGE,821,19,16,0.8421052631578947,63,9,27,0,1,0,-0.0668595663733957,-0.1318515992634205,-0.19871116563681623,0.2021575437637748,-0.40086870940059105,-0.34178818097492536
2024,CAR,Josey Jewell,50720,LB,LB,796,390,422,1.082051282051282,7,3,37,1,0,3,-0.1939003306633689,-0.01301861368928155,-0.20691894435265043,0.2264117320729514,-0.43333067642560186,-0.38106969032402177
2024,CAR,A'Shawn Robinson,10680,DI,IDL,761,1,0,0.0,24,5,29,0,1,0,-0.041865171757451344,-0.22364427117313623,-0.26550944293058754,0.22337835625431512,-0.48888779918490266,-0.4496996838757317
2024,JAC,Travon Walker,98940,ED,EDGE,911,16,15,0.9375,56,10,35,0,2,0,-0.0722355796999896,-0.2167117312812646,-0.28894731098125426,0.2021575437637748,-0.4911048547450291,-0.3773582857535899
2024,CAR,Xavier Woods,11946,S,S,1216,636,295,0.4638364779874214,0,0,21,3,0,1,-0.28631114022069015,0.03752936787569265,-0.24878177234499746,0.2546539193746793,-0.5034356917196767,-0.28980673043073496
2024,CAR,Jaycee Horn,83375,CB,CB,1034,546,477,0.8736263736263736,4,2,26,1,0,9,-0.3120701678856653,0.05628864807269217,-0.25578151981297315,0.26270954927892354,-0.5184910690918967,-0.35100942781849875
2024,CAR,Jadeveon Clowney,8636,ED,EDGE,650,49,30,0.6122448979591837,44,6,24,0,0,0,-0.11800192663421435,-0.22708785556393235,-0.3450897821981467,0.2021575437637748,-0.5472473259619215,-0.5893432741128385
2024,CAR,Mike Jackson,50437,CB,CB,1204,637,739,1.1601255886970172,1,0,16,2,1,12,-0.4265730993599322,0.05628864807269217,-0.3702844512872401,0.26270954927892354,-0.6329940005661636,-0.3680197677710254
