season,player,player_id,team,position,position_group,player_game_count,snap_counts_offense,snap_counts_pass_block,snap_counts_run_block,grades_offense,grades_pass_block,grades_run_block,pressures_allowed,sacks_allowed,hits_allowed,hurries_allowed,block_percent,pass_block_percent,pbe,penalties,declined_penalties,replacement_pass_block,replacement_run_block,pass_block_above_replacement,run_block_above_replacement,team_pass_block_snaps,team_run_block_snaps,team_offense_snaps,pass_block_snap_share,run_block_snap_share,offense_snap_share,pass_block_epa_contribution,run_block_epa_contribution,total_epa_contribution,war
2021,Trey Smith,62960,KC,G,G,20,1404,956,448,72.7,61.5,78.2,57,5,10,42,100.0,100.0,96.5,11,1,48.5,53.4,13.0,24.800000000000004,4783,2258,7044,0.1998745557181685,0.19840566873339238,0.19931856899488926,5.508542755592724,10.018057750221438,15.526600505814162,0.5068056908433213
2021,Joe Thuney,10712,KC,G,G,20,1394,956,438,81.2,90.5,70.6,17,1,2,14,100.0,100.0,99.0,8,2,48.5,53.4,42.0,17.199999999999996,4783,2258,7044,0.1998745557181685,0.19397697077059345,0.19789892106757523,17.796830441145726,6.792918334809564,24.58974877595529,0.8026370364456193
2021,Creed Humphrey,59996,KC,C,C,20,1394,956,438,91.8,79.1,93.1,12,3,1,8,100.0,100.0,99.2,7,2,53.45,55.375,25.64999999999999,37.724999999999994,4783,2258,7044,0.1998745557181685,0.19397697077059345,0.19789892106757523,10.868778590842563,14.899002568644816,25.767781159487377,0.8410893374337344
2021,David Edwards,35941,LA,G,G,21,1365,838,527,68.4,70.7,65.1,41,7,4,30,100.0,100.0,97.0,5,1,48.5,53.4,22.200000000000003,11.699999999999996,4217,2687,6904,0.19871946881669433,0.1961295124674358,0.1977114716106605,9.352533080388902,4.67204034238928,14.024573422778182,0.4577778387260228
2021,Austin Corbett,46290,LA,G,G,21,1360,838,522,69.6,63.1,68.5,41,3,10,28,100.0,100.0,97.2,3,0,48.5,53.4,14.600000000000001,15.100000000000001,4217,2687,6904,0.19871946881669433,0.194268701153703,0.1969872537659328,6.150764998814323,5.972519240788984,12.123284239603308,0.39571762292984464
2021,Orlando Brown Jr.,46227,KC,T,T,19,1337,916,421,75.4,74.4,68.4,45,6,13,26,100.0,100.0,97.0,7,3,54.75,55.05,19.650000000000006,13.350000000000009,4783,2258,7044,0.19151160359606942,0.18644818423383525,0.1898069278818853,7.9779903826050615,5.067773516386185,13.045763898991247,0.4258283957863979
2021,Alex Cappa,66578,TB,G,G,19,1327,896,431,71.3,67.5,69.0,35,5,7,23,100.0,100.0,97.7,1,0,48.5,53.4,19.0,15.600000000000001,4505,2228,6740,0.19889012208657048,0.19344703770197486,0.19688427299703265,8.011294117647058,6.144187432675045,14.155481550322103,0.4620508271365933
2021,Jonah Williams,41651,CIN,T,T,20,1301,808,493,74.5,67.5,75.6,51,10,7,34,100.0,100.0,96.0,5,0,54.75,55.05,12.75,20.549999999999997,4224,2645,6871,0.19128787878787878,0.18638941398865785,0.18934652888953574,5.170511363636363,7.798495803402645,12.969007167039008,0.4233229697886489
2021,Ryan Jensen,7985,TB,C,C,19,1296,886,410,68.3,57.1,77.1,27,4,5,18,100.0,100.0,98.2,6,2,53.45,55.375,3.6499999999999986,21.724999999999994,4505,2228,6740,0.19667036625971143,0.18402154398563733,0.19228486646884274,1.5218352941176465,8.139659335727107,9.661494629844753,0.31536204326400635
2021,Daryl Williams,9535,BUF,G,G,19,1292,850,442,66.8,72.3,59.0,44,4,9,31,100.0,100.0,97.0,6,0,48.5,53.4,23.799999999999997,5.600000000000001,4358,2433,6798,0.1950435979807251,0.1816687217427045,0.19005589879376286,9.841119779715465,2.0713140978216202,11.912433877537085,0.38883523013745447
2021,Donovan Smith,9467,TB,T,T,19,1292,884,408,80.5,80.1,69.9,43,4,4,35,100.0,100.0,97.2,8,2,54.75,55.05,25.349999999999994,14.850000000000009,4505,2228,6740,0.19622641509433963,0.18312387791741472,0.1916913946587537,10.545599999999997,5.536677199281869,16.082277199281865,0.5249436026426861
2021,Mitch Morse,9482,BUF,C,C,19,1284,851,433,63.4,71.8,58.8,26,2,2,22,100.0,100.0,98.2,5,1,53.45,55.375,18.349999999999994,3.424999999999997,4358,2433,6798,0.195273061037173,0.17796958487464037,0.18887908208296558,7.596512620468102,1.2410353062063286,8.83754792667443,0.2884674968395045
2021,Tyler Biadasz,41178,DAL,C,C,18,1274,819,455,65.1,69.3,68.7,22,1,4,17,100.0,100.0,98.5,11,0,53.45,55.375,15.849999999999994,13.325000000000003,4128,2472,6615,0.19840116279069767,0.18406148867313915,0.1925925925925926,6.666675872093021,4.993532969255664,11.660208841348684,0.3806023214807542
2021,Laken Tomlinson,9461,SF,G,G,20,1264,681,583,73.6,69.2,75.3,33,3,9,21,100.0,100.0,97.2,7,0,48.5,53.4,20.700000000000003,21.9,3405,2919,6325,0.2,0.19972593353888318,0.1998418972332016,8.776800000000001,8.90545981500514,17.68225981500514,0.5771688334390406
2021,Daniel Brunskill,34807,SF,G,G,20,1259,681,578,57.1,48.2,59.6,41,5,6,30,100.0,100.0,96.4,4,1,48.5,53.4,-0.29999999999999716,6.200000000000003,3405,2919,6325,0.2,0.19801301815690306,0.1990513833992095,-0.1271999999999988,2.49955793079822,2.372357930798221,0.0774364291523825
2021,Alex Mack,4944,SF,C,C,20,1258,680,578,70.6,74.8,67.4,15,2,2,11,100.0,100.0,98.7,3,0,53.45,55.375,21.349999999999994,12.025000000000006,3405,2919,6325,0.19970631424375918,0.19801301815690306,0.19889328063241107,9.039107195301025,4.847932922233644,13.887040117534669,0.4532885970693058
2021,Quinton Spain,10110,CIN,G,G,20,1252,782,470,66.4,56.2,69.4,30,7,4,19,100.0,100.0,97.5,4,0,48.5,53.4,7.700000000000003,16.000000000000007,4224,2645,6871,0.18513257575757575,0.1776937618147448,0.18221510697132878,3.0221041666666673,5.788551984877129,8.810656151543796,0.28758971907559666
2021,David Quessenberry,7957,TEN,T,T,18,1237,662,575,79.2,61.6,86.6,46,11,12,23,100.0,100.0,95.4,2,1,54.75,55.05,6.850000000000001,31.549999999999997,3271,2872,6150,0.20238459186793029,0.20020891364902507,0.20113821138211382,2.9390290431060846,12.860579735376044,15.799608778482128,0.5157169876969769
2021,Rob Havenstein,9490,LA,T,T,19,1236,764,472,83.4,77.5,82.2,30,7,6,17,100.0,100.0,97.5,4,2,54.75,55.05,22.75,27.150000000000006,4217,2687,6904,0.18117144889732037,0.17566058801637513,0.17902665121668598,8.73789898031776,9.710060588016377,18.447959568334138,0.6021621339570226
2021,Kevin Zeitler,7032,BAL,G,G,17,1221,771,450,75.1,79.7,68.7,17,1,0,16,100.0,100.0,98.8,7,0,48.5,53.4,31.200000000000003,15.300000000000004,3957,2319,6280,0.19484457922668688,0.19404915912031048,0.1944267515923567,12.887799848369978,6.0447865459249694,18.932586394294947,0.6179808982280748
2021,Kolton Miller,47013,LV,T,T,18,1216,792,424,85.0,85.1,77.9,35,4,5,26,100.0,100.0,97.4,6,2,54.75,55.05,30.349999999999994,22.85000000000001,3963,2129,6092,0.19984859954579864,0.199154532644434,0.19960604070912671,12.858658591975773,9.265186660403948,22.123845252379724,0.7221471740091695
2021,Andre James,47058,LV,C,C,18,1216,792,424,64.8,68.6,61.8,18,3,3,12,100.0,100.0,98.6,8,0,53.45,55.375,15.149999999999991,6.424999999999997,3963,2129,6092,0.19984859954579864,0.199154532644434,0.19960604070912671,6.418737320211957,2.6052001878816333,9.02393750809359,0.2945514622601233
2021,Ben Jones,7099,TEN,C,C,18,1213,658,555,76.4,66.3,79.9,26,1,7,18,100.0,100.0,97.8,6,1,53.45,55.375,12.849999999999994,24.525000000000006,3271,2872,6150,0.20116172424335066,0.1932451253481894,0.19723577235772358,5.480047691837356,9.649289519498609,15.129337211335965,0.49383857042766277
2021,Dion Dawkins,11818,BUF,T,T,18,1209,795,413,79.4,82.8,69.2,28,4,6,18,99.9,99.9,97.9,10,2,54.75,55.05,28.049999999999997,14.150000000000006,4358,2433,6798,0.18242312987608994,0.16974928072338677,0.17784642541924095,10.847973841211564,4.89037492807234,15.738348769283904,0.5137173921466729
2021,Alejandro Villanueva,9091,BAL,T,T,17,1205,764,441,65.4,58.7,65.9,54,9,9,36,100.0,100.0,95.6,11,1,54.75,55.05,3.950000000000003,10.850000000000009,3957,2319,6280,0.19307556229466769,0.19016817593790428,0.19187898089171976,1.6168147586555484,4.200929107373871,5.817743866029419,0.1898976983447496
2021,Tristan Wirfs,64818,TB,T,T,18,1190,801,389,84.3,83.8,74.4,15,3,2,10,100.0,100.0,98.8,3,1,54.75,55.05,29.049999999999997,19.35000000000001,4505,2228,6740,0.17780244173140955,0.1745960502692998,0.17655786350148367,10.950141176470588,6.8784907540395,17.828631930510088,0.5819465837966225
2021,John Simpson,41715,LV,G,G,18,1189,772,417,53.0,64.1,45.9,40,3,5,32,100.0,100.0,97.0,11,1,48.5,53.4,15.599999999999994,-7.5,3963,2129,6092,0.19480191773908656,0.19586660403945513,0.19517399868680235,6.442489023467068,-2.9908830436824796,3.451605979784589,0.11266429843729275
2021,Trey Hopkins,9276,CIN,C,C,19,1185,750,435,51.9,60.5,47.6,22,5,3,14,100.0,100.0,98.1,5,1,53.45,55.375,7.049999999999997,-7.774999999999999,4224,2645,6871,0.17755681818181818,0.16446124763705103,0.17246397904235192,2.6537642045454537,-2.6034051039697537,0.05035910057570003,0.0016437776413425955
2021,Ali Marpet,9494,TB,G,G,18,1181,812,369,82.7,75.6,85.6,25,3,2,20,100.0,100.0,98.2,4,0,48.5,53.4,27.099999999999994,32.199999999999996,4505,2228,6740,0.1802441731409545,0.16561938958707362,0.1752225519287834,10.355388235294116,10.857874685816874,21.21326292111099,0.6924247433138243
2021,Brian Allen,46104,LA,C,C,20,1181,730,451,74.8,62.4,79.7,25,5,5,15,100.0,100.0,97.8,6,0,53.45,55.375,8.949999999999996,24.325000000000003,4217,2687,6904,0.17310884515058098,0.16784518049869743,0.17106025492468135,3.2845672278871216,8.312650055824339,11.59721728371146,0.37854620624331536
2021,Alex Leatherwood,58468,LV,G,G,18,1181,770,411,45.5,31.3,62.2,67,8,17,42,100.0,100.0,94.8,16,3,48.5,53.4,-17.2,8.800000000000004,3963,2129,6092,0.19429724955841535,0.19304837952090184,0.1938608010505581,-7.084854907898057,3.4588092062000957,-3.6260457016979615,-0.11835820701320532
2021,Zack Martin,8651,DAL,G,G,17,1173,743,430,93.4,87.6,92.5,23,2,6,15,100.0,100.0,98.2,2,0,48.5,53.4,39.099999999999994,39.1,4128,2472,6615,0.17999031007751937,0.1739482200647249,0.17732426303854876,14.919756782945733,13.847600323624595,28.76735710657033,0.9389988675674634
2021,Robert Hunt,46139,MIA,G,G,17,1153,740,413,67.4,68.3,65.6,31,2,3,26,100.0,100.0,97.6,8,1,48.5,53.4,19.799999999999997,12.199999999999996,3704,2073,5777,0.19978401727861772,0.19922817173178967,0.19958455945992729,8.386133909287256,4.948668403280268,13.334802312567525,0.43526293445556313
2021,Trai Turner,8727,PIT,G,G,18,1150,750,400,68.1,72.5,65.5,21,8,0,13,100.0,100.0,97.9,6,2,48.5,53.4,24.0,12.100000000000001,4029,2173,6203,0.18615040953090098,0.18407731247123793,0.1853941641141383,9.471332836932241,4.5348550391164295,14.00618787604867,0.4571777138172707
2021,Taylor Moton,11819,CAR,T,T,17,1149,713,436,77.5,79.4,70.7,27,1,4,22,100.0,100.0,97.9,5,0,54.75,55.05,24.650000000000006,15.650000000000006,3566,2182,5748,0.19994391475042064,0.1998166819431714,0.19989561586638832,10.448669097027485,6.36683886342805,16.815507960455534,0.5488770787648446
2021,David Andrews,9948,NE,C,C,18,1149,654,495,79.6,73.2,80.1,18,1,3,14,100.0,100.0,98.5,4,0,53.45,55.375,19.75,24.724999999999994,3305,2639,5945,0.19788199697428138,0.18757104964001517,0.19327165685449957,8.28531921331316,9.442345395983326,17.727664609296486,0.5786508969551212
2021,Dan Moore Jr.,60120,PIT,T,T,17,1147,752,395,57.5,59.5,52.0,48,7,11,30,100.0,100.0,96.1,6,1,54.75,55.05,4.75,-3.049999999999997,4029,2173,6203,0.18664681062298338,0.18177634606534745,0.18491052716427536,1.8795333829734424,-1.1287947537965937,0.7507386291768487,0.024504952610860636
2021,Brian O'Neill,46854,MIN,T,T,17,1140,695,445,73.4,77.5,66.1,22,1,2,19,100.0,100.0,98.2,5,0,54.75,55.05,22.75,11.049999999999997,3487,2278,5768,0.19931172928018354,0.19534679543459174,0.19764216366158113,9.61280470318325,4.394873134328357,14.007677837511608,0.4572263478339874
2021,Ezra Cleveland,41973,MIN,G,G,17,1140,695,445,68.6,55.5,71.9,34,1,6,27,100.0,100.0,97.3,3,0,48.5,53.4,7.0,18.500000000000007,3487,2278,5768,0.19931172928018354,0.19534679543459174,0.19764216366158113,2.9577860625179233,7.357932396839335,10.315718459357258,0.3367166443409188
2021,D.J. Humphries,9457,ARI,T,T,17,1138,699,439,67.5,65.7,69.8,45,8,4,33,100.0,100.0,96.0,12,3,54.75,55.05,10.950000000000003,14.75,3735,2427,6162,0.18714859437751005,0.18088174701277296,0.18468029860434923,4.344467469879519,5.432059744540585,9.776527214420105,0.3191168361095731
2021,Chukwuma Okorafor,46302,PIT,T,T,17,1133,720,413,62.2,61.1,65.0,23,2,7,14,100.0,100.0,98.1,11,2,54.75,55.05,6.350000000000001,9.950000000000003,4029,2173,6203,0.17870439314966494,0.19005982512655314,0.18265355473158149,2.4057185405807897,3.85026994937874,6.255988489959529,0.20420249541260105
2021,Bradley Bozeman,27934,BAL,C,C,16,1125,718,407,73.6,73.8,71.1,21,3,3,15,100.0,100.0,98.2,1,0,53.45,55.375,20.349999999999994,15.724999999999994,3957,2319,6280,0.18145059388425575,0.1755066839154808,0.17914012738853502,7.828141521354558,5.619039542906423,13.447181064260981,0.43893110321322415
2021,James Daniels,45576,CHI,G,G,17,1121,701,420,71.8,68.3,72.9,40,3,4,33,100.0,100.0,96.7,9,2,48.5,53.4,19.799999999999997,19.500000000000007,3518,2137,5656,0.1992609437180216,0.1965372016846046,0.1981966053748232,8.364177373507674,7.802919981282174,16.16709735478985,0.5277122278477698
2021,Sam Mustipher,13026,CHI,C,C,17,1121,701,420,51.0,61.7,46.4,28,1,3,24,100.0,100.0,97.8,5,0,53.45,55.375,8.25,-8.975000000000001,3518,2137,5656,0.1992609437180216,0.1965372016846046,0.1981966053748232,3.4850739056281976,-3.5913439401029486,-0.10627003447475092,-0.0034687733620602716
2021,Cody Whitehair,10690,CHI,G,G,17,1121,701,420,66.2,61.3,66.3,33,4,5,24,100.0,100.0,97.2,5,1,48.5,53.4,12.799999999999997,12.899999999999999,3518,2137,5656,0.1992609437180216,0.1965372016846046,0.1981966053748232,5.407144968732234,5.161931679925128,10.569076648657362,0.3449865403887349
2021,Charles Leno Jr.,8880,WAS,T,T,17,1121,678,443,81.2,87.3,63.5,36,6,7,23,100.0,100.0,96.7,1,0,54.75,55.05,32.55,8.450000000000003,3416,2245,5661,0.19847775175644028,0.1973273942093541,0.19802155096272744,13.696155737704919,3.3948599554565715,17.09101569316149,0.5578699608032813
2021,Matt Feiler,9289,LAC,G,G,16,1119,737,382,74.0,62.2,78.5,25,5,7,13,100.0,100.0,97.8,6,0,48.5,53.4,13.700000000000003,25.1,3992,2046,6042,0.1846192384769539,0.18670576735092864,0.18520357497517378,5.3620811623246505,9.541336852394917,14.903418014719566,0.48646431393970413
2021,Rashawn Slater,59971,LAC,T,T,16,1116,752,364,83.6,80.3,80.2,26,4,6,16,100.0,100.0,97.9,6,0,54.75,55.05,25.549999999999997,25.150000000000006,3992,2046,6042,0.18837675350701402,0.17790811339198437,0.18470705064548162,10.203615230460919,9.10985610948192,19.313471339942836,0.6304134109302992
2021,Jon Runyan,36661,GB,G,G,17,1109,672,437,64.6,72.0,57.4,21,2,3,16,100.0,100.0,98.2,1,1,48.5,53.4,23.5,4.0,3590,2270,5860,0.1871866295264624,0.19251101321585903,0.18924914675767918,9.325637883008357,1.567809691629956,10.893447574638312,0.3555743719729702
2021,Liam Eichenberg,41851,MIA,T,T,17,1108,704,404,50.8,46.9,57.9,62,9,8,45,100.0,100.0,94.6,10,3,54.75,55.05,-7.850000000000001,2.8500000000000014,3704,2073,5777,0.1900647948164147,0.1948866377231066,0.19179504933356414,-3.1630583153347738,1.130849204052099,-2.0322091112826746,-0.06633358939041638
2021,Joel Bitonio,8670,CLE,G,G,17,1107,631,476,93.6,85.9,92.5,17,2,2,13,100.0,100.0,98.4,3,0,48.5,53.4,37.400000000000006,39.1,3162,2396,5559,0.1995572422517394,0.1986644407345576,0.19913653534808418,15.822494623655915,15.815199332220368,31.637693955876284,1.0326898882980355
2021,Wyatt Teller,46131,CLE,G,G,17,1107,631,476,84.9,70.4,88.4,24,4,0,20,100.0,100.0,97.7,11,1,48.5,53.4,21.900000000000006,35.00000000000001,3162,2396,5559,0.1995572422517394,0.1986644407345576,0.19913653534808418,9.265043643263757,14.156828046744579,23.421871690008338,0.7645162157842139
2021,Trent Williams,5529,SF,T,T,18,1105,591,513,96.6,82.7,97.7,23,1,6,16,99.9,99.8,97.8,10,2,54.75,55.05,27.950000000000003,42.650000000000006,3405,2919,6325,0.173568281938326,0.17574511819116137,0.17470355731225296,10.284614977973568,15.260897636176775,25.545512614150343,0.8338342423064982
2021,Andrew Whitworth,3000,LA,T,T,18,1102,703,399,87.2,89.8,74.2,20,6,3,11,100.0,100.0,98.1,7,2,54.75,55.05,35.05,19.150000000000006,4217,2687,6904,0.16670618923405264,0.14849274283587643,0.15961761297798377,12.387270097225516,5.789642947525122,18.176913044750638,0.593314870798292
2021,Austin Jackson,60816,MIA,G,G,16,1096,708,388,49.9,49.1,54.8,49,2,6,41,100.0,100.0,96.1,12,0,48.5,53.4,0.6000000000000014,1.3999999999999986,3704,2073,5777,0.19114470842332612,0.18716835504100338,0.18971784663320063,0.2431360691144714,0.5335046792088755,0.7766407483233468,0.025350426891172752
2021,Cesar Ruiz,59857,NO,G,G,17,1091,610,481,57.6,63.8,52.9,31,5,2,24,100.0,100.0,96.9,1,0,48.5,53.4,15.299999999999997,-0.5,3104,2543,5648,0.19652061855670103,0.18914667715296893,0.1931657223796034,6.374342783505153,-0.19255131734172237,6.18179146616343,0.2017806211659223
2021,Royce Newman,41746,GB,G,G,17,1084,660,424,55.7,60.2,51.9,32,6,5,21,100.0,100.0,97.0,5,1,48.5,53.4,11.700000000000003,-1.5,3590,2270,5860,0.18384401114206128,0.186784140969163,0.1849829351535836,4.560066852367689,-0.5704387665198237,3.9896280858478654,0.1302259446618009
2021,Jawaan Taylor,41665,JAX,T,T,17,1083,712,371,60.4,72.0,42.8,34,6,3,25,100.0,100.0,97.0,12,2,54.75,55.05,17.25,-12.25,3561,1863,5425,0.19994383600112328,0.1991411701556629,0.19963133640552996,7.311946082561079,-4.966779924852389,2.3451661577086895,0.07654885911792876
2021,Storm Norton,12188,LAC,T,T,16,1078,732,346,60.3,44.9,75.5,59,9,8,42,100.0,100.0,95.0,6,4,54.75,55.05,-9.850000000000001,20.450000000000003,3992,2046,6042,0.18336673346693386,0.16911045943304007,0.178417742469381,-3.829064128256513,7.041116911045944,3.212052782789431,0.10484501285372959
2021,Andrew Norwell,9126,JAX,G,G,17,1077,709,368,66.7,73.5,62.7,24,3,5,16,100.0,100.0,98.0,9,2,48.5,53.4,25.0,9.300000000000004,3561,1863,5425,0.19910137601797248,0.19753086419753085,0.19852534562211982,10.552372928952542,3.7402074074074085,14.29258033635995,0.4665258855980816
2021,Corey Linsley,8796,LAC,C,C,16,1076,724,352,85.7,84.9,84.6,10,0,2,8,100.0,100.0,99.3,6,1,53.45,55.375,31.450000000000003,29.224999999999994,3992,2046,6042,0.1813627254509018,0.17204301075268819,0.17808672624958624,12.092178356713427,10.236920430107524,22.32909878682095,0.7288468800576098
2021,Olisaemeka Udoh,28394,MIN,G,G,16,1075,662,413,54.4,39.0,62.3,45,1,6,38,100.0,100.0,96.3,16,3,48.5,53.4,-9.5,8.899999999999999,3487,2278,5768,0.1898480068827072,0.18129938542581212,0.18637309292649099,-3.8235388586177224,3.285217383669885,-0.5383214749478373,-0.017571417961360653
2021,Jesse Davis,9989,MIA,T,T,17,1063,692,371,52.5,51.1,51.4,57,8,10,39,100.0,100.0,95.0,4,1,54.75,55.05,-3.6499999999999986,-3.6499999999999986,3704,2073,5777,0.18682505399568033,0.1789676796912687,0.18400553920720097,-1.445652267818574,-1.3299804148576937,-2.7756326826762674,-0.09059977029384411
2021,Ereck Flowers,9442,WAS,G,G,16,1061,635,426,72.0,78.1,64.4,26,6,3,17,100.0,100.0,97.3,2,1,48.5,53.4,29.599999999999994,11.000000000000007,3416,2245,5661,0.18588992974238877,0.18975501113585747,0.18742271683448153,11.664964871194378,4.249753229398666,15.914718100593046,0.5194742853419498
2021,Jason Kelce,6343,PHI,C,C,18,1059,607,452,84.5,69.2,89.0,17,1,0,16,100.0,100.0,98.4,6,0,53.45,55.375,15.75,33.625,3341,2598,5940,0.1816821310984735,0.1739799846035412,0.1782828282828283,6.066366357378031,11.91075673595073,17.97712309332876,0.5867935022401197
2021,Will Hernandez,46180,NYG,G,G,17,1049,676,373,55.9,56.0,58.4,36,7,7,22,100.0,100.0,96.6,8,2,48.5,53.4,7.5,5.0,3571,2023,5597,0.1893027163259591,0.18437963420662382,0.18742183312488833,3.0099131895827496,1.8769846762234303,4.88689786580618,0.1595138387204085
2021,Lloyd Cushenberry III,41924,DEN,C,C,16,1039,610,429,64.2,71.3,62.5,24,5,5,14,100.0,100.0,97.5,7,0,53.45,55.375,17.849999999999994,7.125,3185,2225,5410,0.19152276295133439,0.19280898876404495,0.19205175600739371,7.247604395604393,2.796983595505618,10.04458799111001,0.3278666411340182
2021,J.C. Tretter,7904,CLE,C,C,16,1039,587,452,78.7,83.7,74.8,10,1,1,8,100.0,100.0,99.0,5,0,53.45,55.375,30.25,19.424999999999997,3162,2396,5559,0.18564199873497786,0.18864774624373956,0.1869041194459435,11.90522137887413,7.4608863105175285,19.366107689391658,0.6321315205342586
2021,Penei Sewell,81788,DET,T,T,16,1039,644,395,77.0,69.4,84.5,35,5,8,22,100.0,100.0,96.7,11,3,54.75,55.05,14.650000000000006,29.450000000000003,3414,2215,5633,0.18863503222026948,0.17832957110609482,0.18444878395171313,5.858626830697132,10.692676749435668,16.5513035801328,0.5402531508520246
2021,Jonah Jackson,37070,DET,G,G,16,1037,648,389,69.3,56.4,76.4,35,4,9,22,100.0,100.0,96.8,8,0,48.5,53.4,7.899999999999999,23.000000000000007,3414,2215,5633,0.18980667838312829,0.17562076749435665,0.18409373335700338,3.1788822495606315,8.223969300225734,11.402851549786366,0.37220189024051165
2021,Chris Lindstrom,46692,ATL,G,G,17,1034,661,373,83.7,65.3,87.6,31,0,8,23,100.0,100.0,97.5,2,1,48.5,53.4,16.799999999999997,34.199999999999996,3338,1920,5258,0.19802276812462552,0.19427083333333334,0.19665271966527198,7.052778909526661,13.527311249999999,20.58009015952666,0.6717572727533655
2021,Jake Matthews,8641,ATL,T,T,17,1029,660,369,71.3,77.2,58.7,26,3,5,18,100.0,100.0,97.7,6,0,54.75,55.05,22.450000000000003,3.6500000000000057,3338,1920,5258,0.19772318753744758,0.1921875,0.19570178775199695,9.41043738765728,1.428222187500002,10.838659575157283,0.35378603009372184
2021,Alijah Vera-Tucker,57107,NYJ,G,G,16,1027,693,334,66.8,56.9,72.5,42,2,6,34,100.0,100.0,96.6,5,1,48.5,53.4,8.399999999999999,19.1,3616,1855,5476,0.19164823008849557,0.18005390835579516,0.18754565376187,3.4128716814159286,7.00186436657682,10.414736047992749,0.3399486897197677
2021,Morgan Moses,8701,NYJ,T,T,17,1022,679,343,71.0,65.7,74.9,49,4,10,35,100.0,100.0,95.9,4,0,54.75,55.05,10.950000000000003,19.85000000000001,3616,1855,5476,0.18777654867256638,0.18490566037735848,0.1866325785244704,4.3590448008849565,7.472888301886795,11.831933102771751,0.38620759437435936
2021,Connor Williams,46216,DAL,G,G,18,1020,624,396,75.2,74.0,76.9,15,2,1,12,100.0,100.0,98.5,17,3,48.5,53.4,25.5,23.500000000000007,4128,2472,6615,0.1511627906976744,0.16019417475728157,0.15419501133786848,8.171860465116279,7.664650485436895,15.836510950553173,0.5169215160676967
2021,Shaq Mason,9564,NE,G,G,16,1017,589,428,86.4,72.3,87.2,16,2,3,11,100.0,100.0,98.4,4,0,48.5,53.4,23.799999999999997,33.800000000000004,3305,2639,5945,0.17821482602118002,0.16218264494126564,0.1710681244743482,8.992007261724659,11.16089064039409,20.15289790211875,0.6578132373505443
2021,Kelvin Beachum,7229,ARI,T,T,16,1006,630,376,60.8,69.4,56.0,34,2,2,30,100.0,100.0,97.0,11,1,54.75,55.05,14.650000000000006,0.9500000000000028,3735,2427,6162,0.1686746987951807,0.15492377420683973,0.16325868224602402,5.238698795180724,0.2996535640708703,5.538352359251594,0.1807780455556366
2021,Nate Davis,46808,TEN,G,G,15,1004,534,470,69.2,49.5,71.9,35,5,6,24,100.0,100.0,96.0,4,1,48.5,53.4,1.0,18.500000000000007,3271,2872,6150,0.16325282788138185,0.16364902506963788,0.1632520325203252,0.3460959951085295,6.164004178272982,6.510100173381512,0.2124969863554067
2021,Jalen Mayfield,81725,ATL,G,G,16,989,622,367,48.7,27.6,66.3,57,11,21,25,100.0,100.0,94.2,9,1,48.5,53.4,-20.9,12.899999999999999,3338,1920,5258,0.18633912522468543,0.19114583333333332,0.18809433244579687,-8.25631396045536,5.020330624999999,-3.2359833354553613,-0.10562613298827403
2021,Matt Hennessy,41141,ATL,C,C,17,988,632,356,76.4,50.5,88.1,32,3,1,28,100.0,100.0,97.1,5,0,53.45,55.375,-2.950000000000003,32.724999999999994,3338,1920,5258,0.18933493109646496,0.18541666666666667,0.18790414606314187,-1.184100659077293,12.353960208333332,11.169859549256039,0.3645967694836839
2021,Kaleb McGary,46912,ATL,T,T,16,986,624,362,62.8,50.6,72.2,41,9,10,22,100.0,100.0,95.7,3,0,54.75,55.05,-4.149999999999999,17.150000000000006,3338,1920,5258,0.18693828639904134,0.18854166666666666,0.18752377329783187,-1.644683043738765,6.583384791666668,4.938701747927903,0.16120477565520208
2021,Billy Price,46795,NYG,C,C,15,985,649,336,62.3,52.5,68.0,24,2,4,18,100.0,100.0,97.8,5,0,53.45,55.375,-0.9500000000000028,12.625,3571,2023,5597,0.18174180901708206,0.16608996539792387,0.1759871359656959,-0.36602800336040436,4.269259515570934,3.90323151221053,0.12740586339724017
2021,Jordan Mailata,66916,PHI,T,T,15,980,511,469,88.3,83.8,88.5,25,3,2,20,100.0,100.0,97.1,7,0,54.75,55.05,29.049999999999997,33.45,3341,2598,5940,0.15294821909607903,0.18052347959969206,0.16498316498316498,9.419469021251121,12.29440715935335,21.713876180604473,0.7087653227425226
2021,Kendrick Green,56642,PIT,C,C,15,975,631,344,52.4,50.7,54.7,18,3,4,11,100.0,100.0,98.2,9,3,53.45,55.375,-2.75,-0.6749999999999972,4029,2173,6203,0.15661454455199803,0.15830648872526462,0.1571820087054651,-0.9130627947381484,-0.21756060745513023,-1.1306234021932786,-0.03690481855430107
2021,Connor McGovern,10778,NYJ,C,C,15,973,651,322,75.9,68.0,78.9,19,4,2,13,100.0,100.0,98.1,3,0,53.45,55.375,14.549999999999997,23.525000000000006,3616,1855,5476,0.18003318584070796,0.17358490566037735,0.1776844411979547,5.5533036504424755,8.314178867924529,13.867482518367005,0.4526502150517036
2021,Duane Brown,4340,SEA,T,T,17,969,585,384,71.5,69.9,69.6,33,8,3,22,100.0,100.0,96.3,5,0,54.75,55.05,15.150000000000006,14.549999999999997,2993,1909,4902,0.19545606414968258,0.20115243583027764,0.19767441860465115,6.2776578683595075,5.958899528548978,12.236557396908484,0.39941498609189396
2021,Lucas Patrick,11435,GB,C,C,15,967,603,364,57.5,64.3,54.2,21,2,4,15,100.0,100.0,98.0,6,1,53.45,55.375,10.849999999999994,-1.1749999999999972,3590,2270,5860,0.16796657381615598,0.160352422907489,0.16501706484641637,3.863567130919218,-0.383611101321585,3.479956029597633,0.1135896759257882
2021,Brandon Parker,34693,LV,T,T,15,958,618,340,55.9,55.0,57.1,54,9,12,33,100.0,100.0,94.6,10,1,54.75,55.05,0.25,2.0500000000000043,3963,2129,6092,0.15594246782740348,0.15969938938468764,0.1572554169402495,0.08264950794852385,0.6665533114138107,0.7492028193623346,0.024454822052419504
2021,Halapoulivaati Vaitai,10798,DET,G,G,15,953,590,363,68.4,66.9,65.4,23,0,5,18,100.0,100.0,97.9,3,1,48.5,53.4,18.400000000000006,12.000000000000007,3414,2215,5633,0.17281780902167546,0.163882618510158,0.16918160837919405,6.7412770943175175,4.003980135440183,10.745257229757701,0.35073727256506027
2021,James Hurst,9001,NO,T,T,17,941,516,425,69.8,76.9,60.1,27,3,4,20,100.0,100.0,96.9,4,1,54.75,55.05,22.150000000000006,5.050000000000004,3104,2543,5648,0.16623711340206185,0.16712544239087693,0.16660764872521247,7.806162371134023,1.71835037357452,9.524512744708543,0.3108908005793323
2021,Calvin Throckmorton,28238,NO,G,G,17,938,507,431,42.4,43.7,43.7,33,1,7,25,100.0,100.0,96.5,3,0,48.5,53.4,-4.799999999999997,-9.699999999999996,3104,2543,5648,0.16333762886597938,0.16948486040110106,0.16607648725212465,-1.662123711340205,-3.3471904050334236,-5.009314116373629,-0.16350964272245344
2021,Nate Solder,6169,NYG,T,T,16,927,586,341,60.3,52.7,67.3,36,6,7,23,100.0,100.0,96.1,6,2,54.75,55.05,-2.049999999999997,12.25,3571,2023,5597,0.16409969196303556,0.16856154226396441,0.16562444166517779,-0.7131772612713515,4.204093425605537,3.4909161643341853,0.11394742704167568
2021,Tytus Howard,25472,HOU,G,G,15,927,585,342,51.4,70.1,42.5,23,2,2,19,100.0,100.0,97.7,8,1,48.5,53.4,21.599999999999994,-10.899999999999999,3300,2059,5359,0.17727272727272728,0.16610004856726565,0.17298003358835604,8.117672727272724,-3.6861587178241857,4.431514009448539,0.1446495978433532
2021,Landon Dickerson,41712,PHI,G,G,15,925,535,390,69.6,60.5,71.2,33,2,8,23,100.0,100.0,96.5,5,0,48.5,53.4,12.0,17.800000000000004,3341,2598,5940,0.16013169709667763,0.15011547344110854,0.15572390572390574,4.073750374139478,5.4403048498845274,9.514055224024005,0.3105494553509901
2021,Gabe Jackson,8716,SEA,G,G,16,922,574,348,63.6,55.7,64.3,37,3,4,30,100.0,100.0,96.3,4,1,48.5,53.4,7.200000000000003,10.899999999999999,2993,1909,4902,0.1917808219178082,0.1822943949711891,0.18808649530803753,2.927342465753426,4.045550130958616,6.972892596712041,0.2276030511849394
2021,Isaiah Wynn,46048,NE,T,T,16,915,518,397,74.9,70.7,76.5,28,6,5,17,100.0,100.0,96.5,9,1,54.75,55.05,15.950000000000003,21.450000000000003,3305,2639,5945,0.156732223903177,0.1504357711254263,0.15391084945332212,5.299743419062027,6.569861083743844,11.86960450280587,0.3874372312103286
2021,Terence Steele,39461,DAL,T,T,16,917,528,384,64.6,60.9,67.8,31,2,5,24,99.5,99.1,96.6,8,0,54.75,55.05,6.149999999999999,12.75,4128,2472,6615,0.12790697674418605,0.1553398058252427,0.13862433862433862,1.6676511627906974,4.032466019417475,5.700117182208173,0.18605823118429085
2021,Michael Schofield III,8730,LAC,G,G,14,907,605,302,66.8,75.2,59.5,24,2,4,18,100.0,100.0,97.7,3,1,48.5,53.4,26.700000000000003,6.100000000000001,3992,2046,6042,0.15155310621242485,0.14760508308895406,0.15011585567692817,8.578512024048097,1.833196089931574,10.411708113979671,0.3398498545504883
2021,Ryan Kelly,10652,IND,C,C,14,907,550,357,56.9,57.2,58.1,29,3,3,23,100.0,100.0,96.9,6,2,53.45,55.375,3.75,2.7250000000000014,3139,2448,5588,0.1752150366358713,0.14583333333333334,0.16231209735146743,1.3929595412551767,0.8090979166666671,2.202057457921844,0.07187763031713605
2021,Rodger Saffold,5558,TEN,G,G,16,906,494,412,68.1,46.7,74.4,28,2,8,18,100.0,100.0,96.8,5,1,48.5,53.4,-1.7999999999999972,21.000000000000007,3271,2872,6150,0.15102415163558544,0.14345403899721448,0.1473170731707317,-0.5763081626413932,6.1335208913649035,5.557212728723511,0.18139366921235367
2021,Taylor Lewan,8646,TEN,T,T,14,899,483,416,70.0,70.2,63.9,22,4,5,13,100.0,100.0,97.2,4,0,54.75,55.05,15.450000000000003,8.850000000000001,3271,2872,6150,0.14766126566799145,0.14484679665738162,0.1461788617886179,4.836497095689393,2.6099364902506967,7.44643358594009,0.24305996128567148
2021,Ted Karras,10855,NE,G,G,15,891,469,421,72.4,76.5,67.3,13,3,2,8,99.9,99.8,98.2,2,0,48.5,53.4,28.0,13.899999999999999,3305,2639,5945,0.14190620272314675,0.15953012504736644,0.14987384356602187,8.423552193645989,4.514766350890489,12.938318544536479,0.42232125865924874
2021,George Fant,11282,NYJ,T,T,15,889,594,295,71.1,75.1,59.9,18,1,3,14,100.0,100.0,98.3,4,2,54.75,55.05,20.349999999999994,4.850000000000001,3616,1855,5476,0.16426991150442477,0.15902964959568733,0.16234477720964208,7.086932522123891,1.5703541778975745,8.657286700021466,0.28258356780610727
2021,Garrett Bradbury,46013,MIN,C,C,13,883,546,337,60.2,43.7,67.0,26,2,6,18,100.0,100.0,97.3,8,3,53.45,55.375,-9.75,11.625,3487,2278,5768,0.1565815887582449,0.1479367866549605,0.15308599167822468,-3.236541439632922,3.5014418349429324,0.2649003953100104,0.008646646624255305
2021,Eric Fisher,7783,IND,T,T,15,874,490,384,68.2,61.0,73.3,41,7,11,23,100.0,100.0,94.7,8,3,54.75,55.05,6.25,18.25,3139,2448,5588,0.15610066900286715,0.1568627450980392,0.15640658554044382,2.0683338642879896,5.828549019607842,7.896882883895832,0.2577631326305426
2021,Garett Bolles,11775,DEN,T,T,14,870,525,345,76.6,77.8,68.9,22,5,6,11,100.0,100.0,97.3,8,3,54.75,55.05,23.049999999999997,13.850000000000009,3185,2225,5410,0.16483516483516483,0.1550561797752809,0.16081330868761554,8.054835164835163,4.3723671910112385,12.4272023558464,0.4056378518173402
2021,Billy Turner,8702,GB,T,T,14,866,533,333,67.1,69.3,60.5,34,3,3,28,100.0,100.0,96.3,4,1,54.75,55.05,14.549999999999997,5.450000000000003,3590,2270,5860,0.14846796657381617,0.14669603524229075,0.1477815699658703,4.5796428969359315,1.6277685462555074,6.207411443191439,0.20261688601038763
2021,Max Garcia,9566,ARI,G,G,14,864,532,332,54.3,53.3,54.2,20,5,0,15,100.0,100.0,97.5,4,1,48.5,53.4,4.799999999999997,0.8000000000000043,3735,2427,6162,0.14243641231593038,0.13679439637412444,0.14021421616358326,1.4494329317269066,0.22281071281417508,1.6722436445410818,0.05458391199107857
2021,Lane Johnson,7786,PHI,T,T,14,864,448,415,83.3,82.6,76.8,11,0,1,10,99.9,99.8,98.7,7,1,54.75,55.05,27.849999999999994,21.75,3341,2598,5940,0.13409158934450763,0.15973826020015397,0.14545454545454545,7.917035618078417,7.073689376443418,14.990724994521834,0.489314111884693
2021,Justin Pugh,7800,ARI,G,G,14,858,524,334,64.5,73.4,57.5,20,0,0,20,100.0,100.0,98.0,2,0,48.5,53.4,24.900000000000006,4.100000000000001,3735,2427,6162,0.14029451137884874,0.13761845900288422,0.13924050632911392,7.405866666666669,1.1487838483724768,8.554650515039146,0.2792334073755604
2021,Cam Robinson,11789,JAX,T,T,14,856,573,283,67.4,76.6,52.5,31,1,8,22,100.0,100.0,97.0,6,2,54.75,55.05,21.849999999999994,-2.549999999999997,3561,1863,5425,0.16090985678180286,0.15190552871712293,0.15778801843317972,7.45366638584667,-0.788663123993558,6.665003261853112,0.21755319725857356
2021,Rodney Hudson,6207,ARI,C,C,13,854,523,331,57.4,64.6,54.7,5,1,0,4,100.0,100.0,99.4,2,1,53.45,55.375,11.149999999999991,-0.6749999999999972,3735,2427,6162,0.14002677376171352,0.13638236505974455,0.1385913664394677,3.309952878179381,-0.18743028430160613,3.122522593877775,0.1019226468647474
2021,Josh Jones,26634,ARI,G,G,17,853,498,355,46.8,48.3,52.8,29,4,3,22,100.0,100.0,96.5,12,2,48.5,53.4,-0.20000000000000284,-0.6000000000000014,3735,2427,6162,0.13333333333333333,0.14627111660486197,0.13842908146705615,-0.056533333333334136,-0.1786847960444998,-0.23521812937783393,-0.007677784104354779
2021,Jason Peters,2148,CHI,T,T,15,853,517,336,77.5,77.9,70.7,28,6,5,17,100.0,100.0,96.5,3,0,54.75,55.05,23.150000000000006,15.650000000000006,3518,2137,5656,0.14695849914724274,0.15722976134768366,0.15081329561527582,7.212429221148381,5.009874777725785,12.222303998874166,0.39894973916067145
2021,Spencer Brown,42296,BUF,T,T,15,846,523,323,59.8,49.1,71.6,36,1,5,30,100.0,100.0,96.2,8,1,54.75,55.05,-5.649999999999999,16.549999999999997,4358,2433,6798,0.12000917852225791,0.1327579120427456,0.12444836716681378,-1.4374699403396047,4.473384052609947,3.0359141122703424,0.09909564868587951
2021,Ben Powers,41482,BAL,G,G,13,844,532,312,66.3,66.1,63.6,21,3,3,15,100.0,100.0,97.6,3,0,48.5,53.4,17.599999999999994,10.200000000000003,3957,2319,6280,0.1344452868334597,0.13454075032341525,0.13439490445859872,5.016422542330045,2.79403467011643,7.810457212446475,0.2549421015806945
2021,Mark Glowinski,9567,IND,G,G,16,843,476,367,70.1,62.6,70.6,38,2,8,28,100.0,100.0,95.5,2,0,48.5,53.4,14.100000000000001,17.199999999999996,3139,2448,5588,0.1516406498884995,0.14991830065359477,0.15085898353614888,4.532842306467028,5.250018954248365,9.782861260715393,0.3193235864994807
2021,Dalton Risner,47008,DEN,G,G,15,832,504,328,68.5,73.6,63.2,21,4,5,12,100.0,100.0,97.4,2,0,48.5,53.4,25.099999999999994,9.800000000000004,3185,2225,5410,0.15824175824175823,0.14741573033707867,0.15378927911275417,8.420360439560437,2.941356584269664,11.361717023830101,0.3708592130822393
2021,Charlie Heck,36501,HOU,T,T,15,827,519,308,56.0,66.5,41.1,29,5,3,21,100.0,100.0,96.5,1,0,54.75,55.05,11.75,-13.949999999999996,3300,2059,5359,0.1572727272727273,0.149587178241865,0.15431983579025937,3.9176636363636366,-4.248604953861096,-0.3309413174974596,-0.010802296547791813
2021,Tyron Smith,6161,DAL,T,T,12,810,515,295,90.2,87.0,90.0,17,3,5,9,100.0,100.0,97.9,9,2,54.75,55.05,32.25,34.95,4128,2472,6615,0.1247577519379845,0.11933656957928802,0.12244897959183673,8.529687500000001,8.491775485436893,17.021462985436894,0.5555996822529194
2021,Andrew Thomas,59701,NYG,T,T,13,800,517,282,78.9,82.1,68.5,18,2,3,13,99.9,99.8,97.9,5,0,54.75,55.05,27.349999999999994,13.450000000000003,3571,2023,5597,0.14477737328479418,0.1393969352446861,0.1429337144899053,8.394481657798934,3.8172735541275338,12.211755211926468,0.39860541489892565
2021,Bobby Massie,7112,DEN,T,T,13,796,484,312,70.0,60.1,74.8,36,5,6,25,100.0,100.0,95.5,1,0,54.75,55.05,5.350000000000001,19.75,3185,2225,5410,0.15196232339089483,0.1402247191011236,0.14713493530499075,1.7235566718995294,5.638576179775281,7.362132851674811,0.2403082905737268
2021,Hakeem Adeniji,45419,CIN,G,G,13,777,501,276,43.0,36.1,46.3,37,9,4,24,100.0,100.0,95.1,3,1,48.5,53.4,-12.399999999999999,-7.100000000000001,4224,2645,6871,0.11860795454545454,0.10434782608695652,0.11308397613156745,-3.117965909090908,-1.508410434782609,-4.626376343873517,-0.15101012344460202
2021,Matt Skura,11102,NYG,G,G,14,769,473,296,50.8,29.5,61.4,32,2,10,20,100.0,100.0,96.2,3,0,48.5,53.4,-19.0,8.0,3571,2023,5597,0.13245589470736488,0.1463173504695996,0.1373950330534215,-5.335323438812656,2.3832170044488383,-2.952106434363818,-0.09636007188763024
2021,Quenton Nelson,12954,IND,G,G,13,767,448,319,69.1,62.0,70.4,15,1,6,8,100.0,100.0,98.1,5,1,48.5,53.4,13.5,17.000000000000007,3139,2448,5588,0.14272061165976427,0.13031045751633988,0.13725841088045812,4.084663905702453,4.510305555555557,8.59496946125801,0.2805494630945747
2021,Jedrick Wills Jr.,58467,CLE,T,T,13,763,437,326,66.1,67.9,61.7,28,5,4,19,100.0,100.0,96.0,4,0,54.75,55.05,13.150000000000006,6.650000000000006,3162,2396,5559,0.13820366856419988,0.13606010016694492,0.13725490196078433,3.8528418722327658,1.8421721202003356,5.695013992433101,0.18589165733456173
2021,Patrick Mekari,46219,BAL,T,T,13,762,447,314,66.1,73.8,55.7,23,4,1,18,99.9,99.8,96.8,2,0,54.75,55.05,19.049999999999997,0.6500000000000057,3957,2319,6280,0.11296436694465505,0.13540319103061665,0.1213375796178344,4.562178923426838,0.17919258300991966,4.741371506436758,0.1547636947936349
2021,Evan Brown,38709,DET,C,C,13,755,455,300,66.8,72.4,62.9,8,1,3,4,100.0,100.0,98.9,4,1,53.45,55.375,18.950000000000003,7.524999999999999,3414,2215,5633,0.1332747510251904,0.13544018058690746,0.13403159950292917,5.354179847686,2.07506546275395,7.42924531043995,0.2424989166554582
2021,Erik McCoy,37347,NO,C,C,12,746,433,313,63.6,69.2,66.4,7,0,2,5,100.0,100.0,99.1,8,0,53.45,55.375,15.75,11.025000000000006,3104,2543,5648,0.13949742268041238,0.12308297286669288,0.13208215297450424,4.657818943298969,2.76283118364137,7.420650126940339,0.24221836020591123
2021,La'el Collins,9719,DAL,T,T,13,743,509,234,80.2,74.3,89.7,20,2,0,18,100.0,100.0,97.7,10,0,54.75,55.05,19.549999999999997,34.650000000000006,4128,2472,6615,0.12330426356589147,0.09466019417475728,0.11232048374905518,5.1104685077519365,6.678030582524273,11.78849909027621,0.384789859391054
2021,Tom Compton,7181,SF,T,T,13,743,387,356,79.9,64.6,89.5,27,6,3,18,100.0,100.0,95.5,3,1,54.75,55.05,9.849999999999994,34.45,3405,2919,6325,0.11365638766519824,0.12195957519698526,0.1174703557312253,2.373372687224668,8.554268996231587,10.927641683456255,0.35669050611551867
2021,Andrew Wylie,12333,KC,T,T,12,737,479,258,62.3,56.2,70.4,38,4,3,31,100.0,100.0,95.4,6,1,54.75,55.05,1.4500000000000028,15.350000000000009,4783,2258,7044,0.10014635166213673,0.11426040744021258,0.10462805224304372,0.3078498850094089,3.5709348095659896,3.8787846945753985,0.12660789179387122
2021,Riley Reiff,7029,CIN,T,T,12,711,422,289,67.3,58.4,70.0,21,4,3,14,100.0,100.0,96.8,1,0,54.75,55.05,3.6499999999999986,14.950000000000003,4224,2645,6871,0.09990530303030302,0.10926275992438564,0.10347838742541114,0.7730672348484845,3.3257617391304355,4.09882897397892,0.13379038438118693
2021,Braden Smith,46794,IND,T,T,11,711,391,320,80.6,70.8,86.0,22,4,3,15,100.0,100.0,96.4,6,1,54.75,55.05,16.049999999999997,30.950000000000003,3139,2448,5588,0.12456196240841032,0.13071895424836602,0.1272369362920544,4.238345332908569,8.237150326797387,12.475495659705956,0.4072141995321206
2021,Ben Bartch,84236,JAX,G,G,14,705,460,245,62.1,52.8,63.1,24,3,5,16,100.0,100.0,96.9,2,0,48.5,53.4,4.299999999999997,9.700000000000003,3561,1863,5425,0.12917719741645606,0.13150831991411702,0.12995391705069123,1.1775793316484127,2.5971841116478807,3.774763443296293,0.12321252124272242
2021,Michael Jordan,28021,CAR,G,G,11,703,439,264,50.7,49.0,55.4,32,6,4,22,100.0,100.0,95.4,5,1,48.5,53.4,0.5,2.0,3566,2182,5748,0.12310712282669659,0.12098991750687443,0.12230340988169798,0.13049355019629838,0.4926709440879927,0.6231644942842911,0.0203407894675022
2021,Greg Van Roten,7746,NYJ,G,G,12,700,474,226,68.1,53.7,75.0,37,3,1,33,100.0,100.0,95.5,2,0,48.5,53.4,5.200000000000003,21.6,3616,1855,5476,0.13108407079646017,0.12183288409703504,0.12783053323593865,1.4450707964601774,5.357917843665768,6.802988640125945,0.22205719508705205
2021,Brandon Scherff,9438,WAS,G,G,11,697,398,299,73.6,72.4,73.7,19,0,1,18,100.0,100.0,97.4,6,1,48.5,53.4,23.900000000000006,20.300000000000004,3416,2245,5661,0.11651053864168619,0.133184855233853,0.12312312312312312,5.903355971896957,5.504636614699333,11.40799258659629,0.37236969945999465
2021,Damien Lewis,81532,SEA,G,G,13,696,431,265,57.1,47.9,60.3,21,1,7,13,100.0,100.0,97.3,5,1,48.5,53.4,-0.6000000000000014,6.899999999999999,2993,1909,4902,0.14400267290344138,0.13881613410162388,0.1419828641370869,-0.18317139993317785,1.9501445783132523,1.7669731783800744,0.057675990442028514
2021,Max Scharping,46961,HOU,G,G,16,689,400,289,59.9,53.8,60.4,19,2,4,13,100.0,100.0,97.2,3,0,48.5,53.4,5.299999999999997,7.0,3300,2059,5359,0.12121212121212122,0.14035939776590578,0.128568762828886,1.3619393939393931,2.000402136959689,3.3623415308990823,0.10975060650142908
2021,Matt Nelson,48584,DET,T,T,13,675,416,257,50.8,45.8,56.6,41,3,4,34,99.7,99.5,94.3,3,2,54.75,55.05,-8.950000000000003,1.5500000000000043,3414,2215,5633,0.12185120093731693,0.11602708803611739,0.11982957571453932,-2.3120046865846517,0.3661582844243802,-1.9458464021602715,-0.06351461350168335
2021,Justin Britt,8699,HOU,C,C,11,671,419,252,63.9,53.7,70.5,11,3,3,5,100.0,100.0,98.2,5,1,53.45,55.375,0.25,15.125,3300,2059,5359,0.12696969696969698,0.1223895094706168,0.12520992722522858,0.0672939393939394,3.768923749392909,3.8362176887868484,0.12521845688391015
2021,Mike Onwenu,27357,NE,G,G,17,658,340,318,86.7,70.0,89.4,11,2,4,5,100.0,100.0,98.0,3,0,48.5,53.4,21.5,36.00000000000001,3305,2639,5945,0.10287443267776097,0.1205001894657067,0.11068124474348191,4.689016641452345,8.83218188707844,13.521198528530785,0.44134711643515784
2021,John Miller,9514,CAR,G,G,10,656,421,235,52.1,50.5,50.1,29,7,1,21,100.0,100.0,95.5,3,1,48.5,53.4,2.0,-3.299999999999997,3566,2182,5748,0.11805945036455412,0.1076993583868011,0.11412665274878218,0.5005720695457095,-0.7236104491292387,-0.22303837958352912,-0.007280223382257887
2021,Ryan Ramczyk,11787,NO,T,T,10,653,361,292,84.1,73.0,85.6,19,2,2,15,100.0,100.0,96.9,0,0,54.75,55.05,18.25,30.549999999999997,3104,2543,5648,0.11630154639175258,0.11482500983090838,0.11561614730878186,4.499706829896907,7.142092646480534,11.641799476377441,0.3800014191178227
2021,Christian Darrisaw,77373,MIN,T,T,11,652,398,254,71.9,63.1,77.3,22,5,6,11,100.0,100.0,96.4,3,0,54.75,55.05,8.350000000000001,22.25,3487,2278,5768,0.11413822770289647,0.11150131694468832,0.1130374479889043,2.0204749067966734,5.051121158911326,7.0715960657079995,0.23082484334571512
2021,Blake Hance,46301,CLE,T,T,14,644,366,277,56.7,36.9,70.3,31,4,5,22,99.8,99.7,94.9,3,1,54.75,55.05,-17.85,15.25,3162,2396,5559,0.1157495256166983,0.11560934891485809,0.11584817413203814,-4.380193548387097,3.5895546744574283,-0.7906388739296686,-0.02580734144344496
2021,Isaiah Prince,47019,CIN,T,T,19,641,395,245,47.2,39.7,67.3,36,5,7,24,99.8,99.7,94.5,11,2,54.75,55.05,-15.049999999999997,12.25,4224,2645,6871,0.09351325757575757,0.09262759924385633,0.09329064182797264,-2.98363399621212,2.310224952741021,-0.6734090434710991,-0.02198082802276715
2021,Ike Boettger,46918,BUF,G,G,13,636,425,211,59.8,72.2,51.3,17,1,1,15,100.0,100.0,97.8,2,0,48.5,53.4,23.700000000000003,-2.1000000000000014,4358,2433,6798,0.09752179899036255,0.08672420879572544,0.09355692850838482,4.899885268471776,-0.37079802712700394,4.529087241344772,0.14783449779492142
2021,Larry Borom,59879,CHI,T,T,10,633,415,218,61.4,62.7,59.5,32,5,4,23,100.0,100.0,95.2,4,0,54.75,55.05,7.950000000000003,4.450000000000003,3518,2137,5656,0.11796475270039795,0.1020121665886757,0.11191654879773692,1.9881779420125079,0.9242506317267202,2.912428573739228,0.09506494192292868
2021,Quinn Meinerz,112915,DEN,G,G,11,623,343,280,67.4,66.7,64.9,15,3,3,9,100.0,100.0,97.2,2,0,48.5,53.4,18.200000000000003,11.500000000000007,3185,2225,5410,0.1076923076923077,0.1258426966292135,0.11515711645101663,4.155200000000001,2.946480898876407,7.101680898876408,0.23180684611265126
2021,Ethan Pocic,11813,SEA,C,C,11,600,367,233,67.3,43.8,76.0,18,2,4,12,100.0,100.0,97.1,1,0,53.45,55.375,-9.650000000000006,20.625,2993,1909,4902,0.12261944537253591,0.12205343111576741,0.12239902080783353,-2.5085486134313406,5.1253287061288635,2.616780092697523,0.08541464322264257
2021,Yosh Nijman,60822,GB,T,T,10,590,356,234,63.2,66.9,58.6,20,3,7,10,100.0,100.0,96.6,3,1,54.75,55.05,12.150000000000006,3.5500000000000043,3590,2270,5860,0.09916434540389972,0.10308370044052863,0.10068259385665529,2.55427520891365,0.7450683700440537,3.2993435789577035,0.10769428254671606
2021,Cameron Erving,9452,CAR,T,T,9,589,348,241,56.0,49.7,59.8,31,3,7,21,100.0,100.0,94.8,4,1,54.75,55.05,-5.049999999999997,4.75,3566,2182,5748,0.0975883342680875,0.11044912923923006,0.10247042449547669,-1.044780706674144,1.0681535288725938,0.02337282219844994,0.0007629151852530645
2021,Geron Christian,46375,HOU,T,T,12,588,357,231,59.5,78.8,39.6,17,1,1,15,100.0,100.0,97.3,6,1,54.75,55.05,24.049999999999997,-15.449999999999996,3300,2059,5359,0.10818181818181818,0.11219038368139873,0.10972196305280836,5.515758181818182,-3.5290831471588135,1.9866750346593682,0.06484730595372036
2021,Cornelius Lucas,9025,WAS,T,T,11,587,354,233,75.2,73.5,71.2,25,3,4,18,100.0,100.0,95.7,1,0,54.75,55.05,18.75,16.150000000000006,3416,2245,5661,0.10362997658079626,0.10378619153674833,0.10369192722133899,4.119291569086651,3.4126352783964378,7.5319268474830885,0.24585055742824133
2021,Dennis Daley,60063,CAR,G,G,12,573,348,225,51.8,36.4,61.3,20,3,7,10,100.0,100.0,96.5,9,0,48.5,53.4,-12.100000000000001,7.899999999999999,3566,2182,5748,0.0975883342680875,0.10311640696608616,0.09968684759916492,-2.503335950644981,1.6585655362053158,-0.844770414439665,-0.02757425576408513
2021,Matt Paradis,8841,CAR,C,C,9,568,343,225,66.9,53.6,69.9,16,2,2,12,100.0,100.0,97.2,1,0,53.45,55.375,0.14999999999999858,14.525000000000006,3566,2182,5748,0.09618620302860348,0.10311640696608616,0.09881697981906751,0.030587212563095614,3.0494511915673708,3.0800384041304665,0.10053591516344931
2021,Kevin Dotson,46735,PIT,G,G,9,565,354,211,64.5,78.4,60.8,10,3,2,5,100.0,100.0,98.0,5,0,48.5,53.4,29.900000000000006,7.399999999999999,4029,2173,6203,0.08786299329858525,0.09710078232857801,0.09108495889085926,5.569459419210723,1.4629592268752876,7.032418646086011,0.22954604833778372
2021,Brandon Linder,8728,JAX,C,C,9,552,348,204,62.9,67.0,63.8,10,2,3,5,100.0,100.0,98.1,4,0,53.45,55.375,13.549999999999997,8.424999999999997,3561,1863,5425,0.09772535804549284,0.10950080515297907,0.10175115207373273,2.807258635214827,1.8783001610305952,4.685558796245422,0.15294190520513057
2021,Trent Brown,9677,NE,T,T,10,551,296,255,74.4,78.2,64.9,11,1,3,7,100.0,100.0,97.9,0,0,54.75,55.05,23.450000000000003,9.850000000000009,3305,2639,5945,0.08956127080181543,0.09662751042061386,0.09268292682926829,4.452449016641453,1.9378260704812444,6.390275087122697,0.20858576086860303
2021,Brandon Shell,10792,SEA,T,T,10,550,354,196,67.0,60.4,69.6,21,3,4,14,100.0,100.0,96.4,1,0,54.75,55.05,5.649999999999999,14.549999999999997,2993,1909,4902,0.11827597728032074,0.10267155578837088,0.11219910240718074,1.4167096558636814,3.0415216343635403,4.458231290227221,0.14552167991549933
2021,Michael Deiter,38554,MIA,C,C,8,546,335,211,60.6,57.2,61.7,10,1,2,7,100.0,100.0,98.2,3,1,53.45,55.375,3.75,6.325000000000003,3704,2073,5777,0.0904427645788337,0.10178485287023638,0.09451272286653972,0.7190199784017278,1.3107547998070437,2.0297747782087714,0.06625413002293924
2021,Justin McCray,9234,HOU,G,G,12,545,360,185,51.0,32.7,59.2,19,4,3,12,100.0,100.0,96.6,1,1,48.5,53.4,-15.799999999999997,5.800000000000004,3300,2059,5359,0.10909090909090909,0.08984944147644487,0.1016980779996268,-3.6541090909090896,1.061014084507043,-2.593095006402047,-0.08464153538630921
2021,Pat Elflein,11825,CAR,C,C,9,534,322,212,50.1,42.0,52.2,12,0,3,9,100.0,100.0,98.0,2,0,53.45,55.375,-11.450000000000003,-3.174999999999997,3566,2182,5748,0.09029725182277061,0.09715857011915674,0.09290187891440502,-2.191875490745934,-0.6280621448212643,-2.8199376355671983,-0.09204593375050424
2021,Tyler Shatley,9257,JAX,C,C,10,531,364,167,60.6,61.3,61.8,13,0,2,11,100.0,100.0,98.1,3,0,53.45,55.375,7.849999999999994,6.424999999999997,3561,1863,5425,0.10221847795563044,0.08964036500268384,0.09788018433179724,1.7011199101376007,1.1726125067096076,2.8737324168472083,0.09380185587139422
2021,Taylor Decker,10650,DET,T,T,9,529,298,230,75.5,84.0,66.8,15,2,5,8,99.8,99.7,97.0,7,1,54.75,55.05,29.25,11.75,3414,2215,5633,0.08728763913298183,0.1038374717832957,0.09391088230072786,5.412706502636203,2.484103837471783,7.8968103401079865,0.25776076471977544
2021,Lucas Niang,47004,KC,T,T,11,524,360,163,64.6,59.1,70.0,26,2,2,22,99.8,99.7,95.8,3,0,54.75,55.05,4.350000000000001,14.950000000000003,4783,2258,7044,0.07526656909889191,0.07218777679362268,0.07438955139125497,0.6941083002299815,2.1972659875996463,2.8913742878296276,0.09437770636794468
2021,Chris Reed,9830,IND,G,G,12,522,284,238,67.2,55.5,69.5,16,0,5,11,100.0,100.0,96.9,3,0,48.5,53.4,7.0,16.1,3139,2448,5588,0.09047467346288628,0.09722222222222222,0.09341445955619183,1.3426441541892322,3.1869055555555557,4.529549709744788,0.14784959328326577
2021,Jack Driscoll,27064,PHI,G,G,9,512,293,219,70.5,73.9,64.1,18,1,3,14,100.0,100.0,96.5,1,1,48.5,53.4,25.400000000000006,10.699999999999996,3341,2598,5940,0.08769829392397485,0.08429561200923788,0.0861952861952862,4.722377731218199,1.8363967667436485,6.558774497961847,0.21408577101474224
2021,Aaron Brewer,46014,TEN,G,G,13,511,257,249,57.9,48.7,62.6,14,6,0,8,99.0,98.1,95.9,4,1,48.5,53.4,0.20000000000000284,9.200000000000003,3271,2872,6150,0.07856924487924183,0.0866991643454039,0.08308943089430894,0.03331335982879901,1.62397938718663,1.6572927470154288,0.054095897892539824
2021,Jackson Carman,52575,CIN,G,G,14,501,298,202,54.2,45.9,64.1,19,0,5,14,99.8,99.7,96.6,6,1,48.5,53.4,-2.6000000000000014,10.699999999999996,4224,2645,6871,0.07054924242424243,0.07637051039697543,0.07291515063309562,-0.38886742424242443,1.6637468431001885,1.2748794188577641,0.04161349706744844
2021,Connor McGovern,41714,DAL,G,G,16,507,295,202,67.8,69.5,65.3,16,1,3,12,98.0,96.7,96.8,2,0,48.5,53.4,21.0,11.899999999999999,4128,2472,6615,0.07146317829457365,0.08171521035598706,0.07664399092970521,3.1815406976744187,1.9798288025889965,5.161369500263415,0.16847290134753704
2021,Elgton Jenkins,46298,GB,T,T,8,496,306,190,82.1,81.2,76.4,12,2,3,7,100.0,100.0,97.5,3,0,54.75,55.05,26.450000000000003,21.35000000000001,3590,2270,5860,0.08523676880222841,0.08370044052863436,0.08464163822525597,4.779566573816156,3.6383409691629964,8.417907542979153,0.27476996308220836
2021,Chase Roullier,11954,WAS,C,C,8,490,315,175,83.7,69.3,86.1,9,0,2,7,100.0,100.0,98.5,1,0,53.45,55.375,15.849999999999994,30.724999999999994,3416,2245,5661,0.09221311475409837,0.0779510022271715,0.0865571453806748,3.0985450819672122,4.8763106904231615,7.974855772390374,0.2603082553446698
2021,Cody Ford,39805,BUF,G,G,12,488,323,165,46.7,47.2,48.0,26,2,4,20,100.0,100.0,95.4,3,0,48.5,53.4,-1.2999999999999972,-5.399999999999999,4358,2433,6798,0.07411656723267554,0.06781750924784218,0.07178581935863489,-0.20426525929325334,-0.7456128236744757,-0.949878082967729,-0.03100508819526341
2021,Nate Herbig,28844,PHI,G,G,10,481,252,229,68.1,63.9,67.2,16,1,4,11,100.0,100.0,96.4,3,0,48.5,53.4,15.399999999999999,13.800000000000004,3341,2598,5940,0.07542651900628554,0.08814472671285604,0.08097643097643098,2.46252499251721,2.476584757505774,4.939109750022984,0.16121809330213877
2021,Brady Christensen,51985,CAR,T,T,10,480,321,159,61.6,63.2,56.2,25,4,4,17,100.0,100.0,95.3,2,0,54.75,55.05,8.450000000000003,1.1500000000000057,3566,2182,5748,0.09001682557487381,0.07286892758936755,0.08350730688935282,1.61256141334829,0.17061530705774605,1.783176720406036,0.05820489226490347
2021,John Leglue,46859,PIT,G,G,7,474,307,167,54.5,68.6,52.8,10,0,1,9,100.0,100.0,98.3,5,1,48.5,53.4,20.099999999999994,-0.6000000000000014,4029,2173,6203,0.0761975676346488,0.07685227795674184,0.07641463807834918,3.246930752047654,-0.09388274275195604,3.1530480092956976,0.10291903073147769
2021,Sam Cosmi,60114,WAS,T,T,9,474,282,192,74.9,63.4,81.3,16,4,1,11,100.0,100.0,96.2,2,0,54.75,55.05,8.649999999999999,26.25,3416,2245,5661,0.08255269320843091,0.08552338530066815,0.08373078961314255,1.5138512880562058,4.570797327394209,6.084648615450416,0.19860976933987945
2021,Mason Cole,45547,MIN,C,C,8,471,264,206,69.7,44.1,75.2,20,2,4,14,99.8,99.6,95.6,0,0,53.45,55.375,-9.350000000000001,19.825000000000003,3487,2278,5768,0.07570977917981073,0.09043020193151888,0.08165742024965326,-1.5007192429022085,3.6500975417032495,2.1493782988010413,0.07015812335736941
2021,Terron Armstead,7856,NO,T,T,8,468,263,205,75.9,85.6,64.1,12,1,2,9,100.0,100.0,97.4,3,0,54.75,55.05,30.849999999999994,9.049999999999997,3104,2543,5648,0.08472938144329897,0.08061344868265828,0.08286118980169972,5.541471005154638,1.4853672827369242,7.026838287891563,0.22936389917455693
2021,Mike McGlinchey,46275,SF,T,T,8,466,275,191,69.8,70.0,63.8,13,2,3,8,100.0,100.0,97.1,4,0,54.75,55.05,15.25,8.75,3405,2919,6325,0.08076358296622614,0.06543336759164098,0.07367588932806324,2.611086637298091,1.165695443645084,3.7767820809431747,0.12327841184426182
2021,Justin Herron,46271,NE,T,T,14,455,278,177,61.7,51.2,66.7,17,1,3,13,100.0,100.0,96.6,2,0,54.75,55.05,-3.549999999999997,11.650000000000006,3305,2639,5945,0.08411497730711044,0.06707086017430845,0.07653490328006729,-0.6330493192133126,1.5908805608184924,0.9578312416051797,0.03126468823173826
2021,Kyle Fuller,11998,SEA,C,C,10,447,281,166,46.5,31.3,53.6,17,2,4,11,100.0,100.0,96.4,1,0,53.45,55.375,-22.150000000000002,-1.7749999999999986,2993,1909,4902,0.09388573337788172,0.08695652173913043,0.09118727050183599,-4.40868626795857,-0.3142521739130432,-4.722938441871613,-0.15416201884932246
2021,Jon Feliciano,9561,BUF,G,G,9,447,291,156,56.9,55.3,57.2,16,0,4,12,100.0,100.0,97.1,3,1,48.5,53.4,6.799999999999997,3.8000000000000043,4358,2433,6798,0.06677374942634236,0.06411837237977805,0.06575463371579876,0.962610371730151,0.49607102342786735,1.4586813951580182,0.047613000148778825
2021,Sean Harlow,11891,ARI,G,G,11,441,260,181,55.7,59.3,54.4,8,1,0,7,100.0,100.0,98.2,4,0,48.5,53.4,10.799999999999997,1.0,3735,2427,6162,0.06961178045515395,0.07457766790276062,0.07156767283349562,1.5938313253012042,0.15184013185002063,1.7456714571512248,0.056980678320131886
2021,Matt Pryor,46647,IND,T,T,14,438,241,197,76.5,75.2,74.8,8,0,2,6,100.0,100.0,98.1,6,0,54.75,55.05,20.450000000000003,19.75,3139,2448,5588,0.07677604332589996,0.08047385620915033,0.07838224767358626,3.3285485823510674,3.235934232026144,6.564482814377211,0.21427209687811183
2021,Austin Reiter,9655,MIA,C,C,6,421,262,159,46.9,51.7,43.8,12,0,1,11,100.0,100.0,97.5,1,0,53.45,55.375,-1.75,-11.575000000000003,3704,2073,5777,0.07073434125269978,0.07670043415340087,0.07287519473775315,-0.26242440604751616,-1.8075761215629527,-2.070000527610469,-0.06756714369309734
2021,Matt Peart,46179,NYG,T,T,11,421,272,149,63.0,62.3,65.4,15,4,1,10,100.0,100.0,96.2,3,0,54.75,55.05,7.549999999999997,10.350000000000009,3571,2023,5597,0.07616914029683562,0.07365299060800791,0.07521886725031267,1.2191632595911504,1.5520600098863087,2.771223269477459,0.09045584209129913
2021,Germain Ifedi,10665,CHI,T,T,7,412,240,172,61.8,70.7,58.6,10,2,1,7,100.0,100.0,97.4,4,0,54.75,55.05,15.950000000000003,3.5500000000000043,3518,2137,5656,0.06822057987492894,0.08048666354702855,0.07284299858557285,2.306810687890847,0.5817415067852136,2.888552194676061,0.09428559007566409
2021,Ryan Bates,28300,BUF,G,G,17,414,232,179,66.3,70.5,63.9,4,0,3,1,99.3,98.7,99.1,1,0,48.5,53.4,22.0,10.5,4358,2433,6798,0.05323542909591556,0.07357172215371968,0.06090026478375993,2.482900413033502,1.5728162762022193,4.055716689235721,0.13238315095330755
2021,Jake Curhan,38549,SEA,T,T,10,405,230,175,54.0,37.2,62.1,20,4,4,12,100.0,100.0,94.5,0,0,54.75,55.05,-17.549999999999997,7.050000000000004,2993,1909,4902,0.07684597393919144,0.09167103195390257,0.08261933904528763,-2.859131306381556,1.3158276584599276,-1.5433036479216287,-0.0503751655858634
2021,Wes Schweitzer,10829,WAS,G,G,11,401,246,155,78.7,65.9,85.6,11,1,2,8,100.0,100.0,97.4,5,1,48.5,53.4,17.400000000000006,32.199999999999996,3416,2245,5661,0.07201405152224824,0.06904231625835189,0.07083554142377672,2.656454332552694,4.526359020044542,7.182813352597236,0.23445510058679714
2021,Laurent Duvernay-Tardif,8834,NYJ,G,G,7,390,248,142,53.2,52.5,55.5,20,1,6,13,100.0,100.0,95.6,2,1,48.5,53.4,4.0,2.1000000000000014,3616,1855,5476,0.06858407079646017,0.07654986522911052,0.07121986851716582,0.5815929203539822,0.3272966037735851,0.9088895241275674,0.029667175567712943
2021,Tyre Phillips,59874,BAL,T,T,9,389,271,118,53.1,63.1,42.0,17,1,3,13,100.0,100.0,96.4,4,0,54.75,55.05,8.350000000000001,-13.049999999999997,3957,2319,6280,0.06848622693960071,0.05088400172488142,0.06194267515923567,1.212343189284812,-1.351977749029754,-0.139634559744942,-0.004557828965241837
2021,Graham Glasgow,10729,DEN,G,G,7,384,251,133,65.1,70.1,61.1,13,2,2,9,100.0,100.0,96.9,2,0,48.5,53.4,21.599999999999994,7.700000000000003,3185,2225,5410,0.07880690737833596,0.059775280898876404,0.0709796672828096,3.6087259026687586,0.9371090337078655,4.545834936376624,0.14838116138348176
2021,Keith Ismael,41878,WAS,C,C,9,382,217,165,64.9,46.9,68.9,13,3,3,7,100.0,100.0,96.0,1,0,53.45,55.375,-6.550000000000004,13.525000000000006,3416,2245,5661,0.06352459016393443,0.07349665924276169,0.06747924394983218,-0.8821024590163941,2.023870155902005,1.1417676968856112,0.03726858085812245
2021,Ben Cleveland,41696,BAL,G,G,8,367,235,132,55.8,54.8,56.6,8,0,1,7,100.0,100.0,98.2,2,0,48.5,53.4,6.299999999999997,3.200000000000003,3957,2319,6280,0.0593884255749305,0.056921086675291076,0.058439490445859874,0.7931918119787713,0.3708522639068567,1.164044075885628,0.03799570690508705
2021,Dennis Kelly,7146,GB,T,T,6,361,221,140,72.4,73.6,71.2,9,2,1,6,100.0,100.0,97.4,3,0,54.75,55.05,18.849999999999994,16.150000000000006,3590,2270,5860,0.061559888579387184,0.06167400881057269,0.061604095563139935,2.4600562674094695,2.0279277533039655,4.487984020713435,0.1464928424776387
2021,Jack Conklin,10642,CLE,T,T,7,361,186,175,78.8,63.8,86.0,8,2,0,6,100.0,100.0,97.2,2,1,54.75,55.05,9.049999999999997,30.950000000000003,3162,2396,5559,0.058823529411764705,0.07303839732888147,0.06493973736283504,1.1285882352941172,4.602456176961603,5.73104441225572,0.18706773073213123
2021,Josh Myers,59992,GB,C,C,7,349,214,135,54.9,65.9,49.4,9,0,1,8,100.0,100.0,97.7,0,0,53.45,55.375,12.450000000000003,-5.975000000000001,3590,2270,5860,0.0596100278551532,0.05947136563876652,0.05955631399317406,1.5733470752089138,-0.7234751101321587,0.8498719650767551,0.02774077611050832
2021,J.C. Hassenauer,45600,PIT,C,C,9,345,224,121,68.3,69.6,66.3,6,0,1,5,100.0,100.0,98.6,0,0,53.45,55.375,16.14999999999999,10.924999999999997,4029,2173,6203,0.05559692231322909,0.05568338702254947,0.055618249234241496,1.9035274261603363,1.2385822825586743,3.1421097087190106,0.10256199230710761
2021,Rashod Hill,11369,MIN,T,T,6,342,215,127,42.7,39.3,47.6,20,3,6,11,100.0,100.0,94.2,4,1,54.75,55.05,-15.450000000000003,-7.449999999999996,3487,2278,5768,0.06165758531689131,0.05575065847234416,0.05929264909847434,-2.0195325494694583,-0.8456371378402101,-2.8651696873096686,-0.09352235875564424
2021,Andre Dillard,29250,PHI,T,T,8,340,250,90,69.6,71.7,65.4,20,1,1,18,100.0,100.0,95.4,7,4,54.75,55.05,16.950000000000003,10.350000000000009,3341,2598,5940,0.07482789583956899,0.03464203233256351,0.05723905723905724,2.6888656090990724,0.7299976905311784,3.418863299630251,0.11159554055758385
2021,Trent Scott,24481,CAR,G,G,8,335,195,140,39.6,28.6,51.1,16,1,2,13,100.0,100.0,95.5,3,0,48.5,53.4,-19.9,-2.299999999999997,3566,2182,5748,0.054683118339876616,0.06416131989000917,0.05828114126652749,-2.3069713965227145,-0.3004546287809346,-2.607426025303649,-0.08510931594987788
2021,Joe Haeg,10789,PIT,T,T,9,320,220,99,67.2,74.1,54.7,7,3,1,3,99.7,99.5,97.6,1,0,54.75,55.05,19.349999999999994,-0.3499999999999943,4029,2173,6203,0.054604120129064286,0.04555913483663138,0.05158794131871675,2.2399702159344743,-0.032465439484583,2.207504776449891,0.07205543691612833
2021,Netane Muti,41339,DEN,G,G,8,317,176,141,59.0,52.0,59.3,14,4,3,7,100.0,100.0,94.6,0,0,48.5,53.4,3.5,5.899999999999999,3185,2225,5410,0.05525902668759811,0.06337078651685393,0.058595194085027724,0.41002197802197793,0.7612352359550559,1.1712572139770339,0.03823115183923051
2021,Lane Taylor,8365,HOU,G,G,5,311,206,105,39.7,49.3,36.8,7,0,0,7,100.0,100.0,98.2,2,1,48.5,53.4,0.7999999999999972,-16.6,3300,2059,5359,0.062424242424242424,0.05099562894609033,0.05803321515208061,0.10587151515151476,-1.7235298688683827,-1.6176583537168678,-0.05280218675021274
2021,James Hudson III,59854,CLE,T,T,6,303,181,122,57.3,57.9,61.8,13,3,1,9,100.0,100.0,95.3,3,0,54.75,55.05,3.1499999999999986,6.75,3162,2396,5559,0.05724225173940544,0.05091819699499165,0.05450620615218565,0.38226375711574934,0.6997687813021702,1.0820325384179195,0.035318758149441486
2021,Andrus Peat,9446,NO,G,G,6,303,150,153,52.1,20.1,62.1,14,3,2,9,100.0,100.0,94.2,1,1,48.5,53.4,-28.4,8.700000000000003,3104,2543,5648,0.04832474226804124,0.06016515926071569,0.05364730878186969,-2.9095360824742267,1.0657174990169096,-1.843818583457317,-0.06018431083023733
2021,Oday Aboushi,7923,LAC,G,G,5,298,193,105,68.2,70.6,68.9,5,0,1,4,100.0,100.0,98.6,2,0,48.5,53.4,22.099999999999994,15.500000000000007,3992,2046,6042,0.04834669338677355,0.051319648093841645,0.04932141674942072,2.265139278557114,1.6195454545454553,3.884684733102569,0.1268004756824465
2021,Ben Bredeson,27305,NYG,G,G,7,294,190,104,56.2,22.7,75.7,14,2,2,10,100.0,100.0,95.4,2,2,48.5,53.4,-25.8,22.300000000000004,3571,2023,5597,0.05320638476617194,0.0514087988136431,0.0525281400750402,-2.9101764211705405,2.334103410776075,-0.5760730103944653,-0.01880367050725825
2021,Cam Fleming,8775,DEN,T,T,5,285,153,132,71.7,65.0,71.8,8,0,0,8,100.0,100.0,97.2,2,1,54.75,55.05,10.25,16.75,3185,2225,5410,0.04803767660910518,0.059325842696629216,0.05268022181146026,1.0438587127158554,2.023189213483146,3.0670479261990016,0.10011189136377883
2021,Joe Noteboom,46249,LA,T,T,10,279,142,137,77.7,81.6,68.5,5,1,1,3,100.0,100.0,97.7,0,0,54.75,55.05,26.849999999999994,13.450000000000003,4217,2687,6904,0.03367322741285274,0.05098622999627838,0.04041135573580533,1.9167474507944031,1.3962171194640867,3.31296457025849,0.10813888701139467
2021,Julie'n Davenport,11885,IND,T,T,5,278,171,107,45.3,28.8,62.0,20,4,4,12,100.0,100.0,92.4,1,0,54.75,55.05,-25.95,6.950000000000003,3139,2448,5588,0.0544759477540618,0.04370915032679738,0.049749463135289905,-2.9969397897419556,0.6184932189542486,-2.378446570787707,-0.0776351692046568
2021,Jermaine Eluemunor,11914,LV,G,G,4,266,178,88,59.8,67.0,52.4,5,0,1,4,100.0,100.0,98.5,0,0,48.5,53.4,18.5,-1.0,3963,2129,6092,0.04491546807973757,0.04133395960544857,0.04366382140512147,1.7615846580873076,-0.08415594175669329,1.6774287163306143,0.05475315856178684
2021,Laremy Tunsil,10647,HOU,T,T,5,262,150,112,60.8,75.2,45.0,7,0,2,5,100.0,100.0,97.4,1,0,54.75,55.05,20.450000000000003,-10.049999999999997,3300,2059,5359,0.045454545454545456,0.054395337542496355,0.04888971823101325,1.970636363636364,-1.1130265177270515,0.8576098459093124,0.027993349237480897
2021,Jimmy Morrissey,41626,HOU,C,C,4,258,147,111,45.0,20.0,56.8,8,2,0,6,100.0,100.0,96.4,2,0,53.45,55.375,-33.45,1.4249999999999972,3300,2059,5359,0.04454545454545455,0.053909664885866924,0.04814331031908938,-3.158896363636364,0.15640811073336539,-3.0024882529029986,-0.09800459106883354
2021,Saahdiq Charles,59820,WAS,G,G,8,253,164,89,67.6,62.3,79.2,15,4,2,9,100.0,100.0,93.8,4,0,48.5,53.4,13.799999999999997,25.800000000000004,3416,2245,5661,0.04800936768149883,0.03964365256124722,0.04469175057410352,1.4045620608899294,2.082433496659243,3.4869955575491725,0.11381945402984613
2021,Josh Wells,8968,TB,T,T,18,252,121,126,64.6,59.2,67.8,9,1,1,7,98.0,96.0,95.6,1,0,54.75,55.05,4.450000000000003,12.75,4505,2228,6740,0.02685904550499445,0.05655296229802514,0.037388724035608306,0.2533882352941178,1.4680583482944343,1.721446583588552,0.056189951220730755
2021,Tommy Kraemer,40976,DET,G,G,6,238,125,113,55.5,66.0,53.2,8,0,2,6,100.0,100.0,96.6,3,1,48.5,53.4,17.5,-0.19999999999999574,3414,2215,5633,0.03661394258933802,0.051015801354401806,0.04225102077045979,1.3583772700644405,-0.02077363431151197,1.3376036357529286,0.04366088600260242
2021,Sua Opeta,45110,PHI,G,G,7,229,128,101,72.9,62.9,74.8,11,1,1,9,100.0,100.0,95.0,1,0,48.5,53.4,14.399999999999999,21.4,3341,2598,5940,0.038311882669859326,0.03887605850654349,0.03855218855218855,1.1695851541454654,1.6938454195535022,2.8634305736989676,0.0934655921328026
2021,Coleman Shelton,39316,LA,C,C,10,227,125,102,59.5,56.3,58.9,5,0,2,3,100.0,100.0,97.9,0,0,53.45,55.375,2.8499999999999943,3.5249999999999986,4217,2687,6904,0.029641925539483045,0.037960550800148866,0.03287949015063731,0.17909651410955618,0.2724390770375883,0.4515355911471445,0.014738629175522565
2021,Danny Pinter,47339,IND,C,C,11,226,79,146,74.7,46.0,78.4,4,0,0,4,99.6,98.8,97.2,2,0,53.45,55.375,-7.450000000000003,23.025000000000006,3139,2448,5588,0.025167250716788787,0.059640522875817,0.04044380816034359,-0.39749155782096224,2.7958821078431377,2.3983905500221754,0.07828616310189171
2021,Frank Ragnow,39137,DET,C,C,4,223,149,74,86.7,73.9,90.2,4,0,1,3,100.0,100.0,98.6,0,0,53.45,55.375,20.450000000000003,34.825,3414,2215,5633,0.04364381956649092,0.033408577878103835,0.039588141310136694,1.8921341534856475,2.368791783295711,4.260925936781359,0.1390814114277018
2021,Walker Little,52287,JAX,T,T,7,224,138,85,68.5,70.0,61.7,6,2,1,3,99.6,99.3,96.9,0,0,54.75,55.05,15.25,6.650000000000006,3561,1863,5425,0.038753159224936815,0.045625335480407946,0.04129032258064516,1.2528896377422072,0.6177396672034359,1.870629304945643,0.06105944291216413
2021,Jordan Mills,7945,NO,T,T,5,221,115,106,47.8,56.2,44.4,5,0,0,5,100.0,100.0,97.8,1,0,54.75,55.05,1.4500000000000028,-10.649999999999999,3104,2543,5648,0.03704896907216495,0.04168305151395989,0.039128895184135974,0.11388853092783528,-0.9038302791977978,-0.7899417482699626,-0.025784586478413196
2021,Marcus Cannon,6290,HOU,T,T,4,213,127,86,66.6,69.9,59.1,5,1,0,4,100.0,100.0,97.3,0,0,54.75,55.05,15.150000000000006,4.050000000000004,3300,2059,5359,0.03848484848484848,0.04176784847013113,0.03974622130994589,1.236056363636364,0.34440932491500764,1.5804656885513717,0.05158817635840514
2021,Trey Hill,81653,CIN,C,C,7,210,117,93,53.3,65.3,54.5,1,0,0,1,100.0,100.0,99.5,6,1,53.45,55.375,11.849999999999994,-0.875,4224,2645,6871,0.027698863636363636,0.03516068052930057,0.03056323679231553,0.6958508522727269,-0.06263875236294895,0.633212099909778,0.0206687546076138
2021,A.J. Cann,9500,JAX,G,G,4,198,134,64,47.7,32.6,53.7,11,1,1,9,100.0,100.0,95.2,0,0,48.5,53.4,-15.899999999999999,0.30000000000000426,3561,1863,5425,0.037629879247402416,0.03435319377348363,0.03649769585253456,-1.2684279696714407,0.020982930756844098,-1.2474450389145966,-0.040718008072626384
2021,Tyler Larsen,9304,WAS,C,C,5,185,120,65,65.7,72.7,64.7,4,1,0,3,100.0,100.0,97.8,2,1,53.45,55.375,19.25,9.325000000000003,3416,2245,5661,0.0351288056206089,0.028953229398663696,0.032679738562091505,1.4336065573770491,0.5496973273942095,1.9833038847712587,0.06473726783253989
2021,Greg Mancz,10019,MIA,C,C,4,185,142,43,61.9,62.7,59.6,5,1,0,4,100.0,100.0,97.8,0,0,53.45,55.375,9.25,4.225000000000001,3704,2073,5777,0.03833693304535637,0.020742884708152436,0.03202354163060412,0.7517872570194384,0.17843236854799815,0.9302196255674365,0.03036341405159375
2021,Dan Feeney,11826,NYJ,C,C,10,185,101,83,75.9,55.1,79.3,4,0,0,4,99.5,99.0,98.0,0,0,53.45,55.375,1.6499999999999986,23.924999999999997,3616,1855,5476,0.027931415929203538,0.044743935309973046,0.033783783783783786,0.0977040929203539,2.17953525606469,2.2772393489850438,0.07433165173830447
2021,Calvin Anderson,46247,DEN,T,T,5,172,97,75,72.5,79.5,62.5,7,0,2,5,100.0,100.0,96.2,0,0,54.75,55.05,24.75,7.450000000000003,3185,2225,5410,0.0304552590266876,0.033707865168539325,0.03179297597042514,1.5979874411302983,0.5112876404494384,2.109275081579737,0.06884910927529317
2021,Trey Pipkins III,91462,LAC,T,T,8,173,82,89,68.5,78.4,63.7,3,0,0,3,98.8,97.6,98.1,1,0,54.75,55.05,23.650000000000006,8.650000000000006,3992,2046,6042,0.020541082164328657,0.04349951124144673,0.0286329030122476,1.0298887775551104,0.7660872922776154,1.7959760698327258,0.058622677415368925
2021,Isaac Seumalo,10713,PHI,G,G,3,168,109,59,74.8,82.9,75.5,1,0,0,1,100.0,100.0,99.5,3,0,48.5,53.4,34.400000000000006,22.1,3341,2598,5940,0.03262496258605208,0.02270977675134719,0.028282828282828285,2.3792732714756064,1.0218400307929176,3.401113302268524,0.11101616069448964
2021,Jamarco Jones,46226,SEA,G,G,6,163,100,63,56.9,54.6,60.3,6,0,1,5,100.0,100.0,96.9,2,1,48.5,53.4,6.100000000000001,6.899999999999999,2993,1909,4902,0.03341129301703976,0.03300157150340492,0.03325173398612811,0.43207484129635826,0.46361927710843354,0.8956941184047917,0.029236462694615897
2021,Teven Jenkins,41534,CHI,T,T,5,160,117,43,47.5,54.6,62.7,11,2,2,7,100.0,100.0,94.1,7,1,54.75,55.05,-0.14999999999999858,7.650000000000006,3518,2137,5656,0.033257532689027855,0.020121665886757137,0.028288543140028287,-0.010575895395110757,0.3134029948525973,0.30282709945748654,0.009884616873420545
2021,Mike Remmers,7431,KC,T,T,4,156,122,33,64.5,63.6,67.9,5,1,1,3,99.4,99.2,97.4,1,0,54.75,55.05,8.850000000000001,12.850000000000009,4783,2258,7044,0.02550700397240226,0.014614703277236492,0.022146507666098807,0.4785624085302112,0.38235863596102765,0.8609210444912389,0.02810143048064834
2021,Jaylon Moore,43678,SF,T,T,5,145,72,73,59.0,56.1,61.9,5,1,1,3,100.0,100.0,95.3,1,0,54.75,55.05,1.3500000000000014,6.850000000000001,3405,2919,6325,0.021145374449339206,0.025008564576909902,0.02292490118577075,0.060518061674008874,0.34878444672833175,0.4093025084023406,0.013360093889005182
2021,Ty Nsekhe,7636,DAL,T,T,6,145,93,52,72.5,64.6,75.4,7,2,2,3,100.0,100.0,94.8,1,0,54.75,55.05,9.849999999999994,20.35000000000001,4128,2472,6615,0.02252906976744186,0.021035598705501618,0.021919879062736205,0.4704520348837206,0.8715595469255668,1.3420115818092875,0.04380476631596893
2021,Trystan Colon,41117,BAL,C,C,12,147,77,67,62.6,74.5,58.8,2,1,1,0,98.0,96.3,97.9,1,0,53.45,55.375,21.049999999999997,3.424999999999997,3957,2319,6280,0.019459186252211273,0.028891763691246228,0.02340764331210191,0.86838564569118,0.20147093574816713,1.0698565814393473,0.03492132122911285
2021,Phil Haynes,29244,SEA,G,G,3,136,65,71,69.8,71.3,66.1,1,0,0,1,100.0,100.0,99.2,0,0,48.5,53.4,22.799999999999997,12.699999999999996,2993,1909,4902,0.021717340461075842,0.03719224724986904,0.0277437780497756,1.0497293685265616,0.9616873755893134,2.0114167441158752,0.06565490315756768
2021,Will Richardson Jr.,46980,JAX,G,G,5,136,80,56,55.5,83.1,43.6,0,0,0,0,100.0,100.0,100.0,1,0,48.5,53.4,34.599999999999994,-9.799999999999997,3561,1863,5425,0.02246559955068801,0.030059044551798177,0.025069124423963134,1.6478966582420667,-0.5997621041331186,1.0481345541089482,0.03421228984367996
2021,James Ferentz,9258,NE,G,G,3,133,65,68,48.8,43.8,50.3,3,0,1,2,100.0,100.0,97.5,1,0,48.5,53.4,-4.700000000000003,-3.1000000000000014,3305,2639,5945,0.019667170953101363,0.025767336112163697,0.022371740958788897,-0.19596369137670208,-0.16263311860553248,-0.35859680998223453,-0.01170500290448014
2021,Will Clapp,39386,NO,C,C,9,133,69,64,50.7,40.5,61.9,7,1,3,3,100.0,100.0,93.9,2,1,53.45,55.375,-12.950000000000003,6.524999999999999,3104,2543,5648,0.02222938144329897,0.025167125442390876,0.023548158640226628,-0.6102854381443301,0.33434274478961845,-0.27594269335471167,-0.00900707964286405
2021,Conor McDermott,11966,NYJ,T,T,5,135,80,51,68.4,73.7,58.3,5,4,0,1,97.0,95.2,94.2,1,0,54.75,55.05,18.950000000000003,3.25,3616,1855,5476,0.022123893805309734,0.027493261455525605,0.024653031409788168,0.8888053097345134,0.18192291105121292,1.0707282207857263,0.0349497725170134
2021,Sam Tecklenburg,47316,CAR,C,C,3,131,97,34,62.5,70.6,56.8,3,0,0,3,100.0,100.0,98.4,0,0,53.45,55.375,17.14999999999999,1.4249999999999972,3566,2182,5748,0.027201346045989904,0.015582034830430797,0.02279053583855254,0.9889865395401005,0.04520815765352878,1.0341946971936293,0.033757277246970224
2021,Wes Martin,46087,NYG,G,G,5,130,82,48,40.3,23.7,49.8,7,1,0,6,100.0,100.0,94.9,0,0,48.5,53.4,-24.8,-3.6000000000000014,3571,2023,5597,0.02296275553066368,0.023727137913989126,0.02322672860460961,-1.2072898347801737,-0.17391043005437476,-1.3812002648345485,-0.045083928974042085
2021,Michael Dunn,39676,CLE,G,G,4,128,77,51,67.9,42.7,73.1,7,2,0,5,100.0,100.0,93.8,1,0,48.5,53.4,-5.799999999999997,19.699999999999996,3162,2396,5559,0.024351676154332702,0.021285475792988316,0.023025724051088325,-0.29942820999367475,0.8537434056761267,0.5543151956824519,0.01809347098146806
2021,Solomon Kindley,41471,MIA,G,G,3,124,86,38,57.5,38.2,66.0,6,0,0,6,100.0,100.0,96.3,1,0,48.5,53.4,-10.299999999999997,12.600000000000001,3704,2073,5777,0.023218142548596114,0.018330921369995177,0.021464427903756276,-0.5069913606911446,0.47025412445730835,-0.036737236233836235,-0.0011991446796220232
2021,Xavier Su'a-Filo,8668,CIN,G,G,2,124,68,56,50.0,52.0,49.0,5,0,2,3,100.0,100.0,96.2,0,0,48.5,53.4,3.5,-4.399999999999999,4224,2645,6871,0.016098484848484848,0.02117202268431002,0.01804686362974822,0.11945075757575756,-0.1896674480151228,-0.07021669043936525,-0.002291951692421555
2021,Dillon Radunz,30551,TEN,T,T,6,124,59,65,49.7,39.5,57.3,8,2,3,3,100.0,100.0,91.1,2,0,54.75,55.05,-15.25,2.25,3271,2872,6150,0.01803729746254968,0.022632311977715876,0.020162601626016262,-0.5831458269642311,0.10367862116991644,-0.4794672057943147,-0.015650348469924944
2021,Ty Sambrailo,9492,TEN,T,T,3,123,73,49,59.1,59.5,55.6,4,0,1,3,99.2,98.6,97.1,0,0,54.75,55.05,4.75,0.5500000000000043,3271,2872,6150,0.022317334148578418,0.017061281337047353,0.02,0.22473555487618463,0.01910522284122577,0.2438407777174104,0.007959237037145937
2021,Elijah Wilkinson,46238,CHI,T,T,5,120,70,50,65.0,54.6,68.5,6,1,0,5,100.0,100.0,94.5,1,1,54.75,55.05,-0.14999999999999858,13.450000000000003,3518,2137,5656,0.019897669130187607,0.02339728591483388,0.021216407355021217,-0.006327458783399598,0.640715956948994,0.6343884981655944,0.020707153568836678
2021,Scott Quessenberry,23918,LAC,C,C,3,115,71,44,64.3,60.7,64.0,1,0,0,1,100.0,100.0,99.3,1,0,53.45,55.375,7.25,8.625,3992,2046,6042,0.01778557114228457,0.021505376344086023,0.01903343263819927,0.2733642284569138,0.37764516129032266,0.6510093897472364,0.02124967815026786
2021,Korey Cunningham,38555,NYG,T,T,9,113,61,50,51.7,53.8,56.0,7,2,1,4,98.2,96.8,92.4,1,1,54.75,55.05,-0.9500000000000028,0.9500000000000028,3571,2023,5597,0.01708204984598152,0.024715768660405337,0.020189387171699123,-0.034403248389806886,0.04780523974295614,0.013401991353149255,0.00043745606025385824
2021,Senio Kelemete,7144,LAC,G,G,6,110,66,42,40.0,36.5,49.6,6,1,2,3,98.2,97.1,94.1,2,0,48.5,53.4,-12.0,-3.799999999999997,3992,2046,6042,0.016533066132264528,0.020527859237536656,0.018205892088712348,-0.4206012024048096,-0.15881994134897348,-0.5794211437537831,-0.018912957343070712
2021,Bobby Hart,9659,BUF,T,T,4,102,54,48,33.7,26.5,42.0,9,2,3,4,100.0,100.0,89.0,3,1,54.75,55.05,-28.25,-13.049999999999997,4358,2433,6798,0.012391005048187242,0.01972872996300863,0.01500441306266549,-0.7420972923359339,-0.5241884093711466,-1.2662857017070805,-0.04133298848117849
2021,Ryan McCollum,41974,DET,C,C,4,101,68,33,49.5,36.5,53.4,7,2,0,5,100.0,100.0,93.4,1,0,53.45,55.375,-16.950000000000003,-1.9750000000000014,3414,2215,5633,0.01991798476859988,0.014898419864559819,0.01793005503284218,-0.7157328646748682,-0.05990803611738154,-0.7756409007922497,-0.025317790744029924
2021,Chuma Edoga,46232,NYJ,T,T,4,100,62,38,57.7,55.0,70.3,5,1,1,3,100.0,100.0,94.6,2,1,54.75,55.05,0.25,15.25,3616,1855,5476,0.017146017699115043,0.020485175202156335,0.018261504747991233,0.009087389380530973,0.636044204851752,0.645131594232283,0.02105782029861023
2021,Aaron Stinnie,28653,TB,G,G,8,102,55,45,54.4,61.6,52.5,3,1,0,2,98.0,96.5,96.0,1,0,48.5,53.4,13.100000000000001,-0.8999999999999986,4505,2228,6740,0.01220865704772475,0.020197486535008975,0.015133531157270029,0.33905882352941175,-0.03700987432675039,0.30204894920266134,0.009859217174540618
2021,Le'Raven Clark,10716,PHI,T,T,2,97,61,36,62.5,56.4,64.8,5,0,0,5,100.0,100.0,95.6,0,0,54.75,55.05,1.6499999999999986,9.75,3341,2598,5940,0.018258006584854835,0.013856812933025405,0.01632996632996633,0.06386650703382216,0.2750715935334873,0.33893810056730944,0.011063320534769631
2021,Brandon Brooks,7078,PHI,G,G,2,96,54,42,52.7,62.8,54.0,3,0,0,3,100.0,100.0,97.0,1,0,48.5,53.4,14.299999999999997,0.6000000000000014,3341,2598,5940,0.016162825501346904,0.016166281755196306,0.01616161616161616,0.4899922178988326,0.019748729792147854,0.5097409476909804,0.01663851743006575
2021,Yasir Durant,59878,NE,T,T,6,95,55,40,59.4,59.4,56.5,3,3,0,0,100.0,100.0,94.1,0,0,54.75,55.05,4.649999999999999,1.4500000000000028,3305,2639,5945,0.01664145234493192,0.015157256536566882,0.0159798149705635,0.16405143721633883,0.04474725274725284,0.20879868996359166,0.006815423909087668
2021,Bobby Evans,36800,LA,T,T,7,92,45,47,48.4,67.4,44.7,3,2,1,0,100.0,100.0,93.6,1,0,54.75,55.05,12.650000000000006,-10.349999999999994,4217,2687,6904,0.010671093194213896,0.017491626349088202,0.013325608342989572,0.2861773772824284,-0.3685940454037958,-0.08241666812136739,-0.002690172675506994
2021,Alex Bars,47018,CHI,T,T,12,92,41,50,49.0,19.8,63.5,2,1,0,1,98.9,97.6,96.1,1,1,54.75,55.05,-34.95,8.450000000000003,3518,2137,5656,0.011654349061967027,0.02339728591483388,0.016265912305516265,-0.8635173393973848,0.4025315863359852,-0.46098575306139966,-0.015047093081433063
2021,Jason Spriggs,10682,ATL,T,T,8,90,53,37,58.9,53.3,60.0,4,0,1,3,100.0,100.0,96.2,1,0,54.75,55.05,-1.4500000000000028,4.950000000000003,3338,1920,5258,0.015877771120431396,0.019270833333333334,0.017116774438950173,-0.04880826842420621,0.19421531250000013,0.1454070440757939,0.004746249341491238
2021,Justin Murray,11022,ARI,T,T,3,90,52,38,60.8,76.5,47.8,2,1,0,1,100.0,100.0,96.9,0,0,54.75,55.05,21.75,-7.25,3735,2427,6162,0.013922356091030789,0.015657189946435928,0.014605647517039922,0.6419598393574296,-0.23111578079934073,0.4108440585580889,0.013410411818635759
2021,Fred Johnson,46951,CIN,T,T,5,90,39,51,81.0,61.3,83.6,5,1,2,2,100.0,100.0,91.4,0,0,54.75,55.05,6.549999999999997,28.549999999999997,4224,2645,6871,0.009232954545454546,0.019281663516068054,0.013098530053849512,0.12820880681818178,1.1208006805293003,1.249009487347482,0.04076907342775807
2021,B.J. Finney,9875,PIT,G,G,4,87,68,19,71.4,74.0,66.8,4,0,1,3,100.0,100.0,96.9,0,0,48.5,53.4,25.5,13.399999999999999,4029,2173,6203,0.016877637130801686,0.008743672342383801,0.014025471546026116,0.9124050632911391,0.23854836631385176,1.1509534296049908,0.03756841349792045
2021,Kendall Lamm,10017,TEN,T,T,8,87,38,48,46.9,46.7,57.3,4,2,1,1,98.9,97.4,91.2,2,0,54.75,55.05,-8.049999999999997,2.25,3271,2872,6150,0.011617242433506572,0.016713091922005572,0.014146341463414635,-0.19825985937022308,0.07656267409470753,-0.12169718527551555,-0.003972332902759335
2021,Jack Anderson,60130,PHI,C,C,2,81,43,38,71.0,73.1,68.0,1,0,1,0,100.0,100.0,98.7,0,0,53.45,55.375,19.64999999999999,12.625,3341,2598,5940,0.012870398084405866,0.014626635873749037,0.013636363636363636,0.5361550434001793,0.3759703618167821,0.9121254052169614,0.029772798363274858
2021,Yodny Cajuste,46297,NE,T,T,3,81,41,40,55.7,49.3,57.1,4,1,1,2,100.0,100.0,93.1,0,0,54.75,55.05,-5.450000000000003,2.0500000000000043,3305,2639,5945,0.012405446293494705,0.015157256536566882,0.013624894869638351,-0.14333252647503789,0.06326335733232298,-0.0800691691427149,-0.0026135476704916044
2021,Robert Jones,100786,MIA,T,T,3,79,34,45,63.6,55.4,64.3,3,1,0,2,100.0,100.0,93.5,0,0,54.75,55.05,0.6499999999999986,9.25,3704,2073,5777,0.0091792656587473,0.02170767004341534,0.01367491777739311,0.012649028077753753,0.4088205499276411,0.42146957800539486,0.013757240715408398
2021,Nick Allegretti,39268,KC,G,G,10,80,38,41,81.8,89.0,66.8,0,0,0,0,98.8,97.4,100.0,0,0,48.5,53.4,40.5,13.399999999999999,4783,2258,7044,0.007944804515994146,0.01815766164747564,0.011357183418512209,0.6821409157432574,0.4953845881310894,1.1775255038743468,0.038435755866404665
2021,Tommy Doyle,40459,BUF,T,T,8,80,14,63,54.3,38.1,49.8,1,1,0,0,96.3,82.4,90.9,1,0,54.75,55.05,-16.65,-5.25,4358,2433,6798,0.0032124827902707664,0.025893958076448828,0.011768167107972934,-0.11339421753097749,-0.2767805178791615,-0.39017473541013903,-0.012735741880851376
2021,Colton McKivitz,29314,SF,T,T,3,74,37,37,55.7,58.8,52.1,4,2,0,2,100.0,100.0,91.4,0,0,54.75,55.05,4.049999999999997,-2.9499999999999957,3405,2919,6325,0.010866372980910427,0.012675573826652964,0.011699604743083004,0.09329867841409685,-0.07613203151764293,0.01716664689645392,0.0005603386482805934
2021,Nick Gates,29476,NYG,C,C,2,74,53,21,63.9,50.5,68.6,1,0,0,1,100.0,100.0,99.0,0,0,53.45,55.375,-2.950000000000003,13.224999999999994,3571,2023,5597,0.014841781013721647,0.010380622837370242,0.013221368590316241,-0.09282049845981527,0.27950968858131475,0.18668919012149948,0.006093744985393079
2021,Colby Gossett,46673,ATL,G,G,6,74,49,25,65.3,45.7,70.3,5,1,3,1,100.0,100.0,93.5,0,0,48.5,53.4,-2.799999999999997,16.9,3338,1920,5258,0.014679448771719592,0.013020833333333334,0.01407379231647014,-0.08713720790892741,0.4480260416666667,0.3608888337577393,0.011779817136516253
2021,Will Holden,11912,DET,T,T,6,71,19,51,60.8,28.0,71.5,3,1,1,1,98.6,95.0,89.5,1,0,54.75,55.05,-26.75,16.450000000000003,3414,2215,5633,0.005565319273579379,0.023024830699774266,0.012604296112195988,-0.31560925600468653,0.7711522347629798,0.45554297875829325,0.014869434811050103
2021,Nick Leverett,27699,TB,G,G,3,69,40,29,46.3,33.8,59.2,4,1,0,3,100.0,100.0,93.2,2,1,48.5,53.4,-14.700000000000003,5.800000000000004,4505,2228,6740,0.008879023307436182,0.013016157989228007,0.010237388724035608,-0.2767058823529412,0.1537052064631958,-0.12300067588974539,-0.004014880301399826
2021,Ronnie Stanley,10640,BAL,T,T,1,68,40,28,48.9,27.7,62.5,9,0,1,8,100.0,100.0,88.5,0,0,54.75,55.05,-27.05,7.450000000000003,3957,2319,6280,0.010108668182966895,0.01207416990081932,0.010828025477707006,-0.5796916856204195,0.18314342388960766,-0.3965482617308118,-0.01294378094315913
2021,Cole Toner,10804,HOU,G,G,1,68,30,38,75.5,72.5,72.2,1,1,0,0,100.0,100.0,96.4,0,0,48.5,53.4,24.0,18.800000000000004,3300,2059,5359,0.00909090909090909,0.018455560951918408,0.012688934502705728,0.4625454545454545,0.7064198154443907,1.1689652699898452,0.038156340211574706
2021,Nick Harris,46752,CLE,C,C,1,68,44,24,70.0,75.3,67.2,0,0,0,0,100.0,100.0,100.0,1,0,53.45,55.375,21.849999999999994,11.825000000000003,3162,2396,5559,0.013915243516761544,0.01001669449081803,0.012232415902140673,0.644581910183428,0.2411589315525877,0.8857408417360157,0.028911576557667584
2021,Drew Dalman,52270,ATL,C,C,5,68,37,31,78.3,40.9,92.3,4,0,1,3,100.0,100.0,94.3,2,0,53.45,55.375,-12.550000000000004,36.925,3338,1920,5258,0.011084481725584181,0.016145833333333335,0.012932674020540129,-0.2949137207908928,1.2138324479166667,0.9189187271257739,0.02999454002538741
2021,Landon Young,41761,NO,T,T,2,67,45,22,46.3,32.3,65.8,2,0,1,1,100.0,100.0,97.6,2,0,54.75,55.05,-22.450000000000003,10.75,3104,2543,5648,0.014497422680412372,0.008651199370821865,0.011862606232294617,-0.6899903350515464,0.1893488006291781,-0.5006415344223683,-0.016341502354155154
2021,David Sharpe,11884,BAL,T,T,3,67,52,15,56.2,56.3,51.9,4,1,0,3,100.0,100.0,94.8,0,0,54.75,55.05,1.5499999999999972,-3.1499999999999986,3957,2319,6280,0.013141268637856963,0.00646830530401035,0.010668789808917197,0.0431822087439979,-0.041483829236739954,0.0016983795072579438,5.5437015924231576e-05
2021,Blake Brandel,46282,MIN,T,T,11,65,12,51,53.3,58.5,55.4,0,0,0,0,96.9,85.7,100.0,0,0,54.75,55.05,3.75,0.3500000000000014,3487,2278,5768,0.0034413535990823058,0.022388059701492536,0.011269070735090153,0.027358761112704327,0.015953731343283647,0.04331249245598798,0.00141376843263812
2021,D'Ante Smith,41497,CIN,T,T,4,62,31,31,52.3,43.1,55.6,1,1,0,0,100.0,100.0,96.6,0,0,54.75,55.05,-11.649999999999999,0.5500000000000043,4224,2645,6871,0.007339015151515152,0.011720226843100189,0.00902343181487411,-0.1812589962121212,0.013124310018903691,-0.1681346861932175,-0.005488105123782241
2021,Alaric Jackson,40972,LA,T,T,3,62,32,30,70.6,39.1,83.0,3,1,1,1,100.0,100.0,93.5,0,0,54.75,55.05,-15.649999999999999,27.950000000000003,4217,2687,6904,0.00758833293810766,0.011164867882396725,0.008980301274623407,-0.2517657102205359,0.6353502046892446,0.38358449446870874,0.012520629009756715
2021,Brett Toth,46848,PHI,C,C,4,53,23,30,69.0,60.2,69.0,0,0,0,0,100.0,100.0,100.0,0,0,53.45,55.375,6.75,13.625,3341,2598,5940,0.006884166417240347,0.011547344110854504,0.008922558922558922,0.09851242143070937,0.32032909930715936,0.41884152073786873,0.013671457972524942
2021,Austin Schlottmann,30097,DEN,C,C,3,52,27,25,44.3,26.3,49.3,4,0,0,4,100.0,100.0,92.0,0,0,53.45,55.375,-27.150000000000002,-6.075000000000003,3185,2225,5410,0.00847723704866562,0.011235955056179775,0.009611829944547136,-0.4879328100470958,-0.13897415730337084,-0.6269069673504667,-0.020462947994544577
2021,Caleb Benenoch,10782,NO,T,T,1,49,28,21,57.3,46.3,61.6,5,1,1,3,100.0,100.0,88.9,1,1,54.75,55.05,-8.450000000000003,6.550000000000004,3104,2543,5648,0.00902061855670103,0.008257963035784506,0.008675637393767706,-0.1615953608247423,0.11012654345261509,-0.051468817372127204,-0.0016800000447877738
2021,Mekhi Becton,59818,NYJ,T,T,1,48,31,17,67.3,59.7,78.7,2,0,1,1,100.0,100.0,96.7,1,0,54.75,55.05,4.950000000000003,23.650000000000006,3616,1855,5476,0.008573008849557522,0.009164420485175202,0.008765522279035792,0.08996515486725667,0.4412796765498653,0.531244831417122,0.017340428363084255
2021,Cedric Ogbuehi,9454,BAL,T,T,1,48,27,21,68.6,62.0,70.3,1,1,0,0,100.0,100.0,96.0,0,0,54.75,55.05,7.25,15.25,3957,2319,6280,0.006823351023502654,0.009055627425614488,0.007643312101910828,0.10487490523123578,0.2811681759379042,0.38604308116914,0.012600880042862363
2021,K.C. McDermott,29035,JAX,G,G,3,46,32,14,66.3,77.2,69.9,1,0,1,0,100.0,100.0,98.4,1,0,48.5,53.4,28.700000000000003,16.500000000000007,3561,1863,5425,0.008986239820275204,0.007514761137949544,0.00847926267281106,0.5467587756248246,0.2524508856682771,0.7992096612931017,0.026087101575688287
2021,Corey Levin,11972,TEN,G,G,7,46,13,33,52.4,7.3,59.7,0,0,0,0,100.0,100.0,100.0,0,0,48.5,53.4,-41.2,6.300000000000004,3271,2872,6150,0.003974319779883827,0.01149025069637883,0.0074796747967479675,-0.347132986854173,0.14738314763231208,-0.1997498392218609,-0.006520059250881665
2021,Bryan Bulaga,5548,LAC,T,T,1,45,30,15,55.8,45.2,61.0,1,0,0,1,100.0,100.0,98.2,1,0,54.75,55.05,-9.549999999999997,5.950000000000003,3992,2046,6042,0.00751503006012024,0.007331378299120235,0.007447864945382324,-0.15214929859719434,0.08881378299120239,-0.06333551560599195,-0.0020673424121135106
2021,Kayode Awosika,44909,PHI,G,G,1,43,22,21,79.7,31.7,86.1,3,2,0,1,100.0,100.0,86.8,0,0,48.5,53.4,-16.8,32.699999999999996,3341,2598,5940,0.006584854833882071,0.008083140877598153,0.007239057239057239,-0.23452618976354384,0.5381528868360277,0.30362669707248385,0.00991071663824116
2021,Quinn Bailey,46669,DEN,T,T,2,40,15,25,66.2,60.3,65.8,1,0,0,1,100.0,100.0,96.2,0,0,54.75,55.05,5.549999999999997,10.75,3185,2225,5410,0.004709576138147566,0.011235955056179775,0.0073937153419593345,0.055412872841444236,0.2459213483146067,0.30133422115605096,0.00983588764781699
2021,Chris Hubbard,8051,CLE,T,T,1,39,22,17,51.0,42.9,53.2,3,1,1,1,100.0,100.0,90.5,0,0,54.75,55.05,-11.850000000000001,-1.8499999999999943,3162,2396,5559,0.006957621758380772,0.0070951585976627716,0.007015650296815974,-0.17478937381404175,-0.026724624373956514,-0.20151399818799826,-0.0065776433822732
2021,Andre Smith,4929,BAL,T,T,1,35,21,14,58.4,81.4,55.3,1,0,0,1,100.0,100.0,97.5,1,0,54.75,55.05,26.650000000000006,0.25,3957,2319,6280,0.00530705079605762,0.00603708495040966,0.005573248407643312,0.29983775587566347,0.003072876239758517,0.30291063211542196,0.009887343473257842
2021,James Carpenter,6177,NO,G,G,3,35,4,30,64.5,73.1,61.8,0,0,0,0,97.1,80.0,100.0,0,0,48.5,53.4,24.599999999999994,8.399999999999999,3104,2543,5648,0.001288659793814433,0.011797090051120724,0.006196883852691218,0.06720618556701029,0.20175855289028702,0.2689647384572973,0.00877931135249467
2021,Jordan Simmons,46744,LV,G,G,3,31,23,8,48.6,39.6,52.2,3,1,0,2,100.0,100.0,91.3,0,0,48.5,53.4,-8.899999999999999,-1.1999999999999957,3963,2129,6092,0.0058036840777189,0.0037576326914044154,0.005088640840446487,-0.10950391117840019,-0.009180648191639235,-0.11868455937003942,-0.003873997407316815
2021,Robert Hainsey,59980,TB,C,C,4,31,10,21,65.7,78.2,63.3,0,0,0,0,100.0,100.0,100.0,0,0,53.45,55.375,24.75,7.924999999999997,4505,2228,6740,0.0022197558268590455,0.009425493716337522,0.004599406528189911,0.11647058823529412,0.15208316876122077,0.2685537569965149,0.008765896455713008
2021,Deonte Brown,41457,CAR,G,G,2,30,19,11,48.4,29.5,54.2,2,0,1,1,100.0,100.0,94.4,0,0,48.5,53.4,-19.0,0.8000000000000043,3566,2182,5748,0.00532809871003926,0.005041246562786435,0.005219206680584551,-0.21461581604038135,0.008211182401466588,-0.20640463363891476,-0.006737279219972279
2021,David Bakhtiari,7891,GB,T,T,1,27,20,7,75.2,72.7,75.4,0,0,0,0,100.0,100.0,100.0,0,0,54.75,55.05,17.950000000000003,20.35000000000001,3590,2270,5860,0.005571030640668524,0.0030837004405286344,0.0046075085324232086,0.21200000000000005,0.12776572687224677,0.3397657268722468,0.011090335187531311
2021,Lachavious Simmons,20919,CHI,T,T,2,23,15,8,30.6,0.0,64.1,4,2,0,2,100.0,100.0,80.0,0,0,54.75,55.05,-54.75,9.049999999999997,3518,2137,5656,0.004263786242183059,0.003743565746373421,0.004066478076379066,-0.49489766913018757,0.06897819372952735,-0.4259194754006602,-0.013902490367625885
2021,Matt Farniok,41585,DAL,G,G,3,23,2,21,80.0,72.0,77.8,0,0,0,0,100.0,100.0,100.0,0,0,48.5,53.4,23.5,24.4,4128,2472,6615,0.00048449612403100775,0.00849514563106796,0.003476946334089191,0.024137596899224806,0.42202524271844655,0.44616283961767134,0.014563256527169534
2021,Will Fries,41530,IND,G,G,2,22,9,13,54.8,44.0,56.6,1,0,1,0,100.0,100.0,91.7,0,0,48.5,53.4,-4.5,3.200000000000003,3139,2448,5588,0.002867155144950621,0.0053104575163398695,0.003937007874015748,-0.02735266008282892,0.03459869281045755,0.007246032727628627,0.00023651865204002537
2021,Joshua Miles,29038,ARI,T,T,5,21,5,16,61.9,81.3,56.4,0,0,0,0,100.0,100.0,100.0,0,0,54.75,55.05,26.549999999999997,1.3500000000000014,3735,2427,6162,0.0013386880856760374,0.006592501030078286,0.0034079844206426485,0.07534939759036144,0.018120148331273195,0.09346954592163463,0.003050951029227992
2021,Derrick Kelly II,46090,NYG,G,G,1,18,0,18,51.5,,61.8,0,0,0,0,100.0,,,1,0,48.5,53.4,,8.399999999999999,3571,2023,5597,0.0,0.008897676717745922,0.0032160085760228694,,0.15217162629757783,,
2021,Tre'Vour Wallace-Simms,41855,JAX,G,G,1,17,11,6,35.1,48.7,35.5,0,0,0,0,100.0,100.0,100.0,0,0,48.5,53.4,0.20000000000000284,-17.9,3561,1863,5425,0.003089019938219601,0.00322061191626409,0.0031336405529953917,0.0013097444538051296,-0.117373268921095,-0.11606352446728986,-0.003788443882312096
2021,Denzelle Good,9688,LV,G,G,1,17,12,5,50.6,42.7,53.4,0,0,0,0,100.0,100.0,100.0,0,0,48.5,53.4,-5.799999999999997,0.0,3963,2129,6092,0.003028009084027252,0.0023485204321277596,0.0027905449770190415,-0.037232399697199076,0.0,-0.037232399697199076,-0.0012153073715799958
2021,Keaton Sutherland,46035,CIN,C,C,1,17,13,4,60.3,80.1,55.4,0,0,0,0,100.0,100.0,100.0,0,0,53.45,55.375,26.64999999999999,0.02499999999999858,4224,2645,6871,0.003077651515151515,0.0015122873345935729,0.0024741667879493523,0.17388115530303025,7.697542533080847e-05,0.17395813072836105,0.0056781888983738526
2021,Shane Lemieux,28149,NYG,G,G,1,17,12,5,69.0,81.5,63.0,0,0,0,0,100.0,100.0,100.0,0,0,48.5,53.4,33.0,9.600000000000001,3571,2023,5597,0.0033604032483898066,0.002471576866040534,0.0030373414329104877,0.23509381125735085,0.04830845279288187,0.2834022640502327,0.009250568414171231
2021,Brian Winters,7853,ARI,G,G,2,16,10,6,29.6,6.9,40.3,1,0,1,0,100.0,100.0,94.4,0,0,48.5,53.4,-41.6,-13.100000000000001,3735,2427,6162,0.002677376171352075,0.002472187886279357,0.002596559558584875,-0.23612315930388217,-0.06593720642768851,-0.3020603657315707,-0.009859589822875247
2021,Stone Forsythe,41795,SEA,T,T,1,14,6,8,68.1,74.3,66.4,0,0,0,0,100.0,100.0,100.0,0,0,54.75,55.05,19.549999999999997,11.350000000000009,2993,1909,4902,0.0020046775810223854,0.0041906757464641176,0.0028559771521827824,0.08308586702305377,0.09684064955474078,0.17992651657779457,0.005873003720363313
2021,Danny Isidora,11933,ARI,G,G,3,13,0,13,65.3,,63.8,0,0,0,0,100.0,,,0,0,48.5,53.4,,10.399999999999999,3735,2427,6162,0.0,0.005356407086938607,0.002109704641350211,,0.11341870622167281,,
2021,Austin Blythe,10882,KC,C,C,4,12,0,12,60.0,,59.6,0,0,0,0,100.0,,,0,0,53.45,55.375,,4.225000000000001,4783,2258,7044,0.0,0.005314437555358724,0.0017035775127768314,,0.0457153232949513,,
2021,Casey Tucker,46376,PHI,T,T,1,12,5,7,55.2,16.5,67.3,2,0,1,1,100.0,100.0,75.0,0,0,54.75,55.05,-38.25,12.25,3341,2598,5940,0.00149655791679138,0.0026943802925327174,0.00202020202020202,-0.121355881472613,0.06720053887605851,-0.054155342596554495,-0.0017676912474965721
2021,Parker Ehinger,10739,DET,G,G,1,8,2,6,47.6,71.0,62.5,0,0,0,0,100.0,100.0,100.0,1,0,48.5,53.4,22.5,9.100000000000001,3414,2215,5633,0.0005858230814294083,0.002708803611738149,0.0014202023788389845,0.027943760984182775,0.05018762979683974,0.07813139078102252,0.002550296406898457
2021,Isaiah Williams,11467,NYJ,G,G,1,7,3,4,34.6,75.6,52.7,0,0,0,0,100.0,100.0,100.0,1,0,48.5,53.4,27.099999999999994,-0.6999999999999957,3616,1855,5476,0.000829646017699115,0.00215633423180593,0.0012783053323593865,0.04766482300884955,-0.003073207547169793,0.04459161546167976,0.0014555204451491945
2021,Nick Martin,10684,LV,C,C,3,7,1,6,36.6,69.6,56.0,0,0,0,0,100.0,100.0,100.0,1,0,53.45,55.375,16.14999999999999,0.625,3963,2129,6092,0.00025233409033560434,0.0028182245185533112,0.001149047931713723,0.008639414584910417,0.0035861906998590886,0.012225605284769505,0.0003990574968426079
2021,Jon Toth,22917,WAS,G,G,1,7,5,2,54.3,0.0,65.4,1,0,0,1,100.0,100.0,87.5,0,0,48.5,53.4,-48.5,12.000000000000007,3416,2245,5661,0.0014637002341920376,0.0008908685968819599,0.0012365306482953543,-0.15049765807962528,0.021765701559020058,-0.12873195652060523,-0.0042019557425726824
2021,Jake Hanson,28148,GB,C,C,2,6,5,1,62.8,79.2,60.0,0,0,0,0,100.0,100.0,100.0,0,0,53.45,55.375,25.75,4.625,3590,2270,5860,0.001392757660167131,0.0004405286343612335,0.0010238907849829352,0.07603064066852368,0.004148237885462556,0.08017887855398623,0.0026171287089778177
2021,Prince Tega Wanogho,44820,KC,T,T,2,6,0,6,58.5,,57.0,0,0,0,0,100.0,,,0,0,54.75,55.05,,1.9500000000000028,4783,2258,7044,0.0,0.002657218777679362,0.0008517887563884157,,0.010549689991142619,,
2021,Jackson Barton,46978,LV,T,T,2,6,3,3,52.9,75.0,51.0,0,0,0,0,100.0,100.0,100.0,0,0,54.75,55.05,20.25,-4.049999999999997,3963,2129,6092,0.000757002271006813,0.0014091122592766556,0.000984898227183191,0.032498107494322484,-0.011619257867543437,0.020878849626779047,0.0006815091175400031
2021,Jake Brendel,11117,SF,C,C,2,6,1,5,59.8,69.0,59.1,0,0,0,0,100.0,100.0,100.0,0,0,53.45,55.375,15.549999999999997,3.7250000000000014,3405,2919,6325,0.0002936857562408223,0.0017129153819801302,0.0009486166007905138,0.009681644640234946,0.01299092154847551,0.022672566188710455,0.000740058042078014
2021,Zach Banner,11892,PIT,T,T,4,5,1,4,50.1,69.6,49.4,0,0,0,0,100.0,100.0,,0,0,54.75,55.05,14.849999999999994,-5.649999999999999,4029,2173,6203,0.0002482005460412013,0.0018407731247123793,0.0008060615831049493,0.007813849590469097,-0.021175149562816378,-0.013361299972347281,-0.0004361278478514724
2021,Brenden Jaimes,59909,LAC,G,G,1,5,0,5,75.2,,72.6,0,0,0,0,100.0,,,0,0,48.5,53.4,,19.199999999999996,3992,2046,6042,0.0,0.0024437927663734115,0.0008275405494869249,,0.09553079178885628,,
2021,Aaron Banks,59983,SF,G,G,1,5,0,5,56.9,,57.1,0,0,0,0,100.0,,,0,0,48.5,53.4,,3.700000000000003,3405,2919,6325,0.0,0.0017129153819801302,0.0007905138339920949,,0.012903734155532726,,
2021,Lester Cotton,46085,LV,G,G,1,5,2,3,58.5,73.4,57.6,0,0,0,0,100.0,100.0,100.0,0,0,48.5,53.4,24.900000000000006,4.200000000000003,3963,2129,6092,0.0005046681806712087,0.0014091122592766556,0.0008207485226526593,0.02664042392127177,0.012049600751526545,0.038690024672798314,0.001262885889007067
2021,Ben Braden,23112,GB,T,T,2,4,0,4,56.9,,54.3,0,0,0,0,100.0,,,0,0,54.75,55.05,,-0.75,3590,2270,5860,0.0,0.001762114537444934,0.0006825938566552901,,-0.002690748898678414,,
2021,Logan Stenberg,37181,DET,G,G,2,4,0,4,55.1,,56.1,0,0,0,0,100.0,,,0,0,48.5,53.4,,2.700000000000003,3414,2215,5633,0.0,0.0018058690744920992,0.0007101011894194922,,0.009927223476297977,,
2021,Marcus Henry,11228,ARI,G,G,1,4,2,2,58.2,72.5,53.1,0,0,0,0,100.0,100.0,100.0,0,0,48.5,53.4,24.0,-0.29999999999999716,3735,2427,6162,0.000535475234270415,0.0008240626287597857,0.0006491398896462187,0.027244979919678714,-0.0005033374536464722,0.026741642466032244,0.0008728772650012808
2021,Kyle Murphy,10834,NO,T,T,1,3,3,0,61.0,75.3,,0,0,0,0,100.0,100.0,100.0,0,0,54.75,55.05,20.549999999999997,,3104,2543,5648,0.0009664948453608248,0.0,0.0005311614730878187,0.042106314432989685,,,
2021,Brandon Knight,25018,DAL,T,T,1,3,0,3,59.8,,59.1,0,0,0,0,100.0,,,0,0,54.75,55.05,,4.050000000000004,4128,2472,6615,0.0,0.0012135922330097086,0.00045351473922902497,,0.010007038834951465,,
2021,Rashaad Coward,12168,PIT,G,G,1,2,2,0,60.0,75.7,,0,0,0,0,100.0,100.0,100.0,0,0,48.5,53.4,27.200000000000003,,4029,2173,6203,0.0004964010920824026,0.0,0.00032242463324197966,0.028624472573839665,,,
2021,Jaryd Jones-Smith,46843,BAL,T,T,1,2,2,0,60.0,72.9,,0,0,0,0,100.0,100.0,100.0,0,0,54.75,55.05,18.150000000000006,,3957,2319,6280,0.0005054334091483447,0.0,0.0003184713375796178,0.01944806671721001,,,
2021,Jamil Douglas,9547,WAS,G,G,1,2,1,1,60.0,70.6,60.0,0,0,0,0,100.0,100.0,100.0,0,0,48.5,53.4,22.099999999999994,6.600000000000001,3416,2245,5661,0.0002927400468384075,0.00044543429844097997,0.0003532944709415298,0.013715456674473065,0.005985567928730514,0.01970102460320358,0.0006430635850139238
2021,Koda Martin,46231,ARI,T,T,1,2,0,2,60.0,,60.0,0,0,0,0,100.0,,,0,0,54.75,55.05,,4.950000000000003,3735,2427,6162,0.0,0.0008240626287597857,0.0003245699448231094,,0.008305067985166878,,
2021,Eric Smith,46987,ARI,T,T,1,2,0,2,60.0,,60.0,0,0,0,0,100.0,,,0,0,54.75,55.05,,4.950000000000003,3735,2427,6162,0.0,0.0008240626287597857,0.0003245699448231094,,0.008305067985166878,,
2021,Cole Van Lanen,41583,GB,G,G,1,1,0,1,60.0,,60.0,0,0,0,0,100.0,,,0,0,48.5,53.4,,6.600000000000001,3590,2270,5860,0.0,0.0004405286343612335,0.00017064846416382253,,0.005919647577092513,,
2021,David Steinmetz,46936,WAS,T,T,1,1,1,0,60.0,61.1,,0,0,0,0,100.0,100.0,100.0,0,0,54.75,55.05,6.350000000000001,,3416,2245,5661,0.0002927400468384075,0.0,0.0001766472354707649,0.003940866510538642,,,
2021,Cameron Tom,12227,MIA,C,C,1,1,1,0,60.0,66.0,,0,0,0,0,100.0,100.0,100.0,0,0,53.45,55.375,12.549999999999997,,3704,2073,5777,0.0002699784017278618,0.0,0.00017310022503029253,0.007183045356371489,,,
2021,Adam Pankey,12114,MIA,T,T,1,1,0,1,60.0,,58.2,0,0,0,0,100.0,,,0,0,54.75,55.05,,3.1500000000000057,3704,2073,5777,0.0,0.000482392667631452,0.00017310022503029253,,0.0030937771345875597,,
2022,Jason Kelce,6343,PHI,C,C,20,1358,753,605,89.4,83.3,90.0,11,0,0,11,100.0,100.0,99.2,9,1,53.45,55.375,29.849999999999994,34.625,3801,3180,6982,0.19810576164167323,0.19025157232704404,0.19450014322543685,12.536528808208363,13.41206996855346,25.948598776761823,0.8469914276823437
2022,Isaac Seumalo,10713,PHI,G,G,20,1350,753,597,72.7,78.2,67.8,25,1,3,21,100.0,100.0,98.2,8,3,48.5,53.4,29.700000000000003,14.399999999999999,3801,3180,6982,0.19810576164167323,0.1877358490566038,0.19335433973073618,12.473531176006313,5.504114716981132,17.977645892987447,0.5868105670085534
2022,Creed Humphrey,59996,KC,C,C,20,1329,893,436,89.9,81.3,91.0,19,0,2,17,100.0,100.0,98.9,5,1,53.45,55.375,27.849999999999994,35.625,4475,2236,6714,0.19955307262569832,0.19499105545617174,0.19794459338695264,11.782012513966476,14.143188729874776,25.92520124384125,0.8462277059113482
2022,Orlando Brown Jr.,46227,KC,T,T,20,1324,893,431,75.4,76.8,68.8,58,4,10,44,100.0,100.0,96.3,7,1,54.75,55.05,22.049999999999997,13.75,4475,2236,6714,0.19955307262569832,0.19275491949910556,0.19719988084599344,9.328307932960891,5.3961739713774595,14.72448190433835,0.48062363819071385
2022,Cordell Volson,30614,CIN,G,G,19,1305,865,440,53.7,52.7,55.0,43,5,13,25,100.0,100.0,97.0,7,1,48.5,53.4,4.200000000000003,1.6000000000000014,4336,2275,6611,0.19949261992619927,0.1934065934065934,0.1973982756012706,1.7762822878228792,0.6300413186813192,2.4063236065041984,0.0785451069814206
2022,Ted Karras,10855,CIN,C,C,19,1298,864,434,65.1,76.1,58.7,24,2,4,18,100.0,100.0,98.4,4,0,53.45,55.375,22.64999999999999,3.325000000000003,4336,2275,6611,0.1992619926199262,0.19076923076923077,0.19633943427620631,9.568162361623612,1.2914504615384625,10.859612823162074,0.3544699676579364
2022,Landon Dickerson,41712,PHI,G,G,20,1294,714,580,72.1,78.7,69.7,21,1,3,17,100.0,100.0,98.4,14,1,48.5,53.4,30.200000000000003,16.300000000000004,3801,3180,6982,0.1878453038674033,0.18238993710691823,0.18533371526783157,12.02660773480663,6.052938364779875,18.079546099586505,0.5901367042775051
2022,Shaq Mason,9564,TB,G,G,18,1282,883,399,68.2,70.2,62.4,27,1,9,17,100.0,100.0,98.3,2,0,48.5,53.4,21.700000000000003,9.0,4489,2039,6528,0.1967030519046558,0.19568415890142227,0.19638480392156862,9.049127199821786,3.585716527709662,12.634843727531448,0.41241549955710716
2022,Andrew Wylie,12333,KC,T,T,20,1283,865,417,61.6,62.1,59.5,54,9,5,40,99.9,99.9,96.1,10,3,54.75,55.05,7.350000000000001,4.450000000000003,4475,2236,6714,0.19329608938547485,0.18649373881932022,0.1910932380101281,3.011939664804469,1.689670572450806,4.7016102372552755,0.15346584227989354
2022,Tyler Smith,98385,DAL,T,T,19,1274,701,573,73.3,65.5,75.2,40,6,11,23,100.0,100.0,96.5,15,4,54.75,55.05,10.75,20.150000000000006,3573,2921,6497,0.19619367478309543,0.19616569667921946,0.19609050330921965,4.471253848306745,8.047776172543653,12.519030020850398,0.40863521000810793
2022,Zack Martin,8651,DAL,G,G,19,1273,706,567,72.8,82.2,63.7,17,0,2,15,100.0,100.0,98.7,1,0,48.5,53.4,33.7,10.300000000000004,3573,2921,6497,0.19759305905401622,0.19411160561451557,0.19593658611666923,14.116838511055136,4.070675659020885,18.18751417007602,0.5936609034435085
2022,Matt Feiler,9289,LAC,G,G,18,1259,853,406,54.6,64.1,50.0,40,6,3,31,100.0,100.0,97.2,6,1,48.5,53.4,15.599999999999994,-3.3999999999999986,4285,2044,6329,0.19906651108518086,0.19863013698630136,0.19892558066045188,6.5835276546090995,-1.374997260273972,5.208530394335128,0.17001228593412782
2022,Luke Fortner,42028,JAX,C,C,19,1256,785,471,52.0,59.9,48.0,35,2,7,26,100.0,100.0,97.5,4,0,53.45,55.375,6.449999999999996,-7.375,3933,2364,6299,0.19959318586320873,0.19923857868020303,0.19939672963962535,2.7292372234935143,-2.991666878172589,-0.26242965467907453,-0.008565998873198193
2022,Zion Johnson,99681,LAC,G,G,18,1254,848,406,62.2,52.8,67.2,42,5,8,29,100.0,100.0,97.1,8,1,48.5,53.4,4.299999999999997,13.800000000000004,4285,2044,6329,0.19789964994165693,0.19863013698630136,0.19813556644019592,1.8040532088681434,5.580871232876713,7.384924441744856,0.24105223368906242
2022,Jake Brendel,11117,SF,C,C,20,1252,680,572,62.9,71.8,61.9,14,1,3,10,100.0,100.0,98.8,12,2,53.45,55.375,18.349999999999994,6.524999999999999,3396,2969,6365,0.20023557126030625,0.1926574604243853,0.196700706991359,7.789564193168431,2.559435095991916,10.348999289160346,0.3378029680299888
2022,Jordan Mailata,66916,PHI,T,T,19,1242,687,554,81.7,76.3,80.6,39,6,1,32,99.9,99.9,96.5,7,1,54.75,55.05,21.549999999999997,25.549999999999997,3801,3180,6982,0.18074191002367798,0.1742138364779874,0.17788599255227727,8.25737490134175,9.062568930817609,17.31994383215936,0.5653424325523191
2022,Trey Smith,62960,KC,G,G,19,1230,821,409,72.3,68.4,70.8,41,2,3,36,100.0,100.0,97.2,6,2,48.5,53.4,19.900000000000006,17.4,4475,2236,6714,0.183463687150838,0.18291592128801432,0.18319928507596067,7.739966033519555,6.480052593917709,14.220018627437264,0.4641573898668001
2022,Jawaan Taylor,41665,JAX,T,T,19,1230,775,455,59.5,75.9,39.7,21,5,1,15,100.0,100.0,98.2,7,1,54.75,55.05,21.150000000000006,-15.349999999999994,3933,2364,6299,0.19705059750826343,0.1924703891708968,0.1952690903317987,8.83535469107552,-6.015200084602366,2.820154606473153,0.09205301592472802
2022,Ed Ingram,59819,MIN,G,G,18,1225,816,409,57.0,42.6,64.2,63,11,19,33,100.0,100.0,95.2,4,1,48.5,53.4,-5.899999999999999,10.800000000000004,4100,2057,6157,0.19902439024390245,0.19883325230918814,0.19896053272697742,-2.489397073170731,4.3721046183762775,1.8827075452055464,0.061453690248971675
2022,Brandon Scherff,9438,JAX,G,G,19,1221,770,451,60.6,63.4,56.9,31,6,3,22,100.0,100.0,97.5,3,0,48.5,53.4,14.899999999999999,3.5,3933,2364,6299,0.19577930333079074,0.19077834179357023,0.1938402921098587,6.184276633613017,1.3594864636209814,7.543763097233998,0.24623690592286238
2022,Mike McGlinchey,46275,SF,T,T,20,1210,650,560,70.3,65.4,70.7,36,6,3,27,100.0,100.0,96.6,10,2,54.75,55.05,10.650000000000006,15.650000000000006,3396,2969,6365,0.19140164899882214,0.18861569552037724,0.19010212097407697,4.321466431095409,6.00993735264399,10.3314037837394,0.3372286309574751
2022,Tyler Biadasz,41178,DAL,C,C,18,1195,653,542,60.5,64.3,58.4,23,1,5,17,100.0,100.0,98.1,5,0,53.45,55.375,10.849999999999994,3.0249999999999986,3573,2921,6497,0.18275958578225582,0.18555289284491613,0.18393104509773742,4.203835992163446,1.1428017117425535,5.346637703906,0.1745202637372128
2022,Rodger Saffold,5558,BUF,G,G,18,1195,796,399,44.0,50.2,43.4,42,2,5,35,100.0,100.0,97.1,10,3,48.5,53.4,1.7000000000000028,-10.0,4010,2156,6172,0.19850374064837906,0.18506493506493507,0.19361633182112767,0.7154074812967592,-3.767922077922078,-3.052514596625319,-0.09963750715249667
2022,Ezra Cleveland,41973,MIN,G,G,18,1191,800,391,73.4,54.1,79.7,55,5,21,29,100.0,100.0,96.0,5,1,48.5,53.4,5.600000000000001,26.300000000000004,4100,2057,6157,0.1951219512195122,0.19008264462809918,0.193438362839045,2.3164878048780495,10.178317355371902,12.494805160249951,0.4078444833318084
2022,Joe Thuney,10712,KC,G,G,18,1190,799,391,78.4,88.9,67.6,20,1,4,15,100.0,100.0,98.6,2,0,48.5,53.4,40.400000000000006,14.199999999999996,4475,2236,6714,0.17854748603351955,0.17486583184257604,0.17724158474828716,15.292235083798884,5.055581037567083,20.347816121365966,0.6641755870951999
2022,Charles Leno Jr.,8880,WAS,T,T,17,1189,669,520,71.6,80.9,55.9,37,8,9,20,100.0,100.0,96.4,4,0,54.75,55.05,26.150000000000006,0.8500000000000014,3345,2602,5947,0.2,0.19984627209838585,0.1999327391962334,11.087600000000002,0.3458539584934671,11.43345395849347,0.37320078725473355
2022,Kelvin Beachum,7229,ARI,T,T,17,1178,785,392,70.6,76.4,59.6,46,5,8,33,99.9,99.9,96.5,7,1,54.75,55.05,21.650000000000006,4.550000000000004,4012,2008,6021,0.1956630109670987,0.1952191235059761,0.19564856336156786,8.980540877367899,1.808470916334663,10.789011793702562,0.35216547070793897
2022,Robert Hainsey,59980,TB,C,C,17,1175,800,375,66.7,73.0,60.9,20,0,7,13,100.0,100.0,98.7,2,1,53.45,55.375,19.549999999999997,5.524999999999999,4489,2039,6528,0.17821341055914458,0.18391368317802845,0.1799938725490196,7.386233014034304,2.0688266307013237,9.455059644735627,0.3086237733379344
2022,Andrew Thomas,59701,NYG,T,T,18,1173,700,473,90.3,89.9,81.0,23,4,3,16,100.0,100.0,97.9,2,0,54.75,55.05,35.150000000000006,25.950000000000003,3790,2577,6368,0.18469656992084432,0.18354675979821497,0.18420226130653267,13.76321899736148,9.69754621653085,23.46076521389233,0.7657857441161869
2022,Lane Johnson,7786,PHI,T,T,18,1173,651,522,84.8,90.1,75.3,11,0,0,11,100.0,100.0,99.1,8,3,54.75,55.05,35.349999999999994,20.25,3801,3180,6982,0.1712707182320442,0.1641509433962264,0.1680034374104841,12.835370165745854,6.767779245283019,19.603149411028873,0.6398688287394935
2022,Joel Bitonio,8670,CLE,G,G,17,1172,667,505,87.5,80.2,84.4,20,1,6,13,100.0,100.0,98.3,4,0,48.5,53.4,31.700000000000003,31.000000000000007,3364,2644,6011,0.19827586206896552,0.19099848714069592,0.19497587755781068,13.324931034482761,12.055060514372165,25.379991548854925,0.8284314487062664
2022,Mark Glowinski,9567,NYG,G,G,18,1169,695,474,65.6,56.5,67.0,37,5,5,27,100.0,100.0,96.8,3,0,48.5,53.4,8.0,13.600000000000001,3790,2577,6368,0.18337730870712401,0.1839348079161816,0.18357412060301506,3.1100791556728233,5.0930812572759026,8.203160412948726,0.2677603754038923
2022,Ben Powers,41482,BAL,G,G,18,1163,633,530,62.3,86.7,50.1,13,1,1,11,100.0,100.0,98.8,1,1,48.5,53.4,38.2,-3.299999999999997,3166,2661,5827,0.19993682880606445,0.19917324314167606,0.19958812424918482,16.191684144030326,-1.338205186020292,14.853478958010033,0.48483424700224015
2022,Tyler Linderbaum,82291,BAL,C,C,18,1161,632,529,74.6,53.5,84.2,29,3,3,23,100.0,100.0,97.3,6,0,53.45,55.375,0.04999999999999716,28.825000000000003,3166,2661,5827,0.1996209728363866,0.19879744456971063,0.19924489445683885,0.021159823120655778,11.666964787673807,11.688124610794462,0.38151352356997476
2022,James Daniels,45576,PIT,G,G,17,1160,686,474,66.9,73.2,60.0,20,0,3,17,100.0,100.0,98.4,5,2,48.5,53.4,24.700000000000003,6.600000000000001,3438,2392,5830,0.1995346131471786,0.19816053511705686,0.19897084048027444,10.44843048283886,2.662802006688964,13.111232489527826,0.42796536416160696
2022,Kevin Dotson,46735,PIT,G,G,17,1160,686,474,65.4,77.6,61.1,16,4,4,8,100.0,100.0,98.4,12,1,48.5,53.4,29.099999999999994,7.700000000000003,3438,2392,5830,0.1995346131471786,0.19816053511705686,0.19897084048027444,12.309689354275738,3.106602341137125,15.416291695412863,0.5032050872958415
2022,Dan Moore Jr.,60120,PIT,T,T,17,1160,686,474,62.4,67.3,56.1,39,7,10,22,100.0,100.0,96.4,10,1,54.75,55.05,12.549999999999997,1.0500000000000043,3438,2392,5830,0.1995346131471786,0.19816053511705686,0.19897084048027444,5.308817917393832,0.4236275919732459,5.7324455093670785,0.18711346411653787
2022,Chukwuma Okorafor,46302,PIT,T,T,17,1159,686,473,61.2,62.8,55.7,41,3,5,33,100.0,100.0,96.6,4,1,54.75,55.05,8.049999999999997,0.6500000000000057,3438,2392,5830,0.1995346131471786,0.19774247491638797,0.19879931389365352,3.4052577079697484,0.2616923913043501,3.6669500992740987,0.11969337252250925
2022,Charles Cross,98401,SEA,T,T,18,1156,738,417,63.1,64.8,62.3,50,7,4,39,99.9,99.9,95.9,9,0,54.75,55.05,10.049999999999997,7.25,3696,2116,5814,0.19967532467532467,0.19706994328922495,0.19883040935672514,4.254282467532466,2.9089494328922494,7.163231900424716,0.23381593998030809
2022,Jedrick Wills Jr.,58467,CLE,T,T,17,1152,652,500,62.9,69.6,55.3,41,6,11,24,100.0,100.0,96.1,10,2,54.75,55.05,14.849999999999994,0.25,3364,2644,6011,0.1938168846611177,0.18910741301059,0.19164864415238728,6.101743162901306,0.09625567322239031,6.197998836123696,0.20230964793687514
2022,Quenton Nelson,12954,IND,G,G,17,1148,720,428,68.4,74.1,64.6,31,5,6,20,100.0,100.0,97.4,5,1,48.5,53.4,25.599999999999994,11.199999999999996,3605,2160,5765,0.19972260748959778,0.19814814814814816,0.19913269731136166,10.83934535367545,4.518411851851851,15.3577572055273,0.5012944557591117
2022,Aaron Banks,59983,SF,G,G,19,1146,615,531,59.5,61.0,57.2,35,2,4,29,100.0,100.0,96.8,6,3,48.5,53.4,12.5,3.8000000000000043,3396,2969,6365,0.18109540636042404,0.1788480970023577,0.1800471327572663,4.799028268551237,1.3837119568878427,6.18274022543908,0.20181158973498928
2022,Taylor Decker,10650,DET,T,T,17,1142,665,477,74.4,76.5,67.6,33,4,9,20,100.0,100.0,97.0,6,0,54.75,55.05,21.75,12.549999999999997,3353,2463,5824,0.19832985386221294,0.19366626065773446,0.19608516483516483,9.144989561586637,4.948521559074298,14.093511120660935,0.4600280426639378
2022,Penei Sewell,81788,DET,T,T,17,1142,663,477,80.6,74.2,83.0,28,2,6,20,99.8,99.7,97.6,10,1,54.75,55.05,19.450000000000003,27.950000000000003,3353,2463,5824,0.19773337309871758,0.19366626065773446,0.19608516483516483,8.15333790635252,11.02081096224117,19.17414886859369,0.625865768881052
2022,Jonah Williams,41651,CIN,T,T,17,1131,748,383,61.0,62.8,51.0,45,13,6,26,100.0,100.0,95.9,5,0,54.75,55.05,8.049999999999997,-4.049999999999997,4336,2275,6611,0.17250922509225092,0.16835164835164834,0.17107850552110118,2.9440424354243526,-1.3881940219780209,1.5558484134463317,0.05078464083164137
2022,Connor Williams,46216,MIA,C,C,18,1127,729,398,78.4,68.8,85.5,16,3,2,11,100.0,100.0,98.6,6,0,53.45,55.375,15.349999999999994,30.125,3710,2026,5736,0.19649595687331536,0.1964461994076999,0.19647838214783822,6.394371428571426,12.048929417571568,18.443300846142993,0.6020100680287696
2022,Robert Hunt,46139,MIA,G,G,18,1126,728,398,72.3,74.6,74.5,24,3,4,17,100.0,100.0,98.0,12,2,48.5,53.4,26.099999999999994,21.1,3710,2026,5736,0.19622641509433963,0.1964461994076999,0.19630404463040446,10.857599999999998,8.439250148075024,19.296850148075023,0.6298708765471899
2022,Andrew Norwell,9126,WAS,G,G,16,1120,639,481,59.8,60.8,59.9,29,4,4,21,100.0,100.0,97.3,5,1,48.5,53.4,12.299999999999997,6.5,3345,2602,5947,0.19103139013452916,0.1848578016910069,0.18833025054649402,4.981334529147981,2.4464081475787856,7.4277426767267665,0.2424498690022511
2022,Mason Cole,45547,PIT,C,C,17,1114,651,463,67.1,63.8,66.5,21,2,4,15,100.0,100.0,98.1,1,1,53.45,55.375,10.349999999999994,11.125,3438,2392,5830,0.1893542757417103,0.193561872909699,0.19108061749571184,4.154811518324605,4.384273202341138,8.539084720665743,0.27872532235282904
2022,Connor McGovern,10778,NYJ,C,C,17,1111,712,399,69.6,69.5,69.7,24,5,4,15,100.0,100.0,97.9,4,0,53.45,55.375,16.049999999999997,14.325000000000003,3512,1974,5487,0.20273348519362186,0.20212765957446807,0.20247858574813196,6.898209567198177,5.8951946808510645,12.793404248049242,0.41759109315284665
2022,Laken Tomlinson,9461,NYJ,G,G,17,1110,713,397,56.8,70.2,46.9,32,1,4,27,100.0,100.0,97.6,1,1,48.5,53.4,21.700000000000003,-6.5,3512,1974,5487,0.20301822323462415,0.2011144883485309,0.20229633679606343,9.339650341685651,-2.661549138804458,6.678101202881193,0.21798072877449526
2022,Austin Blythe,10882,SEA,C,C,18,1106,704,402,54.7,66.2,51.1,23,3,7,13,100.0,100.0,98.0,6,1,53.45,55.375,12.75,-4.274999999999999,3696,2116,5814,0.19047619047619047,0.1899810964083176,0.19023047815617475,5.148571428571428,-1.6535764650283549,3.494994963543073,0.11408056363201285
2022,Jon Feliciano,9561,NYG,C,C,17,1095,649,446,57.4,66.5,55.3,25,4,3,18,100.0,100.0,97.6,6,0,53.45,55.375,13.049999999999997,-0.07500000000000284,3790,2577,6368,0.1712401055408971,0.17306946061311604,0.1719535175879397,4.737528759894459,-0.02642770663562382,4.711101053258835,0.15377563318097004
2022,Ryan Kelly,10652,IND,C,C,17,1092,679,413,64.3,64.8,64.3,25,5,3,17,100.0,100.0,97.7,3,0,53.45,55.375,11.349999999999994,8.924999999999997,3605,2160,5765,0.1883495145631068,0.1912037037037037,0.18941890719861232,4.532066019417473,3.47441986111111,8.006485880528583,0.2613406976233535
2022,Josh Myers,59992,GB,C,C,17,1091,643,448,60.4,74.3,53.5,13,3,2,8,100.0,100.0,98.7,3,1,53.45,55.375,20.849999999999994,-1.875,3225,2245,5471,0.1993798449612403,0.19955456570155902,0.19941509778833852,8.812987906976742,-0.7617995545657016,8.05118835241104,0.2627998365466683
2022,Dion Dawkins,11818,BUF,T,T,17,1089,724,364,73.8,80.4,60.9,37,4,3,30,99.9,99.9,97.0,13,4,54.75,55.05,25.650000000000006,5.850000000000001,4010,2156,6172,0.1805486284289277,0.16883116883116883,0.17644199611147116,9.817873316708232,2.01088051948052,11.828753836188753,0.38610381953991524
2022,Morgan Moses,8701,BAL,T,T,18,1087,593,494,78.6,76.9,80.7,24,5,2,17,100.0,100.0,97.4,9,1,54.75,55.05,22.150000000000006,25.650000000000006,3166,2661,5827,0.18730259001895136,0.18564449455092072,0.18654539214003776,8.79535502210992,9.694986696730554,18.490341718840476,0.6035455349828136
2022,Alex Cappa,66578,CIN,G,G,16,1086,724,362,67.6,71.4,62.3,20,3,4,13,100.0,100.0,98.3,2,0,48.5,53.4,22.900000000000006,8.899999999999999,4336,2275,6611,0.1669741697416974,0.15912087912087913,0.1642716684314022,8.106261992619928,2.8833339780219776,10.989595970641904,0.3587127636796307
2022,Ryan Bates,28300,BUF,G,G,17,1082,713,369,61.4,63.5,58.0,32,2,4,26,100.0,100.0,97.5,4,1,48.5,53.4,15.0,4.600000000000001,4010,2156,6172,0.17780548628428927,0.17115027829313545,0.17530784186649384,5.654214463840399,1.6029250463821898,7.257139510222588,0.2368811899067961
2022,Frank Ragnow,39137,DET,C,C,16,1074,627,447,77.9,68.9,78.9,13,1,0,12,100.0,100.0,98.8,4,1,53.45,55.375,15.450000000000003,23.525000000000006,3353,2463,5824,0.18699671935580078,0.1814859926918392,0.18440934065934067,6.1248905457799,8.692616443361755,14.817506989141656,0.48366008150951006
2022,Damien Lewis,81532,SEA,G,G,17,1070,679,391,72.5,73.1,67.2,21,3,3,15,100.0,100.0,98.1,7,1,48.5,53.4,24.599999999999994,13.800000000000004,3696,2116,5814,0.18371212121212122,0.18478260869565216,0.18403852769177848,9.580954545454544,5.191800000000001,14.772754545454545,0.4821993114503281
2022,Braden Smith,46794,IND,T,T,16,1066,669,397,75.5,75.9,75.0,30,7,7,16,100.0,100.0,97.1,10,2,54.75,55.05,21.150000000000006,19.950000000000003,3605,2160,5765,0.18557558945908462,0.1837962962962963,0.18490893321769297,8.32083828016644,7.465474722222224,15.786313002388663,0.5152829986221744
2022,Laremy Tunsil,10647,HOU,T,T,17,1061,676,384,80.0,91.7,66.2,17,1,3,13,99.9,99.9,98.6,11,0,54.75,55.05,36.95,11.150000000000006,3390,1941,5333,0.19941002949852507,0.19783616692426584,0.19894993437089817,15.620585250737463,4.491157959814531,20.111743210551992,0.6564699019640813
2022,Brian O'Neill,46854,MIN,T,T,16,1052,708,344,82.7,77.9,82.4,24,6,5,13,100.0,100.0,97.7,5,0,54.75,55.05,23.150000000000006,27.35000000000001,4100,2057,6157,0.17268292682926828,0.16723383568303354,0.17086243300308593,8.47493268292683,9.312349246475453,17.787281929402283,0.5805968732872314
2022,Jon Runyan,36661,GB,G,G,17,1051,613,438,62.6,77.0,53.6,17,3,3,11,100.0,100.0,98.3,1,0,48.5,53.4,28.5,0.20000000000000284,3225,2245,5471,0.19007751937984496,0.19510022271714922,0.1921038201425699,11.484483720930234,0.07944481069042429,11.563928531620657,0.37745962396187044
2022,Drew Dalman,52270,ATL,C,C,17,1051,517,534,65.9,55.1,69.5,27,0,4,23,100.0,100.0,97.2,9,2,53.45,55.375,1.6499999999999986,14.125,2586,2675,5262,0.19992266047950502,0.19962616822429907,0.19973394146712276,0.699329466357308,5.7409491588785055,6.4402786252358135,0.21021793255155052
2022,Kaleb McGary,46912,ATL,T,T,17,1051,517,534,86.6,66.9,91.6,19,6,3,10,100.0,100.0,97.4,5,1,54.75,55.05,12.150000000000006,36.55,2586,2675,5262,0.19992266047950502,0.19962616822429907,0.19973394146712276,5.149607888631092,14.855341009345793,20.004948897976885,0.6529840155755897
2022,Jake Matthews,8641,ATL,T,T,17,1047,517,530,77.2,80.9,69.5,17,4,5,8,100.0,100.0,97.8,6,3,54.75,55.05,26.150000000000006,14.450000000000003,2586,2675,5262,0.19992266047950502,0.19813084112149532,0.19897377423033066,11.0833124516628,5.829048971962617,16.91236142362542,0.5520384846562373
2022,Chris Lindstrom,46692,ATL,G,G,17,1047,517,530,95.0,81.7,93.1,9,2,1,6,100.0,100.0,98.9,2,0,48.5,53.4,33.2,39.699999999999996,2586,2675,5262,0.19992266047950502,0.19813084112149532,0.19897377423033066,14.071356535189482,16.014757383177567,30.086113918367047,0.9820445720542053
2022,Trent Williams,5529,SF,T,T,17,1044,555,489,91.7,88.3,91.8,19,1,2,16,100.0,100.0,98.1,9,3,54.75,55.05,33.55,36.75,3396,2969,6365,0.16342756183745583,0.1647019198383294,0.1640219952867243,11.623948763250882,12.32349174806332,23.947440511314202,0.7816713727980036
2022,Mike Onwenu,27357,NE,G,G,17,1044,634,410,79.3,83.1,73.1,14,1,2,11,100.0,100.0,98.7,2,0,48.5,53.4,34.599999999999994,19.699999999999996,3255,2131,5387,0.19477726574500767,0.19239793524167056,0.19379988862075367,14.2873019969278,7.716927264195211,22.00422926112301,0.7182427736182362
2022,Abraham Lucas,60218,SEA,T,T,17,1043,678,365,68.4,69.0,65.2,30,10,8,12,100.0,100.0,96.8,7,0,54.75,55.05,14.25,10.150000000000006,3696,2116,5814,0.18344155844155843,0.1724952741020794,0.17939456484348126,5.541769480519481,3.5646838374291137,9.106453317948594,0.2972448710332415
2022,Dylan Parham,60953,LV,G,G,17,1036,635,401,61.9,48.8,66.9,55,6,9,40,100.0,100.0,94.9,5,0,48.5,53.4,0.29999999999999716,13.500000000000007,3410,2122,5532,0.18621700879765396,0.18897266729500473,0.18727404193781635,0.11843401759530678,5.194102733270503,5.31253675086581,0.17340717030394792
2022,Kolton Miller,47013,LV,T,T,16,1035,644,391,84.1,84.8,76.6,33,4,5,24,100.0,100.0,97.0,5,1,54.75,55.05,30.049999999999997,21.549999999999997,3410,2122,5532,0.18885630498533723,0.18426013195098964,0.18709327548806942,12.031279765395892,8.084560697455231,20.115840462851125,0.6566036408840236
2022,Braxton Jones,60092,CHI,T,T,17,1033,542,491,75.4,70.5,79.4,40,7,4,29,100.0,100.0,95.4,12,3,54.75,55.05,15.75,24.35000000000001,2711,2460,5172,0.199926226484692,0.19959349593495934,0.1997293116782676,6.675536702323866,9.89516691056911,16.570703612892977,0.5408863897249977
2022,Aaron Brewer,46014,TEN,G,G,17,1031,562,469,59.9,45.4,63.3,36,4,4,28,100.0,100.0,96.2,7,2,48.5,53.4,-3.1000000000000014,9.899999999999999,2818,2375,5193,0.1994322214336409,0.19747368421052633,0.1985364914307722,-1.3106685592618887,3.9803585684210523,2.6696900091591633,0.08714168236136215
2022,Trent Brown,9677,NE,T,T,17,1030,629,401,67.4,76.1,59.5,39,8,8,23,100.0,100.0,96.0,13,4,54.75,55.05,21.349999999999994,4.450000000000003,3255,2131,5387,0.1932411674347158,0.18817456593148757,0.19120103953963244,8.746481720430104,1.7048992022524647,10.451380922682569,0.341144819614788
2022,Jamaree Salyer,81656,LAC,T,T,15,1029,696,333,69.8,76.4,53.5,48,5,10,33,100.0,100.0,96.1,3,0,54.75,55.05,21.650000000000006,-1.5499999999999972,4285,2044,6329,0.16242707117852975,0.16291585127201566,0.1625849265286775,7.455077712952161,-0.5141298434442261,6.9409478695079345,0.22656033938634468
2022,Kevin Zeitler,7032,BAL,G,G,16,1021,558,463,74.7,82.5,67.9,16,2,0,14,100.0,100.0,98.3,3,1,48.5,53.4,34.0,14.500000000000007,3166,2661,5827,0.17624763108022742,0.17399473881999247,0.17521880899262057,12.703929248262792,5.13667267944382,17.84060192770661,0.582337297958187
2022,Sam Mustipher,13026,CHI,C,C,17,1020,536,484,63.4,55.1,65.5,20,2,4,14,100.0,100.0,97.8,4,2,53.45,55.375,1.6499999999999986,10.125,2711,2460,5172,0.19771302102545185,0.1967479674796748,0.19721577726218098,0.69160014754703,4.055860975609756,4.747461123156786,0.1549624667274918
2022,Rob Havenstein,9490,LA,T,T,17,1019,632,387,73.2,68.6,71.7,41,6,9,26,100.0,100.0,96.2,8,3,54.75,55.05,13.849999999999994,16.650000000000006,3160,1960,5121,0.2,0.19744897959183674,0.19898457332552236,5.872399999999997,6.693401938775512,12.56580193877551,0.41016189797610364
2022,Taylor Moton,11819,CAR,T,T,17,1018,552,466,69.3,82.4,55.2,21,3,1,17,100.0,100.0,97.7,6,2,54.75,55.05,27.650000000000006,0.15000000000000568,2771,2406,5186,0.19920606279321545,0.1936824605153782,0.19629772464327033,11.677060988812705,0.05915062344139874,11.736211612254104,0.3830831373425589
2022,Ikem Ekwonu,98286,CAR,T,T,17,1018,552,466,65.3,67.5,64.0,27,6,1,20,100.0,100.0,96.8,13,3,54.75,55.05,12.75,8.950000000000003,2771,2406,5186,0.19920606279321545,0.1936824605153782,0.19629772464327033,5.384539877300614,3.5293205320033256,8.91386040930394,0.2909584220400682
2022,Tristan Wirfs,64818,TB,T,T,14,1013,696,317,83.1,89.1,64.6,6,3,1,2,100.0,100.0,99.3,4,0,54.75,55.05,34.349999999999994,9.549999999999997,4489,2039,6528,0.1550456671864558,0.15546836684649337,0.15517769607843138,11.290735575852082,3.022895831289847,14.31363140714193,0.46721301620768657
2022,Connor McGovern,41714,DAL,G,G,17,1011,548,463,53.5,76.6,43.1,23,2,7,14,100.0,100.0,97.6,1,0,48.5,53.4,28.099999999999994,-10.299999999999997,3573,2921,6497,0.1533725160929191,0.15850736049298186,0.15561028166846236,9.136707528687374,-3.3240261554262234,5.812681373261151,0.1897324528910619
2022,A.J. Cann,9500,HOU,G,G,16,1003,637,366,66.6,64.8,63.9,34,5,7,22,100.0,100.0,96.8,1,0,48.5,53.4,16.299999999999997,10.5,3390,1941,5333,0.187905604719764,0.18856259659969088,0.18807425464091507,6.493266076696163,4.031091190108191,10.524357266804355,0.34352684950497625
2022,Tytus Howard,25472,HOU,T,T,17,997,640,357,67.9,70.2,64.5,38,3,5,30,100.0,100.0,96.6,9,3,54.75,55.05,15.450000000000003,9.450000000000003,3390,1941,5333,0.1887905604719764,0.1839258114374034,0.18694918432402025,6.1836460176991155,3.53876939721793,9.722415414917045,0.3173505661575862
2022,Scott Quessenberry,23918,HOU,C,C,16,990,633,357,36.6,25.8,43.7,36,7,4,25,100.0,100.0,96.4,2,0,53.45,55.375,-27.650000000000002,-11.674999999999997,3390,1941,5333,0.18672566371681415,0.1839258114374034,0.18563660228764298,-10.945484955752212,-4.37197171561051,-15.317456671362722,-0.4999790010302426
2022,Donovan Smith,9467,TB,T,T,14,990,703,287,59.3,71.0,40.8,35,6,7,22,100.0,100.0,96.9,13,1,54.75,55.05,16.25,-14.25,4489,2039,6528,0.1566050345288483,0.1407552721922511,0.15165441176470587,5.395043439518823,-4.083732712113781,1.3113107274050426,0.04280265592354934
2022,Austin Corbett,46290,CAR,G,G,17,985,541,444,69.1,76.2,62.6,15,2,2,11,100.0,100.0,98.3,2,0,48.5,53.4,27.700000000000003,9.200000000000003,2771,2406,5186,0.19523637675929267,0.18453865336658354,0.18993443887389125,11.465060988812706,3.4566304239401506,14.921691412752857,0.48706077818896776
2022,Spencer Brown,42296,BUF,T,T,16,982,649,333,53.4,51.6,56.2,50,4,11,35,100.0,100.0,95.6,7,1,54.75,55.05,-3.1499999999999986,1.1500000000000057,4010,2156,6172,0.16184538653366584,0.15445269016697588,0.15910563836681788,-1.0808034912718198,0.36163552875695915,-0.7191679625148607,-0.023474450568767034
2022,Cole Strange,22976,NE,G,G,17,982,598,384,54.6,67.8,48.3,23,5,1,17,100.0,100.0,97.5,6,2,48.5,53.4,19.299999999999997,-5.100000000000001,3255,2131,5387,0.1837173579109063,0.18019709056780855,0.18229069983293114,7.5169794162826395,-1.8710945096198972,5.645884906662742,0.1842880287588781
2022,Cam Fleming,8775,DEN,T,T,15,976,605,371,72.6,74.1,67.8,28,7,5,16,100.0,100.0,96.9,6,2,54.75,55.05,19.349999999999994,12.75,3538,2117,5655,0.17100056529112492,0.1752479924421351,0.17259062776304154,7.014785189372524,4.549262635805384,11.564047825177909,0.37746351783765303
2022,James Hurst,9001,NO,T,T,16,973,546,427,63.2,76.6,48.2,26,5,5,16,100.0,100.0,97.0,5,0,54.75,55.05,21.849999999999994,-6.849999999999994,2965,2383,5349,0.18414839797639124,0.17918590012589172,0.18190315946905963,8.530122091062394,-2.4990340746957593,6.031088016366635,0.19686149118907154
2022,Trey Pipkins III,91462,LAC,T,T,15,968,635,333,59.8,65.4,50.5,32,3,9,20,100.0,100.0,97.1,6,0,54.75,55.05,10.650000000000006,-4.549999999999997,4285,2044,6329,0.14819136522753792,0.16291585127201566,0.15294675304155475,3.3458646441073534,-1.5092198630136977,1.8366447810936557,0.059950149858456835
2022,Dalton Risner,47008,DEN,G,G,15,967,598,369,61.1,72.6,53.4,29,3,6,20,100.0,100.0,97.1,1,0,48.5,53.4,24.099999999999994,0.0,3538,2117,5655,0.16902204635387225,0.17430325932923948,0.17099911582670205,8.635674392312039,0.0,8.635674392312039,0.2818781177924167
2022,Brady Christensen,51985,CAR,G,G,17,965,533,432,57.3,68.8,53.3,17,2,2,13,100.0,100.0,98.1,11,2,48.5,53.4,20.299999999999997,-0.10000000000000142,2771,2406,5186,0.1923493323709852,0.17955112219451372,0.18607790204396452,8.277945867917717,-0.036556608478803515,8.241389259438913,0.2690082079187011
2022,Andre James,47058,LV,C,C,15,964,588,376,62.8,64.5,59.3,24,2,5,17,100.0,100.0,97.7,3,0,53.45,55.375,11.049999999999997,3.924999999999997,3410,2122,5532,0.1724340175953079,0.177191328934967,0.1742588575560376,4.039439296187682,1.4159890669180009,5.455428363105683,0.1780713131232229
2022,Elgton Jenkins,46298,GB,G,G,15,960,562,398,72.3,67.8,71.8,17,3,1,13,100.0,100.0,98.1,4,0,48.5,53.4,19.299999999999997,18.4,3225,2245,5471,0.17426356589147288,0.17728285077951003,0.17547066349844637,7.130168062015502,6.641441069042315,13.771609131057819,0.44952079993791055
2022,Tyler Shatley,9257,JAX,G,G,16,954,616,338,60.4,69.3,53.3,25,3,4,18,100.0,100.0,97.6,2,0,48.5,53.4,20.799999999999997,-0.10000000000000142,3933,2364,6299,0.1566234426646326,0.14297800338409475,0.151452611525639,6.906467327739637,-0.029110321489002104,6.8773570062506355,0.2244846621399075
2022,La'el Collins,9719,CIN,T,T,15,951,618,333,57.9,44.2,73.5,34,5,7,22,100.0,100.0,96.6,8,2,54.75,55.05,-10.549999999999997,18.450000000000003,4336,2275,6611,0.14252767527675278,0.1463736263736264,0.14385115716230526,-3.1877739852398514,5.498408175824176,2.3106341905843246,0.07542169690054001
2022,Dennis Daley,60063,TEN,T,T,17,942,508,434,46.1,45.5,46.5,52,12,9,31,100.0,100.0,93.4,7,2,54.75,55.05,-9.25,-8.549999999999997,2818,2375,5193,0.18026969481902058,0.18273684210526317,0.18139803581744657,-3.5350887154009936,-3.181046399999999,-6.716135115400993,-0.21922219842542456
2022,Jermaine Eluemunor,11914,LV,T,T,17,940,583,357,75.3,76.1,75.7,26,3,3,20,100.0,100.0,97.4,10,0,54.75,55.05,21.349999999999994,20.650000000000006,3410,2122,5532,0.17096774193548386,0.16823751178133836,0.16992046276211134,7.738341935483868,7.073277002827522,14.81161893831139,0.48346788891283476
2022,Nicholas Petit-Frere,82003,TEN,T,T,16,937,504,433,52.3,50.0,57.0,35,5,6,24,100.0,100.0,95.8,8,0,54.75,55.05,-4.75,1.9500000000000028,2818,2375,5193,0.17885024840312277,0.1823157894736842,0.18043520123242826,-1.801022001419446,0.723830147368422,-1.0771918540510241,-0.03516075277126484
2022,Ryan Ramczyk,11787,NO,T,T,16,936,536,400,77.9,76.4,73.8,20,3,5,12,100.0,100.0,97.7,4,0,54.75,55.05,21.650000000000006,18.75,2965,2383,5349,0.18077571669477235,0.1678556441460344,0.17498597868760515,8.297243844856663,6.407889215274863,14.705133060131526,0.479992070169653
2022,Graham Glasgow,10729,DEN,C,C,15,929,579,350,59.3,62.7,61.6,19,5,1,13,100.0,100.0,97.8,10,1,53.45,55.375,9.25,6.225000000000001,3538,2117,5655,0.16365178066704353,0.16532829475673122,0.16427939876215739,3.2092114188807237,2.0953873405762877,5.304598759457011,0.1731480653428627
2022,Corey Linsley,8796,LAC,C,C,15,928,601,327,74.0,90.2,64.9,7,0,1,6,100.0,100.0,99.4,6,3,53.45,55.375,36.75,9.525000000000006,4285,2044,6329,0.14025670945157526,0.15998043052837574,0.14662663927950703,10.927400233372227,3.10248449119374,14.029884724565967,0.4579512055857438
2022,Wyatt Teller,46131,CLE,G,G,15,927,520,407,70.3,67.9,70.3,26,4,5,17,100.0,100.0,96.9,6,1,48.5,53.4,19.400000000000006,16.9,3364,2644,6011,0.1545778834720571,0.15393343419062028,0.15421726834137414,6.357479191438766,5.296603177004539,11.654082368443305,0.38040234651958477
2022,Jack Conklin,10642,CLE,T,T,14,913,508,405,66.7,78.8,51.8,13,2,1,10,100.0,100.0,98.4,10,4,54.75,55.05,24.049999999999997,-3.25,3364,2644,6011,0.15101070154577884,0.1531770045385779,0.15188820495757777,7.6994316290130795,-1.01357223903177,6.685859389981309,0.21823396472086315
2022,Cam Robinson,11789,JAX,T,T,14,913,558,353,67.2,74.8,57.3,27,4,4,19,99.8,99.6,97.1,8,1,54.75,55.05,20.049999999999997,2.25,3933,2364,6299,0.14187643020594964,0.1493231810490694,0.14494364184791236,6.030599542334095,0.6840494923857869,6.714649034719882,0.21917369108178822
2022,Christian Darrisaw,77373,MIN,T,T,15,910,612,298,90.4,82.4,90.6,23,5,6,12,100.0,100.0,97.6,3,0,54.75,55.05,27.650000000000006,35.55,4100,2057,6157,0.14926829268292682,0.14487117160913954,0.14779925288289752,8.749808780487806,10.485746426835195,19.235555207323003,0.6278701407917104
2022,Mitch Morse,9482,BUF,C,C,15,902,591,311,61.0,70.1,56.0,20,4,3,13,100.0,100.0,97.9,4,2,53.45,55.375,16.64999999999999,0.625,4010,2156,6172,0.14738154613466334,0.1442486085343228,0.14614387556707711,5.202273815461344,0.18355635435992576,5.385830169821269,0.17579954987306742
2022,Cesar Ruiz,59857,NO,G,G,14,868,516,352,56.6,63.4,51.5,14,3,2,9,100.0,100.0,98.3,3,0,48.5,53.4,14.899999999999999,-1.8999999999999986,2965,2383,5349,0.17403035413153456,0.1477129668485103,0.16227332211628342,5.497270826306913,-0.5714128409567768,4.925857985350136,0.16078554080956958
2022,Garrett Bradbury,46013,MIN,C,C,13,866,571,295,67.5,63.8,70.5,29,2,8,19,100.0,100.0,97.1,5,1,53.45,55.375,10.349999999999994,15.125,4100,2057,6157,0.13926829268292684,0.1434127369956247,0.1406529153808673,3.0558248780487793,4.416323529411765,7.472148407460544,0.24389932196096586
2022,Evan Neal,99063,NYG,T,T,15,862,534,328,41.8,42.3,48.1,52,8,10,34,100.0,100.0,94.0,7,0,54.75,55.05,-12.450000000000003,-6.949999999999996,3790,2577,6368,0.14089709762532981,0.12727978269305393,0.1353643216080402,-3.7188379947229557,-1.8010343810632505,-5.519872375786206,-0.18017483812568807
2022,Jonah Jackson,37070,DET,G,G,13,858,494,364,66.1,53.0,70.3,26,0,4,22,100.0,100.0,97.2,4,1,48.5,53.4,4.5,16.9,3353,2463,5824,0.14733074858335818,0.14778725131952902,0.14732142857142858,1.405535341485237,5.085122858302882,6.490658199788119,0.21186237848650022
2022,Alex Bars,47018,LV,G,G,14,852,528,324,45.4,55.4,39.6,38,5,11,22,100.0,100.0,95.7,3,1,48.5,53.4,6.899999999999999,-13.799999999999997,3410,2122,5532,0.15483870967741936,0.1526861451460886,0.1540130151843818,2.2649806451612897,-4.289992082940621,-2.0250114377793316,-0.06609864923780792
2022,Will Hernandez,46180,ARI,G,G,13,843,565,278,65.4,79.1,61.1,16,3,1,12,100.0,100.0,98.2,7,1,48.5,53.4,30.599999999999994,7.700000000000003,4012,2008,6021,0.14082751744765704,0.13844621513944222,0.14000996512207275,9.135762711864405,2.1704490039840643,11.30621171584847,0.3690474574473488
2022,Spencer Burford,81920,SF,G,G,19,833,432,401,51.8,60.3,49.1,18,4,6,8,100.0,100.0,97.3,5,0,48.5,53.4,11.799999999999997,-4.299999999999997,3396,2969,6365,0.127208480565371,0.13506231054227014,0.13087195600942655,3.1822473498233204,-1.1824435163354658,1.9998038334878545,0.06527584470292837
2022,Kenyon Green,99052,HOU,G,G,15,823,525,298,37.7,27.0,47.4,47,4,12,31,100.0,100.0,94.8,12,5,48.5,53.4,-21.5,-6.0,3390,1941,5333,0.15486725663716813,0.15352910870685213,0.1543221451340709,-7.058849557522123,-1.8755115919629055,-8.934361149485028,-0.291627589240344
2022,Ethan Pocic,11813,CLE,C,C,13,819,461,358,78.9,71.5,78.9,10,2,0,8,100.0,100.0,98.6,1,0,53.45,55.375,18.049999999999997,23.525000000000006,3364,2644,6011,0.13703923900118906,0.13540090771558244,0.13625020795208784,5.243943519619499,6.485283736762482,11.729227256381982,0.38285516011718096
2022,Terence Steele,39461,DAL,T,T,13,818,439,379,73.9,63.7,82.1,20,1,4,15,100.0,100.0,97.5,6,0,54.75,55.05,8.950000000000003,27.049999999999997,3573,2921,6497,0.1228659389868458,0.1297500855871277,0.12590426350623365,2.3312583263364126,7.145830263608352,9.477088589944765,0.30934282286787407
2022,David Andrews,9948,NE,C,C,14,799,485,314,74.5,65.0,76.9,13,2,1,10,100.0,100.0,98.3,6,4,53.45,55.375,11.549999999999997,21.525000000000006,3255,2131,5387,0.1490015360983103,0.14734866259971843,0.14832002970113237,3.6484516129032247,6.457540403566402,10.105992016469628,0.32987093753368973
2022,Erik McCoy,37347,NO,C,C,13,798,427,371,61.2,65.2,60.9,11,1,2,8,100.0,100.0,98.5,5,0,53.45,55.375,11.75,5.524999999999999,2965,2383,5349,0.14401349072512648,0.1556861099454469,0.14918676388109928,3.5873760539629007,1.7512974821653373,5.338673536128238,0.17426030435002504
2022,Evan Brown,38709,DET,G,G,13,768,456,312,64.8,45.5,69.5,22,2,4,16,100.0,100.0,97.2,6,2,48.5,53.4,-3.0,16.1,3353,2463,5824,0.13599761407694602,0.12667478684531058,0.13186813186813187,-0.8649448255293766,4.152348842874543,3.2874040173451666,0.10730456183681938
2022,Trai Turner,8727,WAS,G,G,13,766,431,335,53.0,59.1,52.7,22,2,5,15,100.0,100.0,97.0,4,1,48.5,53.4,10.600000000000001,-0.6999999999999957,3345,2602,5947,0.12884902840059792,0.12874711760184473,0.1288044392130486,2.8954953662182366,-0.183490392006148,2.7120049742120886,0.08852289037844406
2022,Brandon Shell,10792,MIA,T,T,13,761,479,282,64.9,51.7,75.9,40,2,8,30,100.0,100.0,95.4,4,1,54.75,55.05,-3.049999999999997,20.85000000000001,3710,2026,5736,0.12911051212938005,0.13919052319842054,0.13267085076708507,-0.8348285714285706,5.908721224086873,5.073892652658303,0.16561755872654907
2022,Nick Leverett,27699,TB,G,G,11,761,513,248,64.0,71.0,55.8,12,0,4,8,100.0,100.0,98.8,2,0,48.5,53.4,22.5,2.3999999999999986,4489,2039,6528,0.11427934952105145,0.12162824914173614,0.11657475490196079,5.451124972154154,0.594324276606179,6.045449248760333,0.19733025795497913
2022,Yosh Nijman,60822,GB,T,T,17,756,448,308,63.1,74.4,54.1,28,5,1,22,100.0,100.0,96.1,10,4,54.75,55.05,19.650000000000006,-0.9499999999999957,3225,2245,5471,0.13891472868217053,0.13719376391982183,0.1381831475050265,5.786909767441861,-0.26536017817371815,5.521549589268143,0.18022958425875735
2022,Terron Armstead,7856,MIA,T,T,14,753,483,270,77.6,81.4,68.9,16,1,2,13,100.0,100.0,98.1,6,1,54.75,55.05,26.650000000000006,13.850000000000009,3710,2026,5736,0.13018867924528302,0.1332675222112537,0.13127615062761505,7.355400000000001,3.757957551826261,11.113357551826262,0.3627524807850275
2022,Billy Price,46795,ARI,C,C,11,752,501,251,51.3,66.0,55.6,16,5,1,10,100.0,100.0,97.7,11,0,53.45,55.375,12.549999999999997,0.22500000000000142,4012,2008,6021,0.1248753738783649,0.125,0.12489619664507556,3.322434197407776,0.05726250000000036,3.379696697407776,0.11031709864173021
2022,Quinn Meinerz,112915,DEN,G,G,13,752,479,273,77.7,67.1,78.6,16,3,3,10,100.0,100.0,97.9,2,0,48.5,53.4,18.599999999999994,25.199999999999996,3538,2117,5655,0.1353872244205766,0.12895606991025035,0.13297966401414676,5.338589033352175,6.616374870099196,11.954963903451372,0.390223457982758
2022,Duane Brown,4340,NYJ,T,T,12,744,450,294,57.8,72.3,44.4,23,1,4,18,100.0,100.0,97.3,6,0,54.75,55.05,17.549999999999997,-10.649999999999999,3512,1974,5487,0.12813211845102507,0.14893617021276595,0.13559322033898305,4.767283599088837,-3.229442553191489,1.537841045897348,0.05019686011637695
2022,Gabe Jackson,8716,SEA,G,G,16,735,457,278,54.8,52.5,52.8,34,4,7,23,100.0,100.0,95.6,0,0,48.5,53.4,4.0,-0.6000000000000014,3696,2116,5814,0.12364718614718614,0.13137996219281664,0.1264189886480908,1.0485281385281386,-0.1604937618147452,0.8880343767133935,0.028986440117031265
2022,Coleman Shelton,39316,LA,C,C,13,720,431,289,58.0,71.3,55.4,11,4,1,6,100.0,100.0,98.2,5,0,53.45,55.375,17.849999999999994,0.02499999999999858,3160,1960,5121,0.13639240506329114,0.14744897959183673,0.140597539543058,5.161361392405062,0.007505153061224062,5.168866545466286,0.1687176133288817
2022,Bernhard Raimann,77948,IND,T,T,13,709,428,281,73.3,71.4,74.7,27,7,4,16,100.0,100.0,95.8,9,1,54.75,55.05,16.650000000000006,19.650000000000006,3605,2160,5765,0.11872399445214979,0.1300925925925926,0.12298352124891587,4.1907195561719846,5.20466638888889,9.395385945060875,0.3066759567133285
2022,Nate Herbig,28844,NYJ,G,G,11,707,424,283,58.0,58.6,55.7,18,1,3,14,100.0,100.0,97.7,4,1,48.5,53.4,10.100000000000001,2.3000000000000043,3512,1974,5487,0.12072892938496584,0.14336372847011145,0.1288500091124476,2.585047835990889,0.6713436676798391,3.256391503670728,0.10629227853554708
2022,Nate Davis,46808,TEN,G,G,12,682,385,297,70.6,66.8,69.8,14,3,1,10,100.0,100.0,97.6,4,1,48.5,53.4,18.299999999999997,16.4,2818,2375,5193,0.13662171753016322,0.12505263157894736,0.13133063739649528,5.300376153300212,4.175557389473684,9.475933542773895,0.3093051208300603
2022,Ben Jones,7099,TEN,C,C,12,682,371,311,71.9,68.4,73.7,10,1,2,7,100.0,100.0,98.4,5,0,53.45,55.375,14.950000000000003,18.325000000000003,2818,2375,5193,0.13165365507452093,0.13094736842105262,0.13133063739649528,4.172630943931867,4.885607031578948,9.058237975510814,0.2956710680668886
2022,Bradley Bozeman,27934,CAR,C,C,11,680,333,347,63.1,53.3,67.3,12,2,1,9,100.0,100.0,97.7,4,0,53.45,55.375,-0.15000000000000568,11.924999999999997,2771,2406,5186,0.12017322266329845,0.14422277639235245,0.13112225221750867,-0.03821508480693036,3.5016280548628416,3.463412970055911,0.11304969186961537
2022,Ronnie Stanley,10640,BAL,T,T,12,671,334,337,69.4,82.2,54.9,16,1,0,15,100.0,100.0,97.3,1,0,54.75,55.05,27.450000000000003,-0.14999999999999858,3166,2661,5827,0.10549589387239419,0.12664411875234874,0.11515359533207482,6.139228048010108,-0.038677113866966935,6.100550934143141,0.1991288388946129
2022,Cornelius Lucas,9025,WAS,T,T,15,671,356,315,67.7,63.5,70.0,34,4,8,22,100.0,100.0,94.4,3,0,54.75,55.05,8.75,14.950000000000003,3345,2602,5947,0.10642750373692078,0.12106072252113759,0.11282999831847991,1.9742301943198806,3.6848704842428908,5.659100678562771,0.18471940640689022
2022,Cody Whitehair,10690,CHI,G,G,12,661,341,320,65.9,66.9,62.3,14,4,1,9,100.0,100.0,97.2,0,0,48.5,53.4,18.400000000000006,8.899999999999999,2711,2460,5172,0.12578384360014755,0.13008130081300814,0.12780355761794276,4.906576171154557,2.3571252032520325,7.263701374406589,0.23709537652863563
2022,Will Fries,41530,IND,G,G,11,642,381,261,58.4,44.4,66.2,20,1,2,17,100.0,100.0,97.1,5,0,48.5,53.4,-4.100000000000001,12.800000000000004,3605,2160,5765,0.10568654646324549,0.12083333333333333,0.11136166522116218,-0.9186274618585301,3.1490133333333343,2.2303858714748044,0.0728023015737854
2022,Liam Eichenberg,41851,MIA,G,G,10,627,409,218,39.8,39.6,42.5,27,2,7,18,100.0,100.0,96.3,5,1,48.5,53.4,-8.899999999999999,-10.899999999999999,3710,2026,5736,0.11024258760107816,0.10760118460019744,0.10930962343096234,-2.0800571428571426,-2.387928529121421,-4.467985671978564,-0.1458400738988048
2022,Josh Jones,26634,ARI,T,T,13,622,417,205,75.8,75.9,74.0,27,4,4,19,100.0,100.0,96.0,9,2,54.75,55.05,21.150000000000006,18.950000000000003,4012,2008,6021,0.10393818544366899,0.10209163346613546,0.10330509882079389,4.6603803589232315,3.938919820717132,8.599300179640363,0.2806908226098655
2022,Ben Bredeson,27305,NYG,G,G,13,621,376,245,57.5,53.8,61.2,12,0,2,10,100.0,100.0,98.3,3,1,48.5,53.4,5.299999999999997,7.800000000000004,3790,2577,6368,0.09920844327176781,0.09507178890182383,0.09751884422110553,1.1147060686015824,1.5098160651920847,2.624522133793667,0.08566735214529435
2022,Daniel Brunskill,34807,SF,G,G,17,609,337,272,67.3,74.0,60.6,14,0,1,13,100.0,100.0,97.8,0,0,48.5,53.4,25.5,7.200000000000003,3396,2969,6365,0.09923439340400471,0.09161333782418322,0.09567949725058916,5.364611307420494,1.3429782418322673,6.707589549252762,0.21894326154199154
2022,Luke Goedeke,77548,TB,G,G,12,605,419,186,46.7,46.7,47.8,24,2,3,19,100.0,100.0,96.7,5,0,48.5,53.4,-1.7999999999999972,-5.600000000000001,4489,2039,6528,0.09333927378035198,0.09122118685630211,0.09267769607843138,-0.3561826687458226,-1.0400674840608144,-1.396250152806637,-0.04557517423200778
2022,David Bakhtiari,7891,GB,T,T,11,597,339,257,79.8,87.8,68.5,10,0,0,10,99.8,99.7,98.4,5,1,54.75,55.05,33.05,13.450000000000003,3225,2245,5471,0.10511627906976745,0.11447661469933185,0.10912081886309632,7.365077209302325,3.1348505122494434,10.499927721551769,0.342729441691586
2022,Hjalte Froholdt,44959,CLE,C,C,13,591,342,248,61.4,49.0,67.5,18,7,3,8,99.8,99.7,96.1,5,2,53.45,55.375,-4.450000000000003,12.125,3364,2644,6011,0.10166468489892984,0.09379727685325265,0.09831974713026119,-0.9591046373365048,2.3155264750378213,1.3564218377013164,0.0442751332639595
2022,Sam Cosmi,60114,WAS,T,T,11,585,341,244,71.6,66.6,71.5,21,5,2,14,100.0,100.0,95.9,2,0,54.75,55.05,11.849999999999994,16.450000000000003,3345,2602,5947,0.10194319880418536,0.09377401998462721,0.09836892550865983,2.561017040358743,3.140698232129132,5.701715272487875,0.18611039464711268
2022,Matt Pryor,46647,IND,T,T,12,576,388,188,44.9,40.8,50.8,31,6,5,20,100.0,100.0,95.0,5,0,54.75,55.05,-13.950000000000003,-4.25,3605,2160,5765,0.10762829403606103,0.08703703703703704,0.09991326973113616,-3.1829991678224694,-0.7531314814814813,-3.9361306493039505,-0.12847972820728254
2022,Teven Jenkins,41534,CHI,G,G,13,576,304,272,80.7,65.9,82.2,12,2,0,10,100.0,100.0,97.5,3,0,48.5,53.4,17.400000000000006,28.800000000000004,2711,2460,5172,0.11213574326816673,0.11056910569105691,0.11136890951276102,4.136463297676136,6.483418536585367,10.619881834261502,0.34664487874676037
2022,D.J. Humphries,9457,ARI,T,T,8,575,382,193,72.3,80.5,57.5,15,0,1,14,100.0,100.0,97.9,5,0,54.75,55.05,25.75,2.450000000000003,4012,2008,6021,0.09521435692921236,0.09611553784860558,0.09549908653047666,5.197751744765703,0.47944352589641487,5.677195270662118,0.1853100342295101
2022,Elijah Wilkinson,46238,ATL,G,G,9,574,281,293,64.3,70.7,64.4,11,2,1,8,100.0,100.0,97.5,5,0,48.5,53.4,22.200000000000003,11.000000000000007,2586,2675,5262,0.10866202629543696,0.10953271028037383,0.10908399847966553,5.114069605568445,2.453094579439254,7.567164185007699,0.2470007437282593
2022,Andrus Peat,9446,NO,G,G,11,573,327,246,50.6,40.3,55.4,15,3,3,9,100.0,100.0,97.1,2,0,48.5,53.4,-8.200000000000003,2.0,2965,2383,5349,0.1102866779089376,0.10323122114981116,0.1071228266965788,-1.9172236087689718,0.42035753252203106,-1.4968660762469408,-0.04885939105525295
2022,Max Garcia,9566,ARI,G,G,11,542,357,185,54.5,51.7,55.2,17,1,3,13,100.0,100.0,97.3,2,0,48.5,53.4,3.200000000000003,1.8000000000000043,4012,2008,6021,0.08898305084745763,0.09213147410358566,0.0900182693904667,0.6036610169491531,0.3376434262948215,0.9413044432439746,0.030725234958773422
2022,Riley Reiff,7029,CHI,T,T,12,542,293,248,64.3,67.0,59.1,18,3,2,13,99.8,99.7,96.1,4,2,54.75,55.05,12.25,4.050000000000004,2711,2460,5172,0.10807819992622648,0.1008130081300813,0.10479505027068832,2.806790852084102,0.8312839024390252,3.638074754523127,0.1187508488168613
2022,Tyler Larsen,9304,WAS,C,C,8,534,262,272,58.2,35.9,63.4,20,3,5,12,100.0,100.0,95.4,1,1,53.45,55.375,-17.550000000000004,8.024999999999999,3345,2602,5947,0.07832585949177877,0.10453497309761722,0.08979317302841769,-2.914191928251121,1.707986471944658,-1.206205456306463,-0.0393719017471639
2022,Greg Little,46254,MIA,T,T,12,533,357,176,35.1,30.6,41.7,35,4,8,23,100.0,100.0,94.2,3,0,54.75,55.05,-24.15,-13.349999999999994,3710,2026,5736,0.09622641509433963,0.08687068114511352,0.09292189679218968,-4.9266000000000005,-2.3611972359328717,-7.287797235932873,-0.23788189253017253
2022,Larry Borom,59879,CHI,T,T,11,528,264,264,64.7,69.9,62.1,14,5,2,7,100.0,100.0,96.2,4,0,54.75,55.05,15.150000000000006,7.050000000000004,2711,2460,5172,0.09738104020656584,0.1073170731707317,0.10208816705336426,3.1276842493544823,1.5404078048780496,4.668092054232532,0.15237177111497285
2022,Robert Jones,100786,MIA,G,G,12,520,333,187,58.5,67.3,58.4,13,3,3,7,100.0,100.0,97.5,4,0,48.5,53.4,18.799999999999997,5.0,3710,2026,5736,0.08975741239892183,0.09230009871668311,0.09065550906555091,3.577371428571428,0.939615004935834,4.516986433507262,0.14743951382701712
2022,George Fant,11282,NYJ,T,T,8,516,372,144,48.4,46.7,56.3,27,5,8,14,100.0,100.0,95.5,7,0,54.75,55.05,-8.049999999999997,1.25,3512,1974,5487,0.10592255125284739,0.0729483282674772,0.09404045926735921,-1.8076742596810926,0.18565349544072948,-1.6220207642403632,-0.05294458073260923
2022,Lloyd Cushenberry III,41924,DEN,C,C,8,502,316,186,56.2,68.8,52.7,9,1,3,5,100.0,100.0,98.3,6,2,53.45,55.375,15.349999999999994,-2.674999999999997,3538,2117,5655,0.0893159977388355,0.08786017949929145,0.0887709991158267,2.9065211984171837,-0.47851289560699056,2.428008302810193,0.07925291984026063
2022,Zach Tom,55443,GB,T,T,9,489,296,193,68.3,78.1,55.7,12,1,4,7,100.0,100.0,97.6,0,0,54.75,55.05,23.349999999999994,0.6500000000000057,3225,2245,5471,0.09178294573643411,0.08596881959910913,0.08938036921952111,4.54343937984496,0.11377113585746201,4.657210515702422,0.15201658546759786
2022,Phil Haynes,29244,SEA,G,G,14,485,332,153,57.1,60.2,58.1,18,4,3,11,100.0,100.0,96.4,4,0,48.5,53.4,11.700000000000003,4.700000000000003,3696,2116,5814,0.08982683982683982,0.0723062381852552,0.08341933264533884,2.2280649350649355,0.6919128544423444,2.91997778950728,0.09531135681015528
2022,Billy Turner,8702,DEN,T,T,8,483,288,195,56.3,50.7,57.3,19,2,6,11,100.0,100.0,96.2,1,0,54.75,55.05,-4.049999999999997,2.25,3538,2117,5655,0.08140192198982477,0.09211147850732168,0.08541114058355438,-0.6989169022046349,0.42196268304204065,-0.2769542191625942,-0.009040096982086361
2022,Matt Skura,11102,LA,G,G,8,466,264,202,48.3,68.1,41.0,13,3,1,9,100.0,100.0,96.8,2,0,48.5,53.4,19.599999999999994,-12.399999999999999,3160,1960,5121,0.08354430379746836,0.10306122448979592,0.09099785198203476,3.471432911392404,-2.601924897959183,0.8695080134332209,0.02838171879780197
2022,Calvin Throckmorton,28238,NO,G,G,10,460,263,197,38.4,45.5,42.8,18,3,1,14,100.0,100.0,95.9,5,0,48.5,53.4,-3.0,-10.600000000000001,2965,2383,5349,0.08870151770657674,0.08266890474192194,0.08599738268835297,-0.564141652613828,-1.7841272345782626,-2.3482688871920905,-0.07665013569542209
2022,Royce Newman,41746,GB,G,G,9,451,271,180,57.5,54.9,57.6,18,4,4,10,100.0,100.0,95.8,3,0,48.5,53.4,6.399999999999999,4.200000000000003,3225,2245,5471,0.08403100775193799,0.0801781737193764,0.08243465545604094,1.1401327131782943,0.6856195991091318,1.8257523122874262,0.059594607434584765
2022,Calvin Anderson,46247,DEN,T,T,10,439,289,150,65.0,66.1,59.3,22,2,3,17,100.0,100.0,95.6,1,0,54.75,55.05,11.349999999999994,4.25,3538,2117,5655,0.08168456755228942,0.07085498346717052,0.07763041556145005,1.965494064443187,0.6131081719414264,2.5786022363846133,0.08416847508452788
2022,Conor McDermott,11966,NE,T,T,8,437,292,145,65.8,53.7,79.8,18,1,5,12,100.0,100.0,96.5,4,0,54.75,55.05,-1.0499999999999972,24.75,3255,2131,5387,0.08970814132104454,0.0680431722196152,0.08112121774642658,-0.1996903225806446,3.4287634913186293,3.2290731687379846,0.10540057738028816
2022,Alijah Vera-Tucker,57107,NYJ,G,G,7,432,276,156,71.8,61.4,76.5,16,1,3,12,100.0,100.0,96.8,1,1,48.5,53.4,12.899999999999999,23.1,3512,1974,5487,0.0785876993166287,0.0790273556231003,0.07873154729360306,2.1492164009111616,3.716782978723404,5.865999379634566,0.19147281254315368
2022,Ty Nsekhe,7636,LA,T,T,10,424,243,180,70.6,80.7,67.5,8,3,0,5,99.8,99.6,97.6,8,1,54.75,55.05,25.950000000000003,12.450000000000003,3160,1960,5121,0.07689873417721518,0.09183673469387756,0.08279632884202304,4.230506962025316,2.3278959183673478,6.558402880392665,0.21407364099962342
2022,Isaiah Wynn,46048,NE,T,T,9,423,229,194,54.6,52.8,63.2,17,4,2,11,100.0,100.0,95.2,9,1,54.75,55.05,-1.9500000000000028,8.150000000000006,3255,2131,5387,0.07035330261136713,0.09103707179727827,0.07852236866530536,-0.29084055299539213,1.5106145471609584,1.2197739941655663,0.03981479407255358
2022,Alaric Jackson,40972,LA,G,G,7,422,272,150,64.1,69.0,58.2,14,2,1,11,100.0,100.0,97.0,2,1,48.5,53.4,20.5,4.800000000000004,3160,1960,5121,0.08607594936708861,0.07653061224489796,0.08240578012107011,3.7408607594936703,0.7479183673469395,4.48877912684061,0.1465187956352488
2022,Wes Schweitzer,10829,WAS,C,C,7,419,238,181,59.3,42.9,65.3,15,3,3,9,100.0,100.0,96.0,3,1,53.45,55.375,-10.550000000000004,9.924999999999997,3345,2602,5947,0.07115097159940209,0.06956187548039969,0.07045569194551875,-1.5913626307922277,1.40565768639508,-0.1857049443971477,-0.006061618098757275
2022,Hakeem Adeniji,45419,CIN,T,T,16,418,259,159,46.9,36.2,58.9,23,4,1,18,100.0,100.0,94.4,3,0,54.75,55.05,-18.549999999999997,3.8500000000000014,4336,2275,6611,0.05973247232472325,0.0698901098901099,0.0632279534109817,-2.349039206642066,0.5478406153846156,-1.8011985912574504,-0.058793146384259476
2022,Michael Schofield III,8730,CHI,G,G,10,418,205,213,66.9,75.0,62.7,8,1,0,7,100.0,100.0,97.6,2,0,48.5,53.4,26.5,9.300000000000004,2711,2460,5172,0.07561785319070453,0.08658536585365853,0.08081979891724671,4.248210992253781,1.6394765853658542,5.887687577619635,0.19218073970073424
2022,Nick Gates,29476,NYG,G,G,12,413,256,156,60.0,69.0,58.2,12,1,2,9,99.8,99.6,97.3,5,2,48.5,53.4,20.5,4.800000000000004,3790,2577,6368,0.06754617414248021,0.06053550640279395,0.06485552763819095,2.9355567282321893,0.5916013969732252,3.5271581252054145,0.11513040537682265
2022,Tyron Smith,6161,DAL,T,T,6,401,239,162,60.9,64.4,52.9,16,1,3,12,100.0,100.0,96.3,0,0,54.75,55.05,9.650000000000006,-2.1499999999999986,3573,2921,6497,0.066890568150014,0.05546045874700445,0.06172079421271356,1.368447243212987,-0.24277261211913712,1.12567463109385,0.03674328510369594
2022,David Quessenberry,7957,BUF,T,T,10,397,247,150,59.3,62.3,53.7,18,4,2,12,100.0,100.0,95.3,2,0,54.75,55.05,7.549999999999997,-1.3499999999999943,4010,2156,6172,0.061596009975062344,0.06957328385899815,0.06432274789371355,0.9859057356608475,-0.1912291280148415,0.794676607646006,0.025939137609951816
2022,Patrick Mekari,46219,BAL,T,T,15,384,221,163,73.1,80.3,62.0,11,2,2,7,100.0,100.0,96.8,3,1,54.75,55.05,25.549999999999997,6.950000000000003,3166,2661,5827,0.06980416929879975,0.061255167230364525,0.06590012013042731,3.7810126342387864,0.8667728673431044,4.6477855015818905,0.15170894241393806
2022,Dan Skipper,12307,DET,G,G,15,387,203,181,43.9,19.6,54.6,19,4,3,12,99.2,98.5,93.9,1,0,48.5,53.4,-28.9,1.2000000000000028,3353,2463,5824,0.060542797494780795,0.07348761672756801,0.06644917582417582,-3.7093361169102295,0.1795449451887946,-3.5297911717214348,-0.11521635097438436
2022,Brian Allen,46104,LA,C,C,7,373,244,129,63.8,59.2,66.1,9,4,5,0,100.0,100.0,97.2,1,0,53.45,55.375,5.75,10.724999999999994,3160,1960,5121,0.07721518987341772,0.06581632653061224,0.0728373364577231,0.941253164556962,1.4371718877551012,2.378425052312063,0.07763446681742718
2022,Jack Driscoll,27064,PHI,T,T,11,371,180,191,61.0,56.2,64.4,19,3,2,14,100.0,100.0,93.6,4,2,54.75,55.05,1.4500000000000028,9.350000000000009,3801,3180,6982,0.0473559589581689,0.06006289308176101,0.053136637066743056,0.1455722178374115,1.1433932704402527,1.2889654882776642,0.04207328220463582
2022,Thayer Munford Jr.,59994,LV,T,T,17,369,216,153,63.2,71.0,56.3,11,1,2,8,100.0,100.0,97.1,4,0,54.75,55.05,16.25,1.25,3410,2122,5532,0.06334310850439882,0.07210179076343072,0.06670281995661605,2.182170087976539,0.1834990574929312,2.3656691454694703,0.07721809968173174
2022,Walker Little,52287,JAX,T,T,13,369,235,134,61.7,62.7,60.0,17,2,2,13,100.0,100.0,95.8,3,0,54.75,55.05,7.950000000000003,4.950000000000003,3933,2364,6299,0.059750826341215355,0.05668358714043993,0.05858072709953961,1.0070404271548439,0.571268527918782,1.5783089550736258,0.05151777815374053
2022,Tyre Phillips,59874,NYG,T,T,11,365,199,166,50.5,55.0,53.4,16,3,2,11,100.0,100.0,94.8,4,0,54.75,55.05,0.25,-1.6499999999999986,3790,2577,6368,0.052506596306068604,0.06441598758246023,0.0573178391959799,0.02782849604221636,-0.21639906868451672,-0.18857057264230037,-0.006155155425356289
2022,Greg Van Roten,7746,BUF,G,G,9,354,229,125,57.6,60.4,58.6,10,0,0,10,100.0,100.0,97.7,3,1,48.5,53.4,11.899999999999999,5.200000000000003,4010,2156,6172,0.0571072319201995,0.05797773654916512,0.057355800388852886,1.4407012468827929,0.6138218923933212,2.054523139276114,0.06706194434283995
2022,Cody Ford,39805,ARI,G,G,8,350,242,108,41.2,46.0,39.0,20,3,1,16,100.0,100.0,94.7,2,1,48.5,53.4,-2.5,-14.399999999999999,4012,2008,6021,0.06031904287138584,0.053784860557768925,0.05812987875768145,-0.31969092721834497,-1.5768860557768922,-1.8965769829952372,-0.06190640428627692
2022,Max Mitchell,81707,NYJ,T,T,6,341,232,108,55.5,53.8,52.7,14,3,3,8,99.7,99.6,96.2,1,0,54.75,55.05,-0.9500000000000028,-2.3499999999999943,3512,1974,5487,0.06605922551252848,0.0547112462006079,0.062146892655367235,-0.13304328018223274,-0.26177142857142793,-0.39481470875366065,-0.01288719582564615
2022,Oday Aboushi,7923,LA,G,G,6,339,193,146,65.2,60.0,65.9,5,2,0,3,100.0,100.0,98.1,2,1,48.5,53.4,11.5,12.500000000000007,3160,1960,5121,0.06107594936708861,0.07448979591836735,0.06619800820152313,1.4890316455696202,1.8957653061224502,3.3847969516920706,0.11048357667374119
2022,Pat Elflein,11825,CAR,C,C,6,338,219,119,60.9,64.4,57.3,7,1,2,4,100.0,100.0,98.1,0,0,53.45,55.375,10.950000000000003,1.9249999999999972,2771,2406,5186,0.079032840129917,0.04945968412302577,0.06517547242576166,1.8346683507758934,0.1938473399833746,2.028515690759268,0.0662130319935001
2022,Will Clapp,39386,LAC,C,C,9,333,252,81,54.3,73.4,42.3,8,0,4,4,100.0,100.0,98.3,1,0,53.45,55.375,19.950000000000003,-13.075000000000003,4285,2044,6329,0.0588098016336056,0.03962818003913894,0.05261494706904724,2.4873017502917154,-1.0549298923679062,1.4323718579238092,0.04675422728418697
2022,Josh Andrews,9068,NO,C,C,6,330,173,157,51.6,53.9,51.9,8,2,1,5,100.0,100.0,97.0,1,1,53.45,55.375,0.44999999999999574,-3.4750000000000014,2965,2383,5349,0.05834738617200674,0.0658833403273185,0.06169377453729669,0.055663406408093904,-0.4661312211498113,-0.4104678147417174,-0.013398130797609277
2022,Josh Wells,8968,TB,T,T,11,326,211,115,66.5,66.4,66.7,10,1,4,5,100.0,100.0,97.3,3,0,54.75,55.05,11.650000000000006,11.650000000000006,4489,2039,6528,0.04700378703497438,0.05640019617459539,0.04993872549019608,1.160899532189798,1.3377788131436983,2.498678345333496,0.08155966945422394
2022,Garett Bolles,11775,DEN,T,T,5,325,207,118,72.9,77.8,76.9,10,1,0,9,100.0,100.0,97.1,6,1,54.75,55.05,23.049999999999997,21.85000000000001,3538,2117,5655,0.058507631430186544,0.055739253660840815,0.05747126436781609,2.859033917467495,2.479649881908362,5.338683799375858,0.1742606393539622
2022,Joe Noteboom,46249,LA,T,T,6,325,225,100,67.0,60.1,71.8,23,5,8,10,100.0,100.0,93.7,3,0,54.75,55.05,5.350000000000001,16.75,3160,1960,5121,0.07120253164556962,0.05102040816326531,0.06346416715485256,0.8075791139240508,1.7399489795918368,2.5475280935158877,0.08315418013708904
2022,Bobby Evans,36800,LA,G,G,9,314,203,111,29.8,16.4,45.4,24,7,4,13,100.0,100.0,92.0,3,0,48.5,53.4,-32.1,-8.0,3160,1960,5121,0.06424050632911392,0.05663265306122449,0.0613161491896114,-4.37169493670886,-0.9224326530612245,-5.294127589770084,-0.17280627459574238
2022,Rodney Hudson,6207,ARI,C,C,4,303,202,101,58.3,66.9,52.6,3,0,0,3,100.0,100.0,99.2,2,0,53.45,55.375,13.450000000000003,-2.7749999999999986,4012,2008,6021,0.050348953140578266,0.05029880478087649,0.050323866467364226,1.4356500498504488,-0.28418321713147393,1.1514668327189748,0.03758517155257423
2022,James Hudson III,59854,CLE,T,T,14,296,177,119,57.8,43.7,77.0,15,1,2,12,100.0,100.0,94.8,3,1,54.75,55.05,-11.049999999999997,21.950000000000003,3364,2644,6011,0.052615933412604045,0.045007564296520426,0.049243054400266176,-1.232580856123662,2.011397049924357,0.7788161938006952,0.02542143587653479
2022,Ben Bartch,84236,JAX,G,G,5,293,166,127,60.5,66.0,58.6,7,0,4,3,100.0,100.0,97.8,1,0,48.5,53.4,17.5,5.200000000000003,3933,2364,6299,0.04220696669209255,0.05372250423011844,0.04651531989204636,1.5658784642766337,0.5687708967851102,2.1346493610617436,0.06967735427571772
2022,Danny Pinter,47339,IND,G,G,14,292,183,109,44.7,36.2,47.0,9,3,3,3,100.0,100.0,96.6,1,0,48.5,53.4,-12.299999999999997,-6.399999999999999,3605,2160,5765,0.0507628294036061,0.050462962962962966,0.05065047701647875,-1.3236915395284323,-0.6575525925925926,-1.981244132121025,-0.06467003519108194
2022,Saahdiq Charles,59820,WAS,G,G,6,290,168,122,43.6,29.7,51.3,16,1,2,13,100.0,100.0,94.6,2,0,48.5,53.4,-18.8,-2.1000000000000014,3345,2602,5947,0.05022421524663677,0.04688700999231361,0.04876408273078863,-2.001736322869955,-0.20047009992313616,-2.202206422793091,-0.07188249269795506
2022,Joshua Ezeudu,77355,NYG,G,G,9,290,153,137,46.0,45.9,53.1,15,3,4,8,100.0,100.0,93.7,3,2,48.5,53.4,-2.6000000000000014,-0.29999999999999716,3790,2577,6368,0.04036939313984169,0.05316259216142802,0.04554020100502513,-0.2225160949868075,-0.032471711292199924,-0.2549878062790074,-0.008323088577532702
2022,Cedric Ogbuehi,9454,NYJ,T,T,7,286,176,110,47.7,57.0,41.8,14,1,1,12,100.0,100.0,95.6,3,1,54.75,55.05,2.25,-13.25,3512,1974,5487,0.05011389521640091,0.05572441742654509,0.05212320029159832,0.2390432801822323,-1.5032776089159068,-1.2642343287336746,-0.041266029361790114
2022,Nick Allegretti,39268,KC,G,G,14,287,173,112,52.5,35.8,60.9,10,0,4,6,99.3,98.9,96.9,1,1,48.5,53.4,-12.700000000000003,7.5,4475,2236,6714,0.03865921787709497,0.05008944543828265,0.04274649985105749,-1.040860782122905,0.7648658318425761,-0.27599495028032894,-0.009008785367647714
2022,Dillon Radunz,30551,TEN,G,G,10,280,146,134,40.3,78.1,39.7,5,0,2,3,100.0,100.0,98.2,6,1,48.5,53.4,29.599999999999994,-13.699999999999996,2818,2375,5193,0.051809794180269694,0.05642105263157895,0.053918736761024454,3.251168204400283,-1.5737637052631575,1.6774044991371257,0.05475236808537369
2022,Foster Sarell,52272,LAC,T,T,7,280,208,72,41.7,52.3,30.9,20,2,6,12,100.0,100.0,94.5,2,0,54.75,55.05,-2.450000000000003,-24.15,4285,2044,6329,0.0485414235705951,0.03522504892367906,0.04424079633433402,-0.2521241540256712,-1.731994520547945,-1.9841186745736161,-0.06476386348743042
2022,Blake Brandel,46282,MIN,T,T,7,275,181,94,55.3,55.0,61.2,13,7,1,5,100.0,100.0,94.1,3,0,54.75,55.05,0.25,6.150000000000006,4100,2057,6157,0.04414634146341463,0.045697617890131256,0.04466460938768881,0.023397560975609757,0.57219815264949,0.5955957136250998,0.019440913482256274
2022,Lucas Patrick,11435,CHI,G,G,7,269,146,123,55.9,30.8,62.5,16,2,2,12,100.0,100.0,93.5,0,0,48.5,53.4,-17.7,9.100000000000001,2711,2460,5172,0.05385466617484323,0.05,0.05201082753286929,-2.0208424935448175,0.9263800000000002,-1.0944624935448173,-0.03572448585479978
2022,James Ferentz,9258,NE,C,C,8,268,165,103,53.4,74.5,43.8,4,2,0,2,100.0,100.0,98.1,1,0,53.45,55.375,21.049999999999997,-11.575000000000003,3255,2131,5387,0.05069124423963134,0.04833411543876114,0.04974939669574902,2.2621474654377876,-1.1390755983106524,1.1230718671271351,0.03665832796257809
2022,Jason Peters,2148,DAL,T,T,13,268,152,116,70.2,62.5,70.3,12,1,1,10,100.0,100.0,95.6,0,0,54.75,55.05,7.75,15.25,3573,2921,6497,0.042541281835992165,0.03971242725094146,0.04124980760350931,0.6989532605653512,1.2330311537144811,1.9319844142798324,0.06306214263778902
2022,Colby Gossett,46673,ATL,G,G,8,267,135,132,55.3,44.4,59.6,9,0,2,7,100.0,100.0,96.5,3,1,48.5,53.4,-4.100000000000001,6.200000000000003,2586,2675,5262,0.052204176334106726,0.049345794392523366,0.05074116305587229,-0.4537587006960558,0.6229018317757012,0.16914313107964546,0.005521021898265628
2022,Justin Pugh,7800,ARI,G,G,5,263,173,90,61.0,52.5,62.4,8,0,0,8,100.0,100.0,97.5,0,0,48.5,53.4,4.0,9.0,4012,2008,6021,0.04312063808574277,0.044820717131474105,0.04368045175220063,0.3656630109670987,0.8212948207171316,1.1869578316842302,0.03874363764710473
2022,Corey Levin,11972,TEN,C,C,9,251,129,122,68.3,81.6,64.6,4,1,0,3,100.0,100.0,98.0,1,0,53.45,55.375,28.14999999999999,9.224999999999994,2818,2375,5193,0.04577714691270404,0.05136842105263158,0.04833429616791835,2.7318885734563505,0.9648068210526309,3.6966953945089815,0.12066429238968869
2022,Dennis Kelly,7146,IND,T,T,4,240,157,83,58.9,52.9,64.2,14,0,5,9,100.0,100.0,95.3,2,0,54.75,55.05,-1.8500000000000014,9.150000000000006,3605,2160,5765,0.043550624133148405,0.038425925925925926,0.04163052905464007,-0.17080554785020816,0.7158519444444449,0.5450463965942367,0.01779092696203304
2022,Austin Schlottmann,30097,MIN,C,C,6,236,173,63,48.7,46.1,55.3,15,1,4,10,100.0,100.0,95.1,2,0,53.45,55.375,-7.350000000000001,-0.07500000000000284,4100,2057,6157,0.042195121951219515,0.030627126883811376,0.038330355692707485,-0.6574843902439025,-0.004676762275158174,-0.6621611525190606,-0.02161368422059722
2022,Brandon Walton,41533,TB,T,T,6,234,154,80,57.9,65.3,57.2,5,1,2,2,100.0,100.0,97.9,4,0,54.75,55.05,10.549999999999997,2.1500000000000057,4489,2039,6528,0.034306081532635334,0.0392349190779794,0.035845588235294115,0.7672898195589216,0.17174693477194747,0.9390367543308691,0.030651215043995955
2022,David Edwards,35941,LA,G,G,4,230,152,78,58.2,27.8,75.6,10,3,3,4,100.0,100.0,95.7,1,0,48.5,53.4,-20.7,22.199999999999996,3160,1960,5121,0.04810126582278481,0.03979591836734694,0.04491310290958797,-2.110875949367088,1.7987436734693873,-0.31213227589770076,-0.01018834829050929
2022,Chandler Brewer,13976,LA,G,G,4,228,133,95,55.6,61.7,54.2,6,0,1,5,100.0,100.0,97.6,1,0,48.5,53.4,13.200000000000003,0.8000000000000043,3160,1960,5121,0.04208860759493671,0.04846938775510204,0.04452255418863503,1.177807594936709,0.07894693877551062,1.2567545337122197,0.041021880445754354
2022,Sean Harlow,11891,ARI,C,C,6,228,147,81,43.2,28.6,48.8,13,2,1,10,100.0,100.0,94.6,1,1,53.45,55.375,-24.85,-6.575000000000003,4012,2008,6021,0.03664007976071785,0.04033864541832669,0.037867463876432486,-1.9302726819541378,-0.5400013446215142,-2.4702740265756518,-0.0806325205663774
2022,Logan Stenberg,37181,DET,G,G,4,228,130,98,39.3,15.0,57.2,12,2,5,5,100.0,100.0,94.5,3,0,48.5,53.4,-33.5,3.8000000000000043,3353,2463,5824,0.03877124962719952,0.03978887535525782,0.03914835164835165,-2.75353414852371,0.30783857084855903,-2.445695577675151,-0.07983025237056654
2022,Max Scharping,46961,CIN,G,G,6,228,142,86,43.4,37.4,48.5,14,3,2,9,100.0,100.0,93.5,2,0,48.5,53.4,-11.100000000000001,-4.899999999999999,4336,2275,6611,0.03274907749077491,0.037802197802197804,0.034487974587808196,-0.7706512915129151,-0.3771298461538461,-1.1477811376667613,-0.03746486632372034
2022,Lecitus Smith,61069,ARI,G,G,5,210,145,65,44.8,38.1,46.6,12,2,3,7,100.0,100.0,95.0,2,0,48.5,53.4,-10.399999999999999,-6.799999999999997,4012,2008,6021,0.03614157527417747,0.03237051792828685,0.03487792725460887,-0.7968494516450646,-0.4481633466135456,-1.2450127982586103,-0.040638617004021715
2022,Marcus Cannon,6290,NE,T,T,5,207,106,101,63.7,53.6,66.2,11,1,0,10,100.0,100.0,93.9,0,0,54.75,55.05,-1.1499999999999986,11.150000000000006,3255,2131,5387,0.0325652841781874,0.047395588925387144,0.03842583998514943,-0.07939416282642078,1.0759462224307843,0.9965520596043635,0.03252857924952714
2022,Landon Young,41761,NO,T,T,11,207,101,106,40.4,33.2,43.8,10,4,2,4,100.0,100.0,92.9,1,0,54.75,55.05,-21.549999999999997,-11.25,2965,2383,5349,0.03406408094435076,0.044481745698699116,0.038698822209758836,-1.5562516020236086,-1.0188543852287033,-2.5751059872523117,-0.08405435358341802
2022,Jordan Roos,12266,TEN,G,G,3,202,108,94,52.7,24.6,61.0,10,0,5,5,100.0,100.0,95.2,0,0,48.5,53.4,-23.9,7.600000000000001,2818,2375,5193,0.0383250532292406,0.039578947368421054,0.03889851723473907,-1.9418537970191623,0.6124288000000001,-1.3294249970191623,-0.04339392604236694
2022,Yodny Cajuste,46297,NE,T,T,7,197,117,79,65.7,53.6,72.4,12,3,0,9,99.5,99.2,93.4,1,0,54.75,55.05,-1.1499999999999986,17.35000000000001,3255,2131,5387,0.035944700460829496,0.03707179727827311,0.036569519212919996,-0.0876331797235022,1.309546410136087,1.2219132304125848,0.039884621147942126
2022,Olisaemeka Udoh,28394,MIN,T,T,9,189,118,71,74.7,79.5,69.1,3,0,0,3,100.0,100.0,98.7,1,0,54.75,55.05,24.75,14.049999999999997,4100,2057,6157,0.02878048780487805,0.034516285853184246,0.030696767906447944,1.5101121951219512,0.9873659698590177,2.497478164980969,0.08152049421863575
2022,Jeremiah Kolone,46167,LA,C,C,3,188,130,58,36.1,19.8,46.7,13,0,5,8,100.0,100.0,94.9,0,0,53.45,55.375,-33.650000000000006,-8.674999999999997,3160,1960,5121,0.04113924050632911,0.02959183673469388,0.03671157976957626,-2.9347911392405064,-0.5226598979591836,-3.45745103719969,-0.11285508768057687
2022,Jaylon Moore,43678,SF,T,T,11,188,95,93,65.9,55.6,67.6,8,2,4,2,100.0,100.0,94.3,0,0,54.75,55.05,0.8500000000000014,12.549999999999997,3396,2969,6365,0.027974087161366314,0.031323678006062644,0.029536527886881384,0.05040930506478218,0.8003763556753113,0.8507856607400934,0.027770600163861486
2022,Matt Farniok,41585,DAL,G,G,7,191,112,76,39.1,31.4,41.7,13,0,6,7,98.4,97.4,93.8,1,0,48.5,53.4,-17.1,-11.699999999999996,3573,2921,6497,0.0313462076686258,0.026018486819582336,0.029398183777127905,-1.1363627204030227,-0.6197915782266346,-1.7561542986296572,-0.05732285004764484
2022,John Simpson,41715,LV,G,G,3,181,113,68,59.5,57.4,58.3,5,0,3,2,100.0,100.0,97.7,2,2,48.5,53.4,8.899999999999999,4.899999999999999,3410,2122,5532,0.03313782991202346,0.03204524033930255,0.03271872740419378,0.6252445747800586,0.31969613572101785,0.9449407105010764,0.03084392680884301
2022,Rashawn Slater,59971,LAC,T,T,3,175,113,62,84.0,72.8,88.0,3,1,1,1,100.0,100.0,98.2,1,0,54.75,55.05,18.049999999999997,32.95,4285,2044,6329,0.026371061843640606,0.030332681017612523,0.027650497708958763,1.009115052508751,2.0349043052837574,3.0440193577925085,0.0993602130092018
2022,Daniel Faalele,81734,BAL,T,T,6,172,101,71,51.7,49.6,50.5,10,4,1,5,100.0,100.0,92.4,2,0,54.75,55.05,-5.149999999999999,-4.549999999999997,3166,2661,5827,0.031901452937460516,0.026681698609545283,0.029517762141753903,-0.34830006317119383,-0.24717391957910545,-0.5954739827502993,-0.019436940049689554
2022,Jackson Carman,52575,CIN,T,T,4,172,113,59,58.3,67.2,48.9,7,1,2,4,100.0,100.0,96.2,2,0,54.75,55.05,12.450000000000003,-6.149999999999999,4336,2275,6611,0.02606088560885609,0.025934065934065935,0.026017243987293905,0.6878510147601478,-0.3247308131868131,0.36312020157333463,0.01185265148984974
2022,Quinn Bailey,46669,DEN,G,G,4,162,104,58,56.3,62.6,54.9,6,1,1,4,100.0,100.0,96.2,1,0,48.5,53.4,14.100000000000001,1.5,3538,2117,5655,0.029395138496325607,0.0273972602739726,0.028647214854111407,0.8786794799321651,0.08367123287671233,0.9623507128088774,0.031412208851256916
2022,Lester Cotton,46085,MIA,G,G,3,161,116,45,59.1,72.3,48.3,6,1,1,4,100.0,100.0,96.8,0,0,48.5,53.4,23.799999999999997,-5.100000000000001,3710,2026,5736,0.031266846361185985,0.022211253701875617,0.02806834030683403,1.5776,-0.2306327739387957,1.3469672260612042,0.04396652411399599
2022,Charlie Heck,36501,HOU,T,T,14,162,83,78,55.7,74.2,42.8,5,0,2,3,99.4,98.8,96.7,0,0,54.75,55.05,19.450000000000003,-12.25,3390,1941,5333,0.02448377581120944,0.0401854714064915,0.03037689855615976,1.00956401179941,-1.0022658423493047,0.007298169450105307,0.00023822045325808377
2022,Matt Hennessy,41141,ATL,G,G,3,157,76,81,75.4,69.0,82.6,4,2,0,2,100.0,100.0,96.0,3,2,48.5,53.4,20.5,29.199999999999996,2586,2675,5262,0.029389017788089715,0.0302803738317757,0.0298365640440897,1.2772467130703788,1.800204560747663,3.077451273818042,0.10045146832237814
2022,Nick Martin,10684,WAS,C,C,3,156,106,50,42.6,30.7,55.4,4,0,1,3,100.0,100.0,98.0,3,0,53.45,55.375,-22.750000000000004,0.02499999999999858,3345,2602,5947,0.031689088191330345,0.01921598770176787,0.026231713468975956,-1.5283647234678626,0.0009780937740199289,-1.5273866296938425,-0.04985561622178476
2022,Kayode Awosika,44909,DET,G,G,4,155,93,62,50.4,41.6,52.6,6,1,3,2,100.0,100.0,96.1,0,0,48.5,53.4,-6.899999999999999,-0.7999999999999972,3353,2463,5824,0.027736355502535042,0.025172553796183515,0.026614010989010988,-0.4057274082910825,-0.04100105562322356,-0.44672846391430604,-0.014581719139916372
2022,Rashaad Coward,12168,ARI,G,G,3,155,96,59,46.7,66.4,37.7,4,0,1,3,100.0,100.0,97.9,1,1,48.5,53.4,17.900000000000006,-15.699999999999996,4012,2008,6021,0.023928215353938187,0.029382470119521914,0.025743232021258926,0.9080279162512465,-0.9392165338645416,-0.031188617613295166,-0.0010180315317596556
2022,Justin McCray,9234,HOU,G,G,7,151,108,43,41.4,25.4,55.4,11,0,3,8,100.0,100.0,94.6,3,1,48.5,53.4,-23.1,2.0,3390,1941,5333,0.03185840707964602,0.02215352910870685,0.028314269641852616,-1.5601699115044247,0.0902091705306543,-1.4699607409737705,-0.04798117067305247
2022,Chase Roullier,11954,WAS,C,C,2,150,106,44,56.3,60.4,52.6,3,0,0,3,100.0,100.0,98.5,0,0,53.45,55.375,6.949999999999996,-2.7749999999999986,3345,2602,5947,0.031689088191330345,0.016910069177555727,0.02522280141247688,0.466907025411061,-0.09554019984627204,0.37136682556478895,0.012121830565304734
2022,Jack Anderson,60130,NYG,G,G,6,148,100,48,47.9,49.6,55.2,6,1,2,3,100.0,100.0,96.2,2,0,48.5,53.4,1.1000000000000014,1.8000000000000043,3790,2577,6368,0.026385224274406333,0.018626309662398137,0.023241206030150754,0.06153034300791565,0.06826169965075686,0.1297920426586725,0.0042365581455491375
2022,Stone Forsythe,41795,SEA,T,T,5,128,62,66,35.3,31.1,42.7,7,0,0,7,100.0,100.0,94.3,2,0,54.75,55.05,-23.65,-12.349999999999994,3696,2116,5814,0.016774891774891776,0.031190926275992438,0.022015823873409012,-0.8410595238095238,-0.784283364839319,-1.6253428886488428,-0.053053018607034895
2022,Trevor Penning,59963,NO,T,T,6,124,33,91,73.6,38.7,80.2,2,0,1,1,100.0,100.0,96.8,2,1,54.75,55.05,-16.049999999999997,25.150000000000006,2965,2383,5349,0.011129848229342328,0.038187159043222826,0.02318190315946906,-0.378704215851602,1.9553887536718426,1.5766845378202405,0.05146475534890881
2022,Chris Reed,9830,MIN,C,C,2,124,73,51,54.3,70.7,56.9,2,0,1,1,100.0,100.0,98.6,2,0,53.45,55.375,17.25,1.5249999999999986,4100,2057,6157,0.017804878048780486,0.024793388429752067,0.020139678414812408,0.6511243902439023,0.07698099173553712,0.7281053819794394,0.02376617798484927
2022,Bobby Hart,9659,BUF,G,G,16,128,29,94,51.7,52.9,54.1,0,0,0,0,96.1,85.3,100.0,0,0,48.5,53.4,4.399999999999999,0.7000000000000028,4010,2156,6172,0.007231920199501247,0.04359925788497217,0.020738820479585224,0.0674593516209476,0.06213766233766259,0.12959701395861017,0.004230192189586507
2022,Matt Peart,46179,NYG,T,T,5,117,78,39,49.2,43.8,64.7,7,1,1,5,100.0,100.0,94.4,2,0,54.75,55.05,-10.950000000000003,9.650000000000006,3790,2577,6368,0.02058047493403694,0.015133876600698487,0.018373115577889447,-0.47775514511873357,0.2973413271245636,-0.18041381799416994,-0.005888909786271467
2022,Le'Raven Clark,10716,TEN,T,T,5,114,65,49,57.2,60.1,52.1,6,1,1,4,100.0,100.0,94.6,0,0,54.75,55.05,5.350000000000001,-2.9499999999999957,2818,2375,5193,0.023066004258339247,0.02063157894736842,0.0219526285384171,0.2616146202980838,-0.12391738947368404,0.13769723082439977,0.004494592371912957
2022,Dan Feeney,11826,NYJ,G,G,4,109,67,42,51.8,64.1,56.5,3,1,0,2,100.0,100.0,96.9,3,1,48.5,53.4,15.599999999999994,3.1000000000000014,3512,1974,5487,0.019077448747152618,0.02127659574468085,0.019865135775469292,0.6309293849658312,0.1342893617021277,0.7652187466679589,0.024977599919962616
2022,Ben Cleveland,41696,BAL,G,G,3,95,59,36,65.2,64.9,62.6,3,1,1,1,100.0,100.0,96.4,0,0,48.5,53.4,16.400000000000006,9.200000000000003,3166,2661,5827,0.018635502210991788,0.013528748590755355,0.01630341513643384,0.6479191408717626,0.25340969560315674,0.9013288364749193,0.02942038622527987
2022,Sua Opeta,45110,PHI,G,G,5,92,43,49,38.1,57.1,40.8,3,0,0,3,100.0,100.0,96.4,2,1,48.5,53.4,8.600000000000001,-12.600000000000001,3801,3180,6982,0.011312812417784793,0.015408805031446541,0.013176740189057576,0.20625519600105238,-0.39529132075471707,-0.18903612475366469,-0.006170351569504856
2022,Luke Wattenberg,41024,DEN,G,G,4,90,55,35,33.7,20.8,40.1,6,3,0,3,100.0,100.0,91.7,0,0,48.5,53.4,-27.7,-13.299999999999997,3538,2117,5655,0.015545505935556812,0.01653282947567312,0.015915119363395226,-0.9128942905596382,-0.4476891828058572,-1.3605834733654953,-0.044410973729297205
2022,Storm Norton,12188,LAC,T,T,8,85,62,23,43.0,34.5,51.3,10,0,4,6,100.0,100.0,91.5,2,1,54.75,55.05,-20.25,-3.75,4285,2044,6329,0.014469078179696617,0.011252446183953033,0.013430241744351399,-0.6211575262543757,-0.0859124266144814,-0.7070699528688571,-0.023079557936978377
2022,Austin Jackson,60816,MIA,T,T,2,84,58,26,57.9,54.6,57.5,6,0,0,6,100.0,100.0,94.4,0,0,54.75,55.05,-0.14999999999999858,2.450000000000003,3710,2026,5736,0.015633423180592992,0.012833168805528134,0.014644351464435146,-0.004971428571428524,0.06401441263573551,0.05904298406430699,0.001927229358220242
2022,Ryan Jensen,7985,TB,C,C,1,82,70,12,28.9,13.3,50.4,6,1,1,4,100.0,100.0,94.9,1,0,53.45,55.375,-40.150000000000006,-4.975000000000001,4489,2039,6528,0.01559367342392515,0.005885237861696911,0.012561274509803922,-1.3273022944976611,-0.059612162824914196,-1.3869144573225753,-0.045270446639027524
2022,Michael Dunn,39676,CLE,T,T,7,82,13,67,61.1,79.5,61.5,0,0,0,0,97.6,86.7,100.0,1,0,54.75,55.05,24.75,6.450000000000003,3364,2644,6011,0.0038644470868014267,0.025340393343419063,0.0136416569622359,0.20276753864447086,0.33277511346444794,0.5355426521089188,0.01748071406078165
2022,Lewis Kidd,59892,NO,G,G,9,78,43,34,29.6,12.5,41.0,3,1,0,2,98.7,97.7,95.1,0,0,48.5,53.4,-36.0,-12.399999999999999,2965,2383,5349,0.014502529510961214,0.014267729752412925,0.014582164890633763,-1.1068330522765597,-0.3602088124213176,-1.4670418646978773,-0.047885895270884674
2022,Cameron Erving,9452,CAR,T,T,10,76,10,62,53.9,78.5,58.3,0,0,0,0,94.7,71.4,100.0,2,1,54.75,55.05,23.75,3.25,2771,2406,5186,0.003608805485384338,0.025768911055694097,0.014654839953721558,0.1817033561891014,0.17051288445552784,0.35221624064462925,0.011496733950184069
2022,Colton McKivitz,29314,SF,T,T,7,71,32,39,69.4,85.9,57.7,1,0,0,1,100.0,100.0,98.4,0,0,54.75,55.05,31.150000000000006,2.6500000000000057,3396,2969,6365,0.009422850412249705,0.013135735938026272,0.011154752553024352,0.6222661955241461,0.0708725496800271,0.6931387452041732,0.02262482766153025
2022,AJ Arcuri,44757,LA,T,T,3,70,37,33,48.6,34.2,54.8,6,0,0,6,100.0,100.0,91.9,0,0,54.75,55.05,-20.549999999999997,-0.25,3160,1960,5121,0.01170886075949367,0.01683673469387755,0.013669205233352862,-0.5101082278481012,-0.008569897959183673,-0.5186781258072849,-0.016930236968269067
2022,Laurent Duvernay-Tardif,8834,NYJ,G,G,2,70,51,19,42.0,25.3,50.1,9,1,2,6,100.0,100.0,90.0,0,0,48.5,53.4,-23.2,-3.299999999999997,3512,1974,5487,0.014521640091116172,0.009625126646403243,0.012757426644796793,-0.7142323462414578,-0.06466930091185405,-0.7789016471533119,-0.02542422517000515
2022,Justin Britt,8699,HOU,C,C,1,70,43,27,44.6,71.2,48.5,0,0,0,0,100.0,100.0,100.0,2,0,53.45,55.375,17.75,-6.875,3390,1941,5333,0.012684365781710914,0.013910355486862442,0.013125820363772736,0.47731268436578167,-0.19471020092735702,0.28260248343842465,0.009224462676129043
2022,Jake Hanson,28148,GB,G,G,3,69,50,19,47.2,20.6,61.0,4,1,0,3,100.0,100.0,94.9,0,0,48.5,53.4,-27.9,7.600000000000001,3225,2245,5471,0.015503875968992248,0.008463251670378619,0.012611953938950832,-0.9170232558139534,0.1309569710467706,-0.7860662847671828,-0.02565808699405222
2022,Hroniss Grasu,9504,LV,G,G,1,68,44,24,56.1,63.2,59.4,4,1,0,3,100.0,100.0,93.9,2,0,48.5,53.4,14.700000000000003,6.0,3410,2122,5532,0.012903225806451613,0.011310084825636193,0.012292118582791034,0.4021161290322581,0.13816399622997172,0.5402801252622298,0.017635350508947902
2022,Matt Nelson,48584,DET,T,T,9,70,22,45,46.3,53.1,47.9,1,0,0,1,95.7,88.0,97.4,2,0,54.75,55.05,-1.6499999999999986,-7.149999999999999,3353,2463,5824,0.00656128839844915,0.018270401948842874,0.01201923076923077,-0.022951386817775105,-0.2659695493300852,-0.2889209361478603,-0.00943070407386883
2022,Chris Paul,77579,WAS,G,G,1,66,28,38,55.6,56.9,55.0,1,0,0,1,100.0,100.0,98.0,1,0,48.5,53.4,8.399999999999999,1.6000000000000014,3345,2602,5947,0.00837070254110613,0.014604150653343582,0.011098032621489827,0.14906547085201793,0.04757448116833209,0.19663995202035003,0.0064185490374246805
2022,Taylor Lewan,8646,TEN,T,T,2,64,40,24,67.3,79.4,64.5,0,0,0,0,100.0,100.0,100.0,1,0,54.75,55.05,24.650000000000006,9.450000000000003,2818,2375,5193,0.014194464158977998,0.010105263157894737,0.012324282688234161,0.7417743080198724,0.19442728421052638,0.9362015922303988,0.03055867216660025
2022,Dieter Eiselen,109304,CHI,G,G,3,62,41,21,45.5,31.9,50.5,5,0,0,5,100.0,100.0,93.4,0,0,48.5,53.4,-16.6,-2.8999999999999986,2711,2460,5172,0.015123570638140908,0.00853658536585366,0.011987625676720804,-0.5322286978974549,-0.05040341463414632,-0.5826321125316012,-0.019017766972783866
2022,Mike Remmers,7431,NYJ,T,T,3,61,39,22,51.0,59.9,50.4,5,1,2,2,100.0,100.0,91.9,2,0,54.75,55.05,5.149999999999999,-4.649999999999999,3512,1974,5487,0.011104783599088838,0.011144883485309016,0.011117186076180062,0.1212420273348519,-0.10551306990881454,0.01572895742603736,0.0005134108481481827
2022,Prince Tega Wanogho,44820,KC,T,T,6,60,29,31,68.4,63.6,68.8,2,0,1,1,100.0,100.0,96.4,0,0,54.75,55.05,8.850000000000001,13.75,4475,2236,6714,0.006480446927374301,0.013864042933810376,0.008936550491510277,0.12158614525139665,0.38812388193202146,0.5097100271834181,0.016637508149947383
2022,Andre Dillard,29250,PHI,G,G,7,58,11,47,58.3,84.7,55.0,0,0,0,0,100.0,100.0,100.0,0,0,48.5,53.4,36.2,1.6000000000000014,3801,3180,6982,0.0028939752696658773,0.014779874213836478,0.008307075336579777,0.2220952380952381,0.04814691823899375,0.2702421563342319,0.008821007707686717
2022,Jimmy Morrissey,41626,HOU,G,G,3,57,30,27,54.4,67.4,50.5,2,0,1,1,100.0,100.0,96.4,0,0,48.5,53.4,18.900000000000006,-2.8999999999999986,3390,1941,5333,0.008849557522123894,0.013910355486862442,0.010688168010500656,0.35458407079646026,-0.08213230293663057,0.2724517678598297,0.008893131911262809
2022,Chuma Edoga,46232,ATL,G,G,1,55,26,29,77.8,62.5,84.9,1,0,0,1,100.0,100.0,97.7,1,0,48.5,53.4,14.0,31.500000000000007,2586,2675,5262,0.010054137664346482,0.010841121495327103,0.010452299505891296,0.29840680587780355,0.6952844859813085,0.9936912918591121,0.03243520057510761
2022,Kyle Fuller,11998,SEA,C,C,3,54,35,19,56.3,50.7,56.9,2,0,2,0,100.0,100.0,97.1,0,0,53.45,55.375,-2.75,1.5249999999999986,3696,2116,5814,0.00946969696969697,0.008979206049149339,0.009287925696594427,-0.05520833333333334,0.027879536862003756,-0.027328796471329582,-0.0008920426316360899
2022,Michael Jordan,28021,CAR,G,G,2,54,19,35,32.5,25.6,38.4,4,2,0,2,100.0,100.0,83.3,0,0,48.5,53.4,-22.9,-15.0,2771,2406,5186,0.006856730422230242,0.014546965918536992,0.01041264944080216,-0.3328805485384338,-0.4442643391521197,-0.7771448876905536,-0.025366882566720202
2022,Trystan Colon,41117,BAL,G,G,2,49,17,32,72.0,75.7,68.0,1,0,0,1,100.0,100.0,97.1,0,0,48.5,53.4,27.200000000000003,14.600000000000001,3166,2661,5827,0.005369551484523057,0.012025554302893648,0.008409129912476403,0.30962981680353757,0.3574668169860955,0.6670966337896331,0.02177478387625205
2022,J.C. Hassenauer,45600,PIT,C,C,3,46,35,11,64.0,56.7,66.2,1,0,0,1,100.0,100.0,98.5,1,0,53.45,55.375,3.25,10.825000000000003,3438,2392,5830,0.010180337405468295,0.00459866220735786,0.007890222984562607,0.07014252472367655,0.10135313545150504,0.17149566017518159,0.005597811091949444
2022,Cade Mays,81995,CAR,G,G,7,51,11,35,62.6,51.4,64.0,1,1,0,0,90.2,68.8,90.9,0,0,48.5,53.4,2.8999999999999986,10.600000000000001,2771,2406,5186,0.003969686033922772,0.014546965918536992,0.009834168916313151,0.02440562973655719,0.31394679966749794,0.33835242940405513,0.011044203569765671
2022,Cam Jurgens,84014,PHI,C,C,10,44,9,35,72.7,78.8,70.0,0,0,0,0,100.0,100.0,100.0,0,0,53.45,55.375,25.349999999999994,14.625,3801,3180,6982,0.0023677979479084454,0.0110062893081761,0.006301919220853624,0.12725019731649562,0.3277287735849056,0.4549789709014012,0.01485102496071318
2022,John Molchon,46921,TB,G,G,1,42,26,16,62.3,86.1,52.3,0,0,0,0,100.0,100.0,100.0,0,0,48.5,53.4,37.599999999999994,-1.1000000000000014,4489,2039,6528,0.0057919358431721985,0.00784698381559588,0.006433823529411764,0.4616867899309422,-0.017574104953408557,0.44411268497753364,0.014496337175548324
2022,Josh Ball,40733,DAL,T,T,6,42,17,25,73.4,29.1,86.2,2,1,0,1,100.0,100.0,91.2,0,0,54.75,55.05,-25.65,31.150000000000006,3573,2921,6497,0.004757906521130702,0.008558712769599451,0.006464522087117131,-0.2587254408060453,0.5428055460458747,0.2840801052398294,0.009272693912424823
2022,Jordan Meredith,60235,LV,G,G,1,41,31,10,63.8,68.4,59.6,2,1,0,1,100.0,100.0,94.8,0,0,48.5,53.4,19.900000000000006,6.200000000000003,3410,2122,5532,0.00909090909090909,0.00471253534401508,0.007411424439624005,0.38352727272727277,0.05948727615457118,0.44301454888184394,0.014460492779190757
2022,Chris Hubbard,8051,CLE,T,T,4,39,11,28,40.9,22.7,53.4,2,1,0,1,100.0,100.0,86.4,0,0,54.75,55.05,-32.05,-1.6499999999999986,3364,2644,6011,0.0032699167657550534,0.01059001512859304,0.006488105140575611,-0.2221777645659928,-0.03557609682299543,-0.25775386138898826,-0.008413375725089541
2022,Blake Hance,46301,JAX,G,G,5,39,21,18,48.7,55.6,45.8,2,0,1,1,100.0,100.0,95.2,0,0,48.5,53.4,7.100000000000001,-7.600000000000001,3933,2364,6299,0.005339435545385202,0.007614213197969543,0.006191458961739959,0.08036918382913809,-0.11781928934010154,-0.03745010551096345,-0.00122241353402065
2022,Devery Hamilton,40636,NYG,T,T,5,39,7,32,50.2,44.1,51.8,0,0,0,0,100.0,100.0,100.0,1,1,54.75,55.05,-10.649999999999999,-3.25,3790,2577,6368,0.0018469656992084432,0.01241753977493209,0.006124371859296482,-0.04170079155672823,-0.08216686069072564,-0.12386765224745386,-0.0040431793841094466
2022,Shane Lemieux,28149,NYG,G,G,1,39,24,15,29.4,0.0,46.9,5,1,1,3,100.0,100.0,86.4,0,0,48.5,53.4,-48.5,-6.5,3790,2577,6368,0.0063324538258575196,0.005820721769499418,0.006124371859296482,-0.6511029023746702,-0.0770314318975553,-0.7281343342722255,-0.023767123020225267
2022,Tommy Doyle,40459,BUF,G,G,1,36,28,8,51.4,39.2,56.6,1,0,0,1,100.0,100.0,98.1,0,0,48.5,53.4,-9.299999999999997,3.200000000000003,4010,2156,6172,0.006982543640897756,0.0037105751391465678,0.005832793259883344,-0.13766783042394012,0.02417513914656774,-0.11349269127737238,-0.0037045289976358805
2022,Jake Curhan,38549,SEA,G,G,4,37,11,25,37.1,0.0,51.5,2,1,1,0,97.3,91.7,83.3,0,0,48.5,53.4,-48.5,-1.8999999999999986,3696,2116,5814,0.002976190476190476,0.011814744801512287,0.006363949088407293,-0.3060119047619047,-0.0457041587901701,-0.3517160635520748,-0.011480407607734468
2022,Kyle Hinton,83163,MIN,G,G,1,34,15,19,70.1,81.7,65.5,0,0,0,0,100.0,100.0,100.0,0,0,48.5,53.4,33.2,12.100000000000001,4100,2057,6157,0.003658536585365854,0.009236752552260573,0.0055221698879324346,0.25750243902439024,0.22755294117647062,0.48505538020086086,0.015832752763099235
2022,Vederian Lowe,59741,MIN,T,T,1,33,15,18,35.1,63.3,44.1,1,0,1,0,100.0,100.0,96.7,2,0,54.75,55.05,8.549999999999997,-10.949999999999996,4100,2057,6157,0.003658536585365854,0.008750607681088965,0.005359753126522657,0.06631463414634145,-0.19508779776373353,-0.12877316361739208,-0.004203300788524427
2022,Kendall Lamm,10017,MIA,T,T,1,32,15,17,67.0,87.1,56.5,0,0,0,0,100.0,100.0,100.0,0,0,54.75,55.05,32.349999999999994,1.4500000000000028,3710,2026,5736,0.004043126684636119,0.00839091806515301,0.005578800557880056,0.2772857142857142,0.024771668311944765,0.30205738259765896,0.009859492450031626
2022,Alex Leatherwood,58468,CHI,T,T,4,32,20,12,60.1,45.4,65.7,5,1,1,3,100.0,100.0,84.2,0,0,54.75,55.05,-9.350000000000001,10.650000000000006,2711,2460,5172,0.0073773515308004425,0.004878048780487805,0.006187161639597835,-0.1462338620435264,0.10577268292682933,-0.04046117911669707,-0.0013206983606549462
2022,Trent Scott,24481,PIT,T,T,8,31,8,23,70.9,68.5,65.5,0,0,0,0,100.0,100.0,100.0,0,0,54.75,55.05,13.75,10.450000000000003,3438,2392,5830,0.002326934264107039,0.009615384615384616,0.005317324185248714,0.06783013379872017,0.20457884615384622,0.2724089799525664,0.00889173526588044
2022,Ja'Tyre Carter,78432,CHI,G,G,1,31,19,12,62.6,83.9,55.0,0,0,0,0,100.0,100.0,100.0,0,0,48.5,53.4,35.400000000000006,1.6000000000000014,2711,2460,5172,0.007008483954260421,0.004878048780487805,0.005993812838360402,0.525972703799336,0.015890731707317085,0.5418634355066532,0.01768703153480696
2022,Tom Compton,7181,DEN,G,G,1,30,18,12,46.6,48.5,46.9,3,3,0,0,100.0,100.0,83.3,1,0,48.5,53.4,0.0,-6.5,3538,2117,5655,0.005087620124364048,0.005668398677373642,0.005305039787798408,0.0,-0.07501558809636279,-0.07501558809636279,-0.0024485931054230867
2022,Wyatt Davis,59993,NYG,G,G,3,29,18,11,56.5,51.0,57.4,2,0,0,2,100.0,100.0,94.1,0,0,48.5,53.4,2.5,4.0,3790,2577,6368,0.00474934036939314,0.004268529297632906,0.004554020100502512,0.02517150395778364,0.03476290259992239,0.05993440655770603,0.001956326390273794
2022,Netane Muti,41339,LV,G,G,1,28,23,5,64.3,68.7,60.7,0,0,0,0,100.0,100.0,100.0,1,0,48.5,53.4,20.200000000000003,7.300000000000004,3410,2122,5532,0.006744868035190616,0.00235626767200754,0.005061460592913955,0.288842228739003,0.03502073515551368,0.3238629638945167,0.01057125113083596
2022,Ja'Wuan James,8654,BAL,T,T,1,24,18,6,65.3,86.0,47.5,0,0,0,0,100.0,100.0,100.0,0,0,54.75,55.05,31.25,-7.549999999999997,3166,2661,5827,0.005685407454200884,0.002254791431792559,0.004118757508151707,0.3766582438408086,-0.034660202931228845,0.34199804090957975,0.01116320042660577
2022,Greg Mancz,10019,MIN,C,C,1,22,18,4,55.1,49.2,55.9,1,0,0,1,100.0,100.0,97.1,0,0,53.45,55.375,-4.25,0.5249999999999986,4100,2057,6157,0.004390243902439025,0.0019445794846864365,0.003573168751015105,-0.03955609756097561,0.0020785610111813263,-0.037477536549794285,-0.0012233089139578107
2022,Drew Forbes,28671,CLE,G,G,4,19,12,7,63.1,72.8,58.4,1,0,0,1,100.0,100.0,95.5,0,0,48.5,53.4,24.299999999999997,5.0,3364,2644,6011,0.0035671819262782403,0.00264750378214826,0.0031608717351522208,0.1837669441141498,0.026951588502269287,0.21071853261641907,0.006878089730985535
2022,K.C. McDermott,29035,HOU,G,G,2,19,15,4,21.6,0.0,79.1,3,1,0,2,100.0,100.0,86.7,1,0,48.5,53.4,-48.5,25.699999999999996,3390,1941,5333,0.004424778761061947,0.0020607934054611026,0.0035627226701668855,-0.4549557522123893,0.10783142709943326,-0.34712432511295604,-0.011330528104430575
2022,Cole Van Lanen,41583,JAX,G,G,6,18,7,11,40.1,0.0,57.5,2,1,0,1,100.0,100.0,78.6,0,0,48.5,53.4,-48.5,4.100000000000001,3933,2364,6299,0.001779811848461734,0.004653130287648054,0.002857596443879981,-0.18300025425883548,0.03884247038917091,-0.14415778386966457,-0.004705472084320658
2022,Brenden Jaimes,59909,LAC,G,G,3,18,17,1,26.9,0.0,60.0,5,0,2,3,100.0,100.0,84.4,1,0,48.5,53.4,-48.5,6.600000000000001,4285,2044,6329,0.0039673278879813305,0.0004892367906066536,0.0028440511929214724,-0.4079206534422404,0.00657416829745597,-0.4013464851447844,-0.013100400348110545
2022,Justin Herron,46271,LV,T,T,1,17,4,13,55.4,73.5,54.3,0,0,0,0,100.0,100.0,100.0,1,1,54.75,55.05,18.75,-0.75,3410,2122,5532,0.0011730205278592375,0.006126295947219604,0.0030730296456977584,0.046627565982404695,-0.009354853911404335,0.03727271207100036,0.0012166232127679135
2022,Justin Skule,38951,TB,T,T,1,16,13,3,70.5,85.5,58.5,0,0,0,0,100.0,100.0,100.0,0,0,54.75,55.05,30.75,3.450000000000003,4489,2039,6528,0.0028959679215860993,0.0014713094654242277,0.0024509803921568627,0.1887881488081978,0.010334771947032868,0.19912292075523066,0.006499595927537705
2022,D'Ante Smith,41497,CIN,T,T,4,15,2,13,68.2,70.1,64.1,0,0,0,0,100.0,100.0,100.0,0,0,54.75,55.05,15.349999999999994,9.049999999999997,4336,2275,6611,0.00046125461254612545,0.005714285714285714,0.002268945696566329,0.01501014760147601,0.10529028571428567,0.12030043331576168,0.003926741348984589
2022,Dakoda Shepley,66937,DAL,C,C,2,14,6,8,52.8,20.8,56.8,1,0,0,1,100.0,100.0,91.7,0,0,53.45,55.375,-32.650000000000006,1.4249999999999972,3573,2921,6497,0.0016792611251049538,0.0027387880862718246,0.0021548406957057104,-0.1162350965575147,0.007946045874700429,-0.10828905068281428,-0.0035346763202621164
2022,Geron Christian,46375,MIA,T,T,3,12,3,9,46.0,44.7,42.7,0,0,0,0,100.0,100.0,100.0,1,1,54.75,55.05,-10.049999999999997,-12.349999999999994,3710,2026,5736,0.0008086253369272237,0.004442250740375123,0.0020920502092050207,-0.017228571428571423,-0.11169861796643626,-0.1289271893950077,-0.004208328363015245
2022,Nick Zakelj,59693,SF,G,G,2,12,0,12,53.7,,54.5,0,0,0,0,100.0,,,0,0,48.5,53.4,,1.1000000000000014,3396,2969,6365,0.0,0.0040417649040080834,0.0018853102906520032,,0.009051936679016515,,
2022,Lucas Niang,47004,KC,T,T,5,11,2,9,45.6,17.2,50.7,1,0,0,1,100.0,100.0,75.0,0,0,54.75,55.05,-37.55,-4.349999999999994,4475,2236,6714,0.000446927374301676,0.004025044722719142,0.0016383675901102174,-0.03557810055865922,-0.035648211091234304,-0.07122631164989351,-0.002324906863445646
2022,Aviante Collins,12049,DAL,T,T,2,9,0,9,65.9,,64.7,0,0,0,0,100.0,,,0,0,54.75,55.05,,9.650000000000006,3573,2921,6497,0.0,0.0030811365970558027,0.0013852547329536709,,0.060536323176994214,,
2022,Korey Cunningham,38555,NYG,T,T,1,8,1,7,47.1,67.1,50.7,0,0,0,0,100.0,100.0,100.0,0,0,54.75,55.05,12.349999999999994,-4.349999999999994,3790,2577,6368,0.0002638522427440633,0.002716336825766395,0.001256281407035176,0.006908179419525063,-0.024057508731082623,-0.017149329311557562,-0.0005597733828463569
2022,Germain Ifedi,10665,ATL,T,T,4,8,0,8,45.4,,45.9,0,0,0,0,100.0,,,0,0,54.75,55.05,,-9.149999999999999,2586,2675,5262,0.0,0.0029906542056074765,0.0015203344735841885,,-0.05571409345794391,,
2022,Luke Tenuta,77367,GB,T,T,1,7,3,4,71.7,73.9,72.8,0,0,0,0,100.0,100.0,100.0,0,0,54.75,55.05,19.150000000000006,17.75,3225,2245,5471,0.0009302325581395349,0.0017817371937639199,0.0012794735880095047,0.03776558139534884,0.0643902004454343,0.10215578184078314,0.00333447953208241
2022,Trey Hill,81653,CIN,C,C,1,7,1,6,57.0,68.2,53.0,0,0,0,0,100.0,100.0,100.0,0,0,53.45,55.375,14.75,-2.375,4336,2275,6611,0.00023062730627306272,0.0026373626373626374,0.0010588413250642867,0.007211715867158671,-0.012752967032967032,-0.0055412511658083615,-0.00018087266585961576
2022,Coy Cronk,46235,JAX,T,T,2,6,0,6,60.1,,59.7,0,0,0,0,100.0,,,0,0,54.75,55.05,,4.650000000000006,3933,2364,6299,0.0,0.0025380710659898475,0.0009525321479599936,,0.02402893401015231,,
2022,Ike Boettger,46918,BUF,G,G,1,6,4,2,62.8,78.8,59.9,0,0,0,0,100.0,100.0,100.0,0,0,48.5,53.4,30.299999999999997,6.5,4010,2156,6172,0.000997506234413965,0.0009276437847866419,0.0009721322099805574,0.06407581047381544,0.012276437847866419,0.07635224832168186,0.00249222319744883
2022,Xavier Newman,58525,TEN,G,G,1,4,0,4,69.0,,67.4,0,0,0,0,100.0,,,0,0,48.5,53.4,,14.000000000000007,2818,2375,5193,0.0,0.0016842105263157896,0.0007702676680146351,,0.04800673684210529,,
2022,Ryan Neuzil,41123,ATL,C,C,1,5,0,4,66.5,,68.0,0,0,0,0,80.0,0.0,,0,0,53.45,55.375,,12.625,2586,2675,5262,0.0,0.0014953271028037382,0.0009502090459901178,,0.03843663551401869,,
2022,Zack Johnson,18569,TEN,T,T,1,4,0,4,52.0,,47.1,0,0,0,0,100.0,,,0,0,54.75,55.05,,-7.949999999999996,2818,2375,5193,0.0,0.0016842105263157896,0.0007702676680146351,,-0.02726096842105262,,
2022,Yasir Durant,59878,NO,T,T,1,2,0,2,60.0,,59.7,0,0,0,0,100.0,,,0,0,54.75,55.05,,4.650000000000006,2965,2383,5349,0.0,0.000839278220730172,0.0003739016638624042,,0.007945782626940841,,
2022,Tremayne Anchrum Jr.,41813,LA,G,G,1,2,1,1,60.0,68.6,60.0,0,0,0,0,100.0,100.0,100.0,0,0,48.5,53.4,20.099999999999994,6.600000000000001,3160,1960,5121,0.00031645569620253165,0.0005102040816326531,0.0003905487209529389,0.013484810126582274,0.006855918367346941,0.020340728493929216,0.0006639442389698857
2022,Fred Johnson,46951,TB,T,T,2,2,1,1,60.0,66.4,63.1,0,0,0,0,100.0,100.0,100.0,0,0,54.75,55.05,11.650000000000006,8.050000000000004,4489,2039,6528,0.00022276676319893073,0.0004904364884747426,0.00030637254901960784,0.005501893517487194,0.008038155958803339,0.013540049476290533,0.00044196243255660073
2022,Jackson Barton,46978,LV,T,T,1,1,1,0,60.0,60.9,,0,0,0,0,100.0,100.0,100.0,0,0,54.75,55.05,6.149999999999999,,3410,2122,5532,0.0002932551319648094,0.0,0.00018076644974692697,0.0038234604105571836,,,
2022,Zach Thomas,43641,LA,G,G,1,1,0,1,60.0,,60.0,0,0,0,0,100.0,,,0,0,48.5,53.4,,6.600000000000001,3160,1960,5121,0.0,0.0005102040816326531,0.00019527436047646945,,0.006855918367346941,,
2022,Larnel Coleman,44146,CAR,T,T,1,1,1,0,60.0,70.0,,0,0,0,0,100.0,100.0,100.0,0,0,54.75,55.05,15.25,,2771,2406,5186,0.00036088054853843375,0.0,0.0001928268414963363,0.011667268134247562,,,
2022,Matt Waletzko,87430,DAL,T,T,1,1,0,1,60.0,,60.0,0,0,0,0,100.0,,,0,0,54.75,55.05,,4.950000000000003,3573,2921,6497,0.0,0.00034234851078397807,0.00015391719255040788,,0.00345025676138309,,
2022,Justin Murray,11022,BUF,T,T,1,1,0,1,60.0,,63.6,0,0,0,0,100.0,,,0,0,54.75,55.05,,8.550000000000004,4010,2156,6172,0.0,0.00046382189239332097,0.00016202203499675956,,0.008074118738404457,,
2022,Joe Haeg,10789,CLE,T,T,1,1,1,0,60.0,62.1,,0,0,0,0,100.0,100.0,100.0,0,0,54.75,55.05,7.350000000000001,,3364,2644,6011,0.00029726516052318666,0.0,0.00016636167027116953,0.004631985731272294,,,
2022,Wes Martin,46087,WAS,G,G,1,1,1,0,60.0,70.0,,0,0,0,0,100.0,100.0,100.0,0,0,48.5,53.4,21.5,,3345,2602,5947,0.00029895366218236175,0.0,0.00016815200941651252,0.013626307922272048,,,
2023,Creed Humphrey,59996,KC,C,C,21,1380,923,457,81.4,74.3,84.1,18,4,4,10,100.0,100.0,98.7,6,0,53.45,55.375,20.849999999999994,28.724999999999994,4716,2382,7099,0.1957167090754877,0.19185558354324098,0.19439357656007888,8.651069974554705,11.220501133501259,19.871571108055964,0.6486304146093823
2023,Penei Sewell,81788,DET,T,T,20,1379,794,583,93.0,79.2,95.1,25,1,6,18,99.9,99.7,98.3,6,0,54.75,55.05,24.450000000000003,40.05,3998,2955,6967,0.19859929964982492,0.1972927241962775,0.19793311324816995,10.294196098049026,16.087603857868018,26.381799955917046,0.8611316010444193
2023,Trey Smith,62960,KC,G,G,21,1374,912,462,74.6,68.1,76.2,43,2,5,36,100.0,100.0,97.4,11,2,48.5,53.4,19.599999999999994,22.800000000000004,4716,2382,7099,0.19338422391857507,0.19395465994962216,0.1935483870967742,8.035501272264629,9.003530478589422,17.03903175085405,0.5561731465016565
2023,Jawaan Taylor,41665,KC,T,T,21,1364,909,454,49.8,64.6,42.6,59,5,12,42,99.9,99.9,96.2,24,3,54.75,55.05,9.849999999999994,-12.449999999999996,4716,2382,7099,0.19274809160305342,0.19059613769941225,0.19213973799126638,4.024965648854959,-4.83126901763224,-0.8063033687772814,-0.026318648160583925
2023,O'Cyrus Torrence,102821,BUF,G,G,19,1307,775,532,54.9,48.2,58.1,46,3,4,39,100.0,100.0,96.6,6,1,48.5,53.4,-0.29999999999999716,4.700000000000003,3909,2788,6700,0.19826042466103863,0.1908177905308465,0.19507462686567165,-0.12609363008441937,1.8259736011477774,1.699879971063358,0.05548599274921034
2023,Spencer Brown,42296,BUF,T,T,19,1304,774,530,70.1,66.5,73.3,42,5,5,32,100.0,100.0,96.8,9,1,54.75,55.05,11.75,18.25,3909,2788,6700,0.19800460475825019,0.19010043041606886,0.19462686567164178,4.9322947045280126,7.06356169296987,11.995856397497882,0.3915582349474765
2023,Connor McGovern,41714,BUF,G,G,19,1278,774,504,55.4,73.8,44.5,28,2,4,22,100.0,100.0,97.9,4,1,48.5,53.4,25.299999999999997,-8.899999999999999,3909,2788,6700,0.19800460475825019,0.18077474892395984,0.19074626865671643,10.620174980813506,-3.2757107604017213,7.344464220411784,0.23973156659154146
2023,Terence Steele,39461,DAL,T,T,18,1273,809,464,52.3,48.9,56.5,56,8,14,34,100.0,100.0,95.8,7,1,54.75,55.05,-5.850000000000001,1.4500000000000028,4069,2342,6411,0.19882034898009338,0.1981212638770282,0.19856496646389019,-2.4657699680511187,0.5848935952177637,-1.880876372833355,-0.06139391872469022
2023,Mitch Morse,9482,BUF,C,C,19,1272,773,499,63.9,72.5,61.5,30,1,2,27,100.0,100.0,97.9,5,1,53.45,55.375,19.049999999999997,6.125,3909,2788,6700,0.19774878485546177,0.17898134863701579,0.18985074626865672,7.9862824251726785,2.231986908177906,10.218269333350584,0.33353579534506833
2023,Dion Dawkins,11818,BUF,T,T,19,1264,769,495,74.9,77.4,66.9,37,2,7,28,100.0,100.0,97.3,9,3,54.75,55.05,22.650000000000006,11.850000000000009,3909,2788,6700,0.196725505244308,0.17754662840746055,0.18865671641791046,9.446365310821184,4.28359648493544,13.729961795756624,0.4481613841062737
2023,Graham Glasgow,10729,DET,G,G,19,1262,735,527,74.9,54.8,82.1,46,3,8,35,100.0,100.0,96.5,5,0,48.5,53.4,6.299999999999997,28.699999999999996,3998,2955,6967,0.18384192096048024,0.17834179357021995,0.18113965838955073,2.4553926963481727,10.421081692047375,12.876474388395547,0.42030259589621244
2023,Wyatt Teller,46131,CLE,G,G,17,1254,759,495,72.8,67.3,74.0,31,7,4,20,100.0,100.0,97.3,6,2,48.5,53.4,18.799999999999997,20.6,4016,2738,6761,0.18899402390438247,0.18078889700511322,0.18547552137257803,7.532545816733067,7.582575602629657,15.115121419362723,0.49337455100053923
2023,Colton McKivitz,29314,SF,T,T,20,1245,696,549,65.2,58.3,66.3,59,9,6,44,100.0,100.0,94.8,2,1,54.75,55.05,3.549999999999997,11.25,3677,2890,6567,0.18928474299700843,0.18996539792387543,0.189584285061672,1.4245569757954841,4.351157439446367,5.775714415241851,0.18852580983417822
2023,John Simpson,41715,BAL,G,G,19,1242,720,522,56.3,59.2,57.2,31,1,7,23,100.0,100.0,97.6,13,1,48.5,53.4,10.700000000000003,3.8000000000000043,3616,2662,6278,0.19911504424778761,0.1960931630353118,0.19783370500159286,4.516725663716815,1.517133583771602,6.033859247488417,0.1969519472874709
2023,Taylor Decker,10650,DET,T,T,18,1243,719,523,81.1,79.4,73.9,44,8,9,27,99.9,99.9,96.2,8,0,54.75,55.05,24.650000000000006,18.85000000000001,3998,2955,6967,0.17983991995998,0.1769881556683587,0.17841251614755274,9.398074537268638,6.7925576311336755,16.190632168402313,0.5284804306148383
2023,Cody Mauch,66637,TB,G,G,19,1236,779,457,43.9,52.1,37.6,57,8,7,42,100.0,100.0,95.5,5,1,48.5,53.4,3.6000000000000014,-15.799999999999997,3897,2309,6207,0.19989735694123684,0.19792117799913383,0.19913001449975834,1.5256166281755201,-6.366886790818534,-4.841270162643014,-0.1580244992082247
2023,Robert Hainsey,59980,TB,C,C,19,1236,779,457,50.2,57.3,50.3,33,5,2,26,100.0,100.0,97.4,9,1,53.45,55.375,3.8499999999999943,-5.075000000000003,3897,2309,6207,0.19989735694123684,0.19792117799913383,0.19913001449975834,1.6315622273543728,-2.0450601559116515,-0.4134979285572786,-0.013497037118091621
2023,Luke Goedeke,77548,TB,T,T,19,1236,779,457,73.4,72.5,70.0,44,6,5,33,100.0,100.0,96.6,12,3,54.75,55.05,17.75,14.950000000000003,3897,2309,6207,0.19989735694123684,0.19792117799913383,0.19913001449975834,7.522137541698741,6.024364400173236,13.546501941871977,0.4421730482850998
2023,Tristan Wirfs,64818,TB,T,T,19,1233,777,456,83.1,85.5,73.8,24,5,6,13,100.0,100.0,98.0,6,0,54.75,55.05,30.75,18.75,3897,2309,6207,0.1993841416474211,0.1974880900822867,0.1986466892218463,12.997852193995381,7.539107838891295,20.536960032886675,0.6703494569459225
2023,Jake Brendel,11117,SF,C,C,20,1229,694,535,66.3,45.3,72.6,33,2,5,26,100.0,100.0,97.3,1,0,53.45,55.375,-8.150000000000006,17.224999999999994,3677,2890,6567,0.18874082132172967,0.185121107266436,0.18714786051469467,-3.2610639107968478,6.492215743944635,3.231151833147787,0.10546842732283332
2023,Shaq Mason,9564,HOU,G,G,19,1221,767,454,65.6,64.7,65.8,36,3,1,32,100.0,100.0,97.3,8,0,48.5,53.4,16.200000000000003,12.399999999999999,3805,2281,6087,0.20157687253613665,0.19903551074090312,0.20059142434696894,6.922956110381079,5.024930118369135,11.947886228750214,0.3899924347259194
2023,Joe Thuney,10712,KC,G,G,19,1212,809,403,74.9,84.5,65.8,35,2,6,27,100.0,100.0,97.6,2,0,48.5,53.4,36.0,12.399999999999999,4716,2382,7099,0.1715436810856658,0.16918555835432408,0.17072827158754755,13.092213740458014,4.271326280436607,17.36354002089462,0.5667654611503586
2023,Josh Myers,59992,GB,C,C,19,1212,724,488,54.7,55.7,53.2,28,5,3,20,100.0,100.0,97.6,6,2,53.45,55.375,2.25,-2.174999999999997,3646,2459,6105,0.19857377948436644,0.19845465636437576,0.19852579852579852,0.9471969281404279,-0.878816754778364,0.06838017336206392,0.002232005710958406
2023,Steve Avila,77319,LA,G,G,18,1205,726,479,60.5,65.0,56.0,34,2,7,25,100.0,100.0,97.3,2,0,48.5,53.4,16.5,2.6000000000000014,3630,2395,6025,0.2,0.2,0.2,6.9959999999999996,1.0587200000000005,8.05472,0.26291511349318775
2023,Jordan Mailata,66916,PHI,T,T,18,1206,719,483,84.8,84.5,83.9,46,3,2,41,99.7,99.4,96.4,9,1,54.75,55.05,29.75,28.85000000000001,3611,2421,6036,0.199113818886735,0.19950433705080545,0.19980119284294234,12.558108557186376,11.718605452292444,24.27671400947882,0.7924192298483107
2023,Frank Ragnow,39137,DET,C,C,18,1190,697,493,88.8,70.3,91.3,23,1,6,16,100.0,100.0,98.2,4,0,53.45,55.375,16.849999999999994,35.925,3998,2955,6967,0.17433716858429216,0.16683587140439932,0.17080522463040046,6.227672336168082,12.2029261928934,18.430598529061484,0.6015954501231053
2023,Coleman Shelton,39316,LA,C,C,18,1171,712,459,66.1,49.2,74.6,36,2,12,22,100.0,100.0,97.1,6,1,53.45,55.375,-4.25,19.224999999999994,3630,2395,6025,0.19614325068870522,0.1916492693110647,0.19435684647302903,-1.767250688705234,7.501554864300624,5.73430417559539,0.18717413307118339
2023,Jason Kelce,6343,PHI,C,C,18,1165,698,467,78.6,68.5,84.3,15,1,1,13,100.0,100.0,98.8,6,0,53.45,55.375,15.049999999999997,28.924999999999997,3611,2421,6036,0.19329825533093326,0.1928954977282115,0.19300861497680583,6.167374134588755,11.35986662536142,17.527240759950175,0.572108837256258
2023,Luke Fortner,42028,JAX,C,C,17,1163,749,414,44.3,54.9,40.0,28,4,3,21,100.0,100.0,97.7,5,0,53.45,55.375,1.4499999999999957,-15.375,3886,2132,6020,0.19274318064848173,0.19418386491557224,0.19318936877076412,0.5924925373134311,-6.078634615384615,-5.486142078071184,-0.17907384329881587
2023,Zach Tom,55443,GB,T,T,19,1162,700,462,79.1,72.3,81.2,37,2,2,33,100.0,100.0,97.1,4,1,54.75,55.05,17.549999999999997,26.150000000000006,3646,2459,6105,0.19199122325836535,0.1878812525416836,0.19033579033579034,7.143225452550739,10.003060919072796,17.146286371623535,0.5596740578669526
2023,Rashawn Slater,59971,LAC,T,T,17,1154,762,392,76.6,84.7,59.5,38,3,7,28,100.0,100.0,97.1,8,1,54.75,55.05,29.950000000000003,4.450000000000003,3812,1984,5798,0.19989506820566633,0.1975806451612903,0.19903414970679545,12.692137460650578,1.7901201612903235,14.482257621940901,0.4727171653775892
2023,Erik McCoy,37347,NO,C,C,17,1152,675,477,79.4,59.3,89.4,26,4,2,20,100.0,100.0,97.7,8,1,53.45,55.375,5.849999999999994,34.025000000000006,3420,2489,5911,0.19736842105263158,0.19164323021293692,0.19489088140754526,2.4477631578947343,13.276065608678186,15.72382876657292,0.5132434429391672
2023,Ikem Ekwonu,98286,CAR,T,T,17,1148,730,418,67.4,62.3,77.0,44,11,9,24,100.0,100.0,96.0,12,2,54.75,55.05,7.549999999999997,21.950000000000003,3296,1944,5240,0.22148058252427186,0.21502057613168724,0.21908396946564884,3.545018203883494,9.609312551440329,13.154330755323823,0.42937213999529383
2023,Bradley Bozeman,27934,CAR,C,C,17,1148,730,418,62.2,48.9,67.5,32,8,5,19,100.0,100.0,97.1,5,0,53.45,55.375,-4.550000000000004,12.125,3296,1944,5240,0.22148058252427186,0.21502057613168724,0.21908396946564884,-2.136401699029128,5.308105452674897,3.171703753645769,0.10352797519423976
2023,Taylor Moton,11819,CAR,T,T,17,1148,730,418,74.6,78.1,65.6,41,1,0,40,100.0,100.0,96.9,4,0,54.75,55.05,23.349999999999994,10.549999999999997,3296,1944,5240,0.22148058252427186,0.21502057613168724,0.21908396946564884,10.963731796116504,4.618598971193414,15.582330767309918,0.5086247892137378
2023,Jamaree Salyer,81656,LAC,G,G,17,1144,754,390,54.2,61.2,49.4,41,8,8,25,100.0,100.0,96.6,3,0,48.5,53.4,12.700000000000003,-4.0,3812,1984,5798,0.19779643231899266,0.19657258064516128,0.19730941704035873,5.325471143756559,-1.6008870967741935,3.7245840469823657,0.12157460935045354
2023,Quenton Nelson,12954,IND,G,G,17,1141,686,455,70.8,80.3,63.4,21,1,3,17,100.0,100.0,98.3,6,0,48.5,53.4,31.799999999999997,10.0,3438,2310,5748,0.1995346131471786,0.19696969696969696,0.19850382741823244,13.451825479930193,4.01030303030303,17.46212851023322,0.5699835002458927
2023,Mason Cole,45547,PIT,C,C,18,1135,649,486,53.2,32.4,63.3,37,2,6,29,100.0,100.0,96.8,4,0,53.45,55.375,-21.050000000000004,7.924999999999997,3249,2442,5691,0.1997537703908895,0.19901719901719903,0.19943770866280092,-8.914211757463836,3.21120221130221,-5.703009546161626,-0.18615264119445704
2023,Paris Johnson Jr.,129749,ARI,T,T,17,1130,685,445,60.1,64.2,55.1,42,8,8,26,100.0,100.0,96.1,11,4,54.75,55.05,9.450000000000003,0.05000000000000426,3427,2229,5656,0.19988327983659177,0.19964109466128308,0.19978783592644977,4.004461628246281,0.020323463436520348,4.024785091682801,0.13137350884518317
2023,Matthew Bergeron,99658,ATL,G,G,17,1127,632,495,59.1,57.1,59.6,33,6,8,19,100.0,100.0,96.7,4,0,48.5,53.4,8.600000000000001,6.200000000000003,3165,2480,5647,0.19968404423380726,0.19959677419354838,0.19957499557287056,3.6406394944707743,2.519550000000001,6.160189494470775,0.20107550853143583
2023,Darnell Wright,98480,CHI,T,T,17,1127,646,481,62.4,61.4,66.0,51,7,3,41,100.0,100.0,95.3,11,1,54.75,55.05,6.649999999999999,10.950000000000003,3230,2433,5663,0.2,0.197698314837649,0.19901112484548825,2.8195999999999994,4.407525770653515,7.227125770653514,0.2359015077148443
2023,Will Fries,41530,IND,G,G,17,1125,677,448,61.2,65.4,59.7,30,4,4,22,100.0,100.0,97.3,9,1,48.5,53.4,16.900000000000006,6.300000000000004,3438,2310,5748,0.19691681210005818,0.19393939393939394,0.19572025052192066,7.055135543920886,2.48762181818182,9.542757362102705,0.31148632539618826
2023,Tyler Biadasz,41178,DAL,C,C,17,1123,728,395,69.2,64.6,68.3,27,3,4,20,100.0,100.0,97.8,4,1,53.45,55.375,11.149999999999991,12.924999999999997,4069,2342,6411,0.17891373801916932,0.1686592655849701,0.17516768054905632,4.229162939297121,4.438319171648162,8.667482110945283,0.2829163574772746
2023,Hjalte Froholdt,44959,ARI,C,C,17,1123,679,444,64.1,61.1,67.4,23,3,4,16,100.0,100.0,97.9,8,0,53.45,55.375,7.649999999999999,12.025000000000006,3427,2229,5656,0.19813247738546835,0.19919246298788695,0.19855021216407356,3.213312518237525,4.87680915208614,8.090121670323665,0.26407066380046035
2023,Trey Pipkins III,91462,LAC,T,T,17,1116,736,379,62.8,67.3,50.3,49,9,8,32,99.9,99.9,95.8,7,2,54.75,55.05,12.549999999999997,-4.75,3812,1984,5798,0.1930745015739769,0.19102822580645162,0.19248016557433598,5.136940188877228,-1.8474339717741934,3.2895062171030345,0.10737317999957677
2023,Anton Harrison,122929,JAX,T,T,17,1112,701,411,53.0,60.7,45.8,27,5,2,20,100.0,100.0,97.6,7,1,54.75,55.05,5.950000000000003,-9.25,3886,2132,6020,0.18039114770972722,0.19277673545966229,0.18471760797342193,2.2754539372105005,-3.63056425891182,-1.3551103217013196,-0.04423232390770786
2023,Will Hernandez,46180,ARI,G,G,17,1109,671,438,66.2,70.2,60.6,29,4,6,19,100.0,100.0,97.3,1,0,48.5,53.4,21.700000000000003,7.200000000000003,3427,2229,5656,0.19579807411730377,0.19650067294751009,0.1960749646393211,9.007494601692443,2.880542664872141,11.888037266564584,0.388038897335981
2023,Joel Bitonio,8670,CLE,G,G,16,1107,665,442,67.9,71.0,60.9,35,3,4,28,100.0,100.0,97.0,4,1,48.5,53.4,22.5,7.5,4016,2738,6761,0.16558764940239043,0.16143170197224252,0.1637331755657447,7.898530876494023,2.465062089116143,10.363592965610167,0.3382793220311319
2023,Isaac Seumalo,10713,PIT,G,G,18,1104,631,473,73.9,66.4,73.1,28,0,5,23,100.0,100.0,97.6,1,0,48.5,53.4,17.900000000000006,19.699999999999996,3249,2442,5691,0.19421360418590336,0.19369369369369369,0.19399051133368478,7.370017851646662,7.768899099099096,15.13891695074576,0.4941512638886597
2023,Sam Cosmi,60114,WAS,G,G,17,1103,777,326,80.6,74.0,80.9,31,1,4,26,100.0,100.0,97.8,4,0,48.5,53.4,25.5,27.500000000000007,3906,1640,5546,0.1989247311827957,0.19878048780487806,0.19888207717273712,10.753870967741934,11.129719512195125,21.88359047993706,0.7143049882144996
2023,Landon Dickerson,41712,PHI,G,G,17,1102,668,434,69.4,76.9,66.9,38,5,5,28,100.0,100.0,96.6,9,2,48.5,53.4,28.400000000000006,13.500000000000007,3611,2421,6036,0.18499030739407366,0.17926476662536142,0.182571239231279,11.137896427582389,4.927271375464687,16.065167803047075,0.5243851327203463
2023,Kevin Zeitler,7032,BAL,G,G,17,1101,650,451,71.6,82.3,62.4,21,3,1,17,100.0,100.0,98.0,4,1,48.5,53.4,33.8,9.0,3616,2662,6278,0.17975663716814158,0.16942148760330578,0.175374323032813,12.880641592920352,3.1044793388429754,15.985120931763326,0.5217723128770319
2023,Laken Tomlinson,9461,NYJ,G,G,17,1099,733,366,55.0,60.6,49.6,51,7,10,34,100.0,100.0,95.8,3,0,48.5,53.4,12.100000000000001,-3.799999999999997,3697,1860,5558,0.19826886664863402,0.1967741935483871,0.1977329974811083,5.0859929672707604,-1.5224025806451602,3.5635903866256005,0.11631959533576618
2023,Jonah Williams,41651,CIN,T,T,17,1087,730,357,58.5,57.9,54.0,41,8,10,23,100.0,100.0,96.5,5,2,54.75,55.05,3.1499999999999986,-1.0499999999999972,3656,1818,5476,0.19967177242888404,0.19636963696369636,0.1985025566106647,1.333408096280087,-0.41979900990098895,0.913609086379098,0.029821227383915034
2023,Cordell Volson,30614,CIN,G,G,17,1087,730,357,58.3,46.7,64.0,38,5,6,27,100.0,100.0,96.9,3,1,48.5,53.4,-1.7999999999999972,10.600000000000001,3656,1818,5476,0.19967177242888404,0.19636963696369636,0.1985025566106647,-0.7619474835886203,4.23797095709571,3.4760234735070896,0.1134613128751963
2023,Brandon Scherff,9438,JAX,G,G,17,1079,710,369,67.3,78.7,61.1,15,2,2,11,100.0,100.0,98.7,5,0,48.5,53.4,30.200000000000003,7.700000000000003,3886,2132,6020,0.18270715388574368,0.17307692307692307,0.1792358803986711,11.697642820380853,2.7133615384615393,14.411004358842392,0.47039137878857007
2023,Ted Karras,10855,CIN,C,C,17,1075,725,350,67.4,69.6,64.2,21,6,3,12,100.0,100.0,98.0,1,0,53.45,55.375,16.14999999999999,8.825000000000003,3656,1818,5476,0.19830415754923414,0.1925192519251925,0.19631117604090578,6.789537746170674,3.4591281628162824,10.248665908986956,0.3345279737365259
2023,Garett Bolles,11775,DEN,T,T,17,1073,649,424,75.9,83.8,64.3,32,3,2,27,100.0,100.0,97.1,8,0,54.75,55.05,29.049999999999997,9.25,3258,2178,5438,0.19920196439533455,0.19467401285583102,0.19731518940787054,12.268052179251072,3.666295684113866,15.934347863364938,0.5201150228606986
2023,Lloyd Cushenberry III,41924,DEN,C,C,17,1070,647,423,73.2,76.4,72.4,14,1,4,9,100.0,100.0,98.8,5,0,53.45,55.375,22.950000000000003,17.025000000000006,3258,2178,5438,0.19858809085328422,0.19421487603305784,0.19676351599852887,9.66210497237569,6.732050826446282,16.394155798821973,0.535123670651777
2023,Ethan Pocic,11813,CLE,C,C,16,1070,635,435,70.7,72.9,68.0,19,1,2,16,100.0,100.0,98.3,6,1,53.45,55.375,19.450000000000003,12.625,4016,2738,6761,0.15811752988047809,0.15887509130752375,0.15826061233545333,6.519818227091633,4.0838047845142444,10.603623011605878,0.3461141725020034
2023,Ben Powers,41482,DEN,G,G,17,1068,649,419,61.5,62.1,59.7,31,4,2,25,100.0,100.0,97.1,3,0,48.5,53.4,13.600000000000001,6.300000000000004,3258,2178,5438,0.19920196439533455,0.19237832874196512,0.19639573372563443,5.743391037446286,2.46759834710744,8.210989384553725,0.2680159218360542
2023,Chris Lindstrom,46692,ATL,G,G,16,1066,606,460,87.6,78.6,87.5,15,3,2,10,100.0,100.0,98.4,7,2,48.5,53.4,30.099999999999994,34.1,3165,2480,5647,0.19146919431279621,0.18548387096774194,0.18877279971666372,12.218032227488148,12.877699999999999,25.09573222748815,0.8191529049780373
2023,Alex Cappa,66578,CIN,G,G,17,1066,716,350,64.9,58.6,67.3,35,4,7,24,100.0,100.0,97.1,4,0,48.5,53.4,10.100000000000001,13.899999999999999,3656,1818,5476,0.19584245076586435,0.1925192519251925,0.19466764061358657,4.193378555798688,5.448371837183718,9.641750392982406,0.31471756918228777
2023,Jake Matthews,8641,ATL,T,T,17,1061,596,465,71.2,80.1,60.2,27,5,5,17,100.0,100.0,97.2,6,1,54.75,55.05,25.349999999999994,5.150000000000006,3165,2480,5647,0.1883096366508689,0.1875,0.1878873738268107,10.120136492890992,1.966012500000002,12.086148992890994,0.39450548674088143
2023,Orlando Brown Jr.,46227,CIN,T,T,17,1058,714,344,66.1,66.6,57.1,59,7,7,45,100.0,100.0,95.1,3,0,54.75,55.05,11.849999999999994,2.0500000000000043,3656,1818,5476,0.19529540481400437,0.18921892189218922,0.19320672023374727,4.906211159737415,0.789761936193621,5.695973095931036,0.18592296355066995
2023,Cesar Ruiz,59857,NO,G,G,16,1050,603,447,51.2,58.3,46.3,27,5,2,20,100.0,100.0,97.3,2,0,48.5,53.4,9.799999999999997,-7.100000000000001,3420,2489,5911,0.1763157894736842,0.17959019686621133,0.17763491794958552,3.6631368421052617,-2.596084049819205,1.0670527922860567,0.03482980239997312
2023,Austin Jackson,60816,MIA,T,T,17,1050,639,411,66.9,62.3,69.5,26,5,4,17,100.0,100.0,97.5,9,2,54.75,55.05,7.549999999999997,14.450000000000003,3455,2340,5795,0.18494934876989869,0.17564102564102563,0.181190681622088,2.960299276410997,5.167394102564103,8.1276933789751,0.26529704659765563
2023,David Andrews,9948,NE,C,C,17,1050,649,401,71.2,51.2,78.0,30,6,2,22,100.0,100.0,97.1,1,1,53.45,55.375,-2.25,22.625,3245,2005,5250,0.2,0.2,0.2,-0.954,9.212900000000001,8.2589,0.26957977817092194
2023,Aaron Brewer,46014,TEN,C,C,17,1050,622,428,71.6,52.5,78.7,34,6,7,21,100.0,100.0,96.5,5,0,53.45,55.375,-0.9500000000000028,23.325000000000003,3477,2335,5818,0.17888984756974402,0.18329764453961456,0.18047438982468203,-0.3602841530054655,8.704750149892934,8.344465996887468,0.2723727484768825
2023,Tyler Linderbaum,82291,BAL,C,C,17,1043,610,433,78.5,78.3,78.6,18,0,3,15,100.0,100.0,98.4,5,0,53.45,55.375,24.849999999999994,23.224999999999994,3616,2662,6278,0.16869469026548672,0.1626596543951916,0.16613571201019434,8.88717367256637,7.691540683696466,16.578714356262836,0.5411478693918578
2023,Aaron Banks,59983,SF,G,G,17,1042,597,445,52.8,50.2,55.8,36,0,8,28,100.0,100.0,96.8,8,2,48.5,53.4,1.7000000000000028,2.3999999999999986,3677,2890,6567,0.1623606200707098,0.15397923875432526,0.15867214862189735,0.5851476747348391,0.7524041522491344,1.3375518269839735,0.04365919490615589
2023,Dylan Parham,60953,LV,G,G,17,1042,633,409,60.4,61.8,57.6,26,1,5,20,100.0,100.0,97.8,5,0,48.5,53.4,13.299999999999997,4.200000000000003,3200,2101,5301,0.1978125,0.19466920514040933,0.19656668553103188,5.577521249999998,1.6646553069966692,7.242176556996668,0.23639278229665123
2023,Lane Johnson,7786,PHI,T,T,17,1038,616,422,80.1,80.0,75.8,35,3,2,30,100.0,100.0,96.8,4,0,54.75,55.05,25.25,20.75,3611,2421,6036,0.17058986430351702,0.17430813713341595,0.17196819085487078,9.131675436167265,7.363995869475423,16.495671305642688,0.5384372508875997
2023,Quinn Meinerz,112915,DEN,G,G,17,1038,634,404,83.7,67.8,88.7,23,2,5,16,100.0,100.0,97.9,4,0,48.5,53.4,19.299999999999997,35.300000000000004,3258,2178,5438,0.19459791282995703,0.1854912764003673,0.19087899963221772,7.9621682013505195,13.33140642791552,21.29357462926604,0.6950462077302679
2023,Donovan Smith,9467,KC,T,T,16,1037,688,349,57.8,62.2,48.0,53,3,9,41,100.0,100.0,95.6,10,4,54.75,55.05,7.450000000000003,-7.049999999999997,4716,2382,7099,0.1458863443596268,0.14651553316540722,0.14607691224116073,2.3041289228159467,-2.1030546599496214,0.20107426286632535,0.00656328992715563
2023,Tyler Smith,98385,DAL,G,G,15,1037,682,355,74.4,70.2,80.7,17,1,2,14,100.0,100.0,98.6,13,3,48.5,53.4,21.700000000000003,27.300000000000004,4069,2342,6411,0.16760874907839765,0.1515798462852263,0.16175323662455154,7.710672892602607,8.425232280102477,16.135905172705083,0.5266940799676553
2023,Alaric Jackson,40972,LA,T,T,16,1026,611,415,66.6,68.3,59.5,41,1,7,33,100.0,100.0,96.3,3,0,54.75,55.05,13.549999999999997,4.450000000000003,3630,2395,6025,0.16831955922865013,0.1732776617954071,0.17029045643153526,4.835147658402203,1.5699302713987484,6.405077929800951,0.20906894229052395
2023,Greg Van Roten,7746,LV,G,G,17,1025,626,399,75.3,77.4,68.5,21,5,3,13,100.0,100.0,97.8,0,0,48.5,53.4,28.900000000000006,15.100000000000001,3200,2101,5301,0.195625,0.18990956687291766,0.19335974344463308,11.9855525,5.838503760114232,17.824056260114233,0.5817972287723095
2023,Elgton Jenkins,46298,GB,G,G,17,1019,605,414,64.5,78.3,56.4,28,0,7,21,100.0,100.0,97.6,4,1,48.5,53.4,29.799999999999997,3.0,3646,2459,6105,0.16593527153044432,0.16836112240748272,0.1669123669123669,10.483126714207348,1.0283497356649043,11.511476449872251,0.3757475290627509
2023,Dan Moore Jr.,60120,PIT,T,T,17,1017,580,437,54.4,42.1,60.5,56,8,8,40,100.0,100.0,94.1,3,1,54.75,55.05,-12.649999999999999,5.450000000000003,3249,2442,5691,0.17851646660510925,0.17895167895167896,0.1787032156035846,-4.78745460141582,1.985683619983621,-2.801770981432199,-0.0914529537420502
2023,Ben Bredeson,27305,NYG,G,G,16,1014,641,373,42.5,42.4,41.9,39,5,1,33,100.0,100.0,96.4,6,2,48.5,53.4,-6.100000000000001,-11.5,3551,2023,5575,0.18051253168121656,0.18437963420662382,0.18188340807174888,-2.3343880597014928,-4.31706475531389,-6.651452815015382,-0.21711089544445397
2023,Trent Williams,5529,SF,T,T,18,1013,561,452,92.6,84.3,92.6,20,0,4,16,100.0,100.0,98.1,11,2,54.75,55.05,29.549999999999997,37.55,3677,2890,6567,0.15257002991569213,0.156401384083045,0.154256129130501,9.557902094098447,11.957167335640138,21.515069429738585,0.702276046955516
2023,Bernhard Raimann,77948,IND,T,T,15,1012,620,392,82.7,81.3,74.6,34,4,5,25,100.0,100.0,96.8,6,2,54.75,55.05,26.549999999999997,19.549999999999997,3438,2310,5748,0.18033740546829552,0.1696969696969697,0.17606123869171886,10.15047120418848,6.754584242424241,16.90505544661272,0.5518000093553612
2023,James Daniels,45576,PIT,G,G,16,1010,576,434,61.1,60.5,58.6,24,1,7,16,100.0,100.0,97.7,3,1,48.5,53.4,12.0,5.200000000000003,3249,2442,5691,0.1772853185595568,0.17772317772317772,0.1774732033034616,4.510138504155124,1.881590827190828,6.391729331345952,0.20863322903447395
2023,Jon Runyan,36661,GB,G,G,19,1009,605,404,56.5,62.4,53.2,22,2,6,14,100.0,100.0,97.9,6,1,48.5,53.4,13.899999999999999,-0.19999999999999574,3646,2459,6105,0.16593527153044432,0.1642944286295242,0.1652743652743653,4.889780581459132,-0.06690069133794083,4.822879890121191,0.15742422004430023
2023,Zion Johnson,99681,LAC,G,G,15,1006,661,345,57.6,58.8,57.2,33,4,7,22,100.0,100.0,97.0,6,0,48.5,53.4,10.299999999999997,3.8000000000000043,3812,1984,5798,0.17339979013641132,0.17389112903225806,0.17350810624353225,3.786357817418677,1.3453608870967757,5.131718704515452,0.16750506604981857
2023,George Fant,11282,HOU,T,T,17,1004,619,385,61.8,68.7,51.9,35,3,4,28,100.0,100.0,96.7,4,0,54.75,55.05,13.950000000000003,-3.1499999999999986,3805,2281,6087,0.16268068331143232,0.1687856203419553,0.16494167898800724,4.8111185282523,-1.0824896975010956,3.7286288307512043,0.1217066356385976
2023,Zack Martin,8651,DAL,G,G,16,1003,655,348,68.0,75.1,62.3,24,4,9,11,100.0,100.0,97.7,3,2,48.5,53.4,26.599999999999994,8.899999999999999,4069,2342,6411,0.16097321209142296,0.14859094790777114,0.1564498518171892,9.077601376259521,2.6925274124679754,11.770128788727497,0.38419023210213715
2023,Mekhi Becton,59818,NYJ,T,T,16,985,644,341,53.2,60.7,56.3,50,12,8,30,100.0,100.0,94.9,18,4,54.75,55.05,5.950000000000003,1.25,3697,1860,5558,0.17419529348120097,0.18333333333333332,0.17722202231018352,2.19729943197187,0.4665833333333333,2.6638827653052033,0.0869521273952123
2023,Christian Darrisaw,77373,MIN,T,T,15,982,650,332,82.4,85.3,73.9,31,6,13,12,100.0,100.0,97.0,7,2,54.75,55.05,30.549999999999997,18.85000000000001,3505,1728,5233,0.18544935805991442,0.19212962962962962,0.18765526466653926,12.010813124108415,7.373666203703707,19.384479327812123,0.632731191460172
2023,Andrew Wylie,12333,WAS,T,T,15,977,693,284,69.2,67.5,66.1,42,9,6,27,100.0,100.0,96.1,4,1,54.75,55.05,12.75,11.049999999999997,3906,1640,5546,0.1774193548387097,0.17317073170731706,0.17616300036062027,4.795645161290323,3.895960487804877,8.6916056490952,0.2837037768749126
2023,Rasheed Walker,81798,GB,T,T,19,974,577,397,66.3,74.7,56.3,36,6,4,26,100.0,100.0,96.1,10,3,54.75,55.05,19.950000000000003,1.25,3646,2459,6105,0.1582556226001097,0.16144774298495324,0.15954135954135953,6.69326330224904,0.410884505896706,7.104147808145746,0.23188736880375976
2023,Laremy Tunsil,10647,HOU,T,T,16,965,615,349,75.5,84.9,66.7,23,5,3,15,99.9,99.8,97.5,12,0,54.75,55.05,30.150000000000006,11.650000000000006,3805,2281,6087,0.1616294349540079,0.15300306882946077,0.1585345818958436,10.331030223390277,3.629140990793513,13.96017121418379,0.45567567825591254
2023,Andre James,47058,LV,C,C,16,963,583,380,74.6,71.2,75.0,19,4,4,11,100.0,100.0,97.9,3,0,53.45,55.375,17.75,19.625,3200,2101,5301,0.1821875,0.1808662541646835,0.18166383701188454,6.855715624999999,7.226782484531176,14.082498109531176,0.45966856560314834
2023,Ed Ingram,59819,MIN,G,G,15,958,640,318,59.5,60.9,59.1,42,5,15,22,100.0,100.0,96.1,7,1,48.5,53.4,12.399999999999999,5.700000000000003,3505,1728,5233,0.1825962910128388,0.1840277777777778,0.183068985285687,4.800091298145506,2.1356791666666677,6.935770464812173,0.22639134307819417
2023,Evan Brown,38709,SEA,C,C,16,955,630,325,55.5,59.1,57.2,27,3,3,21,100.0,100.0,97.4,7,2,53.45,55.375,5.649999999999999,1.8250000000000028,3416,1814,5230,0.18442622950819673,0.17916207276736493,0.1826003824091778,2.20905737704918,0.6657125137816988,2.874769890830879,0.0938357201882374
2023,Lucas Patrick,11435,CHI,C,C,16,953,563,390,50.5,40.6,61.6,28,0,3,25,100.0,100.0,97.4,11,1,53.45,55.375,-12.850000000000001,6.225000000000001,3230,2433,5663,0.17430340557275542,0.16029593094944514,0.16828536111601625,-4.748373374613004,2.0316066584463632,-2.7167667161666404,-0.08867831898755851
2023,Mike McGlinchey,46275,DEN,T,T,16,947,569,378,67.5,63.5,74.8,49,6,8,35,100.0,100.0,94.8,9,1,54.75,55.05,8.75,19.75,3258,2178,5438,0.17464702271332105,0.17355371900826447,0.17414490621552042,3.2397022713321055,6.9787685950413225,10.218470866373428,0.3335423736094367
2023,Tyron Smith,6161,DAL,T,T,14,942,610,332,83.7,89.3,68.4,21,3,1,17,100.0,100.0,97.9,3,0,54.75,55.05,34.55,13.350000000000009,4069,2342,6411,0.14991398377979848,0.14175918018787362,0.14693495554515676,10.98059965593512,3.85309957301452,14.833699228949639,0.48418861441528765
2023,Kevin Dotson,46735,LA,G,G,15,939,561,378,84.4,66.8,88.4,24,4,8,12,100.0,100.0,97.3,2,0,48.5,53.4,18.299999999999997,35.00000000000001,3630,2395,6025,0.15454545454545454,0.15782881002087681,0.155850622406639,5.995745454545453,11.246881002087685,17.24262645663314,0.5628187065182084
2023,Drew Dalman,52270,ATL,C,C,14,932,519,413,82.3,53.0,90.0,29,2,6,21,100.0,100.0,96.8,5,2,53.45,55.375,-0.45000000000000284,34.625,3165,2480,5647,0.16398104265402844,0.16653225806451613,0.1650433858686028,-0.1564379146919441,11.739941330645161,11.583503415953217,0.3780985701866816
2023,James Hurst,9001,NO,G,G,15,931,539,392,58.7,58.9,56.9,22,3,3,16,100.0,100.0,97.6,4,1,48.5,53.4,10.399999999999999,3.5,3420,2489,5911,0.15760233918128655,0.15749296906388108,0.15750296058196583,3.474816374269005,1.1222948975492164,4.597111271818221,0.15005487860172673
2023,Damien Lewis,81532,SEA,G,G,16,926,610,316,59.6,63.0,57.9,29,3,1,25,100.0,100.0,97.2,4,0,48.5,53.4,14.5,4.5,3416,1814,5230,0.17857142857142858,0.17420066152149946,0.17705544933078393,5.489285714285714,1.5960264608599781,7.085312175145692,0.23127255257328555
2023,D.J. Humphries,9457,ARI,T,T,15,922,568,354,62.1,67.7,56.5,28,4,5,19,100.0,100.0,97.0,10,1,54.75,55.05,12.950000000000003,1.4500000000000028,3427,2229,5656,0.16574263203968487,0.15881561238223418,0.163012729844413,4.55029822001751,0.46885545087483266,5.019153670892343,0.1638308168406115
2023,Rob Havenstein,9490,LA,T,T,15,914,557,357,79.8,66.9,85.6,26,2,3,21,100.0,100.0,97.3,4,1,54.75,55.05,12.150000000000006,30.549999999999997,3630,2395,6025,0.1534435261707989,0.14906054279749478,0.151701244813278,3.9523983471074398,9.271535949895615,13.223934297003055,0.43164407782306724
2023,Jermaine Eluemunor,11914,LV,T,T,17,905,552,353,68.7,64.7,71.5,28,6,6,16,100.0,100.0,96.8,5,1,54.75,55.05,9.950000000000003,16.450000000000003,3200,2101,5301,0.1725,0.16801523084245598,0.17072250518770044,3.6387150000000004,5.627199714421705,9.265914714421704,0.30244987023265624
2023,Morgan Moses,8701,BAL,T,T,16,901,524,377,80.4,77.0,80.3,26,6,0,20,100.0,100.0,96.7,6,2,54.75,55.05,22.25,25.25,3616,2662,6278,0.14491150442477876,0.1416228399699474,0.14351704364447276,6.835475663716815,7.280688580015026,14.116164243731841,0.4607674660607986
2023,Spencer Burford,81920,SF,G,G,16,900,490,410,50.3,26.7,62.9,37,5,4,28,100.0,100.0,95.4,9,1,48.5,53.4,-21.8,9.5,3677,2890,6567,0.13326081044329616,0.14186851211072665,0.13704888076747374,-6.158781615447375,2.744020761245675,-3.4147608542017003,-0.11146163212806091
2023,Brian O'Neill,46854,MIN,T,T,14,884,590,294,74.5,73.4,71.7,33,6,2,25,100.0,100.0,96.5,8,1,54.75,55.05,18.650000000000006,16.650000000000006,3505,1728,5233,0.16833095577746077,0.1701388888888889,0.16892795719472578,6.655469329529246,5.767606250000002,12.423075579529247,0.4055031492002678
2023,Ryan Kelly,10652,IND,C,C,14,882,534,348,77.2,78.3,75.2,7,1,0,6,100.0,100.0,99.2,3,0,53.45,55.375,24.849999999999994,19.825000000000003,3438,2310,5748,0.15532286212914484,0.15064935064935064,0.1534446764091858,8.182719022687607,6.0807651948051955,14.263484217492802,0.4655761555771538
2023,Jonah Jackson,37070,DET,G,G,14,881,480,401,61.0,60.7,60.3,27,2,8,17,100.0,100.0,96.8,5,2,48.5,53.4,12.200000000000003,6.899999999999999,3998,2955,6967,0.12006003001500751,0.13570219966159053,0.12645327974738052,3.1052326163081547,1.9063987817258878,5.011631398034043,0.16358528140024028
2023,Charles Leno Jr.,8880,WAS,T,T,13,880,631,249,72.5,77.8,62.0,34,3,5,26,100.0,100.0,96.9,10,1,54.75,55.05,23.049999999999997,6.950000000000003,3906,1640,5546,0.16154633896569381,0.15182926829268292,0.1586729174179589,7.894123399897593,2.1484145121951226,10.042537912092715,0.32779972425081155
2023,Liam Eichenberg,41851,MIA,C,C,17,876,526,350,45.2,43.2,49.1,24,5,3,16,100.0,100.0,97.1,7,2,53.45,55.375,-10.25,-6.274999999999999,3455,2340,5795,0.15224312590448624,0.14957264957264957,0.15116479723899914,-3.3082431259044855,-1.910925213675213,-5.219168339579698,-0.17035952042288852
2023,Garrett Bradbury,46013,MIN,C,C,14,874,578,296,60.9,56.8,65.5,22,3,5,14,100.0,100.0,97.7,5,1,53.45,55.375,3.3499999999999943,10.125,3505,1728,5233,0.16490727532097005,0.1712962962962963,0.16701700745270398,1.1711714693295272,3.5311875,4.702358969329527,0.15349028173629647
2023,Peter Skoronski,129737,TEN,G,G,14,863,521,342,61.6,63.5,58.6,32,5,7,20,100.0,100.0,96.2,1,0,48.5,53.4,15.0,5.200000000000003,3477,2335,5818,0.14984181765890134,0.14646680942184154,0.14833276039876245,4.764969801553062,1.5506734047109214,6.315643206263983,0.20614969239866504
2023,Joe Tippmann,101568,NYJ,C,C,14,852,578,274,61.0,52.7,67.4,20,3,2,15,100.0,100.0,97.9,8,3,53.45,55.375,-0.75,12.025000000000006,3697,1860,5558,0.1563429807952394,0.14731182795698924,0.15329255127743793,-0.24858533946443062,3.6066207526881735,3.358035413223743,0.10961004998086389
2023,Aaron Stinnie,28653,TB,G,G,14,851,535,316,56.5,53.7,58.9,32,3,2,27,100.0,100.0,96.5,4,0,48.5,53.4,5.200000000000003,5.5,3897,2309,6207,0.13728509109571466,0.1368557817236899,0.1371032705010472,1.513430844239159,1.5325110437418794,3.0459418879810385,0.09942296655528551
2023,Mike Onwenu,27357,NE,T,T,15,850,505,345,71.5,68.0,72.2,23,3,2,18,100.0,100.0,97.3,4,0,54.75,55.05,13.25,17.150000000000006,3245,2005,5250,0.15562403697996918,0.17206982543640897,0.1619047619047619,4.371479198767334,6.008230922693268,10.379710121460601,0.3388054041121483
2023,Kaleb McGary,46912,ATL,T,T,14,847,478,368,75.5,69.5,76.5,17,4,4,9,99.9,99.8,97.7,3,1,54.75,55.05,14.75,21.450000000000003,3165,2480,5647,0.15102685624012638,0.14838709677419354,0.14999114574110148,4.7226097946287515,6.480390967741936,11.203000762370689,0.36567853592712823
2023,Ronnie Stanley,10640,BAL,T,T,15,834,500,334,68.1,75.9,63.0,42,5,5,32,100.0,100.0,95.0,10,0,54.75,55.05,21.150000000000006,7.950000000000003,3616,2662,6278,0.13827433628318583,0.12546957175056347,0.1328448550493788,6.199944690265489,2.0308755822689712,8.23082027253446,0.2686632243076641
2023,Charles Cross,98401,SEA,T,T,14,832,554,278,67.6,69.7,58.3,42,6,5,31,100.0,100.0,95.4,5,1,54.75,55.05,14.950000000000003,3.25,3416,1814,5230,0.16217798594847777,0.15325248070562295,0.15908221797323135,5.140069086651056,1.014071664829107,6.1541407514801625,0.20087807076204495
2023,Broderick Jones,124025,PIT,T,T,15,832,450,382,57.3,47.6,61.2,34,5,5,24,100.0,100.0,95.3,2,0,54.75,55.05,-7.149999999999999,6.150000000000006,3249,2442,5691,0.13850415512465375,0.15642915642915642,0.14619574767176244,-2.099445983379501,1.9587120393120407,-0.14073394406746043,-0.004593714105125975
2023,Andrus Peat,9446,NO,T,T,14,809,476,333,60.2,54.5,62.1,30,2,8,20,100.0,100.0,96.5,6,1,54.75,55.05,-0.25,7.050000000000004,3420,2489,5911,0.1391812865497076,0.1337886701486541,0.13686347487734732,-0.07376608187134504,1.9203758135797522,1.8466097317084071,0.06027541704612213
2023,Cody Whitehair,10690,CHI,G,G,14,787,454,333,45.0,55.0,42.4,22,3,4,15,100.0,100.0,97.1,2,0,48.5,53.4,6.5,-11.0,3230,2433,5663,0.14055727554179567,0.13686806411837238,0.13897227617870386,1.9368792569659443,-3.065297163995068,-1.1284179070291236,-0.036832828713388846
2023,Ryan Ramczyk,11787,NO,T,T,12,785,458,327,73.5,73.6,67.3,25,4,2,19,100.0,100.0,96.7,4,1,54.75,55.05,18.849999999999994,12.25,3420,2489,5911,0.13391812865497077,0.13137806347930897,0.1328032481813568,5.35163625730994,3.2767002812374453,8.628336538547385,0.28163860199853064
2023,Michael Deiter,38554,HOU,C,C,14,781,506,275,56.3,59.4,55.2,25,3,2,20,100.0,100.0,97.0,5,0,53.45,55.375,5.949999999999996,-0.17499999999999716,3805,2281,6087,0.13298291721419186,0.12056115738711091,0.12830622638409725,1.6774465177398148,-0.04295594037702692,1.6344905773627878,0.05335160944773789
2023,Dillon Radunz,30551,TEN,T,T,13,774,455,319,67.2,59.7,78.7,36,5,5,26,100.0,100.0,95.2,11,0,54.75,55.05,4.950000000000003,23.650000000000006,3477,2335,5818,0.13085993672706356,0.1366167023554604,0.1330354073564799,1.3732441760138057,6.578285481798717,7.9515296578125225,0.2595468647486477
2023,Sidy Sow,59675,NE,G,G,13,772,486,286,64.4,46.3,71.3,27,5,4,18,100.0,100.0,96.6,2,0,48.5,53.4,-2.200000000000003,17.9,3245,2005,5250,0.149768875192604,0.142643391521197,0.14704761904761904,-0.698522033898306,5.198552817955112,4.500030784056806,0.14688606237251373
2023,Daniel Brunskill,34807,TEN,G,G,14,768,449,319,67.1,67.7,62.5,26,2,5,19,100.0,100.0,96.6,1,0,48.5,53.4,19.200000000000003,9.100000000000001,3477,2335,5818,0.12913431118780558,0.1366167023554604,0.13200412512891027,5.2562830025884395,2.531179614561028,7.787462617149467,0.25419153214659346
2023,Justin Pugh,7800,NYG,G,G,12,763,473,290,41.6,37.8,47.3,37,8,2,27,100.0,100.0,95.0,5,1,48.5,53.4,-10.700000000000003,-6.100000000000001,3551,2023,5575,0.13320191495353423,0.14335145823035098,0.1368609865470852,-3.0215522388059712,-1.780367770637667,-4.801920009443638,-0.1567400659821922
2023,John Michael Schmitz Jr.,55238,NYG,C,C,13,755,484,271,41.4,26.9,51.3,30,5,2,23,100.0,100.0,96.2,4,1,53.45,55.375,-26.550000000000004,-4.075000000000003,3551,2023,5575,0.136299633905942,0.13395946613939694,0.13542600896860987,-7.671761194029851,-1.1114215027187355,-8.783182696748586,-0.2866929546336877
2023,Ezra Cleveland,41973,JAX,G,G,13,749,526,223,59.5,57.4,60.4,28,3,4,21,100.0,100.0,96.8,3,0,48.5,53.4,8.899999999999999,7.0,3886,2132,6020,0.13535769428718478,0.10459662288930581,0.12441860465116279,2.553928975810602,1.4907110694183863,4.044640045228988,0.13202159684389667
2023,Dalton Risner,47008,MIN,G,G,12,745,485,260,57.1,67.4,50.0,30,0,11,19,100.0,100.0,96.7,3,1,48.5,53.4,18.900000000000006,-3.3999999999999986,3505,1728,5233,0.1383737517831669,0.15046296296296297,0.14236575578062297,5.5443594864479335,-1.0415648148148144,4.502794671633119,0.14697627876933556
2023,Teven Jenkins,41534,CHI,G,G,12,731,397,334,72.6,68.6,71.7,17,3,3,11,100.0,100.0,97.4,4,0,48.5,53.4,20.099999999999994,18.300000000000004,3230,2433,5663,0.12291021671826625,0.13727907932593506,0.12908352463358644,5.23745015479876,5.11485376078915,10.35230391558791,0.3379108347506515
2023,Braxton Jones,60092,CHI,T,T,11,724,421,303,68.8,70.8,68.2,32,2,2,28,100.0,100.0,95.8,9,2,54.75,55.05,16.049999999999997,13.150000000000006,3230,2433,5663,0.1303405572755418,0.12453760789149199,0.12784743069044677,4.434967801857585,3.3342951911220733,7.769262992979659,0.2535974759591482
2023,Cam Jurgens,84014,PHI,G,G,12,713,427,286,61.4,51.6,64.8,25,1,2,22,100.0,100.0,96.8,3,1,48.5,53.4,3.1000000000000014,11.399999999999999,3611,2421,6036,0.11824979230130157,0.1181330028913672,0.11812458581842279,0.7771376350041543,2.741914250309789,3.519051885313943,0.11486580859616867
2023,Dawand Jones,101550,CLE,T,T,11,712,419,293,64.8,73.0,53.6,21,3,3,15,100.0,100.0,96.9,2,0,54.75,55.05,18.25,-1.4499999999999957,4016,2738,6761,0.10433266932270917,0.10701241782322864,0.10530986540452596,4.036630976095617,-0.31592205989773464,3.7207089161978826,0.12144812072639172
2023,Geron Christian,46375,CLE,T,T,11,708,453,255,45.6,55.0,37.2,39,5,6,28,100.0,100.0,94.9,5,0,54.75,55.05,0.25,-17.849999999999994,4016,2738,6761,0.11279880478087649,0.0931336742147553,0.10471823694719716,0.05978336653386454,-3.384719868517165,-3.3249365019833004,-0.10852966431813671
2023,Kolton Miller,47013,LV,T,T,13,705,428,277,80.2,79.3,73.3,16,4,2,10,100.0,100.0,97.5,1,0,54.75,55.05,24.549999999999997,18.25,3200,2101,5301,0.13375,0.13184198000951927,0.13299377475947935,6.961152499999999,4.898852451213707,11.860004951213707,0.3871238910574322
2023,Will Clapp,39386,LAC,C,C,14,702,464,238,56.7,55.1,56.9,24,1,6,17,100.0,100.0,97.1,1,0,53.45,55.375,1.6499999999999986,1.5249999999999986,3812,1984,5798,0.12172088142707241,0.11995967741935484,0.1210762331838565,0.42577964323189893,0.37246280241935453,0.7982424456512535,0.026055530570085497
2023,Blake Freeland,102844,IND,T,T,14,701,426,275,44.2,42.6,47.6,45,4,4,37,100.0,100.0,93.8,7,1,54.75,55.05,-12.149999999999999,-7.449999999999996,3438,2310,5748,0.12390924956369982,0.11904761904761904,0.12195546276965902,-3.1916544502617796,-1.805738095238094,-4.997392545499873,-0.16312050925049035
2023,Nate Davis,46808,CHI,G,G,11,663,384,279,52.9,47.9,55.3,29,1,7,21,100.0,100.0,95.9,6,5,48.5,53.4,-0.6000000000000014,1.8999999999999986,3230,2433,5663,0.11888544891640866,0.11467324290998766,0.11707575490022956,-0.15122229102167217,0.44360197287299596,0.2923796818513238,0.009543601420911332
2023,Anthony Bradford,99103,SEA,G,G,12,659,419,240,51.7,38.9,58.5,28,1,5,22,100.0,100.0,96.3,4,1,48.5,53.4,-9.600000000000001,5.100000000000001,3416,1814,5230,0.12265807962529274,0.13230429988974643,0.1260038240917782,-2.4963372365339582,1.3737949283351711,-1.122542308198787,-0.03664104256398597
2023,Walker Little,52287,JAX,T,T,12,659,439,220,58.8,62.6,53.8,26,2,3,21,100.0,100.0,96.6,7,0,54.75,55.05,7.850000000000001,-1.25,3886,2132,6020,0.11296963458569223,0.10318949343339587,0.10946843853820598,1.8800406587750904,-0.26261726078799247,1.617423397987098,0.0527945175311265
2023,Saahdiq Charles,59820,WAS,G,G,11,643,455,188,55.5,53.9,55.4,37,4,3,30,100.0,100.0,95.2,3,0,48.5,53.4,5.399999999999999,2.0,3906,1640,5546,0.11648745519713262,0.11463414634146342,0.11593941579516769,1.3335483870967737,0.46679024390243906,1.8003386309992129,0.05876507631492197
2023,Nick Gates,29476,WAS,C,C,12,641,455,186,66.1,61.4,70.9,21,5,6,10,100.0,100.0,96.9,4,0,53.45,55.375,7.949999999999996,15.525000000000006,3906,1640,5546,0.11648745519713262,0.11341463414634147,0.11557879552830869,1.9632795698924723,3.5849118292682944,5.548191399160767,0.18109920287636083
2023,Jon Feliciano,9561,SF,G,G,13,629,350,279,79.8,63.5,85.6,22,1,3,18,100.0,100.0,96.6,2,0,48.5,53.4,15.0,32.199999999999996,3677,2890,6567,0.09518629317378298,0.09653979238754325,0.09578194000304553,3.0269241229262986,6.329071557093425,9.355995680019724,0.30539021419169876
2023,James Hudson III,59854,CLE,T,T,16,622,369,252,44.7,48.4,50.7,36,5,8,23,99.8,99.7,94.1,9,2,54.75,55.05,-6.350000000000001,-4.349999999999994,4016,2738,6761,0.09188247011952191,0.09203798392987582,0.09199822511462802,-1.2369218127490043,-0.8151436084733371,-2.0520654212223413,-0.06698172166333752
2023,Lester Cotton,46085,MIA,G,G,11,616,362,254,46.4,57.2,45.4,20,3,3,14,100.0,100.0,96.7,5,1,48.5,53.4,8.700000000000003,-8.0,3455,2340,5795,0.10477568740955137,0.10854700854700855,0.10629853321829164,1.9324827785817662,-1.7680136752136753,0.16446910336809095,0.005368456380624585
2023,Kendall Lamm,10017,MIA,T,T,13,613,357,256,64.3,67.1,55.3,20,4,1,15,100.0,100.0,96.5,0,0,54.75,55.05,12.349999999999994,0.25,3455,2340,5795,0.10332850940665701,0.1094017094017094,0.10578084555651424,2.7053470332850926,0.05568547008547008,2.7610325033705627,0.09012320403217638
2023,Robert Hunt,46139,MIA,G,G,11,608,376,232,76.4,74.4,74.7,5,1,1,3,100.0,100.0,99.2,2,1,48.5,53.4,25.900000000000006,21.300000000000004,3455,2340,5795,0.10882778581765558,0.09914529914529914,0.10491803278688525,5.975516063675834,4.29961435897436,10.275130422650193,0.3353918052059391
2023,Patrick Mekari,46219,BAL,T,T,18,593,323,270,71.0,63.1,72.1,20,5,3,12,100.0,100.0,95.9,2,0,54.75,55.05,8.350000000000001,17.049999999999997,3616,2662,6278,0.08932522123893805,0.10142749812171299,0.0944568333864288,1.5812350663716814,3.5209338842975195,5.102168950669201,0.16654052887333284
2023,Terron Armstead,7856,MIA,T,T,11,585,364,221,79.3,79.5,72.6,7,1,0,6,100.0,100.0,98.9,3,0,54.75,55.05,24.75,17.549999999999997,3455,2340,5795,0.10535455861070912,0.09444444444444444,0.10094909404659189,5.5279536903039075,3.374669999999999,8.902623690303907,0.2905916429029679
2023,Trent Brown,9677,NE,T,T,11,579,346,233,80.2,72.8,80.7,17,3,6,8,100.0,100.0,97.0,2,1,54.75,55.05,18.049999999999997,25.650000000000006,3245,2005,5250,0.1066255778120185,0.11620947630922693,0.11028571428571429,4.080134360554699,6.068853965087282,10.14898832564198,0.3312743853885919
2023,Andrew Thomas,59701,NYG,T,T,10,576,376,200,76.1,80.2,64.1,17,4,1,12,100.0,100.0,97.1,2,1,54.75,55.05,25.450000000000003,9.049999999999997,3551,2023,5575,0.10588566600957476,0.09886307464162135,0.10331838565022422,5.712955223880598,1.8216312407315858,7.534586464612183,0.2459373703204765
2023,Braden Smith,46794,IND,T,T,10,575,329,246,83.3,71.0,90.1,14,0,2,12,100.0,100.0,97.7,7,2,54.75,55.05,16.25,35.05,3438,2310,5748,0.09569517161140198,0.10649350649350649,0.1000347947112039,3.2966986620127976,7.599568311688311,10.89626697370111,0.35566640032710023
2023,Joe Noteboom,46249,LA,T,T,10,573,346,227,52.3,51.6,48.9,28,4,5,19,100.0,100.0,95.1,1,0,54.75,55.05,-3.1499999999999986,-6.149999999999999,3630,2395,6025,0.09531680440771349,0.09478079331941545,0.09510373443983403,-0.6365256198347103,-1.1867882254697284,-1.8233138453044386,-0.059515013131669015
2023,Jedrick Wills Jr.,58467,CLE,T,T,8,569,319,250,54.0,60.1,54.4,29,3,5,21,100.0,100.0,94.6,6,0,54.75,55.05,5.350000000000001,-0.6499999999999986,4016,2738,6761,0.07943227091633466,0.09130752373995617,0.08415914805502145,0.9009208167330679,-0.12083637691745774,0.7800844398156102,0.025462832851842265
2023,Calvin Throckmorton,28238,TEN,G,G,10,564,389,175,47.9,57.8,41.1,18,0,4,14,100.0,100.0,97.5,2,0,48.5,53.4,9.299999999999997,-12.299999999999997,3477,2335,5818,0.11187805579522576,0.07494646680942184,0.09694052939154349,2.2057877480586705,-1.8768693790149888,0.32891836904368166,0.010736265236670397
2023,Cole Strange,22976,NE,G,G,10,564,340,224,64.6,57.7,66.2,22,3,3,16,100.0,100.0,96.2,2,0,48.5,53.4,9.200000000000003,12.800000000000004,3245,2005,5250,0.10477657935285054,0.11172069825436409,0.10742857142857143,2.0435624036979974,2.9115307730673328,4.95509317676533,0.1617398103147691
2023,Andre Dillard,29250,TEN,T,T,12,562,331,231,51.0,47.4,56.6,41,12,9,20,100.0,100.0,91.3,5,0,54.75,55.05,-7.350000000000001,1.5500000000000043,3477,2335,5818,0.09519700891573195,0.09892933618843683,0.09659676864902028,-1.4833597929249354,0.3122011991434698,-1.1711585937814655,-0.038227932765208
2023,Tyre Phillips,59874,NYG,T,T,10,552,334,218,52.7,64.5,40.0,21,2,2,17,100.0,100.0,96.4,3,0,54.75,55.05,9.75,-15.049999999999997,3551,2023,5575,0.09405801182765418,0.10776075135936727,0.09901345291479821,1.9441791044776118,-3.3019833910034593,-1.3578042865258475,-0.044320257947325296
2023,Cam Robinson,11789,JAX,T,T,9,535,325,210,65.4,78.8,51.0,13,3,2,8,100.0,100.0,97.4,3,1,54.75,55.05,24.049999999999997,-4.049999999999997,3886,2132,6020,0.08363355635615029,0.09849906191369606,0.0888704318936877,4.264140504374678,-0.8122035647279544,3.451936939646724,0.11267510133915835
2023,Juice Scruggs,81800,HOU,G,G,9,534,343,191,47.5,48.9,50.8,14,4,2,8,100.0,100.0,97.2,4,0,48.5,53.4,0.3999999999999986,-2.6000000000000014,3805,2281,6087,0.09014454664914585,0.08373520385795703,0.08772794480039428,0.0764425755584754,-0.4432606751424815,-0.36681809958400613,-0.01197335503698259
2023,Sua Opeta,45110,PHI,G,G,10,530,311,219,52.9,57.9,50.2,25,3,2,20,100.0,100.0,95.4,2,1,48.5,53.4,9.399999999999999,-3.1999999999999957,3611,2421,6036,0.08612572694544447,0.09045848822800495,0.08780649436713055,1.7163134865688172,-0.5893551425030971,1.12695834406572,0.03678518693786174
2023,Thayer Munford Jr.,59994,LV,T,T,14,521,303,218,74.1,59.2,80.4,28,4,5,19,100.0,100.0,94.5,1,0,54.75,55.05,4.450000000000003,25.35000000000001,3200,2101,5301,0.0946875,0.10376011423131842,0.09828334276551594,0.8932818750000006,5.355329271775347,6.248611146775348,0.20396169063967942
2023,Mark Glowinski,9567,NYG,G,G,13,521,303,217,63.3,53.4,67.6,24,6,1,17,99.8,99.7,94.7,4,1,48.5,53.4,4.899999999999999,14.199999999999996,3551,2023,5575,0.08532807659814137,0.10726643598615918,0.09345291479820628,0.8863880597014923,3.101201384083044,3.9875894437845365,0.1301594010936257
2023,Tyler Shatley,9257,JAX,G,G,12,518,302,216,47.5,51.3,44.6,9,1,3,5,100.0,100.0,98.3,0,0,48.5,53.4,2.799999999999997,-8.799999999999997,3886,2132,6020,0.07771487390633042,0.10131332082551595,0.08604651162790698,0.46131549150797685,-1.8152105065666033,-1.3538950150586264,-0.04419265493300821
2023,Elijah Wilkinson,46238,ARI,G,G,10,501,285,216,46.2,40.7,57.5,25,3,4,18,100.0,100.0,94.8,6,0,48.5,53.4,-7.799999999999997,4.100000000000001,3427,2229,5656,0.083163116428363,0.09690444145356662,0.08857850070721358,-1.37518529325941,0.8089195154777931,-0.5662657777816169,-0.018483551412434206
2023,Connor Williams,46216,MIA,C,C,9,497,280,217,86.5,71.7,90.5,6,1,1,4,100.0,100.0,98.7,7,0,53.45,55.375,18.25,35.125,3455,2340,5795,0.08104196816208394,0.09273504273504274,0.08576358930112166,3.1355137481910274,6.631900213675213,9.767413961866241,0.3188193693038379
2023,Stone Forsythe,41795,SEA,T,T,13,497,312,185,58.2,40.8,71.4,32,5,7,20,100.0,100.0,93.6,2,2,54.75,55.05,-13.950000000000003,16.35000000000001,3416,1814,5230,0.09133489461358314,0.1019845644983462,0.09502868068833652,-2.7011381733021085,3.394923373759649,0.6937852004575404,0.022645928687550686
2023,Robert Jones,100786,MIA,G,G,8,479,304,175,57.6,49.3,62.3,14,2,1,11,100.0,100.0,97.2,4,0,48.5,53.4,0.7999999999999972,8.899999999999999,3455,2340,5795,0.08798842257597685,0.07478632478632478,0.08265746333045729,0.14922836468885617,1.3551581196581193,1.5043864843469754,0.049104865627818566
2023,Vederian Lowe,59741,NE,T,T,11,476,290,186,41.7,36.0,49.3,38,6,3,29,100.0,100.0,92.1,2,0,54.75,55.05,-18.75,-5.75,3245,2005,5250,0.08936825885978428,0.09276807980049875,0.09066666666666667,-3.552388289676425,-1.0860359102244388,-4.638424199900864,-0.1514033790059101
2023,Max Mitchell,81707,NYJ,T,T,9,474,336,138,49.3,47.5,49.4,30,6,4,20,100.0,100.0,94.3,1,0,54.75,55.05,-7.25,-5.649999999999999,3697,1860,5558,0.09088450094671355,0.07419354838709677,0.0852824757106873,-1.3968947795509872,-0.8534780645161286,-2.250372844067116,-0.0734546988225405
2023,Chris Hubbard,8051,TEN,T,T,9,473,292,181,68.2,67.8,62.7,18,4,4,10,100.0,100.0,95.9,0,0,54.75,55.05,13.049999999999997,7.650000000000006,3477,2335,5818,0.08398044291055508,0.07751605995717345,0.08129941560673772,2.323402933563416,1.2073436402569602,3.5307465738203763,0.11524753637266945
2023,Tyler Larsen,9304,WAS,C,C,7,466,325,141,50.3,28.7,60.9,24,3,4,17,100.0,100.0,95.7,0,0,53.45,55.375,-24.750000000000004,5.524999999999999,3906,1640,5546,0.08320532514080901,0.08597560975609755,0.08402452217814642,-4.36578341013825,0.9671310365853656,-3.3986523735528844,-0.1109358332153754
2023,Jarrett Patterson,81775,HOU,C,C,7,464,277,187,60.4,53.7,62.9,8,0,1,7,100.0,100.0,98.4,1,0,53.45,55.375,0.25,7.524999999999999,3805,2281,6087,0.07279894875164257,0.08198158702323542,0.0762280269426647,0.03858344283837056,1.2560316966242873,1.2946151394626577,0.04225769316895233
2023,Evan Neal,99063,NYG,T,T,7,460,309,151,39.8,38.5,51.1,29,2,5,22,100.0,100.0,94.6,5,1,54.75,55.05,-16.25,-3.9499999999999957,3551,2023,5575,0.08701774148127288,0.07464162135442412,0.08251121076233184,-2.99776119402985,-0.6002828472565489,-3.598044041286399,-0.1174442013463288
2023,Atonio Mafi,82449,NE,G,G,12,458,296,162,32.3,27.7,39.9,32,5,3,24,100.0,100.0,93.5,7,2,48.5,53.4,-20.8,-13.5,3245,2005,5250,0.09121725731895224,0.08079800498753117,0.08723809523809524,-4.022316178736517,-2.220813965087282,-6.243130143823799,-0.20378278454324616
2023,Chris Paul,77579,WAS,G,G,7,439,307,132,38.8,27.8,45.1,26,5,5,16,100.0,100.0,94.8,1,0,48.5,53.4,-20.7,-8.299999999999997,3906,1640,5546,0.07859703020993343,0.08048780487804878,0.07915614857554995,-3.449152073732718,-1.3601473170731704,-4.809299390805888,-0.1569809372835367
2023,Phil Haynes,29244,SEA,G,G,8,437,299,138,51.9,59.4,53.6,12,5,2,5,100.0,100.0,96.9,6,2,48.5,53.4,10.899999999999999,0.20000000000000284,3416,1814,5230,0.08752927400468384,0.07607497243660419,0.08355640535372849,2.022626463700234,0.030977728776185664,2.0536041924764197,0.06703194888649439
2023,Chukwuma Okorafor,46302,PIT,T,T,14,436,272,164,60.4,60.7,62.6,11,2,0,9,100.0,100.0,97.5,8,5,54.75,55.05,5.950000000000003,7.550000000000004,3249,2442,5691,0.08371806709756849,0.06715806715806716,0.0766121946933755,1.0560196983687293,1.0323403767403774,2.0883600751091067,0.06816641995773322
2023,Cade Mays,81995,CAR,G,G,10,434,267,167,58.3,43.0,71.2,21,3,2,16,100.0,100.0,95.2,4,0,48.5,53.4,-5.5,17.800000000000004,3296,1944,5240,0.08100728155339806,0.08590534979423868,0.08282442748091604,-0.9445449029126214,3.1132786008230457,2.168733697910424,0.07078990533781682
2023,Chuma Edoga,46232,DAL,T,T,13,420,251,169,61.4,63.7,56.8,16,3,5,8,100.0,100.0,95.9,3,1,54.75,55.05,8.950000000000003,1.75,4069,2342,6411,0.061685917915949864,0.0721605465414176,0.06551240056153486,1.170428606537233,0.2571080273270709,1.4275366338643038,0.04659640013658037
2023,Trevor Penning,59963,NO,T,T,11,417,245,172,53.6,60.8,49.0,19,4,3,12,100.0,100.0,95.1,7,2,54.75,55.05,6.049999999999997,-6.049999999999997,3420,2489,5911,0.07163742690058479,0.06910405785456006,0.07054643884283539,0.9188216374269002,-0.8512099638408995,0.06761167358600062,0.0022069210145514327
2023,Larry Borom,59879,CHI,T,T,9,411,225,186,48.0,45.2,50.4,25,3,6,16,100.0,100.0,93.5,5,0,54.75,55.05,-9.549999999999997,-4.649999999999999,3230,2433,5663,0.0696594427244582,0.07644882860665844,0.07257637294720114,-1.4103250773993805,-0.7237716399506778,-2.1340967173500585,-0.0696593153638525
2023,Tytus Howard,25472,HOU,G,G,7,408,243,165,46.8,38.9,49.6,18,1,3,14,100.0,100.0,95.8,0,0,48.5,53.4,-9.600000000000001,-3.799999999999997,3805,2281,6087,0.06386333771353482,0.07233669443226655,0.06702809265648102,-1.299746649145861,-0.5596545374835594,-1.8594011866294204,-0.060692944511049673
2023,Carter Warren,60023,NYJ,T,T,6,401,258,143,46.9,45.5,49.9,20,5,2,13,100.0,100.0,94.9,2,0,54.75,55.05,-9.25,-5.149999999999999,3697,1860,5558,0.06978631322694076,0.07688172043010753,0.07214825476790213,-1.3685096023803083,-0.8061355913978494,-2.174645193778158,-0.070982863206865
2023,Isaiah Wynn,46048,MIA,G,G,7,392,224,168,47.8,67.5,43.2,4,0,0,4,100.0,100.0,99.1,3,0,48.5,53.4,19.0,-10.199999999999996,3455,2340,5795,0.06483357452966715,0.07179487179487179,0.06764452113891285,2.6114963820549923,-1.490978461538461,1.1205179205165314,0.03657496427482949
2023,Matt Feiler,9289,TB,G,G,6,386,244,142,54.7,65.0,52.2,12,0,2,10,100.0,100.0,97.4,2,0,48.5,53.4,16.5,-1.1999999999999957,3897,2309,6207,0.0626122658455222,0.061498484192291036,0.06218785242468181,2.1901770592763663,-0.15025309657860492,2.0399239626977614,0.06658541081131998
2023,Marcus McKethan,60811,NYG,G,G,9,378,245,133,45.4,26.8,53.9,17,2,5,10,100.0,100.0,95.8,1,1,48.5,53.4,-21.7,0.5,3551,2023,5575,0.06899464939453676,0.0657439446366782,0.06780269058295964,-3.1740298507462685,0.0669273356401384,-3.10710251510613,-0.10141931816302706
2023,Chandler Zavala,144009,CAR,G,G,7,374,249,125,26.2,7.1,41.5,33,6,7,20,100.0,100.0,91.6,3,0,48.5,53.4,-41.4,-11.899999999999999,3296,1944,5240,0.07554611650485436,0.06430041152263374,0.07137404580152672,-6.630531553398057,-1.5578960905349792,-8.188427643933036,-0.26727948126507317
2023,Connor McGovern,10778,NYJ,C,C,7,371,240,131,48.5,30.5,62.5,18,1,5,12,100.0,100.0,95.8,6,2,53.45,55.375,-22.950000000000003,7.125,3697,1860,5558,0.06491750067622397,0.07043010752688172,0.06675062972292191,-3.158496077901001,1.0216943548387099,-2.136801723062291,-0.06974760979045347
2023,Kayode Awosika,44909,DET,G,G,7,370,232,138,55.7,46.0,60.5,27,1,5,21,100.0,100.0,93.7,2,1,48.5,53.4,-2.5,7.100000000000001,3998,2955,6967,0.058029014507253625,0.046700507614213196,0.05310750681785561,-0.3075537768884442,0.6750838578680205,0.3675300809795763,0.011996594909929307
2023,Jaelyn Duncan,81722,TEN,T,T,8,364,207,157,32.9,29.2,41.5,36,9,10,17,100.0,100.0,88.5,4,0,54.75,55.05,-25.55,-13.549999999999997,3477,2335,5818,0.059534081104400345,0.06723768736616702,0.0625644551392231,-3.2247230371009494,-1.854939871520342,-5.079662908621291,-0.1658059063663669
2023,T.J. Bass,131703,DAL,G,G,12,344,190,154,54.1,54.9,54.2,6,1,0,5,100.0,100.0,98.1,1,0,48.5,53.4,6.399999999999999,0.8000000000000043,4069,2342,6411,0.04669451953797002,0.06575576430401367,0.05365777569801903,0.6335512410911771,0.10710298889837803,0.7406542299895551,0.024175786487539413
2023,Wanya Morris,98247,KC,T,T,9,340,235,105,55.6,63.4,47.1,24,2,7,15,100.0,100.0,94.2,3,1,54.75,55.05,8.649999999999999,-7.949999999999996,4716,2382,7099,0.0498303647158609,0.04408060453400504,0.04789406958726581,0.9137892281594571,-0.713497481108312,0.20029174705114505,0.0065377477314792634
2023,David Quessenberry,7957,MIN,T,T,6,331,231,100,64.8,68.3,57.2,16,1,4,11,100.0,100.0,96.1,1,0,54.75,55.05,13.549999999999997,2.1500000000000057,3505,1728,5233,0.0659058487874465,0.05787037037037037,0.06325243646092107,1.8932114122681878,0.2533217592592599,2.1465331715274476,0.07006525520552312
2023,Trystan Colon,41117,ARI,G,G,11,322,200,122,59.6,69.2,55.5,9,2,1,6,100.0,100.0,97.0,1,1,48.5,53.4,20.700000000000003,2.1000000000000014,3427,2229,5656,0.058360081704114386,0.0547330641543293,0.05693069306930693,2.5610738255033563,0.2340166890982505,2.7950905146016067,0.09123489579652849
2023,Max Garcia,9566,NO,G,G,12,320,184,135,54.2,59.2,55.6,8,0,2,6,99.7,99.5,97.7,3,0,48.5,53.4,10.700000000000003,2.200000000000003,3420,2489,5911,0.05380116959064327,0.05423865006026517,0.05413635594654035,1.2204257309941522,0.24294576134994006,1.4633714923440921,0.04776609019212865
2023,Nick Harris,46752,CLE,C,C,18,313,169,138,59.5,66.3,58.7,3,0,0,3,98.1,96.6,99.1,2,0,53.45,55.375,12.849999999999994,3.325000000000003,4016,2738,6761,0.042081673306772906,0.050401753104455806,0.04629492678597841,1.146388944223107,0.34120474799123474,1.4875936922143418,0.04855673001920413
2023,Nash Jensen,66672,CAR,G,G,7,302,171,131,34.7,33.7,38.6,18,1,2,15,100.0,100.0,94.1,1,0,48.5,53.4,-14.799999999999997,-14.799999999999997,3296,1944,5240,0.051881067961165046,0.06738683127572016,0.057633587786259544,-1.6278203883495141,-2.0305539094650205,-3.6583742978145346,-0.11941344872453287
2023,Jake Curhan,38549,SEA,T,T,7,296,187,109,55.7,39.2,67.1,27,3,6,18,100.0,100.0,91.3,1,0,54.75,55.05,-15.549999999999997,12.049999999999997,3416,1814,5230,0.0547423887587822,0.060088202866593166,0.05659655831739962,-1.8046375878220136,1.474191951488423,-0.3304456363335906,-0.010786116957507476
2023,Xavier Newman,58525,NYJ,G,G,6,292,188,104,47.8,31.9,58.6,16,4,3,9,100.0,100.0,94.4,2,0,48.5,53.4,-16.6,5.200000000000003,3697,1860,5558,0.05085204219637544,0.05591397849462366,0.0525368837711407,-1.7895850689748445,0.5919724731182798,-1.1976125958565647,-0.039091421124570425
2023,Storm Norton,12188,ATL,T,T,6,283,153,129,68.3,69.3,66.4,6,1,0,5,99.6,99.4,97.6,1,0,54.75,55.05,14.549999999999997,11.350000000000009,3165,2480,5647,0.04834123222748815,0.052016129032258066,0.050115105365680895,1.491133649289099,1.2020199193548395,2.6931535686439387,0.08790755931362043
2023,Abraham Lucas,60218,SEA,T,T,6,273,182,91,53.1,44.4,58.8,17,2,0,15,100.0,100.0,94.4,0,0,54.75,55.05,-10.350000000000001,3.75,3416,1814,5230,0.05327868852459016,0.050165380374862185,0.05219885277246654,-1.1690409836065574,0.38301267916207277,-0.7860283044444847,-0.0256568472736333
2023,Wesley French,29608,IND,C,C,8,270,153,117,48.4,56.7,47.5,8,1,0,7,100.0,100.0,96.9,2,1,53.45,55.375,3.25,-7.875,3438,2310,5748,0.04450261780104712,0.05064935064935065,0.04697286012526096,0.30662303664921464,-0.8120863636363637,-0.505463326987149,-0.0164988910826783
2023,Michael Dunn,39676,CLE,G,G,13,266,146,120,61.1,55.8,62.9,5,1,1,3,100.0,100.0,97.8,2,0,48.5,53.4,7.299999999999997,9.5,4016,2738,6761,0.036354581673306775,0.04382761139517896,0.03934329241236503,0.5626235059760955,0.8477136596055515,1.4103371655816468,0.046034990161366175
2023,Joshua Ezeudu,77355,NYG,T,T,6,266,181,85,42.4,39.3,53.4,12,5,0,7,100.0,100.0,95.0,6,1,54.75,55.05,-15.450000000000003,-1.6499999999999986,3551,2023,5575,0.05097155730780062,0.04201680672268908,0.04771300448430493,-1.6695223880597017,-0.14115126050420157,-1.8106736485639032,-0.059102422903751214
2023,Yosh Nijman,60822,GB,T,T,15,259,157,102,57.4,59.3,57.7,13,2,1,10,100.0,100.0,95.0,2,1,54.75,55.05,4.549999999999997,2.6500000000000057,3646,2459,6105,0.04306088864509051,0.0414802765351769,0.04242424242424243,0.41536533187054275,0.2238026840178939,0.6391680158884366,0.02086316239900629
2023,Austin Corbett,46290,CAR,G,G,4,257,176,81,47.9,44.5,51.0,16,3,1,12,100.0,100.0,94.4,1,0,48.5,53.4,-4.0,-2.3999999999999986,3296,1944,5240,0.05339805825242718,0.041666666666666664,0.04904580152671756,-0.4528155339805825,-0.20359999999999984,-0.6564155339805824,-0.021426140774005335
2023,Colby Sorsdal,87479,DET,G,G,5,253,132,121,41.8,35.1,46.9,14,1,4,9,100.0,100.0,94.0,2,1,48.5,53.4,-13.399999999999999,-6.5,3998,2955,6967,0.03301650825412707,0.04094754653130288,0.0363140519592364,-0.9379329664832416,-0.5418998307952623,-1.479832797278504,-0.04830340568603494
2023,Nick Allegretti,39268,KC,G,G,11,253,160,93,65.8,73.7,59.6,12,2,1,9,100.0,100.0,95.4,0,0,48.5,53.4,25.200000000000003,6.200000000000003,4716,2382,7099,0.033927056827820185,0.03904282115869018,0.035638822369347796,1.8125190839694658,0.49284534005037806,2.305364424019844,0.07524968579718906
2023,Charlie Heck,36501,HOU,T,T,5,253,158,95,47.4,39.3,56.3,18,1,1,16,100.0,100.0,93.5,1,0,54.75,55.05,-15.450000000000003,1.25,3805,2281,6087,0.04152431011826544,0.04164839982463832,0.04156398882865123,-1.3600872536136666,0.10599517755370452,-1.254092076059962,-0.04093497483565069
2023,Alijah Vera-Tucker,57107,NYJ,T,T,5,250,164,86,71.7,56.8,82.7,14,2,1,11,100.0,100.0,94.8,1,0,54.75,55.05,2.049999999999997,27.650000000000006,3697,1860,5558,0.044360292128753046,0.046236559139784944,0.04498020870816841,0.19278982959156046,2.6029055913978496,2.7956954209894103,0.09125464062088019
2023,Austin Schlottmann,30097,MIN,C,C,6,249,178,71,62.6,72.3,59.4,7,1,1,5,100.0,100.0,97.6,1,0,53.45,55.375,18.849999999999994,4.024999999999999,3505,1728,5233,0.050784593437945794,0.041087962962962965,0.047582648576342444,2.029453922967189,0.3367117476851851,2.366165670652374,0.07723430682174597
2023,Jake Hanson,28148,NYJ,G,G,5,244,165,79,51.8,59.7,48.7,9,0,1,8,100.0,100.0,97.1,1,0,48.5,53.4,11.200000000000003,-4.699999999999996,3697,1860,5558,0.04463078171490398,0.04247311827956989,0.04390068369917236,1.0597132810386805,-0.40643376344085985,0.6532795175978205,0.021323777674705755
2023,Brenden Jaimes,59909,LAC,C,C,4,241,155,86,49.8,71.1,39.8,4,1,0,3,100.0,100.0,98.3,1,0,53.45,55.375,17.64999999999999,-15.575000000000003,3812,1984,5798,0.0406610703043022,0.04334677419354839,0.04156605726112453,1.5214559286463791,-1.3745565524193553,0.14689937622702387,0.004794960740138262
2023,Ben Bartch,84236,SF,G,G,8,240,154,86,61.2,48.6,64.4,9,2,2,5,100.0,100.0,96.2,0,0,48.5,53.4,0.10000000000000142,11.000000000000007,3677,2890,6567,0.04188196899646451,0.02975778546712803,0.03654636820465966,0.008878977427250603,0.6664553633217998,0.6753343407490504,0.02204367188975951
2023,Josh Jones,26634,HOU,T,T,6,233,152,81,49.6,55.8,52.2,9,1,3,5,100.0,100.0,96.5,5,0,54.75,55.05,1.0499999999999972,-2.8499999999999943,3805,2281,6087,0.03994743758212878,0.03551074090311267,0.038278298012157055,0.08892299605781841,-0.20605462516440115,-0.11713162910658274,-0.003823308018180542
2023,Cornelius Lucas,9025,WAS,T,T,9,231,152,79,62.8,73.6,49.7,8,3,1,4,100.0,100.0,96.2,1,0,54.75,55.05,18.849999999999994,-5.349999999999994,3906,1640,5546,0.03891449052739376,0.048170731707317074,0.04165164082221421,1.5551008704557086,-0.5247045121951215,1.030396358260587,0.033633295195245716
2023,Sean Rhyan,72009,GB,G,G,11,229,128,101,49.3,42.5,50.8,8,0,0,8,100.0,100.0,96.7,1,0,48.5,53.4,-6.0,-2.6000000000000014,3646,2459,6105,0.03510696653867252,0.04107360715738105,0.03751023751023751,-0.4465606143719144,-0.2174272468483124,-0.6639878612202268,-0.02167331004563969
2023,Jaylon Moore,43678,SF,T,T,15,227,121,106,72.9,69.7,69.8,8,1,1,6,100.0,100.0,96.1,0,0,54.75,55.05,14.950000000000003,14.75,3677,2890,6567,0.03290726135436497,0.03667820069204152,0.034566773260240595,1.0429627413652436,1.101483044982699,2.1444457863479425,0.06999712060725358
2023,Conor McDermott,11966,NE,T,T,6,227,145,82,67.8,65.9,68.0,14,2,2,10,100.0,100.0,94.3,3,0,54.75,55.05,11.150000000000006,12.950000000000003,3245,2005,5250,0.04468412942989214,0.040897755610972565,0.043238095238095235,1.0562434514637908,1.078318403990025,2.134561855453816,0.06967449799432748
2023,Brock Hoffman,54535,DAL,C,C,8,222,124,98,53.7,57.0,54.3,5,0,0,5,100.0,100.0,97.8,3,0,53.45,55.375,3.549999999999997,-1.0750000000000028,4069,2342,6411,0.030474318014254115,0.04184457728437233,0.03462798315395414,0.2293497173752763,-0.09158522630230596,0.13776449107297034,0.004496787822020039
2023,Jason Peters,2148,SEA,T,T,8,215,147,68,53.9,45.1,71.2,14,0,3,11,100.0,100.0,94.8,4,1,54.75,55.05,-9.649999999999999,16.150000000000006,3416,1814,5230,0.0430327868852459,0.037486218302094816,0.04110898661567878,-0.8803647540983605,1.232599338478501,0.35223458438014055,0.011497332710327667
2023,Corey Linsley,8796,LAC,C,C,3,214,144,70,63.5,54.3,65.9,6,0,1,5,100.0,100.0,97.8,0,0,53.45,55.375,0.8499999999999943,10.525000000000006,3812,1984,5798,0.03777544596012592,0.03528225806451613,0.03690927906174543,0.06807135362014646,0.7560599798387102,0.8241313334588567,0.026900572964625395
2023,Landon Young,41761,NO,T,T,11,213,106,106,49.4,45.9,51.1,5,2,0,3,99.5,99.1,96.5,1,0,54.75,55.05,-8.850000000000001,-3.9499999999999957,3420,2489,5911,0.030994152046783626,0.04258738449176376,0.03603451192691592,-0.5815122807017544,-0.3424962635596621,-0.9240085442614165,-0.03016067737713608
2023,Kelvin Beachum,7229,ARI,T,T,6,212,119,93,61.2,67.6,51.7,10,2,0,8,100.0,100.0,94.6,1,0,54.75,55.05,12.849999999999994,-3.3499999999999943,3427,2229,5656,0.03472424861394806,0.04172274562584118,0.03748231966053748,0.9459579807411725,-0.2845741588156119,0.6613838219255607,0.021588311276384164
2023,Cameron Erving,9452,NO,T,T,3,208,120,88,49.0,70.5,36.3,4,1,0,3,100.0,100.0,97.8,2,0,54.75,55.05,15.75,-18.75,3420,2489,5911,0.03508771929824561,0.035355564483728404,0.03518863136525122,1.171578947368421,-1.3496986741663317,-0.17811972679791066,-0.005814028071298354
2023,Andrew Rupcich,156082,TEN,G,G,4,208,130,78,58.4,68.6,54.9,5,1,1,3,100.0,100.0,97.5,1,0,48.5,53.4,20.099999999999994,1.5,3477,2335,5818,0.03738855335058959,0.03340471092077088,0.0357511172224132,1.5932010353753232,0.10201798715203426,1.6952190225273576,0.05533385415055905
2023,Billy Turner,8702,NYJ,T,T,8,208,151,57,50.9,51.9,50.2,16,4,2,10,100.0,100.0,93.0,1,1,54.75,55.05,-2.8500000000000014,-4.849999999999994,3697,1860,5558,0.040843927508790914,0.03064516129032258,0.037423533645196114,-0.2467790100081148,-0.302608709677419,-0.5493877196855338,-0.01793263262694243
2023,Kendrick Green,56642,HOU,G,G,3,208,121,87,58.9,69.9,56.3,4,0,1,3,100.0,100.0,98.2,2,1,48.5,53.4,21.400000000000006,2.8999999999999986,3805,2281,6087,0.03180026281208936,0.03814116615519509,0.034171184491539344,1.4427143232588702,0.2252007014467338,1.667915024705604,0.054442620974716305
2023,Ryan Neuzil,41123,ATL,C,C,6,203,116,87,55.3,59.1,56.2,3,0,0,3,100.0,100.0,98.6,1,0,53.45,55.375,5.649999999999999,0.8250000000000028,3165,2480,5647,0.03665086887835703,0.03508064516129032,0.035948291128032585,0.4390041074249604,0.05892495967741956,0.49792906710237994,0.016252964372290946
2023,Sam Mustipher,13026,BAL,C,C,7,202,110,92,67.0,61.0,67.1,2,0,0,2,100.0,100.0,99.0,1,0,53.45,55.375,7.549999999999997,11.724999999999994,3616,2662,6278,0.030420353982300884,0.03456048084147258,0.03217585218222364,0.4869081858407077,0.8250312546957171,1.3119394405364249,0.04282317782676783
2023,Gabe Jackson,8716,CAR,G,G,4,194,110,84,58.1,48.9,63.1,8,3,0,5,100.0,100.0,94.7,1,0,48.5,53.4,0.3999999999999986,9.700000000000003,3296,1944,5240,0.03337378640776699,0.043209876543209874,0.037022900763358776,0.028300970873786302,0.8533604938271607,0.8816614647009471,0.028778421106434443
2023,Carter O'Donnell,105607,ARI,G,G,5,193,125,68,54.1,58.4,50.5,9,0,1,8,100.0,100.0,96.1,3,0,48.5,53.4,9.899999999999999,-2.8999999999999986,3427,2229,5656,0.03647505106507149,0.03050695379093764,0.03412305516265912,0.7655383717537203,-0.18012525796321213,0.5854131137905082,0.01910854197943962
2023,Halapoulivaati Vaitai,10798,DET,G,G,3,192,122,70,65.5,68.4,64.6,3,1,0,2,100.0,100.0,98.3,1,1,48.5,53.4,19.900000000000006,11.199999999999996,3998,2955,6967,0.030515257628814407,0.023688663282571912,0.027558490024400747,1.2873776888444226,0.5401773265651437,1.8275550154095663,0.05965344969054798
2023,David Edwards,35941,BUF,G,G,17,194,35,156,90.2,68.0,85.9,1,0,0,1,98.5,92.1,98.4,1,0,48.5,53.4,19.5,32.50000000000001,3909,2788,6700,0.008953696597595293,0.05595408895265423,0.028955223880597014,0.3701458173445894,3.7024820659971316,4.072627883341721,0.13293515133540454
2023,Daniel Faalele,81734,BAL,T,T,13,191,103,88,48.7,43.6,50.5,10,3,2,5,100.0,100.0,93.5,0,0,54.75,55.05,-11.149999999999999,-4.549999999999997,3616,2662,6278,0.028484513274336282,0.03305785123966942,0.030423701815864925,-0.6733169247787609,-0.30624132231404944,-0.9795582470928104,-0.03197388210981813
2023,Royce Newman,41746,GB,G,G,8,186,120,66,40.9,52.2,43.3,10,1,1,8,100.0,100.0,95.0,2,0,48.5,53.4,3.700000000000003,-10.100000000000001,3646,2459,6105,0.03291278113000549,0.02684017893452623,0.030466830466830467,0.25816785518376323,-0.5519307035380238,-0.29376284835426053,-0.009588749530106883
2023,Ja'Tyre Carter,78432,CHI,G,G,5,175,100,75,49.0,67.2,44.8,5,1,0,4,100.0,100.0,96.9,1,0,48.5,53.4,18.700000000000003,-8.600000000000001,3230,2433,5663,0.030959752321981424,0.030826140567200986,0.030902348578491966,1.2273684210526317,-0.5397533908754625,0.6876150301771692,0.02244452739495006
2023,Jack Driscoll,27064,PHI,T,T,8,174,107,67,48.5,58.6,37.2,10,1,1,8,100.0,100.0,94.8,0,0,54.75,55.05,3.8500000000000014,-17.849999999999994,3611,2421,6036,0.029631680974799224,0.027674514663362248,0.02882703777335984,0.24185378011631134,-1.0057638166047085,-0.7639100364883972,-0.02493488214884343
2023,Ben Cleveland,41696,BAL,G,G,13,171,76,95,65.8,80.7,62.0,3,0,0,3,100.0,100.0,98.0,1,0,48.5,53.4,32.2,8.600000000000001,3616,2662,6278,0.02101769911504425,0.035687453042824946,0.0272379738770309,1.4347522123893806,0.6248730277986477,2.059625240188028,0.06722848265085186
2023,Blake Brandel,46282,MIN,G,G,3,163,114,49,55.1,52.2,63.8,8,1,2,5,100.0,100.0,95.9,2,0,48.5,53.4,3.700000000000003,10.399999999999999,3505,1728,5233,0.03252496433666191,0.028356481481481483,0.031148480794955094,0.2551258202567762,0.6004314814814814,0.8555573017382576,0.02792635188888496
2023,Jordan McFadden,77578,LAC,G,G,9,163,103,59,52.0,54.0,49.5,5,1,2,2,99.4,99.0,96.9,0,0,48.5,53.4,5.5,-3.8999999999999986,3812,1984,5798,0.0270199370409234,0.029737903225806453,0.028113142462918246,0.31505246589716684,-0.23613084677419346,0.07892161912297338,0.002576090348116717
2023,Nate Herbig,28844,PIT,G,G,3,156,91,65,67.6,48.5,71.9,10,1,0,9,100.0,100.0,93.7,0,0,48.5,53.4,0.0,18.500000000000007,3249,2442,5691,0.028008618036318867,0.02661752661752662,0.027411702688455455,0.0,1.002575757575758,1.002575757575758,0.03272519952134265
2023,Calvin Anderson,46247,NE,T,T,2,154,110,44,44.6,38.4,49.1,9,1,2,6,100.0,100.0,95.2,1,0,54.75,55.05,-16.35,-5.949999999999996,3245,2005,5250,0.03389830508474576,0.021945137157107233,0.029333333333333333,-1.174983050847458,-0.26584778054862823,-1.4408308313960863,-0.04703033768535543
2023,Blake Hance,46301,JAX,T,T,11,152,84,66,28.0,10.0,49.7,11,0,5,6,98.7,97.7,93.0,1,0,54.75,55.05,-44.75,-5.349999999999994,3886,2132,6020,0.02161605764282038,0.03095684803001876,0.02524916943521595,-2.0507153885743694,-0.337200562851782,-2.3879159514261517,-0.07794426043132474
2023,Wes Schweitzer,10829,NYJ,G,G,3,149,99,50,52.7,60.0,47.0,5,1,0,4,100.0,100.0,96.8,1,0,48.5,53.4,11.5,-6.399999999999999,3697,1860,5558,0.026778469028942386,0.026881720430107527,0.02680820439006837,0.6528590749256153,-0.3502795698924731,0.30257950503314224,0.009876535113138777
2023,Dennis Daley,60063,ARI,G,G,3,144,95,49,38.4,30.9,42.3,7,2,2,3,100.0,100.0,94.9,0,0,48.5,53.4,-17.6,-11.100000000000001,3427,2229,5656,0.027721038809454333,0.021982951996410947,0.02545968882602546,-1.0343274000583602,-0.4968059219380889,-1.5311333219964491,-0.04997791246944624
2023,Trent Scott,24481,WAS,T,T,6,138,89,49,59.8,55.2,77.3,10,0,1,9,100.0,100.0,93.9,3,0,54.75,55.05,0.45000000000000284,22.25,3906,1640,5546,0.022785458269329237,0.029878048780487804,0.024882798413270825,0.02173732718894023,1.353505487804878,1.3752428149938183,0.04488947111566768
2023,Matt Peart,46179,NYG,T,T,7,133,91,42,42.9,55.8,34.0,6,0,1,5,100.0,100.0,96.4,2,1,54.75,55.05,1.0499999999999972,-21.049999999999997,3551,2023,5575,0.025626584060827937,0.020761245674740483,0.023856502242152466,0.057044776119402826,-0.8897813148788924,-0.8327365387594896,-0.02718145653702122
2023,Olusegun Oluwatimi,98581,SEA,C,C,4,128,70,58,53.1,75.5,50.1,1,0,0,1,100.0,100.0,99.3,1,0,53.45,55.375,22.049999999999997,-5.274999999999999,3416,1814,5230,0.020491803278688523,0.03197353914002205,0.024474187380497132,0.9579098360655735,-0.34339261300992274,0.6145172230556507,0.020058532815938352
2023,Cam Fleming,8775,DEN,T,T,6,126,80,46,59.4,71.3,44.8,3,0,1,2,100.0,100.0,98.0,1,0,54.75,55.05,16.549999999999997,-10.25,3258,2178,5438,0.024554941682013505,0.021120293847566574,0.02317028319235013,0.8615346838551257,-0.44075941230486676,0.4207752715502589,0.013734577772382307
2023,Nicholas Petit-Frere,82003,TEN,T,T,3,117,66,51,35.5,27.8,55.4,11,3,5,3,100.0,100.0,87.7,4,1,54.75,55.05,-26.95,0.3500000000000014,3477,2335,5818,0.01898188093183779,0.02184154175588865,0.020110003437607424,-1.0845107851596203,0.015564282655246314,-1.068946502504374,-0.03489161522983836
2023,Duane Brown,4340,NYJ,T,T,4,111,68,42,47.9,38.3,53.5,9,2,3,4,99.1,98.6,91.3,1,1,54.75,55.05,-16.450000000000003,-1.5499999999999972,3697,1860,5558,0.018393291858263456,0.02258064516129032,0.019971212666426773,-0.6414476602650798,-0.07125999999999987,-0.7127076602650797,-0.023263579042605793
2023,Dan Skipper,12307,DET,G,G,14,112,38,63,60.1,58.3,67.6,3,1,1,1,90.2,77.6,94.1,1,0,48.5,53.4,9.799999999999997,14.199999999999996,3998,2955,6967,0.009504752376188095,0.02131979695431472,0.016075785847567102,0.19747073536768378,0.6163809137055835,0.8138516490732672,0.026565032512950924
2023,Tremayne Anchrum Jr.,41813,LA,G,G,5,96,58,38,46.8,53.4,43.3,2,1,0,1,100.0,100.0,97.2,1,0,48.5,53.4,4.899999999999999,-10.100000000000001,3630,2395,6025,0.015977961432506887,0.015866388308977037,0.015933609958506224,0.16597906336088147,-0.32627006263048025,-0.16029099926959878,-0.005232078367082039
2023,Jordan Meredith,60235,LV,G,G,8,93,56,37,60.5,56.7,60.1,2,0,1,1,100.0,100.0,98.2,0,0,48.5,53.4,8.200000000000003,6.700000000000003,3200,2101,5301,0.0175,0.017610661589719183,0.017543859649122806,0.3042200000000001,0.24023055687767741,0.5444505568776775,0.01777147808402078
2023,Shane Lemieux,28149,NYG,G,G,2,91,67,24,34.3,26.1,39.3,6,1,0,5,100.0,100.0,94.4,0,0,48.5,53.4,-22.4,-14.100000000000001,3551,2023,5575,0.018867924528301886,0.011863568956994563,0.01632286995515695,-0.8959999999999998,-0.34057459218981717,-1.236574592189817,-0.04036318447424344
2023,Dan Feeney,11826,CHI,C,C,4,90,40,50,44.8,44.8,45.7,3,1,0,2,100.0,100.0,94.6,1,0,53.45,55.375,-8.650000000000006,-9.674999999999997,3230,2433,5663,0.01238390092879257,0.02055076037813399,0.015892636411795866,-0.2270959752321983,-0.4048150431565966,-0.6319110183887949,-0.02062628584448446
2023,Matt Nelson,48584,DET,T,T,3,85,49,36,58.0,71.6,53.9,2,0,1,1,100.0,100.0,97.9,1,0,54.75,55.05,16.849999999999994,-1.1499999999999986,3998,2955,6967,0.012256128064032016,0.012182741116751269,0.012200373187885747,0.4378134067033515,-0.028524670050761383,0.40928873665259013,0.013359644363615267
2023,Chris Glaser,62780,NYJ,G,G,3,83,51,32,45.5,59.5,52.6,2,1,0,1,100.0,100.0,96.7,2,0,48.5,53.4,11.0,-0.7999999999999972,3697,1860,5558,0.013794968893697593,0.017204301075268817,0.01493342929111191,0.32169867460102786,-0.028022365591397747,0.2936763090096301,0.009585924788636646
2023,Brady Christensen,51985,CAR,G,G,1,77,46,31,56.7,51.4,57.5,4,0,0,4,100.0,100.0,95.2,0,0,48.5,53.4,2.8999999999999986,4.100000000000001,3296,1944,5240,0.013956310679611651,0.01594650205761317,0.014694656488549618,0.08580339805825239,0.13311502057613175,0.21891841863438416,0.007145743226457071
2023,Justin McCray,9234,CAR,G,G,3,77,41,36,41.0,39.5,49.2,3,0,0,3,100.0,100.0,96.1,2,0,48.5,53.4,-9.0,-4.199999999999996,3296,1944,5240,0.012439320388349514,0.018518518518518517,0.014694656488549618,-0.23734223300970872,-0.1583555555555554,-0.3956977885652641,-0.012916020543189561
2023,Cody Ford,39805,CIN,G,G,12,78,31,45,53.9,41.5,58.1,2,0,0,2,97.4,93.9,96.7,0,0,48.5,53.4,-7.0,4.700000000000003,3656,1818,5476,0.008479212253829322,0.024752475247524754,0.014243973703433162,-0.12583150984682712,0.23686138613861402,0.1110298762917869,0.0036241399485506323
2023,Quinn Bailey,46669,DEN,G,G,15,77,13,62,42.0,79.3,42.5,0,0,0,0,97.4,86.7,100.0,1,0,48.5,53.4,30.799999999999997,-10.899999999999999,3258,2178,5438,0.003990178023327195,0.028466483011937556,0.01415961750643619,0.2605426642111725,-0.6317395775941229,-0.3711969133829504,-0.012116284440725362
2023,Brett Toth,46848,CAR,G,G,1,74,44,30,44.1,32.3,49.0,4,1,0,3,100.0,100.0,93.4,1,0,48.5,53.4,-16.200000000000003,-4.399999999999999,3296,1944,5240,0.013349514563106795,0.015432098765432098,0.014122137404580152,-0.4584757281553399,-0.13824691358024685,-0.5967226417355868,-0.019477697682336145
2023,Tyler Steen,81921,PHI,G,G,4,71,42,29,53.2,21.9,64.1,6,0,1,5,100.0,100.0,92.3,0,0,48.5,53.4,-26.6,10.699999999999996,3611,2421,6036,0.011631127111603435,0.01197852127220157,0.011762756792577865,-0.6559025200775409,0.2609544816191655,-0.3949480384583754,-0.012891547857057185
2023,Jake Andrews,81868,NE,G,G,2,71,47,24,53.0,34.2,60.8,4,0,0,4,100.0,100.0,95.7,0,0,48.5,53.4,-14.299999999999997,7.399999999999999,3245,2005,5250,0.01448382126348228,0.011970074812967581,0.013523809523809523,-0.4390915254237287,0.18034593516209474,-0.25874559026163396,-0.008445746870095963
2023,Kion Smith,136103,MIA,T,T,5,70,22,48,60.3,86.1,56.9,0,0,0,0,100.0,100.0,100.0,1,0,54.75,55.05,31.349999999999994,1.8500000000000014,3455,2340,5795,0.006367583212735167,0.020512820512820513,0.012079378774805867,0.4232023154848046,0.0772635897435898,0.5004659052283944,0.016335769619874343
2023,Mike Caliendo,41446,KC,G,G,2,64,35,29,45.1,28.1,51.3,4,1,0,3,100.0,100.0,92.9,0,0,48.5,53.4,-20.4,-2.1000000000000014,4716,2382,7099,0.007421543681085666,0.012174643157010915,0.009015354275250036,-0.32096692111959285,-0.0520539042821159,-0.3730208254017088,-0.012175818978910855
2023,Kyle Hinton,83163,ATL,G,G,4,63,28,35,59.8,79.2,54.5,0,0,0,0,100.0,100.0,100.0,0,0,48.5,53.4,30.700000000000003,1.1000000000000014,3165,2480,5647,0.008846761453396525,0.014112903225806451,0.011156366212148043,0.5757826224328595,0.03160725806451617,0.6073898804973756,0.01982588834442181
2023,John Ojukwu,58530,TEN,T,T,3,66,13,48,64.4,50.0,65.4,3,1,1,1,92.4,72.2,81.8,0,0,54.75,55.05,-4.75,10.350000000000009,3477,2335,5818,0.003738855335058959,0.020556745182012847,0.011344104503265727,-0.03765027322404371,0.43318406852248426,0.39553379529844057,0.012910667618648543
2023,Leroy Watson,98723,CLE,T,T,5,60,33,27,49.8,46.2,51.0,0,0,0,0,100.0,100.0,100.0,0,0,54.75,55.05,-8.549999999999997,-4.049999999999997,4016,2738,6761,0.008217131474103585,0.009861212563915266,0.008874426859931962,-0.14894372509960155,-0.08131358655953244,-0.230257311659134,-0.007515857438557457
2023,Lucas Niang,47004,KC,T,T,3,59,36,23,47.4,56.5,48.4,4,0,1,3,100.0,100.0,94.3,1,1,54.75,55.05,1.75,-6.649999999999999,4716,2382,7099,0.007633587786259542,0.009655751469353484,0.008311029722496126,0.028320610687022896,-0.1307330814441645,-0.10241247075714162,-0.0033428581468048124
2023,Tyler Vrabel,77343,ATL,T,T,1,57,37,20,68.1,71.6,62.1,0,0,0,0,100.0,100.0,100.0,0,0,54.75,55.05,16.849999999999994,7.050000000000004,3165,2480,5647,0.011690363349131122,0.008064516129032258,0.01009385514432442,0.4176031595576618,0.1157564516129033,0.5333596111705651,0.017409457151035864
2023,Luke Wypler,129764,CLE,G,G,2,57,34,23,64.6,54.5,65.9,2,0,1,1,100.0,100.0,97.1,0,0,48.5,53.4,6.0,12.500000000000007,4016,2738,6761,0.00846613545816733,0.008400292184075968,0.008430705516935364,0.10768924302788843,0.2137874360847335,0.3214766791126219,0.010493360113611409
2023,David Bakhtiari,7891,GB,T,T,1,55,30,25,78.3,89.9,68.6,0,0,0,0,100.0,100.0,100.0,0,0,54.75,55.05,35.150000000000006,13.549999999999997,3646,2459,6105,0.008228195282501372,0.010166734444896299,0.009009009009009009,0.6131486560614373,0.28047783651891006,0.8936264925803474,0.02916897306390307
2023,Cole Van Lanen,41583,JAX,T,T,2,53,50,3,51.8,45.5,59.5,6,0,1,5,100.0,100.0,93.3,0,0,54.75,55.05,-9.25,4.450000000000003,3886,2132,6020,0.012866700977869275,0.0014071294559099437,0.008803986710963455,-0.25231600617601646,0.01274887429643528,-0.23956713187958117,-0.007819740433852147
2023,Foster Sarell,52272,LAC,T,T,7,48,25,23,48.0,51.6,45.9,2,0,0,2,100.0,100.0,96.0,0,0,54.75,55.05,-3.1499999999999986,-9.149999999999999,3812,1984,5798,0.006558237145855194,0.011592741935483871,0.008278716798896172,-0.043795907660020963,-0.2159658266129032,-0.25976173427292415,-0.008478914952667893
2023,Jalen Mayfield,81725,NYG,G,G,2,47,32,15,26.1,0.0,39.4,5,0,0,5,100.0,100.0,91.7,2,0,48.5,53.4,-48.5,-14.0,3551,2023,5575,0.009011546043368065,0.007414730598121601,0.0084304932735426,-0.9265671641791043,-0.2113494809688581,-1.1379166451479625,-0.03714287820121171
2023,Ryan Van Demark,55113,BUF,T,T,9,46,7,39,60.2,27.2,64.4,1,0,1,0,100.0,100.0,92.9,0,0,54.75,55.05,-27.55,9.350000000000009,3909,2788,6700,0.0017907393195190585,0.013988522238163558,0.006865671641791045,-0.10458992069583013,0.2662939024390246,0.1617039817431945,0.005278199703070044
2023,Olisaemeka Udoh,28394,MIN,T,T,2,45,37,8,52.4,49.8,50.5,3,1,1,1,100.0,100.0,94.4,0,0,54.75,55.05,-4.950000000000003,-4.549999999999997,3505,1728,5233,0.010556348074179744,0.004629629629629629,0.008599273839098032,-0.11077831669044229,-0.04288796296296293,-0.15366627965340524,-0.00501584007329255
2023,Riley Reiff,7029,NE,G,G,1,45,29,16,60.0,63.4,57.0,1,0,0,1,100.0,100.0,98.1,0,0,48.5,53.4,14.899999999999999,3.6000000000000014,3245,2005,5250,0.008936825885978428,0.00798004987531172,0.008571428571428572,0.28229645608628656,0.05849057356608481,0.3407870296523714,0.011123671658115933
2023,Matt Pryor,46647,SF,T,T,6,42,14,28,88.5,80.8,87.7,0,0,0,0,100.0,100.0,100.0,0,0,54.75,55.05,26.049999999999997,32.650000000000006,3677,2890,6567,0.003807451726951319,0.009688581314878892,0.006395614435815441,0.21027032907261348,0.6440523183391004,0.8543226474117138,0.02788605138403959
2023,Asim Richards,99674,DAL,T,T,5,40,16,24,64.8,63.9,63.0,1,0,0,1,100.0,100.0,96.7,0,0,54.75,55.05,9.149999999999999,7.950000000000003,4069,2342,6411,0.00393217006635537,0.010247651579846286,0.006239276243955701,0.07627623494716144,0.165870538001708,0.24214677294886944,0.007903942817610194
2023,Austin Deculus,59821,NYJ,T,T,2,39,22,17,62.7,53.6,64.6,3,0,3,0,100.0,100.0,91.7,0,0,54.75,55.05,-1.1499999999999986,9.549999999999997,3697,1860,5558,0.005950770895320531,0.00913978494623656,0.007016912558474271,-0.014507979442791433,0.17771215053763434,0.16320417109484292,0.005327167569569427
2023,Luke Wattenberg,41024,DEN,G,G,4,39,17,22,57.9,33.0,61.7,2,0,0,2,100.0,100.0,94.1,0,0,48.5,53.4,-15.5,8.300000000000004,3258,2178,5438,0.0052179251074278695,0.010101010101010102,0.007171754321441706,-0.1714610190300798,0.1706949494949496,-0.0007660695351301983,-2.5005370611570565e-05
2023,Fred Johnson,46951,PHI,T,T,3,37,23,14,74.8,76.2,72.9,1,0,0,1,100.0,100.0,97.8,0,0,54.75,55.05,21.450000000000003,17.85000000000001,3611,2421,6036,0.006369426751592357,0.0057827344072697235,0.006129887342611001,0.2896433121019109,0.21015960346964077,0.49980291557155165,0.016314128892341465
2023,Josh Sills,41748,IND,G,G,7,36,13,23,59.0,48.8,59.9,1,0,0,1,100.0,100.0,96.2,0,0,48.5,53.4,0.29999999999999716,6.5,3438,2310,5748,0.0037812681791739382,0.009956709956709957,0.006263048016701462,0.0024048865619546015,0.13176709956709956,0.13417198612905415,0.004379524423037261
2023,Zach Thomas,43641,LA,T,T,1,35,29,6,22.8,8.6,55.9,5,2,0,3,100.0,100.0,86.5,1,0,54.75,55.05,-46.15,0.8500000000000014,3630,2395,6025,0.007988980716253443,0.0025052192066805845,0.005809128630705394,-0.7816258953168045,0.0043355323590814265,-0.777290362957723,-0.025371631042940147
2023,Ryan Bates,28300,BUF,C,C,6,35,2,33,78.7,70.8,77.2,0,0,0,0,100.0,100.0,100.0,0,0,53.45,55.375,17.349999999999994,21.825000000000003,3909,2788,6700,0.0005116398055768739,0.011836441893830704,0.0052238805970149255,0.01881913532872857,0.5259605810616931,0.5447797163904217,0.017782222220458853
2023,Brian Allen,46104,LA,C,C,3,34,14,20,69.2,79.8,66.5,0,0,0,0,100.0,100.0,100.0,0,0,53.45,55.375,26.349999999999994,11.125,3630,2395,6025,0.003856749311294766,0.008350730688935281,0.005643153526970954,0.21544573002754816,0.1891482254697286,0.4045939554972767,0.013206401430245157
2023,Warren McClendon Jr.,99081,LA,T,T,2,32,16,16,54.6,45.0,57.0,2,1,0,1,100.0,100.0,89.3,0,0,54.75,55.05,-9.75,1.9500000000000028,3630,2395,6025,0.004407713498622589,0.006680584551148226,0.0053112033195020746,-0.09110743801652892,0.026523256784968724,-0.06458418123156019,-0.0021081002615063286
2023,Justin Skule,38951,TB,T,T,8,29,4,24,69.8,79.2,64.9,0,0,0,0,96.6,80.0,100.0,0,0,54.75,55.05,24.450000000000003,9.850000000000009,3897,2309,6207,0.0010264305876315114,0.01039411000433088,0.00467214435314967,0.05320400307929177,0.20844971849285424,0.261653721572146,0.008540671544517466
2023,Ricky Stromberg,99066,WAS,G,G,3,26,21,5,44.5,41.7,46.3,1,0,0,1,100.0,100.0,97.4,0,0,48.5,53.4,-6.799999999999997,-7.100000000000001,3906,1640,5546,0.005376344086021506,0.003048780487804878,0.0046880634691669676,-0.077505376344086,-0.04407195121951221,-0.12157732756359821,-0.003968420612334368
2023,Jack Conklin,10642,CLE,T,T,1,22,15,7,74.5,78.9,71.7,0,0,0,0,100.0,100.0,100.0,0,0,54.75,55.05,24.150000000000006,16.650000000000006,4016,2738,6761,0.0037350597609561755,0.002556610664718773,0.0032539565153083864,0.1912275896414343,0.08666756756756759,0.2778951572090019,0.009070810257440604
2023,Nick Saldiveri,81785,NO,G,G,3,18,14,4,52.1,32.2,59.9,1,0,0,1,100.0,100.0,95.8,0,0,48.5,53.4,-16.299999999999997,6.5,3420,2489,5911,0.004093567251461989,0.0016070711128967456,0.0030451700219928947,-0.14145730994152045,0.02126797910807553,-0.12018933083344492,-0.0039231148390937816
2023,Justin Herron,46271,LV,T,T,5,17,8,9,65.1,68.7,61.6,0,0,0,0,100.0,100.0,100.0,0,0,54.75,55.05,13.950000000000003,6.550000000000004,3200,2101,5301,0.0025,0.004283674440742504,0.0032069420863987926,0.07393500000000001,0.057126225606853924,0.13106122560685393,0.004277985703411451
2023,Sean Harlow,11891,NYG,C,C,2,16,13,3,45.3,73.3,55.4,1,0,0,1,100.0,100.0,95.8,1,0,53.45,55.375,19.849999999999994,0.02499999999999858,3551,2023,5575,0.0036609405801182764,0.0014829461196243204,0.0028699551569506725,0.15405970149253725,7.54819574888736e-05,0.15413518345002614,0.005031145620214847
2023,Prince Tega Wanogho,44820,KC,T,T,2,16,9,7,60.6,21.1,81.0,2,0,2,0,100.0,100.0,88.9,0,0,54.75,55.05,-33.65,25.950000000000003,4716,2382,7099,0.0019083969465648854,0.002938706968933669,0.002253838568812509,-0.13614122137404577,0.15526423173803527,0.0191230103639895,0.0006241965506162481
2023,Hroniss Grasu,9504,LV,C,C,1,15,7,8,45.7,60.2,45.7,1,0,0,1,100.0,100.0,92.9,0,0,53.45,55.375,6.75,-9.674999999999997,3200,2101,5301,0.0021875,0.0038077106139933364,0.0028296547821165816,0.031303125,-0.07500542598762491,-0.04370230098762491,-0.0014264922212162377
2023,Brandon Parker,34693,LV,T,T,3,14,4,10,57.4,58.0,57.3,1,0,0,1,100.0,100.0,87.5,0,0,54.75,55.05,3.25,2.25,3200,2101,5301,0.00125,0.00475963826749167,0.0026410111299754765,0.0086125,0.021803902903379344,0.030416402903379346,0.0009928255757365254
2023,Max Scharping,46961,CIN,C,C,2,13,5,8,78.1,77.9,78.2,0,0,0,0,100.0,100.0,100.0,0,0,53.45,55.375,24.450000000000003,22.825000000000003,3656,1818,5476,0.0013676148796498905,0.0044004400440044,0.0023739956172388606,0.07088894967177244,0.2044959295929593,0.27538487926473176,0.008988871964040308
2023,Jackson Carman,52575,CIN,T,T,1,12,5,7,56.6,48.5,57.7,1,0,0,1,100.0,100.0,90.0,0,0,54.75,55.05,-6.25,2.6500000000000057,3656,1818,5476,0.0013676148796498905,0.0038503850385038503,0.002191380569758948,-0.01812089715536105,0.020774367436743716,0.0026534702813826652,8.661225221739853e-05
2023,Dieter Eiselen,109304,HOU,C,C,3,10,2,8,96.3,71.1,93.7,0,0,0,0,100.0,100.0,100.0,0,0,53.45,55.375,17.64999999999999,38.325,3805,2281,6087,0.0005256241787122207,0.0035072336694432268,0.001642845408247084,0.019667805519053866,0.27366839105655416,0.29333619657560805,0.009574823136538083
2023,Austen Pleasants,37066,LAC,T,T,1,10,8,2,34.6,4.8,54.4,2,0,0,2,100.0,100.0,87.5,0,0,54.75,55.05,-49.95,-0.6499999999999986,3812,1984,5798,0.002098635886673662,0.0010080645161290322,0.0017247326664367024,-0.2222329485834208,-0.0013340725806451584,-0.22356702116406596,-0.007297478837586448
2023,Jonotthan Harrison,9132,MIA,G,G,2,9,1,8,57.1,67.2,56.1,0,0,0,0,100.0,100.0,100.0,0,0,48.5,53.4,18.700000000000003,2.700000000000003,3455,2340,5795,0.0002894356005788712,0.003418803418803419,0.0015530629853321828,0.01147438494934877,0.01879384615384617,0.030268231103194942,0.000987989081648342
2023,Tommy Kraemer,40976,NO,T,T,2,8,0,8,48.5,,45.5,0,0,0,0,100.0,,,0,0,54.75,55.05,,-9.549999999999997,3420,2489,5911,0.0,0.0032141422257934912,0.0013534088986635088,,-0.06249513860988346,,
2023,Corey Levin,11972,TEN,C,C,3,9,2,6,48.8,74.1,50.5,0,0,0,0,88.9,66.7,100.0,0,0,53.45,55.375,20.64999999999999,-4.875,3477,2335,5818,0.0005752085130859936,0.002569593147751606,0.0015469233413544173,0.025181478285878616,-0.025504496788008563,-0.00032301850212994657,-1.0543686949750507e-05
2023,Ben Brown,59869,SEA,G,G,1,8,5,3,61.5,77.7,58.7,0,0,0,0,100.0,100.0,100.0,0,0,48.5,53.4,29.200000000000003,5.300000000000004,3416,1814,5230,0.0014637002341920376,0.0016538037486218302,0.0015296367112810707,0.0906088992974239,0.01784586549062846,0.10845476478805235,0.003540085414903034
2023,John Leglue,46859,ATL,C,C,1,8,0,8,61.9,,61.6,0,0,0,0,100.0,,,0,0,53.45,55.375,,6.225000000000001,3165,2480,5647,0.0,0.0032258064516129032,0.0014166814237648309,,0.040884193548387106,,
2023,Matt Waletzko,87430,DAL,T,T,1,7,4,3,54.3,26.0,59.4,0,0,0,0,100.0,100.0,100.0,0,0,54.75,55.05,-28.75,4.350000000000001,4069,2342,6411,0.0009830425165888424,0.0012809564474807857,0.0010918733426922478,-0.05991644138608994,0.011344918872758332,-0.048571522513331605,-0.0015854290843293748
2023,J.D. DiRenzo,108791,CAR,G,G,3,6,1,5,46.2,8.1,57.4,0,0,0,0,100.0,100.0,100.0,0,0,48.5,53.4,-40.4,4.0,3296,1944,5240,0.00030339805825242716,0.00257201646090535,0.0011450381679389313,-0.02598543689320388,0.02094650205761317,-0.00503893483559071,-0.00016447649628840093
2023,Arlington Hambright,60003,IND,G,G,2,6,0,6,65.4,,67.4,0,0,0,0,100.0,,,0,0,48.5,53.4,,14.000000000000007,3438,2310,5748,0.0,0.0025974025974025974,0.0010438413361169101,,0.07403636363636368,,
2023,James Ferentz,9258,NE,G,G,1,4,2,2,40.6,0.0,60.0,1,1,0,0,100.0,100.0,50.0,0,0,48.5,53.4,-48.5,6.600000000000001,3245,2005,5250,0.0006163328197226503,0.000997506234413965,0.0007619047619047619,-0.0633713405238829,0.013404089775561099,-0.0499672507483218,-0.001630987222577271
2023,Raiqwon O'Neal,81811,SEA,T,T,1,4,1,3,60.0,66.2,60.0,0,0,0,0,100.0,100.0,100.0,0,0,54.75,55.05,11.450000000000003,4.950000000000003,3416,1814,5230,0.0002927400468384075,0.0016538037486218302,0.0007648183556405354,0.007105971896955505,0.01666736493936054,0.023773336836316047,0.0007759884331710866
2023,Nick Broeker,99084,HOU,G,G,1,3,0,3,57.5,,57.6,0,0,0,0,100.0,,,0,0,48.5,53.4,,4.200000000000003,3805,2281,6087,0.0,0.00131521262604121,0.0004928536224741252,,0.011246646207803601,,
2023,Jaylon Thomas,77421,NYG,C,C,1,3,2,1,60.0,26.4,60.0,0,0,0,0,100.0,100.0,100.0,0,0,53.45,55.375,-27.050000000000004,4.625,3551,2023,5575,0.000563221627710504,0.0004943153732081067,0.0005381165919282511,-0.032298507462686574,0.004654720711814137,-0.027643786750872437,-0.0009023242683776849
2023,Jimmy Morrissey,41626,HOU,G,G,1,3,2,1,60.1,73.8,60.0,0,0,0,0,100.0,100.0,100.0,0,0,48.5,53.4,25.299999999999997,6.600000000000001,3805,2281,6087,0.0005256241787122207,0.00043840420868040335,0.0004928536224741252,0.028192378449408667,0.0058911003945637894,0.034083478843972455,0.0011125230558611202
2023,Julian Good-Jones,36624,WAS,G,G,1,2,1,1,67.7,67.4,67.1,0,0,0,0,100.0,100.0,100.0,0,0,48.5,53.4,18.900000000000006,13.699999999999996,3906,1640,5546,0.0002560163850486431,0.0006097560975609756,0.0003606202668589975,0.010258064516129036,0.0170080487804878,0.027266113296616837,0.0008899965823638973
2023,Doug Kramer,41458,CHI,C,C,1,2,0,2,60.0,,60.0,0,0,0,0,100.0,,,0,0,53.45,55.375,,4.625,3230,2433,5663,0.0,0.0008220304151253596,0.0003531696980399082,,0.00774064940402795,,
2023,Chris Reed,9830,MIN,G,G,1,2,2,0,60.0,72.3,,0,0,0,0,100.0,100.0,100.0,0,0,48.5,53.4,23.799999999999997,,3505,1728,5233,0.0005706134094151213,0.0,0.00038218994840435696,0.028790870185449357,,,
2023,David Sharpe,11884,CAR,T,T,1,1,1,0,60.0,68.5,,0,0,0,0,100.0,100.0,,0,0,54.75,55.05,13.75,,3296,1944,5240,0.00030339805825242716,0.0,0.00019083969465648855,0.00884405339805825,,,
2023,Netane Muti,41339,LV,G,G,1,1,0,1,60.0,,60.0,0,0,0,0,100.0,,,0,0,48.5,53.4,,6.600000000000001,3200,2101,5301,0.0,0.00047596382674916705,0.00018864365214110544,,0.0063958115183246084,,
2023,Spencer Anderson,81719,PIT,G,G,1,1,0,1,60.0,,60.0,0,0,0,0,100.0,,,0,0,48.5,53.4,,6.600000000000001,3249,2442,5691,0.0,0.0004095004095004095,0.00017571604287471446,,0.005502702702702704,,
2023,Ty Nsekhe,7636,CLE,T,T,1,1,0,1,60.0,,59.2,0,0,0,0,100.0,,,0,0,54.75,55.05,,4.150000000000006,4016,2738,6761,0.0,0.0003652300949598247,0.00014790711433219938,,0.0030859751643535467,,
2024,Nick Allegretti,39268,WAS,G,G,20,1372,835,537,58.8,53.5,62.3,46,4,3,39,100.0,100.0,96.8,8,2,48.5,53.4,5.0,8.899999999999999,4196,2739,6940,0.19899904671115348,0.19605695509309967,0.19769452449567723,2.109389895138227,3.5526304490690026,5.66202034420723,0.18481470757493518
2024,Creed Humphrey,59996,KC,C,C,20,1288,829,459,92.4,91.5,90.5,7,0,2,5,100.0,100.0,99.5,2,1,53.45,55.375,38.05,35.125,4267,2357,6627,0.194281696742442,0.19473907509546032,0.19435642070318396,15.671927349425825,13.926667585914297,29.598594935340124,0.9661314045260221
2024,Trey Smith,62960,KC,G,G,20,1288,829,459,75.1,65.7,77.9,34,1,6,27,100.0,100.0,97.7,11,2,48.5,53.4,17.200000000000003,24.500000000000007,4267,2357,6627,0.194281696742442,0.19473907509546032,0.19435642070318396,7.084287790016406,9.713974543911753,16.798262333928157,0.5483141621326455
2024,Joe Thuney,10712,KC,G,G,20,1288,829,459,80.0,80.0,74.1,35,2,8,25,100.0,100.0,97.6,1,0,48.5,53.4,31.5,20.699999999999996,4267,2357,6627,0.194281696742442,0.19473907509546032,0.19435642070318396,12.974131708460277,8.207317267713192,21.18144897617347,0.6913863003953972
2024,Cam Jurgens,84014,PHI,C,C,20,1284,621,663,65.6,54.4,67.2,35,6,2,27,100.0,100.0,96.5,6,2,53.45,55.375,0.9499999999999957,11.825000000000003,3479,3673,7152,0.17849956884162116,0.18050639803974952,0.17953020134228187,0.3594981316470234,4.345817887285598,4.7053160189326215,0.1535868031587671
2024,Jawaan Taylor,41665,KC,T,T,19,1265,818,447,60.1,69.5,57.3,43,7,7,29,100.0,100.0,96.7,19,3,54.75,55.05,14.75,2.25,4267,2357,6627,0.19170377314272322,0.18964785744590582,0.19088577033348422,5.994576986172955,0.8687768349596946,6.86335382113265,0.2240275824394882
2024,Sam Cosmi,60114,WAS,G,G,19,1259,762,497,67.2,74.3,64.8,25,1,5,19,100.0,100.0,98.2,11,1,48.5,53.4,25.799999999999997,11.399999999999999,4196,2739,6940,0.18160152526215442,0.1814530850675429,0.18141210374639768,9.932877025738797,4.211598685651697,14.144475711390495,0.4616915841844123
2024,Daniel Faalele,81734,BAL,G,G,19,1240,638,602,61.8,63.5,59.8,33,1,3,29,100.0,100.0,97.1,6,1,48.5,53.4,15.0,6.399999999999999,3200,3069,6269,0.199375,0.19615509938090583,0.19779869197639177,6.340125,2.555979406972955,8.896104406972954,0.29037884616802845
2024,Landon Dickerson,41712,PHI,G,G,20,1231,608,623,78.6,70.5,79.4,32,5,5,22,100.0,100.0,96.8,10,3,48.5,53.4,22.0,26.000000000000007,3479,3673,7152,0.17476286289163553,0.1696161176150286,0.17211968680089484,8.150939925265881,8.978798802069155,17.129738727335038,0.5591339241594921
2024,Tyler Linderbaum,82291,BAL,C,C,19,1227,638,589,79.9,64.9,85.3,19,0,3,16,100.0,100.0,98.4,10,1,53.45,55.375,11.450000000000003,29.924999999999997,3200,3069,6269,0.199375,0.1919191919191919,0.19572499601212315,4.839628750000001,11.69311818181818,16.53274693181818,0.5396474409952337
2024,O'Cyrus Torrence,102821,BUF,G,G,19,1221,690,531,55.5,60.6,53.4,45,0,3,42,100.0,100.0,96.5,7,1,48.5,53.4,12.100000000000001,0.0,3670,2996,6677,0.1880108991825613,0.17723631508678236,0.1828665568369028,4.822855585831063,0.0,4.822855585831063,0.15742342672495488
2024,Ronnie Stanley,10640,BAL,T,T,19,1221,634,587,71.1,80.9,62.7,40,2,4,34,100.0,100.0,96.4,15,1,54.75,55.05,26.150000000000006,7.650000000000006,3200,3069,6269,0.198125,0.19126751384815902,0.1947679055670761,10.983653750000002,2.979068035190618,13.96272178519062,0.45575893176016014
2024,Penei Sewell,81788,DET,T,T,18,1213,664,548,89.6,75.4,91.5,29,1,5,23,99.9,99.8,97.7,6,0,54.75,55.05,20.650000000000006,36.45,3337,2804,6152,0.19898112076715613,0.19543509272467904,0.19717165149544863,8.710995504944561,14.503668188302427,23.21466369324699,0.7577527138890262
2024,Blake Brandel,46282,MIN,G,G,18,1191,730,461,55.7,62.1,57.7,46,9,7,30,100.0,100.0,95.9,11,0,48.5,53.4,13.600000000000001,4.300000000000004,3889,2433,6322,0.18770892260221136,0.1894780106863954,0.1883897500790889,5.412023656466959,1.6588420879572559,7.070865744424214,0.2308010048382049
2024,Garrett Bradbury,46013,MIN,C,C,18,1191,730,461,62.8,50.5,70.5,38,4,6,28,100.0,100.0,96.9,6,0,53.45,55.375,-2.950000000000003,15.125,3889,2433,6322,0.18770892260221136,0.1894780106863954,0.1883897500790889,-1.173931601954231,5.834880600082203,4.660948998127972,0.1521386137356451
2024,Lane Johnson,7786,PHI,T,T,19,1190,574,616,88.9,88.7,85.4,14,1,1,12,100.0,100.0,98.6,8,0,54.75,55.05,33.95,30.35000000000001,3479,3673,7152,0.16498993963782696,0.16771031854070242,0.1663870246085011,11.874985915492958,10.363256629458212,22.23824254495117,0.7258812302097246
2024,David Edwards,35941,BUF,G,G,19,1180,686,494,66.1,64.1,64.8,30,1,3,26,100.0,100.0,97.6,6,1,48.5,53.4,15.599999999999994,11.399999999999999,3670,2996,6677,0.18692098092643053,0.16488651535380508,0.17672607458439418,6.181850681198909,3.827081975967957,10.008932657166866,0.3267028109611135
2024,Cody Mauch,66637,TB,G,G,18,1178,722,456,74.6,77.2,68.4,19,2,1,16,100.0,100.0,98.5,2,0,48.5,53.4,28.700000000000003,15.000000000000007,3611,2331,5943,0.19994461368042094,0.1956241956241956,0.19821638902910987,12.165430074771532,5.9743629343629365,18.13979300913447,0.5921032311166028
2024,Joel Bitonio,8670,CLE,G,G,17,1178,815,363,63.9,70.2,59.6,32,3,5,24,100.0,100.0,97.7,7,0,48.5,53.4,21.700000000000003,6.200000000000003,4097,1863,5965,0.1989260434464242,0.19484702093397746,0.1974853310980721,9.1513937027093,2.4595929146537854,11.610986617363086,0.3789956527690472
2024,Ben Bredeson,27305,TB,G,G,18,1173,722,451,55.4,59.9,53.2,36,3,3,30,100.0,100.0,97.1,7,0,48.5,53.4,11.399999999999999,-0.19999999999999574,3611,2331,5943,0.19994461368042094,0.19347919347919348,0.19737506309944472,4.832261423428412,-0.0787847275847259,4.753476695843687,0.15515882178088947
2024,Terence Steele,39461,DAL,T,T,17,1168,746,422,67.0,57.5,78.9,41,9,6,26,100.0,100.0,96.4,7,0,54.75,55.05,2.75,23.85000000000001,3732,2114,5846,0.19989281886387997,0.19962157048249762,0.19979473144030105,1.1653751339764202,9.693343992431412,10.858719126407832,0.35444079639145293
2024,Laremy Tunsil,10647,HOU,T,T,19,1167,745,422,77.8,89.1,73.3,23,4,3,16,100.0,100.0,98.1,19,2,54.75,55.05,34.349999999999994,18.25,3986,2353,6339,0.18690416457601605,0.17934551636209095,0.18409843823946995,13.61073507275464,6.663941351466213,20.274676424220853,0.6617882251787379
2024,Tyler Biadasz,41178,WAS,C,C,18,1166,699,467,64.2,62.8,62.9,23,1,1,21,100.0,100.0,98.2,4,1,53.45,55.375,9.349999999999994,7.524999999999999,4196,2739,6940,0.16658722592945663,0.17050018254837532,0.16801152737752162,3.3020919923736867,2.612216246805403,5.914308239179089,0.19304966801297446
2024,Connor McGovern,41714,BUF,C,C,19,1164,680,484,69.5,68.1,69.7,27,0,0,27,100.0,100.0,97.9,4,0,53.45,55.375,14.649999999999991,14.325000000000003,3670,2996,6677,0.18528610354223432,0.16154873164218958,0.17432978882731764,5.75461580381471,4.71168184245661,10.46629764627132,0.3416317182376182
2024,Dion Dawkins,11818,BUF,T,T,19,1164,684,480,72.4,81.2,65.8,25,3,5,17,100.0,100.0,97.8,15,0,54.75,55.05,26.450000000000003,10.75,3670,2996,6677,0.18637602179836513,0.1602136181575434,0.17432978882731764,10.450849046321528,3.5065954606141516,13.95744450693568,0.45558667546679016
2024,Mekhi Becton,59818,PHI,G,G,19,1158,570,588,70.8,60.5,70.3,33,5,3,25,100.0,100.0,96.4,5,0,48.5,53.4,12.0,16.9,3479,3673,7152,0.1638401839609083,0.16008712224339777,0.16191275167785235,4.168094279965507,5.508341736999728,9.676436016965233,0.31584974693223156
2024,Tytus Howard,25472,HOU,T,T,18,1157,741,416,69.5,74.9,61.3,41,6,3,32,100.0,100.0,96.6,5,1,54.75,55.05,20.150000000000006,6.25,3986,2353,6339,0.18590065228299046,0.17679558011049723,0.18252090235052848,7.941304064224789,2.2497237569060773,10.191027821130866,0.33264660176950356
2024,Brian O'Neill,46854,MIN,T,T,18,1151,699,452,79.3,79.7,74.1,26,4,0,22,100.0,100.0,97.7,5,0,54.75,55.05,24.950000000000003,19.049999999999997,3889,2433,6322,0.17973772177937772,0.18577887381833127,0.18206263840556786,9.507047055798404,7.205582244143033,16.712629299941437,0.5455190036604224
2024,Graham Glasgow,10729,DET,G,G,17,1149,632,517,57.2,49.8,60.1,45,5,11,29,100.0,100.0,95.9,7,2,48.5,53.4,1.2999999999999972,6.700000000000003,3337,2804,6152,0.1893916691639197,0.18437945791726107,0.18676853055916776,0.5219634402157616,2.5151570613409424,3.037120501556704,0.09913502658804628
2024,Kevin Dotson,46735,LA,G,G,18,1145,668,477,78.2,60.2,82.3,30,5,6,19,100.0,100.0,97.2,3,0,48.5,53.4,11.700000000000003,28.9,3456,2415,5871,0.19328703703703703,0.19751552795031055,0.1950264009538409,4.794291666666668,11.621892670807451,16.41618433747412,0.5358427069112396
2024,Spencer Brown,42296,BUF,T,T,18,1140,636,504,77.9,77.3,83.5,22,2,4,16,100.0,100.0,98.0,17,3,54.75,55.05,22.549999999999997,28.450000000000003,3670,2996,6677,0.17329700272479565,0.16822429906542055,0.17073536019170285,8.28463651226158,9.744257943925232,18.028894456186812,0.5884833777095987
2024,Rasheed Walker,81798,GB,T,T,18,1139,603,536,68.7,80.1,53.6,37,3,4,30,100.0,100.0,96.4,9,1,54.75,55.05,25.349999999999994,-1.4499999999999957,3025,2717,5742,0.1993388429752066,0.1972764078027236,0.19836293974225008,10.71286809917355,-0.5823994111151989,10.13046868805835,0.33066988360365673
2024,Aaron Brewer,46014,MIA,C,C,17,1139,714,425,74.8,70.2,75.8,14,2,1,11,100.0,100.0,98.8,9,2,53.45,55.375,16.75,20.424999999999997,3532,2108,5640,0.20215175537938845,0.20161290322580644,0.20195035460992908,7.1784088335220835,8.384133064516126,15.562541898038209,0.5079788582800153
2024,Ted Karras,10855,CIN,C,C,17,1136,775,361,63.4,78.0,54.9,23,2,6,15,100.0,100.0,98.3,4,2,53.45,55.375,24.549999999999997,-0.4750000000000014,3880,1855,5738,0.19974226804123713,0.19460916442048518,0.1979783896828163,10.395786082474226,-0.18820652291105178,10.207579559563174,0.33318686911441925
2024,Zach Tom,55443,GB,T,T,18,1134,603,531,85.8,81.0,87.8,28,4,2,22,100.0,100.0,97.1,7,3,54.75,55.05,26.25,32.75,3025,2717,5742,0.1993388429752066,0.19543614280456387,0.1974921630094044,11.093206611570247,13.031486566065514,24.124693177635763,0.7874570990408654
2024,Alex Cappa,66578,CIN,G,G,17,1132,774,358,51.2,39.7,54.9,51,8,7,36,100.0,100.0,95.9,1,0,48.5,53.4,-8.799999999999997,1.5,3880,1855,5738,0.19948453608247424,0.19299191374663072,0.1972812826768909,-3.721583505154638,0.5893973045822102,-3.132186200572428,-0.1022380778481805
2024,Quinn Meinerz,112915,DEN,G,G,18,1131,711,420,87.3,81.4,85.7,12,1,4,7,100.0,100.0,99.0,5,1,48.5,53.4,32.900000000000006,32.300000000000004,3608,2188,5799,0.1970620842572062,0.19195612431444242,0.1950336264873254,13.744686252771618,12.623572212065817,26.368258464837435,0.8606895915563102
2024,Patrick Mekari,46219,BAL,G,G,19,1131,577,554,59.4,71.6,56.5,32,1,0,31,100.0,100.0,96.9,14,2,48.5,53.4,23.099999999999994,3.1000000000000014,3200,3069,6269,0.1803125,0.180514825676116,0.18041154889137023,8.830263749999997,1.1393373737373742,9.969601123737371,0.32541898550529663
2024,Ben Powers,41482,DEN,G,G,18,1130,715,415,64.4,66.5,61.4,24,3,3,18,100.0,100.0,98.0,6,1,48.5,53.4,18.0,8.0,3608,2188,5799,0.19817073170731708,0.1896709323583181,0.19486118296257976,7.562195121951219,3.0893601462522855,10.651555268203504,0.34767873522837367
2024,Frank Ragnow,39137,DET,C,C,17,1129,630,499,86.1,65.8,90.9,21,2,7,12,100.0,100.0,98.1,7,0,53.45,55.375,12.349999999999994,35.525000000000006,3337,2804,6152,0.1887923284387174,0.17796005706134094,0.18351755526657998,4.942960743182497,12.871655171184024,17.81461591436652,0.5814890852771074
2024,Dan Moore Jr.,60120,PIT,T,T,18,1128,627,501,67.2,66.9,60.9,41,12,3,26,100.0,100.0,95.5,5,1,54.75,55.05,12.150000000000006,5.850000000000001,3309,2586,5895,0.18948322756119673,0.1937354988399072,0.19134860050890584,4.880708975521308,2.3075060324825993,7.1882150080039064,0.23463141669018694
2024,Coleman Shelton,39316,CHI,C,C,17,1121,743,378,67.4,68.4,68.0,26,3,3,20,100.0,100.0,97.9,5,0,53.45,55.375,14.950000000000003,12.625,3734,1960,5694,0.19898232458489556,0.19285714285714287,0.19687390235335442,6.306545795393681,4.9572964285714285,11.26384222396511,0.36766446961323884
2024,Greg Van Roten,7746,NYG,G,G,17,1121,727,394,63.4,64.9,62.3,35,7,4,24,100.0,100.0,96.9,5,0,48.5,53.4,16.400000000000006,8.899999999999999,3638,1990,5628,0.19983507421660252,0.19798994974874373,0.19918265813788202,6.947865860362838,3.5876570854271352,10.535522945789973,0.3438913098161642
2024,Jake Matthews,8641,ATL,T,T,17,1119,636,483,79.8,85.4,70.1,30,5,4,21,100.0,100.0,97.0,8,2,54.75,55.05,30.650000000000006,15.049999999999997,3213,2496,5710,0.19794584500466852,0.1935096153846154,0.19597197898423818,12.862125116713353,5.929482932692307,18.79160804940566,0.6133792066054424
2024,Broderick Jones,124025,PIT,T,T,18,1117,630,487,58.7,55.0,64.1,45,11,10,24,100.0,100.0,95.3,10,2,54.75,55.05,0.25,9.049999999999997,3309,2586,5895,0.19038984587488667,0.1883217324052591,0.18948261238337574,0.10090661831368994,3.4699785769528213,3.570885195266511,0.11655770608843494
2024,Andrew Wylie,12333,WAS,T,T,17,1115,671,442,62.2,65.7,53.4,31,0,3,28,99.8,99.7,97.6,5,1,54.75,55.05,10.950000000000003,-1.6499999999999986,4196,2739,6940,0.15991420400381315,0.16137276378240234,0.16066282420749278,3.7122483317445187,-0.542115662650602,3.170132669093917,0.10347669322872668
2024,Bradley Bozeman,27934,LAC,C,C,18,1112,669,443,61.0,51.4,64.8,30,4,5,21,100.0,100.0,97.3,4,2,53.45,55.375,-2.0500000000000043,9.424999999999997,3362,2268,5630,0.19898869720404522,0.195326278659612,0.1975133214920071,-0.8648048780487823,3.7481745590828908,2.8833696810341083,0.09411642700576794
2024,Garett Bolles,11775,DEN,T,T,18,1111,700,411,80.0,88.2,72.8,23,2,2,19,100.0,100.0,98.1,16,4,54.75,55.05,33.45,17.75,3608,2188,5799,0.19401330376940132,0.18784277879341865,0.19158475599241248,13.758259423503326,6.788450182815356,20.546709606318682,0.6706676939802808
2024,Graham Barton,122367,TB,C,C,17,1111,677,434,56.3,64.0,54.6,24,1,2,21,100.0,100.0,98.0,12,2,53.45,55.375,10.549999999999997,-0.7749999999999986,3611,2331,5943,0.18748269177513155,0.18618618618618618,0.18694262157159683,4.193237884242591,-0.29378318318318264,3.8994547010594083,0.1272825840365126
2024,Matthew Bergeron,99658,ATL,G,G,17,1106,618,488,70.9,68.5,73.1,33,3,9,21,100.0,100.0,96.9,12,3,48.5,53.4,20.0,19.699999999999996,3213,2496,5710,0.19234360410831,0.1955128205128205,0.1936952714535902,8.155368814192343,7.841862820512818,15.99723163470516,0.5221676198322625
2024,Zion Johnson,99681,LAC,G,G,18,1102,660,442,64.4,62.4,63.5,37,7,14,16,100.0,100.0,96.4,4,0,48.5,53.4,13.899999999999999,10.100000000000001,3362,2268,5630,0.19631171921475313,0.1948853615520282,0.19573712255772646,5.784913741820344,4.007544620811288,9.792458362631631,0.3196368466922017
2024,Chris Lindstrom,46692,ATL,G,G,17,1099,627,472,93.5,68.0,94.6,31,1,8,22,100.0,100.0,97.2,8,0,48.5,53.4,19.5,41.199999999999996,3213,2496,5710,0.19514472455648926,0.1891025641025641,0.1924693520140105,8.067282913165265,15.862528205128202,23.929811118293465,0.7810959295961464
2024,Peter Skoronski,129737,TEN,G,G,17,1095,661,434,60.4,76.3,54.4,28,4,6,18,100.0,100.0,97.4,8,1,48.5,53.4,27.799999999999997,1.0,3434,2328,5764,0.19248689574839836,0.18642611683848798,0.18997224149895905,11.344407687827605,0.37956357388316153,11.723971261710766,0.3826835985439044
2024,Charles Cross,98401,SEA,T,T,17,1094,724,370,82.5,81.3,77.9,47,6,5,36,100.0,100.0,96.0,8,2,54.75,55.05,26.549999999999997,22.85000000000001,3620,1877,5498,0.2,0.19712306872669152,0.1989814477991997,11.2572,9.170677677144383,20.42787767714438,0.666788886256924
2024,JC Latham,146596,TEN,T,T,17,1095,660,434,61.8,67.8,57.0,47,7,11,29,99.9,99.8,95.6,10,0,54.75,55.05,13.049999999999997,1.9500000000000028,3434,2328,5764,0.19219569015725102,0.18642611683848798,0.18997224149895905,5.317285963890505,0.740148969072166,6.057434932962671,0.19772148415804408
2024,Laken Tomlinson,9461,SEA,G,G,17,1094,724,370,62.5,66.0,59.7,38,6,8,24,100.0,100.0,96.7,5,2,48.5,53.4,17.5,6.300000000000004,3620,1877,5498,0.2,0.19712306872669152,0.1989814477991997,7.420000000000001,2.528458177943529,9.948458177943529,0.32472885599204626
2024,Quenton Nelson,12954,IND,G,G,17,1083,608,475,81.3,79.7,81.7,20,3,8,9,100.0,100.0,98.0,10,0,48.5,53.4,31.200000000000003,28.300000000000004,3044,2391,5436,0.19973718791064388,0.1986616478460895,0.19922737306843266,13.21141655716163,11.446645754914263,24.65806231207589,0.804866867042123
2024,Trevor Penning,59963,NO,T,T,17,1081,663,418,60.2,51.6,70.1,54,5,4,45,100.0,100.0,95.2,13,2,54.75,55.05,-3.1499999999999986,15.049999999999997,3074,2013,5087,0.21567989590110606,0.20765027322404372,0.21250245724395517,-1.4403103448275856,6.362778142076501,4.922467797248916,0.16067488125971613
2024,Robert Jones,100786,MIA,G,G,17,1080,676,404,56.1,54.3,56.3,28,5,4,19,100.0,100.0,97.4,7,0,48.5,53.4,5.799999999999997,2.8999999999999986,3532,2108,5640,0.1913929784824462,0.19165085388994307,0.19148936170212766,2.3533680634201577,1.1315833017077794,3.4849513651279374,0.11375272929175083
2024,Dominick Puni,163815,SF,G,G,17,1078,656,422,80.5,68.9,81.5,35,3,0,32,100.0,100.0,96.9,7,1,48.5,53.4,20.400000000000006,28.1,3303,2145,5450,0.19860732667272177,0.19673659673659674,0.19779816513761467,8.589369663941874,11.255615477855478,19.844985141797352,0.6477626187907557
2024,Hjalte Froholdt,44959,ARI,C,C,17,1078,658,420,76.1,66.1,78.1,22,3,5,14,100.0,100.0,98.0,9,1,53.45,55.375,12.649999999999991,22.724999999999994,3361,2238,5601,0.1957750669443618,0.1876675603217158,0.19246563113729692,5.250295745313892,8.683021447721178,13.93331719303507,0.454799132824406
2024,Kolton Miller,47013,LV,T,T,17,1075,716,359,80.6,82.2,71.7,38,7,6,25,100.0,100.0,96.6,7,2,54.75,55.05,27.450000000000003,16.650000000000006,3771,1893,5666,0.18987006099177936,0.1896460644479662,0.18972820331803741,11.049298329355608,6.428887797147387,17.478186126502994,0.5705076388880798
2024,Elgton Jenkins,46298,GB,G,G,18,1073,564,509,65.7,81.6,61.3,18,1,2,15,100.0,100.0,98.2,10,0,48.5,53.4,33.099999999999994,7.899999999999999,3025,2717,5742,0.18644628099173555,0.187338976812661,0.18686868686868688,13.083308429752064,3.013235038645564,16.096543468397627,0.5254092697004727
2024,Ethan Pocic,11813,CLE,C,C,16,1073,747,326,63.6,66.2,63.7,28,3,6,19,100.0,100.0,97.8,6,0,53.45,55.375,12.75,8.325000000000003,4097,1863,5965,0.18232853307298022,0.17498658078368223,0.1798826487845767,4.928340248962655,2.9659700483091793,7.894310297271835,0.2576791605118074
2024,Cam Robinson,11789,MIN,T,T,18,1073,685,388,63.2,67.2,60.0,64,8,7,49,100.0,100.0,94.4,13,2,54.75,55.05,12.450000000000003,4.950000000000003,3889,2433,6322,0.1761378246335819,0.15947390053431976,0.16972477064220184,4.648981743378762,1.6072098643649824,6.2561916077437445,0.20420912540536174
2024,Jake Brendel,11117,SF,C,C,17,1072,656,416,65.0,55.1,71.6,26,1,3,22,100.0,100.0,97.8,10,1,53.45,55.375,1.6499999999999986,16.224999999999994,3303,2145,5450,0.19860732667272177,0.19393939393939394,0.19669724770642202,0.6947284287011801,6.406613333333331,7.101341762034511,0.2317957763049761
2024,Taliese Fuaga,131732,NO,T,T,17,1070,657,413,65.7,62.2,69.5,39,6,9,24,100.0,100.0,96.3,10,0,54.75,55.05,7.450000000000003,14.450000000000003,3074,2013,5087,0.21372804163955758,0.20516641828117238,0.2103400825633969,3.3756206896551735,6.036037059115749,9.411657748770923,0.3072070866742912
2024,Evan Brown,38709,ARI,G,G,17,1070,644,426,65.9,73.5,58.7,20,2,0,18,100.0,100.0,98.2,2,0,48.5,53.4,25.0,5.300000000000004,3361,2238,5601,0.19160963998809877,0.1903485254691689,0.19103731476522048,10.155310919369235,2.0540128686327095,12.209323788001944,0.3985260504893538
2024,Jordan Mailata,66916,PHI,T,T,16,1069,530,539,95.2,90.8,94.6,20,2,0,18,100.0,100.0,97.8,7,2,54.75,55.05,36.05,39.55,3479,3673,7152,0.15234262719172176,0.1467465287231146,0.14946868008948547,11.642937625754525,11.816588129594335,23.45952575534886,0.7657452867963016
2024,Josh Myers,59992,GB,C,C,17,1067,554,513,54.6,63.9,50.9,31,1,6,24,100.0,100.0,96.9,4,0,53.45,55.375,10.449999999999996,-4.475000000000001,3025,2717,5742,0.1831404958677686,0.1888111888111888,0.18582375478927204,4.0572945454545435,-1.7202776223776226,2.337016923076921,0.07628285894062972
2024,Joe Tippmann,101568,NYJ,C,C,17,1067,712,355,73.4,63.1,77.3,23,5,3,15,100.0,100.0,97.9,4,0,53.45,55.375,9.649999999999999,21.924999999999997,3805,1905,5710,0.1871222076215506,0.18635170603674542,0.18686514886164624,3.828146123521681,8.31860971128609,12.14675583480777,0.3964837621770248
2024,Roger Rosengarten,131912,BAL,T,T,18,1066,548,518,66.0,69.2,60.4,36,4,1,31,100.0,100.0,96.1,6,1,54.75,55.05,14.450000000000003,5.350000000000001,3200,3069,6269,0.17125,0.16878462039752362,0.17004306907002711,5.246072500000001,1.8385033561420663,7.0845758561420675,0.2312485182934589
2024,Joe Alt,147481,LAC,T,T,17,1066,641,425,75.9,78.1,69.5,24,6,1,17,100.0,100.0,97.5,8,0,54.75,55.05,23.349999999999994,14.450000000000003,3362,2268,5630,0.1906603212373587,0.18738977072310406,0.18934280639431617,9.438067221891728,5.513044532627867,14.951111754519594,0.488021091209732
2024,Colton McKivitz,29314,SF,T,T,17,1062,645,417,72.2,72.8,68.6,36,2,6,28,100.0,100.0,96.9,6,0,54.75,55.05,18.049999999999997,13.549999999999997,3303,2145,5450,0.1952770208900999,0.1944055944055944,0.19486238532110092,7.472470481380562,5.363222657342656,12.835693138723219,0.4189714500728947
2024,Tristan Wirfs,64818,TB,T,T,17,1061,664,397,82.5,94.1,62.8,13,0,1,12,100.0,100.0,99.0,9,2,54.75,55.05,39.349999999999994,7.75,3611,2331,5943,0.18388258100249238,0.1703131703131703,0.1785293622749453,15.339852672389917,2.6873715143715144,18.02722418676143,0.5884288582383398
2024,Cooper Beebe,99434,DAL,C,C,16,1059,692,367,65.4,60.3,66.1,18,3,5,10,100.0,100.0,98.3,3,0,53.45,55.375,6.849999999999994,10.724999999999994,3732,2114,5846,0.18542336548767416,0.17360454115421003,0.18114950393431406,2.6927181136120013,3.790846121097444,6.483564234709445,0.21163082349343076
2024,Tyler Smith,98385,DAL,G,G,16,1052,682,370,75.0,76.0,73.8,22,2,4,16,100.0,100.0,98.1,9,4,48.5,53.4,27.5,20.4,3732,2114,5846,0.1827438370846731,0.1750236518448439,0.17995210400273692,10.65396570203644,7.269502365184484,17.923468067220924,0.5850421418851203
2024,Kevin Zeitler,7032,DET,G,G,16,1047,577,470,86.5,70.7,87.2,18,5,4,9,100.0,100.0,97.9,2,0,48.5,53.4,22.200000000000003,33.800000000000004,3337,2804,6152,0.17290979922085706,0.16761768901569188,0.1701885565669701,8.137826790530417,11.534912981455065,19.672739771985484,0.6421403363336667
2024,Kaleb McGary,46912,ATL,T,T,16,1042,576,466,73.8,63.8,77.6,32,6,10,16,100.0,100.0,96.5,3,0,54.75,55.05,9.049999999999997,22.549999999999997,3213,2496,5710,0.1792717086834734,0.18669871794871795,0.18248686514886164,3.439507002801119,8.571674198717949,12.011181201519069,0.3920584537742627
2024,Beaux Limmer,99067,LA,C,C,17,1040,591,449,55.5,40.2,65.4,27,2,5,20,100.0,100.0,97.4,10,1,53.45,55.375,-13.25,10.025000000000006,3456,2415,5871,0.17100694444444445,0.18592132505175984,0.1771418838358031,-4.803585069444445,3.794821573498967,-1.0087634959454777,-0.03292717425612437
2024,Liam Eichenberg,41851,MIA,G,G,17,1037,644,393,53.1,49.7,58.7,29,2,3,24,100.0,100.0,97.4,9,1,48.5,53.4,1.2000000000000028,5.300000000000004,3532,2108,5640,0.1823329558323896,0.1864326375711575,0.18386524822695036,0.46385503963760016,2.011757305502848,2.475612345140448,0.0808067692840642
2024,Sean Rhyan,72009,GB,G,G,18,1027,543,484,61.3,65.6,58.7,28,4,8,16,100.0,100.0,96.9,7,0,48.5,53.4,17.099999999999994,5.300000000000004,3025,2717,5742,0.17950413223140496,0.17813765182186234,0.17885754092650644,6.507383801652891,1.922247773279354,8.429631574932245,0.2751526486617871
2024,Mitch Morse,9482,JAX,C,C,17,1021,634,387,57.9,61.9,55.8,14,3,2,9,100.0,100.0,98.6,4,0,53.45,55.375,8.449999999999996,0.42499999999999716,2967,1854,4821,0.21368385574654533,0.2087378640776699,0.21178178801078615,3.827932591843611,0.18062087378640657,4.008553465630017,0.1308436903281091
2024,Darnell Wright,98480,CHI,T,T,16,1021,662,359,79.3,75.4,82.2,30,6,3,21,100.0,100.0,97.0,8,2,54.75,55.05,20.650000000000006,27.150000000000006,3734,1960,5694,0.177289769683985,0.18316326530612245,0.1793115560238848,7.761391537225496,10.124789081632656,17.886180618858152,0.5838250376632268
2024,Zach Frazier,123419,PIT,C,C,16,1021,585,436,77.9,68.6,80.5,12,1,2,9,100.0,100.0,98.8,5,2,53.45,55.375,15.149999999999991,25.125,3309,2586,5895,0.1767905711695376,0.168600154679041,0.17319762510602205,5.678159564823206,8.624656612529002,14.302816177352208,0.46685999495212216
2024,Mike Onwenu,27357,NE,G,G,17,1020,658,362,65.2,71.9,57.5,31,2,6,23,100.0,100.0,97.3,4,0,48.5,53.4,23.400000000000006,4.100000000000001,3403,1991,5395,0.1933588010578901,0.18181818181818182,0.18906394810009267,9.592143402879815,1.5177454545454552,11.10988885742527,0.36263925870131636
2024,John Simpson,41715,NYJ,G,G,17,1020,682,338,77.3,72.3,79.2,20,3,6,11,100.0,100.0,98.2,7,1,48.5,53.4,23.799999999999997,25.800000000000004,3805,1905,5710,0.17923784494086728,0.1774278215223097,0.1786339754816112,9.043624704336398,9.320070551181104,18.363695255517502,0.5994116520820957
2024,Alaric Jackson,40972,LA,T,T,16,1017,583,434,78.4,79.2,75.2,25,3,4,18,100.0,100.0,97.4,8,1,54.75,55.05,24.450000000000003,20.150000000000006,3456,2415,5871,0.16869212962962962,0.17971014492753623,0.17322432294328052,8.743987847222222,7.372680579710147,16.11666842693237,0.5260661709654711
2024,Brandon Scherff,9438,JAX,G,G,17,1013,625,388,64.7,74.5,57.3,17,0,1,16,100.0,100.0,98.6,2,1,48.5,53.4,26.0,3.8999999999999986,2967,1854,4821,0.2106504887091338,0.209277238403452,0.21012238124870358,11.611054937647454,1.6617449838187697,13.272799921466223,0.43323910672558025
2024,Brandon Coleman,123068,WAS,T,T,19,1013,612,399,59.7,55.4,62.4,42,10,6,26,99.8,99.7,95.5,6,2,54.75,55.05,0.6499999999999986,7.350000000000001,4196,2739,6940,0.14585319351763584,0.1456736035049288,0.14596541786743517,0.20098570066730176,2.1799472070098576,2.3809329076771593,0.0777163260351205
2024,Matt Pryor,46647,CHI,G,G,15,1005,659,346,69.9,78.1,65.9,24,7,0,17,100.0,100.0,97.4,7,2,48.5,53.4,29.599999999999994,12.500000000000007,3734,1960,5694,0.17648634172469202,0.17653061224489797,0.17650158061116966,11.074870915907871,4.492704081632656,15.567574997540527,0.5081431443044674
2024,Shaq Mason,9564,HOU,G,G,16,999,629,370,60.5,63.6,56.9,36,8,6,22,100.0,100.0,96.3,4,0,48.5,53.4,15.100000000000001,3.5,3986,2353,6339,0.15780230807827395,0.1572460688482788,0.1575958353052532,5.051567486201706,1.1205354866128345,6.172102972814541,0.20146437785412485
2024,DJ Glaze,129511,LV,T,T,15,998,665,333,66.1,61.9,68.4,51,3,10,38,100.0,100.0,95.6,8,0,54.75,55.05,7.149999999999999,13.350000000000009,3771,1893,5666,0.17634579687085652,0.17591125198098256,0.17613836921990822,2.6730495889684427,4.781373375594297,7.45442296456274,0.24332074358317085
2024,Cordell Volson,30614,CIN,G,G,15,984,662,322,59.1,48.8,65.6,43,6,10,27,100.0,100.0,96.1,8,2,48.5,53.4,0.29999999999999716,12.199999999999996,3880,1855,5738,0.17061855670103093,0.17358490566037735,0.17148832345765075,0.10851340206185463,4.3117101886792435,4.420223590741098,0.14428106588745004
2024,John Michael Schmitz Jr.,55238,NYG,C,C,15,983,646,337,61.4,50.2,67.0,28,6,5,17,100.0,100.0,97.1,5,0,53.45,55.375,-3.25,11.625,3638,1990,5628,0.17757009345794392,0.16934673366834171,0.17466240227434257,-1.2234579439252335,4.008183165829146,2.784725221903912,0.0908965609933318
2024,Robert Hunt,46139,CAR,G,G,16,966,623,343,67.7,57.5,72.0,36,5,8,23,100.0,100.0,96.5,5,1,48.5,53.4,9.0,18.6,3327,1905,5234,0.18725578599338744,0.18005249343832022,0.18456247611769203,3.572840396753832,6.818515905511811,10.391356302265642,0.3391855485427579
2024,Taylor Decker,10650,DET,T,T,15,963,536,426,77.2,78.0,70.3,32,8,4,20,99.9,99.8,96.1,4,2,54.75,55.05,23.25,15.25,3337,2804,6152,0.16062331435421037,0.15192582025677603,0.15653446033810142,7.917123164519029,4.717144793152639,12.634267957671668,0.4123967057817766
2024,Rashawn Slater,59971,LAC,T,T,16,959,586,373,90.9,89.9,82.3,26,3,7,16,100.0,100.0,97.3,6,3,54.75,55.05,35.150000000000006,27.25,3362,2268,5630,0.17430101130279596,0.1644620811287478,0.17033747779751332,12.988562760261752,9.124520723104057,22.11308348336581,0.721795897773412
2024,Jackson Powers-Johnson,146550,LV,G,G,15,956,633,323,63.9,68.3,70.4,23,2,3,18,100.0,100.0,97.9,14,0,48.5,53.4,19.799999999999997,17.000000000000007,3771,1893,5666,0.16785998408910102,0.17062863180137347,0.1687257324391105,7.046090692124103,5.90579820390914,12.951888896033243,0.42276421018381
2024,Luke Goedeke,77548,TB,T,T,14,952,568,384,73.6,76.8,75.7,17,3,0,14,100.0,100.0,98.1,11,1,54.75,55.05,22.049999999999997,20.650000000000006,3611,2331,5943,0.15729714760454167,0.16473616473616473,0.160188457008245,7.353012461921903,6.926068468468469,14.279080930390371,0.4660852498152633
2024,Juice Scruggs,81800,HOU,C,C,14,944,586,358,63.5,62.1,64.4,25,5,3,17,100.0,100.0,97.3,6,0,53.45,55.375,8.649999999999999,9.025000000000006,3986,2353,6339,0.14701455092824886,0.15214619634509138,0.1489193879160751,2.695952834922227,2.7956711432214214,5.491623978143648,0.1792527786782841
2024,Anton Harrison,122929,JAX,T,T,16,943,582,361,64.2,65.9,57.0,31,4,4,23,100.0,100.0,96.8,4,0,54.75,55.05,11.150000000000006,1.9500000000000028,2967,1854,4821,0.1961577350859454,0.1947141316073355,0.19560257208048124,4.63677654196158,0.7730540453074445,5.409830587269024,0.17658295047261158
2024,Damien Lewis,81532,CAR,G,G,16,942,616,326,75.5,72.0,76.9,24,6,2,16,100.0,100.0,97.4,6,3,48.5,53.4,23.5,23.500000000000007,3327,1905,5234,0.18515178839795612,0.1711286089238845,0.17997707298433321,9.224262097986173,8.187819422572181,17.412081520558353,0.5683499102551344
2024,Mason McCormick,78326,PIT,G,G,15,936,523,413,57.7,63.2,53.7,21,2,2,17,100.0,100.0,97.7,2,0,48.5,53.4,14.700000000000003,0.30000000000000426,3309,2586,5895,0.15805379268661227,0.1597061098221191,0.15877862595419848,4.925588395285585,0.09754849187935173,5.023136887164937,0.16396083349648247
2024,Jermaine Eluemunor,11914,NYG,T,T,15,925,579,346,63.2,71.0,56.9,29,4,9,16,100.0,100.0,96.9,10,3,54.75,55.05,16.25,1.8500000000000014,3638,1990,5628,0.15915338097855966,0.17386934673366833,0.16435678749111585,5.4828339747113795,0.6548962814070356,6.137730256118415,0.20034241374969525
2024,Alijah Vera-Tucker,57107,NYJ,G,G,15,916,619,297,77.7,74.5,76.3,16,4,4,8,100.0,100.0,98.3,5,1,48.5,53.4,26.0,22.9,3805,1905,5710,0.16268068331143232,0.15590551181102363,0.16042031523642733,8.96695926412615,7.26900094488189,16.23596020900804,0.5299599888043569
2024,Ezra Cleveland,41973,JAX,G,G,15,911,558,353,64.9,67.8,59.7,18,4,3,11,100.0,100.0,97.9,1,0,48.5,53.4,19.299999999999997,6.300000000000004,2967,1854,4821,0.18806875631951467,0.19039913700107874,0.188964945032151,7.6950212335692605,2.4422116504854388,10.137232884054699,0.3308906745632519
2024,Ikem Ekwonu,98286,CAR,T,T,15,909,593,316,71.7,66.2,80.5,39,7,5,27,100.0,100.0,95.9,12,1,54.75,55.05,11.450000000000003,25.450000000000003,3327,1905,5234,0.1782386534415389,0.16587926509186351,0.17367214367596484,4.326565073639916,8.59523317585302,12.921798249492936,0.42178201766188145
2024,Dillon Radunz,30551,TEN,G,G,15,903,547,356,57.0,63.9,53.6,23,6,2,15,100.0,100.0,97.1,5,0,48.5,53.4,15.399999999999999,0.20000000000000284,3434,2328,5764,0.15928945835760047,0.15292096219931273,0.15666204024982652,5.20048223645894,0.06226941580756103,5.262751652266501,0.17178212873223506
2024,Mike McGlinchey,46275,DEN,T,T,14,891,563,328,72.2,72.1,70.2,23,3,2,18,100.0,100.0,97.6,6,1,54.75,55.05,17.349999999999994,15.150000000000006,3608,2188,5799,0.1560421286031042,0.14990859232175502,0.1536471805483704,5.739541574279377,4.623990493601464,10.36353206788084,0.3382773342608038
2024,Wyatt Teller,46131,CLE,G,G,13,885,610,275,62.6,63.1,61.6,27,2,4,21,100.0,100.0,97.5,6,1,48.5,53.4,14.600000000000001,8.200000000000003,4097,1863,5965,0.14888943129118867,0.14761137949543746,0.14836546521374686,4.608425677324872,2.4644015029522284,7.0728271802771,0.23086502830889924
2024,Dylan Parham,60953,LV,G,G,15,882,591,291,74.3,67.5,75.6,36,5,2,29,100.0,100.0,96.3,3,0,48.5,53.4,19.0,22.199999999999996,3771,1893,5666,0.15672235481304694,0.1537242472266244,0.15566537239675257,6.31277645186953,6.9482129952456395,13.260989447115168,0.4328535995689794
2024,Isaac Seumalo,10713,PIT,G,G,14,872,505,367,66.3,62.7,69.2,28,2,2,24,100.0,100.0,96.9,6,1,48.5,53.4,14.200000000000003,15.800000000000004,3309,2586,5895,0.15261408280447264,0.14191802010827534,0.147921967769296,4.594294348745845,4.565332405259089,9.159626754004934,0.2989805117477015
2024,Demontrey Jacobs,56619,NE,T,T,15,867,566,301,38.2,42.7,41.9,49,9,7,33,100.0,100.0,94.4,11,0,54.75,55.05,-12.049999999999997,-13.149999999999999,3403,1991,5395,0.16632383191301792,0.1511803114013059,0.16070435588507878,-4.248908610049955,-4.047610949271723,-8.296519559321677,-0.27080772286777327
2024,Paris Johnson Jr.,129749,ARI,T,T,14,865,515,350,80.8,78.1,73.8,23,4,2,17,100.0,100.0,97.2,7,1,54.75,55.05,23.349999999999994,18.75,3361,2238,5601,0.15322820589110384,0.15638963360142985,0.15443670773076237,7.5851026480214205,5.970174262734584,13.555276910756005,0.4424594731316548
2024,Luke Wattenberg,41024,DEN,C,C,14,864,544,320,64.3,82.5,57.8,9,2,2,5,100.0,100.0,98.9,7,3,53.45,55.375,29.049999999999997,2.424999999999997,3608,2188,5799,0.15077605321507762,0.14625228519195613,0.14899120538023797,9.285694013303768,0.7220914076782442,10.007785420982012,0.32666536388266204
2024,Bernhard Raimann,77948,IND,T,T,14,856,471,385,85.1,82.0,80.7,20,4,2,14,100.0,100.0,97.3,6,3,54.75,55.05,27.25,25.650000000000006,3044,2391,5436,0.15473061760840998,0.16102049351735676,0.15746872700515085,8.938787779237845,8.40903764115433,17.347825420392176,0.5662525189283323
2024,Taylor Moton,11819,CAR,T,T,14,846,538,308,77.7,80.6,66.9,14,1,2,11,100.0,100.0,98.5,1,1,54.75,55.05,25.849999999999994,11.850000000000009,3327,1905,5234,0.16170724376315,0.16167979002624672,0.16163546045089797,8.861880372708143,3.9007836220472467,12.762663994755389,0.41658769673638985
2024,Jon Runyan,36661,NYG,G,G,13,842,541,301,56.1,62.6,52.3,29,2,4,23,100.0,100.0,96.9,5,2,48.5,53.4,14.100000000000001,-1.1000000000000014,3638,1990,5628,0.14870808136338648,0.15125628140703518,0.1496090973702914,4.445181968114349,-0.3387535678391964,4.106428400275153,0.13403843819648495
2024,Trey Pipkins III,91462,LAC,G,G,15,838,521,317,57.8,49.7,63.7,29,6,2,21,100.0,100.0,96.4,5,2,48.5,53.4,1.2000000000000028,10.300000000000004,3362,2268,5630,0.15496728138013088,0.13977072310405644,0.14884547069271759,0.3942367638310539,2.931103880070548,3.3253406439016016,0.10854285596456482
2024,Amarius Mims,146719,CIN,T,T,15,835,560,274,57.8,60.8,52.6,33,4,5,24,99.9,99.8,96.4,4,1,54.75,55.05,6.049999999999997,-2.4499999999999957,3880,1855,5738,0.14432989690721648,0.1477088948787062,0.14552108748692924,1.8511752577319578,-0.7368015094339609,1.114373748297997,0.03637441158818642
2024,Terron Armstead,7856,MIA,T,T,15,821,501,320,89.4,84.8,83.4,16,3,2,11,100.0,100.0,98.0,3,0,54.75,55.05,30.049999999999997,28.35000000000001,3532,2108,5640,0.14184597961494905,0.15180265654648956,0.14556737588652482,9.036439977349943,8.762140417457308,17.798580394807253,0.5809656678963856
2024,Jack Conklin,10642,CLE,T,T,12,818,552,266,66.2,67.9,59.6,38,7,2,29,100.0,100.0,95.6,2,0,54.75,55.05,13.150000000000006,4.550000000000004,4097,1863,5965,0.13473273126678056,0.14278046162104133,0.13713327745180218,3.75607908225531,1.322689640365004,5.078768722620314,0.1657767191303201
2024,Cesar Ruiz,59857,NO,G,G,13,813,477,336,67.6,67.5,64.4,13,1,2,10,100.0,100.0,98.4,1,0,48.5,53.4,19.0,11.000000000000007,3074,2013,5087,0.15517241379310345,0.16691505216095381,0.15981914684489876,6.250344827586206,3.7382295081967243,9.98857433578293,0.32603829247044114
2024,Rob Havenstein,9490,LA,T,T,13,805,442,363,75.8,68.3,79.6,23,3,5,15,100.0,100.0,96.9,6,1,54.75,55.05,13.549999999999997,24.549999999999997,3456,2415,5871,0.12789351851851852,0.15031055900621118,0.1371146312382899,3.673869212962962,7.513092919254657,11.18696213221762,0.3651550170131288
2024,Vederian Lowe,59741,NE,T,T,14,803,501,301,54.0,66.9,45.8,33,5,5,23,99.9,99.8,95.9,13,2,54.75,55.05,12.150000000000006,-9.25,3403,1991,5395,0.14722303849544519,0.1511803114013059,0.14884151992585729,3.7921710255656786,-2.847178804620794,0.9449922209448847,0.03084560816762146
2024,Aaron Banks,59983,SF,G,G,13,775,471,304,65.4,60.5,68.9,25,1,4,20,100.0,100.0,97.1,5,1,48.5,53.4,12.0,15.500000000000007,3303,2145,5450,0.14259763851044505,0.14172494172494174,0.14220183486238533,3.6276839237057215,4.472555710955714,8.100239634661435,0.264400925528017
2024,Kelvin Beachum,7229,ARI,T,T,15,742,418,323,64.1,75.4,54.2,16,4,2,10,99.9,99.8,97.5,5,0,54.75,55.05,20.650000000000006,-0.8499999999999943,3361,2238,5601,0.12436774769413865,0.14432529043789097,0.1324763435100875,5.444571258554003,-0.24976934763181247,5.19480191092219,0.1695641728060983
2024,Teven Jenkins,41534,CHI,G,G,14,738,495,243,75.4,75.8,74.3,17,4,1,12,100.0,100.0,97.7,4,1,48.5,53.4,27.299999999999997,20.9,3734,1960,5694,0.13256561328334227,0.1239795918367347,0.12961011591148577,7.672367434386715,5.27562918367347,12.947996618060184,0.42263716185624134
2024,Wanya Morris,98247,KC,T,T,15,732,453,278,53.9,55.4,55.2,35,5,7,23,99.9,99.8,95.3,10,2,54.75,55.05,0.6499999999999986,0.15000000000000568,4267,2357,6627,0.1061635809702367,0.11794654221467968,0.1104572204617474,0.14629341457698586,0.03602087399236453,0.1823142885693504,0.005950943281782674
2024,Braden Smith,46794,IND,T,T,12,731,431,299,65.7,67.8,74.6,24,4,2,18,99.9,99.8,96.5,12,5,54.75,55.05,13.049999999999997,19.549999999999997,3044,2391,5436,0.14159001314060446,0.12505227938101213,0.1344738778513613,3.917229303547962,4.977555918025929,8.89478522157389,0.2903357864739716
2024,Morgan Moses,8701,NYJ,T,T,14,723,467,256,63.3,69.2,60.6,16,2,2,12,100.0,100.0,97.9,8,2,54.75,55.05,14.450000000000003,5.550000000000004,3805,1905,5710,0.12273324572930355,0.13438320209973753,0.1266199649737303,3.7598102496714856,1.5185033070866152,5.278313556758101,0.17229008678485255
2024,Steve Avila,77319,LA,G,G,12,720,426,294,66.1,50.6,70.6,19,3,7,9,100.0,100.0,97.3,2,0,48.5,53.4,2.1000000000000014,17.199999999999996,3456,2415,5871,0.1232638888888889,0.12173913043478261,0.12263668880940215,0.5487708333333337,4.2632069565217385,4.811977789855073,0.1570683632387526
2024,Braxton Jones,60092,CHI,T,T,12,719,471,248,77.4,80.8,70.2,26,5,2,19,100.0,100.0,96.4,7,2,54.75,55.05,26.049999999999997,15.150000000000006,3734,1960,5694,0.1261381896089984,0.12653061224489795,0.12627327010888656,6.966107659346544,3.9028873469387766,10.86899500628532,0.3547762126597071
2024,Andre James,47058,LV,C,C,11,702,448,254,55.6,65.4,50.2,17,2,1,14,100.0,100.0,97.7,2,0,53.45,55.375,11.950000000000003,-5.174999999999997,3771,1893,5666,0.11880137894457704,0.13417855256207079,0.12389692905047653,3.0097141341819156,-1.4137454833597456,1.59596865082217,0.052094210470690544
2024,Jarrett Patterson,81775,HOU,C,C,12,688,442,246,64.1,69.9,58.8,16,3,3,10,100.0,100.0,97.8,1,0,53.45,55.375,16.450000000000003,3.424999999999997,3986,2353,6339,0.11088810837932765,0.10454738631534212,0.10853446915917338,3.867111891620673,0.7290402889927745,4.596152180613448,0.1500235727868811
2024,Cody Ford,39805,CIN,T,T,14,688,464,222,50.6,50.2,49.8,37,5,8,24,99.7,99.6,95.1,3,0,54.75,55.05,-4.549999999999997,-5.25,3880,1855,5738,0.11958762886597939,0.1196765498652291,0.11990240501917045,-1.1535422680412364,-1.2792226415094339,-2.43276490955067,-0.0794081808302162
2024,Michael Jordan,28021,NE,G,G,12,684,441,243,51.4,60.4,44.8,23,3,3,17,100.0,100.0,96.8,2,0,48.5,53.4,11.899999999999999,-8.600000000000001,3403,1991,5395,0.1295915368792242,0.1220492214967353,0.1267840593141798,3.269335292389068,-2.137033048719237,1.1323022436698311,0.0369596178269443
2024,Daniel Brunskill,34807,TEN,C,C,16,684,395,289,55.3,55.6,54.9,11,0,4,7,100.0,100.0,98.5,3,0,53.45,55.375,2.1499999999999986,-0.4750000000000014,3434,2328,5764,0.11502620850320326,0.12414089347079038,0.11866759195003469,0.5242894583576001,-0.12005665807560173,0.4042328002819984,0.013194612918116421
2024,Tyler Guyton,123076,DAL,T,T,14,668,439,229,49.4,60.2,51.3,26,6,6,14,100.0,100.0,96.0,18,4,54.75,55.05,5.450000000000003,-3.75,3732,2114,5846,0.11763129689174705,0.10832544938505204,0.11426616489907629,1.359112004287246,-0.8270648060548723,0.5320471982323737,0.017366618517713477
2024,Ben Brown,59869,NE,C,C,10,667,440,227,52.8,47.3,59.7,16,4,2,10,100.0,100.0,97.5,5,0,53.45,55.375,-6.150000000000006,4.325000000000003,3403,1991,5395,0.12929767851895385,0.11401305876443998,0.12363299351251159,-1.6857831325301218,1.0039647915620298,-0.681818340968092,-0.022255316944271544
2024,Trent Williams,5529,SF,T,T,10,649,381,268,85.6,84.5,81.4,17,1,3,13,100.0,100.0,97.5,5,1,54.75,55.05,29.75,26.35000000000001,3303,2145,5450,0.11534968210717529,0.12494172494172494,0.11908256880733945,7.275104450499546,6.702948624708625,13.978053075208171,0.45625936229715724
2024,Zack Martin,8651,DAL,G,G,10,638,447,191,65.6,62.0,63.3,24,5,1,18,100.0,100.0,96.4,1,1,48.5,53.4,13.5,9.899999999999999,3732,2114,5846,0.1197749196141479,0.09035004730368969,0.1091344509066028,3.427958199356913,1.8211316934720907,5.249089892829003,0.17133619354975493
2024,Orlando Brown Jr.,46227,CIN,T,T,11,637,441,196,58.2,69.5,49.7,20,3,3,14,100.0,100.0,97.2,8,0,54.75,55.05,14.75,-5.349999999999994,3880,1855,5738,0.11365979381443299,0.10566037735849057,0.11101429069362147,3.5541417525773196,-1.1509162264150932,2.4032255261622266,0.0784439821571287
2024,Nicholas Petit-Frere,82003,TEN,T,T,11,621,373,248,46.5,42.8,55.9,41,10,5,26,100.0,100.0,92.7,10,2,54.75,55.05,-11.950000000000003,0.8500000000000014,3434,2328,5764,0.10861968549796155,0.10652920962199312,0.10773768216516308,-2.7517711124053585,0.1843594501718216,-2.567411662233537,-0.08380320216715964
2024,Connor Williams,46216,SEA,C,C,9,618,427,191,63.7,62.3,72.4,11,2,3,6,100.0,100.0,98.3,8,0,53.45,55.375,8.849999999999994,17.025000000000006,3620,1877,5498,0.11795580110497238,0.10175812466702185,0.11240451073117497,2.21308674033149,3.527231699520512,5.740318439852002,0.18737044541594589
2024,Dalton Risner,47008,MIN,G,G,9,611,398,213,68.1,76.1,58.8,21,1,2,18,100.0,100.0,97.0,0,0,48.5,53.4,27.599999999999994,5.399999999999999,3889,2433,6322,0.10233993314476729,0.08754623921085081,0.09664663081303385,5.988114168166622,0.9625183723797777,6.9506325405464,0.22687645793363403
2024,Layden Robinson,99057,NE,G,G,12,602,366,236,43.6,41.9,46.5,33,4,6,23,100.0,100.0,94.6,5,1,48.5,53.4,-6.600000000000001,-6.899999999999999,3403,1991,5395,0.10755215985894799,0.1185334003013561,0.11158480074142725,-1.5048698207464006,-1.6652046207935705,-3.1700744415399713,-0.10347479261592399
2024,Ryan Kelly,10652,IND,C,C,10,601,324,277,67.0,71.9,64.0,11,1,1,9,100.0,100.0,98.0,1,0,53.45,55.375,18.450000000000003,8.625,3044,2391,5436,0.10643889618922471,0.11585110832287746,0.11055923473142017,4.163250985545336,2.0344033877038896,6.197654373249225,0.20229840428151089
2024,Tyron Smith,6161,NYJ,T,T,10,592,386,206,73.7,72.3,72.4,22,5,4,13,100.0,100.0,96.3,6,3,54.75,55.05,17.549999999999997,17.35000000000001,3805,1905,5710,0.10144546649145861,0.10813648293963254,0.10367775831873906,3.7743800262812077,3.8198780052493455,7.594258031530553,0.2478851173295171
2024,Kenyon Green,99052,HOU,G,G,11,582,350,232,39.7,39.7,44.6,28,5,4,19,100.0,100.0,95.0,6,1,48.5,53.4,-8.799999999999997,-8.799999999999997,3986,2353,6339,0.08780732563973909,0.09859753506162346,0.09181258873639375,-1.6381334671349717,-1.7665523161920942,-3.404685783327066,-0.11113277049134897
2024,Ed Ingram,59819,MIN,G,G,9,580,332,248,54.0,49.1,58.1,24,5,3,16,100.0,100.0,95.3,3,0,48.5,53.4,0.6000000000000014,4.700000000000003,3889,2433,6322,0.08536898945744407,0.1019317714755446,0.09174311926605505,0.10858935458986911,0.9754055076037819,1.083994862193651,0.035382810602935445
2024,Anthony Bradford,99103,SEA,G,G,11,578,392,186,48.3,48.5,57.7,28,7,1,20,100.0,100.0,95.1,10,0,48.5,53.4,0.0,4.300000000000004,3620,1877,5498,0.10828729281767956,0.09909429941395845,0.10512913786831575,0.0,0.8675507725093242,0.8675507725093242,0.028317832254304516
2024,Ryan Neuzil,41123,ATL,C,C,10,578,346,232,58.5,63.6,60.5,10,1,2,7,100.0,100.0,98.3,7,0,53.45,55.375,10.149999999999999,5.125,3213,2496,5710,0.10768751945222534,0.09294871794871795,0.10122591943957969,2.3172200435729846,0.9698733974358973,3.287093441008882,0.10729442427614656
2024,Jordan Meredith,60235,LV,G,G,9,574,399,175,80.8,75.7,78.4,9,0,1,8,100.0,100.0,98.8,3,0,48.5,53.4,27.200000000000003,25.000000000000007,3771,1893,5666,0.10580747812251393,0.092445853143159,0.1013060360042358,6.101282418456643,4.705493924986795,10.806776343443438,0.352745325577044
2024,Matt Goncalves,99680,IND,T,T,10,566,305,261,65.9,57.1,69.3,22,3,4,15,100.0,100.0,95.5,1,0,54.75,55.05,2.3500000000000014,14.25,3044,2391,5436,0.10019710906701708,0.10915934755332497,0.10412067696835908,0.49918199737187935,3.1670401505646177,3.666222147936497,0.11966961137270603
2024,Lucas Patrick,11435,NO,G,G,10,562,330,232,64.6,60.3,66.3,10,0,0,10,100.0,100.0,98.4,6,0,48.5,53.4,11.799999999999997,12.899999999999999,3074,2013,5087,0.10735198438516591,0.11525086934923001,0.11047768822488696,2.68551724137931,3.0269949329359163,5.712512174315226,0.1864628176573865
2024,Drew Dalman,52270,ATL,C,C,9,554,295,259,78.8,66.6,79.8,10,2,1,7,100.0,100.0,97.8,3,0,53.45,55.375,13.149999999999991,24.424999999999997,3213,2496,5710,0.09181450357920946,0.10376602564102565,0.09702276707530648,2.5596047307811993,5.160211818910256,7.719816549691456,0.2519834884774043
2024,Austin Jackson,60816,MIA,T,T,8,542,312,230,60.0,60.1,64.3,15,3,3,9,100.0,100.0,96.9,6,2,54.75,55.05,5.350000000000001,9.25,3532,2108,5640,0.08833522083805209,0.10910815939278938,0.09609929078014184,1.001898074745187,2.0548339658444026,3.0567320405895897,0.09977516926347227
2024,Germain Ifedi,10665,CLE,T,T,10,539,369,170,48.6,52.9,49.3,28,4,5,19,100.0,100.0,95.4,5,1,54.75,55.05,-1.8500000000000014,-5.75,4097,1863,5965,0.09006590187942397,0.09125067096081589,0.090360435875943,-0.3532384671711011,-1.0682716049382714,-1.4215100721093725,-0.04639968638765161
2024,Olumuyiwa Fashanu,129777,NYJ,T,T,11,534,372,162,61.2,59.4,61.4,23,1,4,18,100.0,100.0,96.6,7,0,54.75,55.05,4.649999999999999,6.350000000000001,3805,1905,5710,0.09776609724047307,0.08503937007874016,0.09352014010507881,0.9637781865965832,1.0994400000000002,2.0632181865965835,0.06734576045973663
2024,Brock Hoffman,54535,DAL,G,G,12,515,286,229,66.3,62.1,68.9,6,1,3,2,100.0,100.0,98.7,5,1,48.5,53.4,13.600000000000001,15.500000000000007,3732,2114,5846,0.07663451232583066,0.10832544938505204,0.08809442353746151,2.2095262593783493,3.418534531693474,5.628060791071823,0.18370622959348162
2024,Kendall Lamm,10017,MIA,T,T,10,512,336,176,72.7,83.1,53.7,12,0,1,11,100.0,100.0,98.1,1,0,54.75,55.05,28.349999999999994,-1.3499999999999943,3532,2108,5640,0.09513023782559456,0.08349146110056926,0.09078014184397164,5.717517553793883,-0.2294846299810237,5.488032923812859,0.17913556262894412
2024,Dawand Jones,101550,CLE,T,T,9,511,364,147,46.4,57.6,45.8,22,4,7,11,100.0,100.0,96.2,9,0,54.75,55.05,2.8500000000000014,-9.25,4097,1863,5965,0.08884549670490603,0.07890499194847021,0.08566638725901089,0.5368044910910424,-1.4860177133655397,-0.9492132222744972,-0.030983386394999937
2024,Walker Little,52287,JAX,T,T,13,508,316,192,72.8,73.5,72.3,13,2,5,6,100.0,100.0,97.5,4,0,54.75,55.05,18.75,17.25,2967,1854,4821,0.10650488709133805,0.10355987055016182,0.10537232939224227,4.233569261880688,3.6371262135922335,7.870695475472921,0.25690834618761205
2024,Lloyd Cushenberry III,41924,TEN,C,C,8,499,299,200,55.4,57.2,54.9,14,0,1,13,100.0,100.0,97.5,3,0,53.45,55.375,3.75,-0.4750000000000014,3434,2328,5764,0.08707047175305765,0.0859106529209622,0.08657182512144344,0.6922102504368083,-0.08308419243986279,0.6091260579969455,0.019882559129296238
2024,Fred Johnson,46951,PHI,T,T,15,497,240,257,49.1,37.1,57.5,38,8,5,25,100.0,100.0,90.0,4,1,54.75,55.05,-17.65,2.450000000000003,3479,3673,7152,0.06898534061511928,0.06997005172883201,0.0694910514541387,-2.5812934751365333,0.34902461203376023,-2.232268863102773,-0.07286376453681503
2024,Cade Mays,81995,CAR,C,C,9,495,327,168,66.1,74.9,66.9,10,0,2,8,100.0,100.0,98.4,5,0,53.45,55.375,21.450000000000003,11.525000000000006,3327,1905,5234,0.09828674481514878,0.08818897637795275,0.0945739396255254,4.469491433724077,2.0693455118110244,6.538836945535101,0.21343498689573445
2024,Blake Fisher,147479,HOU,T,T,11,478,305,173,44.7,46.7,43.8,28,7,9,12,100.0,100.0,94.0,3,1,54.75,55.05,-8.049999999999997,-11.25,3986,2353,6339,0.07651781234320121,0.07352316192095197,0.07540621549140243,-1.3058529854490712,-1.6840480237994049,-2.9899010092484763,-0.09759372928915713
2024,Dalton Tucker,81717,IND,G,G,8,464,279,185,53.3,48.7,53.0,24,2,4,18,100.0,100.0,95.0,1,0,48.5,53.4,0.20000000000000284,-0.3999999999999986,3044,2391,5436,0.09165571616294349,0.07737348389795065,0.08535688005886681,0.03886202365308859,-0.06301296528649078,-0.024150941633402187,-0.0007883138781376993
2024,Cornelius Lucas,9025,WAS,T,T,11,464,273,191,75.4,79.1,69.0,12,1,0,11,100.0,100.0,97.5,3,1,54.75,55.05,24.349999999999994,13.950000000000003,4196,2739,6940,0.06506196377502384,0.06973347937203359,0.06685878962536022,3.35862869399428,1.9805842278203727,5.339212921814653,0.17427791050504474
2024,Isaiah Adams,158192,ARI,G,G,11,462,294,168,58.4,50.3,64.7,18,2,2,14,100.0,100.0,96.3,4,1,48.5,53.4,1.7999999999999972,11.300000000000004,3361,2238,5601,0.08747396608152336,0.07506702412868632,0.08248527048741296,0.3338006545670926,1.727052010723861,2.0608526652909536,0.06726854718571341
2024,Evan Neal,99063,NYG,T,T,9,459,314,145,61.2,49.6,80.8,17,2,5,10,100.0,100.0,96.7,6,0,54.75,55.05,-5.149999999999999,25.75,3638,1990,5628,0.0863111599780099,0.0728643216080402,0.08155650319829424,-0.9423452446399118,3.8200577889447236,2.8777125443048117,0.09393177170487238
2024,Olusegun Oluwatimi,98581,SEA,C,C,10,435,260,175,64.2,54.8,65.8,8,0,3,5,100.0,100.0,98.4,2,0,53.45,55.375,1.3499999999999943,10.424999999999997,3620,1877,5498,0.0718232044198895,0.09323388385721897,0.07911967988359403,0.20555801104972285,1.9789171550346292,2.184475166084352,0.07130372455083697
2024,Andrew Thomas,59701,NYG,T,T,6,416,261,155,75.4,71.8,73.8,16,4,4,8,100.0,100.0,95.9,3,1,54.75,55.05,17.049999999999997,18.75,3638,1990,5628,0.07174271577789995,0.07788944723618091,0.07391613361762615,2.5932122045079713,2.973429648241206,5.566641852749177,0.18170144641793615
2024,Stone Forsythe,41795,SEA,T,T,6,414,298,116,43.1,41.3,51.6,35,2,4,29,100.0,100.0,93.1,3,1,54.75,55.05,-13.450000000000003,-3.4499999999999957,3620,1877,5498,0.08232044198895028,0.06180074587107086,0.07530010913059294,-2.3472850828729284,-0.4341007991475754,-2.781385882020504,-0.090787561186456
2024,Mike Caliendo,41446,KC,G,G,15,410,261,148,44.8,39.3,45.6,15,2,3,10,99.8,99.6,96.5,1,0,48.5,53.4,-9.200000000000003,-7.799999999999997,4267,2357,6627,0.061167096320599953,0.06279168434450573,0.06186811528595141,-1.1930030466369819,-0.9971821807382262,-2.190185227375208,-0.0714901073689037
2024,Abraham Lucas,60218,SEA,T,T,7,406,257,149,61.9,65.7,62.8,18,4,2,12,100.0,100.0,95.5,6,2,54.75,55.05,10.950000000000003,7.75,3620,1877,5498,0.07099447513812154,0.07938199254128929,0.0738450345580211,1.6480657458563537,1.2525684603090037,2.9006342061653574,0.09467996050963752
2024,Tyler Steen,81921,PHI,G,G,16,399,179,220,40.7,37.5,51.0,12,0,0,12,100.0,100.0,96.5,6,1,48.5,53.4,-11.0,-2.3999999999999986,3479,3673,7152,0.0514515665421098,0.05989654233596515,0.05578859060402685,-1.1998505317620005,-0.2926784644704599,-1.4925289962324604,-0.04871782388913965
2024,Brady Christensen,51985,CAR,C,C,12,399,223,174,63.6,56.1,70.7,14,0,3,11,99.5,99.1,96.7,3,0,53.45,55.375,2.6499999999999986,15.325000000000003,3327,1905,5234,0.0670273519687406,0.09133858267716535,0.07623232709209019,0.3765596633603845,2.8499190551181104,3.2264787184784947,0.10531589160791789
2024,Jamaree Salyer,81656,LAC,G,G,15,395,214,181,54.3,51.4,57.0,12,2,1,9,100.0,100.0,96.5,3,0,48.5,53.4,2.8999999999999986,3.6000000000000014,3362,2268,5630,0.06365258774538965,0.07980599647266313,0.07015985790408526,0.3913361094586554,0.5849460317460319,0.9762821412046873,0.031866946331617074
2024,Landon Young,41761,NO,G,G,11,393,252,141,55.7,30.0,67.7,16,2,0,14,100.0,100.0,96.2,1,0,48.5,53.4,-18.5,14.300000000000004,3074,2013,5087,0.08197787898503578,0.07004470938897168,0.07725574995085512,-3.2151724137931033,2.039337704918033,-1.1758347088750702,-0.03838056641734517
2024,Christian Darrisaw,77373,MIN,T,T,7,392,231,161,81.4,79.9,82.3,10,2,1,7,100.0,100.0,97.1,5,1,54.75,55.05,25.150000000000006,27.25,3889,2433,6322,0.059398302905631264,0.06617344841759146,0.06200569440050617,3.1669987143224483,3.6713690916563917,6.83836780597884,0.22321201082310596
2024,Trystan Colon,41117,ARI,G,G,10,386,215,171,71.0,65.9,68.5,12,0,3,9,100.0,100.0,97.0,1,0,48.5,53.4,17.400000000000006,15.100000000000001,3361,2238,5601,0.0639690568283249,0.07640750670241286,0.06891626495268702,2.35969056828325,2.3490418230563006,4.7087323913395505,0.1536983173937874
2024,Connor McGovern,10778,NYJ,C,C,6,369,243,126,58.9,69.7,56.8,8,0,1,7,100.0,100.0,98.2,3,0,53.45,55.375,16.25,1.4249999999999972,3805,1905,5710,0.06386333771353482,0.06614173228346457,0.06462346760070052,2.2000919842312743,0.19189700787401537,2.3919889921052895,0.07807720905677888
2024,Justin Skule,38951,TB,T,T,10,362,213,148,69.2,66.5,68.9,12,4,2,6,99.7,99.5,96.1,1,0,54.75,55.05,11.75,13.850000000000009,3611,2331,5943,0.05898643035170313,0.06349206349206349,0.060911997307757024,1.469351980060925,1.7903873015873026,3.2597392816482276,0.10640155377129758
2024,Spencer Anderson,81719,PIT,G,G,15,357,196,161,56.7,64.9,55.7,10,1,2,7,100.0,100.0,96.9,2,0,48.5,53.4,16.400000000000006,2.3000000000000043,3309,2586,5895,0.05923239649440919,0.06225831399845321,0.06055979643765903,2.059391961317619,0.2915432327919572,2.350935194109576,0.07673716694986897
2024,Sataoa Laumea,100525,SEA,G,G,6,355,219,136,37.9,19.8,52.3,23,2,4,17,100.0,100.0,94.0,4,1,48.5,53.4,-28.7,-1.1000000000000014,3620,1877,5498,0.06049723756906077,0.07245604688332445,0.0645689341578756,-3.6808939226519337,-0.16227256259989364,-3.8431664852518272,-0.12544527341027367
2024,Mark Glowinski,9567,IND,G,G,5,355,177,178,52.1,53.3,54.3,16,3,0,13,100.0,100.0,94.3,3,2,48.5,53.4,4.799999999999997,0.8999999999999986,3044,2391,5436,0.058147174770039424,0.07444583856127143,0.06530537159676232,0.5917056504599207,0.13641455457967355,0.7281202050395943,0.023766661826192352
2024,Tanor Bortolini,129915,IND,C,C,8,351,211,140,65.1,64.6,65.4,7,0,2,5,100.0,100.0,98.2,1,0,53.45,55.375,11.149999999999991,10.025000000000006,3044,2391,5436,0.06931668856767412,0.05855290673358427,0.06456953642384106,1.6385078843626795,1.195117524048516,2.833625408411195,0.09249271803980894
2024,Nick Saldiveri,81785,NO,G,G,9,344,203,141,56.0,38.5,61.1,14,0,4,10,100.0,100.0,96.4,0,0,48.5,53.4,-10.0,7.700000000000003,3074,2013,5087,0.0660377358490566,0.07004470938897168,0.06762335364655003,-1.4,1.0981049180327873,-0.3018950819672126,-0.009854194775044312
2024,Jonah Williams,41651,ARI,T,T,6,343,221,122,70.7,73.3,61.7,7,0,0,7,100.0,100.0,98.3,0,0,54.75,55.05,18.549999999999997,6.650000000000006,3361,2238,5601,0.06575423980958048,0.05451295799821269,0.06123906445277629,2.5858512347515616,0.7380727435210015,3.323923978272563,0.10849661440624368
2024,Patrick Paul,101019,MIA,T,T,10,338,229,109,44.9,55.8,41.0,15,3,1,11,100.0,100.0,95.7,5,3,54.75,55.05,1.0499999999999972,-14.049999999999997,3532,2108,5640,0.06483578708946772,0.051707779886148005,0.0599290780141844,0.14432446206115473,-1.4791424098671724,-1.3348179478060176,-0.04356995801718285
2024,Shane Lemieux,28149,NO,C,C,6,337,221,116,51.1,42.1,58.8,12,1,0,11,100.0,100.0,96.9,2,0,53.45,55.375,-11.350000000000001,3.424999999999997,3074,2013,5087,0.07189329863370202,0.057625434674615006,0.0662472970316493,-1.7298965517241383,0.4018394436164925,-1.3280571081076458,-0.043349276610925816
2024,Warren McClendon Jr.,99081,LA,T,T,7,333,218,115,59.8,51.5,69.9,14,5,4,5,100.0,100.0,95.4,2,0,54.75,55.05,-3.25,14.850000000000009,3456,2415,5871,0.0630787037037037,0.047619047619047616,0.056719468574348494,-0.43461226851851853,1.4397428571428577,1.0051305886243391,0.03280859207814086
2024,Larry Borom,59879,CHI,T,T,7,329,237,92,53.8,56.2,51.7,22,7,2,13,100.0,100.0,93.4,3,0,54.75,55.05,1.4500000000000028,-3.3499999999999943,3734,1960,5694,0.06347080878414568,0.04693877551020408,0.05778011942395504,0.19510926620246422,-0.32015061224489744,-0.12504134604243322,-0.004081490068691065
2024,Alec Anderson,81882,BUF,C,C,20,335,87,237,70.4,65.4,76.2,3,0,1,2,96.7,88.8,98.2,7,2,53.45,55.375,11.950000000000003,20.825000000000003,3670,2996,6677,0.023705722070844686,0.07910547396528705,0.05017223303878988,0.6005607629427795,3.3540483644859824,3.954609127428762,0.12908288650122277
2024,Dan Skipper,12307,DET,T,T,16,324,137,179,55.2,57.6,49.5,12,1,4,7,97.5,94.5,95.1,1,0,54.75,55.05,2.8500000000000014,-5.549999999999997,3337,2804,6152,0.04105483967635601,0.0638373751783167,0.05266579973992198,0.2480533413245431,-0.7213495720399427,-0.47329623071539956,-0.015448920907795335
2024,T.J. Bass,131703,DAL,G,G,10,315,200,115,63.0,45.0,70.5,6,1,1,4,100.0,100.0,98.1,2,1,48.5,53.4,-3.5,17.1,3732,2114,5846,0.05359056806002144,0.054399243140964997,0.05388299692097161,-0.397642015005359,1.8939422894985811,1.4963002744932221,0.04884092265010745
2024,Erik McCoy,37347,NO,C,C,7,293,154,139,94.4,79.7,94.6,3,0,1,2,100.0,100.0,98.9,3,0,53.45,55.375,26.25,39.224999999999994,3074,2013,5087,0.05009759271307743,0.06905116741182316,0.05759779830941616,2.787931034482759,5.514571236959761,8.30250227144252,0.2710030053153628
2024,Alex Forsyth,60012,DEN,C,C,8,292,173,119,65.2,58.8,65.6,8,2,1,5,100.0,100.0,96.9,0,0,53.45,55.375,5.349999999999994,10.224999999999994,3608,2188,5799,0.0479490022172949,0.054387568555758686,0.05035350922572857,0.5438375831485582,1.1322458409506393,1.6760834240991975,0.05470924671138056
2024,Austin Corbett,46290,CAR,C,C,5,291,187,104,62.2,64.7,59.3,3,1,1,1,100.0,100.0,98.9,1,0,53.45,55.375,11.25,3.924999999999997,3327,1905,5234,0.05620679290652239,0.05459317585301837,0.055598012991975546,1.340532010820559,0.4362704461942254,1.7768024570147842,0.057996829143783624
2024,Trent Scott,24481,WAS,T,T,15,288,180,107,46.1,52.9,39.5,10,0,1,9,99.7,99.4,97.0,3,0,54.75,55.05,-1.8500000000000014,-15.549999999999997,4196,2739,6940,0.042897998093422304,0.03906535231836437,0.0414985590778098,-0.1682459485224024,-1.236801241328952,-1.4050471898513544,-0.045862319408130056
2024,Will Hernandez,46180,ARI,G,G,5,280,163,117,69.3,74.2,66.0,8,0,0,8,100.0,100.0,97.4,2,0,48.5,53.4,25.700000000000003,12.600000000000001,3361,2238,5601,0.04849747099077655,0.05227882037533512,0.04999107302267452,2.6423362094614697,1.3411399463806972,3.983476155842167,0.13002513875226582
2024,Jaylon Moore,43678,SF,T,T,10,271,158,112,74.9,73.1,70.1,10,1,2,7,99.6,99.4,96.4,0,0,54.75,55.05,18.349999999999994,15.049999999999997,3303,2145,5450,0.04783530124129579,0.052214452214452214,0.049724770642201835,1.8608888888888884,1.5999448018648015,3.46083369075369,0.11296550129434098
2024,Will Fries,41530,IND,G,G,5,268,153,115,86.9,74.9,84.9,6,2,1,3,100.0,100.0,97.2,1,0,48.5,53.4,26.400000000000006,31.500000000000007,3044,2391,5436,0.05026281208935611,0.04809703053115851,0.049300956585724795,2.8131090670170833,3.0846549560853207,5.897764023102404,0.1925096462062006
2024,Andrew Vorhees,60818,BAL,G,G,6,268,135,133,57.2,63.8,56.1,4,0,0,4,100.0,100.0,98.4,3,0,48.5,53.4,15.299999999999997,2.700000000000003,3200,3069,6269,0.0421875,0.0433365917236885,0.04275003987876854,1.3683937499999999,0.23822991202346067,1.6066236620234604,0.052442002011458995
2024,Jonah Jackson,37070,LA,G,G,5,267,182,85,67.6,59.5,68.8,9,0,2,7,100.0,100.0,97.5,0,0,48.5,53.4,11.0,15.399999999999999,3456,2415,5871,0.052662037037037035,0.035196687370600416,0.045477772100153295,1.2280787037037038,1.1035710144927535,2.3316497181964575,0.07610766734113425
2024,John Ojukwu,58530,TEN,T,T,11,264,145,118,69.4,68.4,68.0,10,1,2,7,99.6,99.3,96.0,2,1,54.75,55.05,13.650000000000006,12.950000000000003,3434,2328,5764,0.04222481071636575,0.0506872852233677,0.04580152671755725,1.2219015725101927,1.3364310996563578,2.5583326721665505,0.08350685372750373
2024,Jake Curhan,38549,CHI,G,G,7,260,171,89,45.8,38.4,54.9,15,1,3,11,100.0,100.0,94.9,3,0,48.5,53.4,-10.100000000000001,1.5,3734,1960,5694,0.04579539367970006,0.045408163265306126,0.045662100456621,-0.9805709694697378,0.1386765306122449,-0.8418944388574928,-0.027480380688776437
2024,Chris Hubbard,8051,NYG,T,T,5,257,170,87,46.6,25.5,73.8,28,3,12,13,100.0,100.0,89.9,1,0,54.75,55.05,-29.25,18.75,3638,1990,5628,0.04672897196261682,0.043718592964824124,0.04566453447050462,-2.8976635514018687,1.668957286432161,-1.2287062649697078,-0.040106353430572575
2024,Cole Van Lanen,41583,JAX,T,T,6,252,144,108,62.3,65.3,58.0,9,1,2,6,100.0,100.0,96.3,2,0,54.75,55.05,10.549999999999997,2.950000000000003,2967,1854,4821,0.04853387259858443,0.05825242718446602,0.0522713130056005,1.085508594539939,0.3498757281553401,1.4353843226952792,0.046852557520034435
2024,Mike Jerrell,183057,SEA,T,T,6,250,153,97,46.4,54.8,49.5,15,3,2,10,100.0,100.0,93.6,6,1,54.75,55.05,0.04999999999999716,-5.549999999999997,3620,1877,5498,0.042265193370165745,0.051678209909429944,0.045471080392870136,0.0044801104972373145,-0.5839534363345762,-0.5794733258373389,-0.018914660624925375
2024,Jedrick Wills Jr.,58467,CLE,T,T,5,245,168,77,52.9,63.6,51.6,11,3,3,5,100.0,100.0,95.5,6,2,54.75,55.05,8.850000000000001,-3.4499999999999957,4097,1863,5965,0.04100561386380278,0.041331186258722494,0.04107292539815591,0.7693473273126679,-0.2903185185185182,0.47902880879414966,0.01563603869912553
2024,Michael Deiter,38554,WAS,C,C,11,234,145,89,51.2,41.4,54.0,7,3,0,4,100.0,100.0,96.3,0,0,53.45,55.375,-12.050000000000004,-1.375,4196,2739,6940,0.03455672068636797,0.03249361080686382,0.03371757925072046,-0.8827859866539565,-0.09096586345381526,-0.9737518501077718,-0.03178435478642167
2024,Zak Zinter,129605,CLE,G,G,8,233,149,82,43.9,35.0,54.0,10,3,1,6,99.1,98.7,95.4,2,0,48.5,53.4,-13.5,0.6000000000000014,4097,1863,5965,0.03636807420063461,0.0440150295222759,0.03906119027661358,-1.0408542836221626,0.05376876006441237,-0.9870855235577503,-0.0322195808735336
2024,Chuma Edoga,46232,DAL,T,T,5,226,129,97,52.2,50.5,56.6,7,2,3,2,100.0,100.0,96.2,2,0,54.75,55.05,-4.25,1.5500000000000043,3732,2114,5846,0.03456591639871383,0.04588457899716178,0.0386589120766336,-0.3114389067524116,0.14480255439924353,-0.16663635235316807,-0.0054391978232668555
2024,Max Mitchell,81707,NYJ,T,T,7,224,152,72,65.1,65.1,64.1,9,2,1,6,100.0,100.0,96.2,1,0,54.75,55.05,10.349999999999994,9.049999999999997,3805,1905,5710,0.03994743758212878,0.03779527559055118,0.03922942206654991,0.8765266754270692,0.6964081889763777,1.5729348644034469,0.0513423617943298
2024,James Hudson III,59854,CLE,T,T,4,222,159,63,50.4,40.2,57.7,15,0,7,8,100.0,100.0,95.0,2,0,54.75,55.05,-14.549999999999997,2.6500000000000057,4097,1863,5965,0.03880888454967049,0.033816425120772944,0.03721709974853311,-1.1970988528191355,0.18245314009661873,-1.0146457127225168,-0.03311917642274553
2024,Cody Whitehair,10690,LV,G,G,9,221,158,63,44.7,61.0,37.9,9,0,1,8,100.0,100.0,96.9,1,0,48.5,53.4,12.5,-15.5,3771,1893,5666,0.041898700609917794,0.03328050713153724,0.03900458877515002,1.1103155661628215,-1.0502662440570523,0.06004932210576919,0.001960077362916066
2024,Joe Noteboom,46249,LA,T,T,4,220,152,68,60.0,46.9,70.6,15,2,2,11,100.0,100.0,94.2,3,0,54.75,55.05,-7.850000000000001,15.549999999999997,3456,2415,5871,0.04398148148148148,0.028157349896480333,0.037472321580650655,-0.731939814814815,0.8914560662525879,0.15951625143777293,0.005206789727112792
2024,James Daniels,45576,PIT,G,G,4,209,105,104,92.9,66.5,92.5,5,1,1,3,100.0,100.0,96.8,0,0,48.5,53.4,18.0,39.1,3309,2586,5895,0.03173164097914778,0.04021655065738593,0.03545377438507209,1.2108794197642792,3.201543078112916,4.412422497877195,0.1440264294487304
2024,Justin Dedich,83018,LA,G,G,4,205,115,90,56.6,43.6,59.7,7,0,2,5,100.0,100.0,96.6,1,0,48.5,53.4,-4.899999999999999,6.300000000000004,3456,2415,5871,0.033275462962962965,0.037267080745341616,0.03491739056378811,-0.34566550925925915,0.47801739130434817,0.13235188204508902,0.004320114180123155
2024,Thayer Munford Jr.,59994,LV,T,T,11,201,123,76,45.9,46.6,45.3,10,5,3,2,99.0,98.4,93.6,0,0,54.75,55.05,-8.149999999999999,-9.75,3771,1893,5666,0.03261734287987271,0.040147913365029056,0.0354747617366749,-0.5635624502784405,-0.7969762282091918,-1.3605386784876323,-0.04440951157413883
2024,Ryan Van Demark,55113,BUF,T,T,9,199,96,103,53.3,51.8,51.4,5,0,1,4,100.0,100.0,97.3,0,0,54.75,55.05,-2.950000000000003,-3.6499999999999986,3670,2996,6677,0.026158038147138966,0.03437917222963952,0.02980380410363936,-0.16359237057220724,-0.25548538050734304,-0.41907775107955025,-0.013679168796376515
2024,Kingsley Suamataia,146558,KC,T,T,10,198,131,67,37.9,30.5,46.2,14,3,6,5,100.0,100.0,93.0,3,0,54.75,55.05,-24.25,-8.849999999999994,4267,2357,6627,0.030700726505741738,0.028425965210012727,0.029877772747849706,-1.5783243496601826,-0.512196096733135,-2.0905204463933176,-0.06823693690448937
2024,Chandler Zavala,144009,CAR,G,G,13,198,93,105,71.2,73.9,71.9,3,0,0,3,100.0,100.0,98.3,2,0,48.5,53.4,25.400000000000006,18.500000000000007,3327,1905,5234,0.027953110910730387,0.05511811023622047,0.03782957585021016,1.50521911632101,2.076078740157481,3.581297856478491,0.11689758705317534
2024,Jake Kubas,91363,NYG,G,G,5,197,125,72,52.2,39.2,67.2,7,0,1,6,100.0,100.0,97.1,3,0,48.5,53.4,-9.299999999999997,13.800000000000004,3638,1990,5628,0.03435953820780649,0.036180904522613064,0.03500355366027008,-0.6774326553051125,1.016567638190955,0.33913498288584243,0.011069746994922424
2024,Logan Bruss,60251,TEN,G,G,3,195,115,80,44.8,7.2,63.3,10,2,3,5,100.0,100.0,94.4,0,0,48.5,53.4,-41.3,9.899999999999999,3434,2328,5764,0.03348864298194525,0.03436426116838488,0.03383067314365024,-2.9321316249271985,0.692659793814433,-2.2394718311127653,-0.07309887750807101
2024,David Andrews,9948,NE,C,C,4,193,105,88,58.7,60.0,60.1,5,1,0,4,100.0,100.0,97.0,2,2,53.45,55.375,6.549999999999997,4.725000000000001,3403,1991,5395,0.030855127828386716,0.04419889502762431,0.03577386468952734,0.4284543050249778,0.4251977900552487,0.8536520950802264,0.027864163802306628
2024,Aaron Stinnie,28653,NYG,G,G,4,193,127,66,47.9,56.4,50.5,7,0,2,5,100.0,100.0,96.9,2,0,48.5,53.4,7.899999999999999,-2.8999999999999986,3638,1990,5628,0.03490929081913139,0.033165829145728645,0.034292821606254444,0.5846608026388123,-0.19582432160804011,0.3888364810307722,0.012692059753845845
2024,Leroy Watson,98723,TEN,T,T,4,191,100,91,35.1,37.8,50.0,9,1,1,7,100.0,100.0,94.6,8,1,54.75,55.05,-16.950000000000003,-5.049999999999997,3434,2328,5764,0.029120559114735003,0.0390893470790378,0.03313671061762665,-1.0464181712288878,-0.4019088487972506,-1.4483270200261384,-0.04727502170720057
2024,Matt Peart,46179,DEN,T,T,17,190,98,89,67.4,69.8,62.0,8,0,1,7,98.4,97.0,95.7,1,1,54.75,55.05,15.049999999999997,6.950000000000003,3608,2188,5799,0.027161862527716185,0.040676416819012795,0.032764269701672705,0.8666263858093124,0.575579433272395,1.4422058190817073,0.04707521882876163
2024,Yosh Nijman,60822,CAR,T,T,4,187,126,61,57.9,59.5,52.0,11,2,2,7,100.0,100.0,94.6,1,0,54.75,55.05,4.75,-3.049999999999997,3327,1905,5234,0.03787195671776375,0.032020997375328084,0.03572793274742071,0.3813706041478809,-0.19884398950131216,0.18252661464656872,0.0059578738435761835
2024,Jordan Morgan,98652,GB,G,G,6,186,104,82,59.2,61.5,56.2,7,0,3,4,100.0,100.0,96.3,1,0,48.5,53.4,13.0,2.8000000000000043,3025,2717,5742,0.0343801652892562,0.030180345969819652,0.03239289446185998,0.9475173553719008,0.17205211630474812,1.1195694716766489,0.03654400583873485
2024,Joshua Ezeudu,77355,NYG,T,T,10,182,119,63,62.7,62.0,68.0,15,2,1,12,100.0,100.0,92.3,3,0,54.75,55.05,7.25,12.950000000000003,3638,1990,5628,0.03271028037383177,0.03165829145728643,0.03233830845771144,0.5027570093457944,0.8347088442211057,1.3374658535669002,0.04365638863719717
2024,Asim Richards,99674,DAL,T,T,8,181,108,73,58.7,69.5,44.5,6,1,1,4,100.0,100.0,96.5,1,0,54.75,55.05,14.75,-10.549999999999997,3732,2114,5846,0.028938906752411574,0.03453169347209082,0.030961341087923366,0.9049196141479099,-0.7417338694418162,0.1631857447060937,0.00532656611153125
2024,Alex Palczewski,59738,DEN,T,T,7,179,102,77,63.4,67.4,61.0,3,1,1,1,100.0,100.0,97.8,1,0,54.75,55.05,12.650000000000006,5.950000000000003,3608,2188,5799,0.02827050997782705,0.035191956124314444,0.0308673909294706,0.7581585365853662,0.42632239488117024,1.1844809314665365,0.03866278884021309
2024,Kendrick Green,56642,HOU,G,G,6,178,118,60,47.7,19.4,62.1,11,2,3,6,100.0,100.0,94.2,0,0,48.5,53.4,-29.1,8.700000000000003,3986,2353,6339,0.02960361264425489,0.025499362515937103,0.028080138823158227,-1.8263060712493726,0.4516753081172973,-1.3746307631320753,-0.0448694930550158
2024,Michael Dunn,39676,CLE,G,G,9,171,106,64,46.5,34.7,54.5,6,2,2,2,99.4,99.1,95.9,2,0,48.5,53.4,-13.799999999999997,1.1000000000000014,4097,1863,5965,0.025872589699780325,0.03435319377348363,0.028667225481978205,-0.7569284842567731,0.07693741277509404,-0.679991071481679,-0.02219567281456835
2024,Christian Haynes,77339,SEA,G,G,9,167,113,54,48.5,51.9,49.8,6,1,0,5,100.0,100.0,96.6,2,0,48.5,53.4,3.3999999999999986,-3.6000000000000014,3620,1877,5498,0.031215469613259668,0.02876931273308471,0.03037468170243725,0.22500110497237558,-0.21086755460841777,0.014133550363957803,0.00046133496856522025
2024,Nick Zakelj,59693,SF,G,G,5,162,115,47,58.7,77.7,51.2,3,0,1,2,100.0,100.0,98.6,1,1,48.5,53.4,29.200000000000003,-2.1999999999999957,3303,2145,5450,0.034816833181955796,0.02191142191142191,0.029724770642201834,2.155301241295792,-0.09814564102564084,2.057155600270151,0.06714787082830609
2024,Jackson Barton,46978,ARI,T,T,4,157,109,48,63.9,58.5,65.2,6,0,1,5,100.0,100.0,97.0,0,0,54.75,55.05,3.75,10.150000000000006,3361,2238,5601,0.032430824159476346,0.021447721179624665,0.02803070880199964,0.2578250520678369,0.4432257372654158,0.7010507893332527,0.0228830856742433
2024,Sidy Sow,59675,NE,G,G,10,155,102,53,29.8,17.2,44.9,9,1,2,6,100.0,100.0,94.7,1,0,48.5,53.4,-31.3,-8.5,3403,1991,5395,0.02997355274757567,0.026619789050728277,0.028730305838739572,-1.9889250661181308,-0.4606820693119035,-2.449607135430034,-0.07995793001188246
2024,Ryan McCollum,41974,PIT,C,C,4,153,75,78,50.3,41.5,52.2,4,0,1,3,100.0,100.0,97.2,2,0,53.45,55.375,-11.950000000000003,-3.174999999999997,3309,2586,5895,0.022665457842248413,0.030162412993039442,0.025954198473282442,-0.5742067089755215,-0.19497888631090468,-0.7691855952864262,-0.02510708231720729
2024,Devin Cochran,41198,CIN,T,T,4,152,100,52,50.6,50.8,57.5,8,1,2,5,100.0,100.0,95.1,2,0,54.75,55.05,-3.950000000000003,2.450000000000003,3880,1855,5738,0.02577319587628866,0.028032345013477088,0.026490066225165563,-0.21582474226804138,0.13983094339622656,-0.07599379887181482,-0.0024805230045441278
2024,Olisaemeka Udoh,28394,NO,G,G,9,149,82,67,54.4,32.1,69.3,5,1,2,2,100.0,100.0,96.1,3,0,48.5,53.4,-16.4,15.899999999999999,3074,2013,5087,0.026675341574495772,0.033283656234475906,0.029290347945744054,-0.9274482758620688,1.0774718330849478,0.15002355722287897,0.004896937519107427
2024,Kayode Awosika,44909,DET,G,G,5,145,65,80,51.3,59.4,52.5,6,0,1,5,100.0,100.0,95.2,3,1,48.5,53.4,10.899999999999999,-0.8999999999999986,3337,2804,6152,0.01947857356907402,0.028530670470756064,0.023569570871261377,0.4501108780341624,-0.05227960057061333,0.39783127746354907,0.012985660018656002
2024,Christian Mahogany,98261,DET,G,G,5,144,81,63,91.5,78.7,91.1,4,1,1,2,100.0,100.0,96.8,1,0,48.5,53.4,30.200000000000003,37.699999999999996,3337,2804,6152,0.02427329937069224,0.0224679029957204,0.02340702210663199,1.5540737189092,1.7245733238231096,3.2786470427323096,0.10701872434349916
2024,Nate Davis,46808,CHI,G,G,5,142,93,49,53.6,69.2,53.7,6,1,0,5,100.0,100.0,95.7,2,0,48.5,53.4,20.700000000000003,0.30000000000000426,3734,1960,5694,0.024906266738082484,0.025,0.024938531787846857,1.092986609534012,0.015270000000000217,1.108256609534012,0.03617474130388272
2024,Carter Warren,60023,NYJ,T,T,3,141,97,44,44.6,34.1,58.4,11,1,1,9,100.0,100.0,93.5,1,0,54.75,55.05,-20.65,3.3500000000000014,3805,1905,5710,0.025492772667542705,0.023097112860892388,0.02469352014010508,-1.1160226018396846,0.1575361679790027,-0.9584864338606819,-0.031286074443327885
2024,Trent Brown,9677,CIN,T,T,3,139,98,41,65.2,64.2,68.4,5,1,0,4,100.0,100.0,96.7,1,0,54.75,55.05,9.450000000000003,13.350000000000009,3880,1855,5738,0.025257731958762887,0.022102425876010783,0.02422446845590798,0.5060134020618559,0.6007571967654991,1.1067705988273548,0.03612623624429122
2024,Danny Pinter,47339,IND,C,C,2,138,75,63,68.6,60.2,69.1,3,0,0,3,100.0,100.0,97.8,2,0,53.45,55.375,6.75,13.724999999999994,3044,2391,5436,0.024638633377135347,0.026348808030112924,0.025386313465783666,0.35257884362680686,0.7362937264742783,1.088872570101085,0.035542024471085995
2024,Corey Levin,11972,TEN,C,C,3,133,76,57,55.5,64.5,55.8,5,1,2,2,100.0,100.0,95.8,1,0,53.45,55.375,11.049999999999997,0.42499999999999716,3434,2328,5764,0.0221316249271986,0.024484536082474227,0.023074253990284524,0.5184554455445544,0.02118646907216481,0.5396419146167192,0.017614518596194013
2024,David Quessenberry,7957,MIN,T,T,5,133,84,49,55.2,50.7,56.2,10,1,2,7,100.0,100.0,92.9,0,0,54.75,55.05,-4.049999999999997,1.1500000000000057,3889,2433,6322,0.021599382874775006,0.02013974517057131,0.02103764631445745,-0.18545230136281807,0.0471551993423759,-0.13829710202044215,-0.004514172841946525
2024,Caedan Wallace,98427,NE,T,T,6,129,64,65,44.1,52.5,57.4,5,1,1,3,100.0,100.0,94.6,7,4,54.75,55.05,-2.25,2.3500000000000014,3403,1991,5395,0.018806935057302382,0.03264691109994977,0.023911028730305837,-0.08970908022333235,0.15620241084881978,0.06649333062548743,0.002170417043415548
2024,Storm Norton,12188,ATL,T,T,6,128,74,53,61.9,50.4,67.1,3,0,0,3,99.2,98.7,97.7,0,0,54.75,55.05,-4.350000000000001,12.049999999999997,3213,2496,5710,0.023031434796140678,0.02123397435897436,0.022416812609457094,-0.2123958916900094,0.520950080128205,0.3085541884381956,0.010071555494421486
2024,Kiran Amegadjie,151121,CHI,T,T,5,126,67,59,40.3,39.4,54.6,8,1,0,7,100.0,100.0,92.6,5,2,54.75,55.05,-15.350000000000001,-0.44999999999999574,3734,1960,5694,0.017943224424209963,0.03010204081632653,0.022128556375131718,-0.5839084092126406,-0.027579489795918108,-0.6114878990085587,-0.019959652274386463
2024,Sedrick Van Pran-Granger,124042,BUF,C,C,9,125,40,85,54.6,42.1,56.3,1,0,1,0,100.0,100.0,98.7,0,0,53.45,55.375,-11.350000000000001,0.9249999999999972,3670,2996,6677,0.010899182561307902,0.028371161548731642,0.018720982477160402,-0.2622561307901908,0.05343140854472614,-0.20882472224546464,-0.006816273632025662
2024,Nick Leverett,27699,ARI,C,C,4,122,77,45,36.6,19.8,50.6,10,1,4,5,100.0,100.0,92.3,2,0,53.45,55.375,-33.650000000000006,-4.774999999999999,3361,2238,5601,0.022909848259446593,0.020107238605898123,0.021781824674165326,-1.6343427551324012,-0.19548056300268088,-1.829823318135082,-0.05972748964085238
2024,Charlie Heck,36501,SF,T,T,7,117,72,45,41.2,47.8,40.8,8,1,0,7,100.0,100.0,93.3,1,0,54.75,55.05,-6.950000000000003,-14.25,3303,2145,5450,0.021798365122615803,0.02097902097902098,0.02146788990825688,-0.32117711171662133,-0.6086643356643358,-0.9298414473809571,-0.030351069890552904
2024,Cole Strange,22976,NE,C,C,2,117,75,42,48.6,79.0,40.4,1,0,0,1,100.0,100.0,99.3,2,0,53.45,55.375,25.549999999999997,-14.975000000000001,3403,1991,5395,0.022039377020276227,0.02109492717227524,0.021686746987951807,1.193784895680282,-0.643165344048217,0.5506195516320649,0.01797284100613212
2024,Spencer Burford,81920,SF,G,G,5,113,63,50,57.6,64.0,53.0,3,0,1,2,100.0,100.0,97.4,0,0,48.5,53.4,15.5,-0.3999999999999986,3303,2145,5450,0.01907356948228883,0.023310023310023312,0.02073394495412844,0.6267574931880109,-0.018983682983682915,0.607773810204328,0.019838420241555018
2024,Jack Driscoll,27064,PHI,G,G,8,110,48,62,72.3,70.0,69.7,3,1,1,1,100.0,100.0,95.8,0,0,48.5,53.4,21.5,16.300000000000004,3479,3673,7152,0.013797068123023858,0.016879934658317452,0.015380313199105145,0.6288703650474274,0.5601910155186497,1.189061380566077,0.038812299846785074
2024,Sam Mustipher,13026,LAC,G,G,7,107,48,59,50.8,30.5,59.9,4,0,1,3,100.0,100.0,95.7,3,1,48.5,53.4,-18.0,6.5,3362,2268,5630,0.014277215942891136,0.02601410934744268,0.01900532859680284,-0.5448185603807257,0.34427072310405643,-0.2005478372766693,-0.006546106804259969
2024,Ryan Bates,28300,CHI,G,G,3,105,68,37,60.1,48.8,62.8,3,1,1,1,100.0,100.0,97.0,0,0,48.5,53.4,0.29999999999999716,9.399999999999999,3734,1960,5694,0.01821103374397429,0.018877551020408164,0.0184404636459431,0.011582217461167537,0.36128612244897956,0.3728683399101471,0.012170841681087962
2024,Jake Hanson,28148,NYJ,G,G,3,103,62,41,69.9,26.3,83.5,5,3,1,1,100.0,100.0,93.0,0,0,48.5,53.4,-22.2,30.1,3805,1905,5710,0.016294349540078842,0.02152230971128609,0.018038528896672505,-0.7668772667542705,1.3189646194225721,0.5520873526683017,0.018020751681615266
2024,Isaiah Wynn,46048,MIA,G,G,3,103,70,33,49.0,32.5,60.9,5,1,0,4,100.0,100.0,95.4,1,0,48.5,53.4,-16.0,7.5,3532,2108,5640,0.019818799546998868,0.015654648956356737,0.01826241134751773,-0.6722536806342017,0.23904648956356736,-0.4332071910706343,-0.01414036959775149
2024,Zach Thomas,43641,HOU,T,T,10,101,57,44,58.1,57.7,55.6,4,2,0,2,100.0,100.0,94.5,0,0,54.75,55.05,2.950000000000003,0.5500000000000043,3986,2353,6339,0.014300050175614651,0.018699532511687208,0.01593311247830888,0.08943251379829412,0.020939736506587495,0.11037225030488161,0.0036026742972327373
2024,Blake Hance,46301,JAX,G,G,7,97,57,40,60.1,67.4,55.4,1,0,0,1,100.0,100.0,99.1,1,1,48.5,53.4,18.900000000000006,2.0,2967,1854,4821,0.019211324570273004,0.021574973031283712,0.020120306990250986,0.7697593528816989,0.08785329018338728,0.8576126430650862,0.027993440539789076
2024,Nick Gates,29476,PHI,C,C,4,96,47,49,52.6,67.7,49.0,0,0,0,0,100.0,100.0,100.0,1,0,53.45,55.375,14.25,-6.375,3479,3673,7152,0.013509629203794194,0.013340593520283148,0.013422818791946308,0.4081258982466226,-0.17315423359651508,0.23497166465010752,0.007669739218640284
2024,Robert Hainsey,59980,TB,C,C,6,94,45,49,77.5,81.0,73.9,0,0,0,0,100.0,100.0,100.0,0,0,53.45,55.375,27.549999999999997,18.525000000000006,3611,2331,5943,0.012461921905289393,0.021021021021021023,0.015816927477704863,0.7278510108003322,0.792847747747748,1.5206987585480802,0.049637316591094195
2024,D.J. Humphries,9457,KC,T,T,2,92,69,23,44.8,30.5,66.1,11,3,3,5,100.0,100.0,89.1,2,1,54.75,55.05,-24.25,11.049999999999997,4267,2357,6627,0.016170611670963207,0.00975816716164616,0.013882601478798853,-0.8313311460042184,0.21953729316928292,-0.6117938528349355,-0.019969638951140657
2024,Nick Harris,46752,CLE,C,C,5,90,58,30,49.7,63.9,48.3,2,0,0,2,97.8,96.7,98.1,1,0,53.45,55.375,10.449999999999996,-7.075000000000003,4097,1863,5965,0.014156700024408104,0.01610305958132045,0.015088013411567477,0.313627532340737,-0.23195974235104674,0.08166778998969024,0.002665728451625535
2024,Doug Kramer,41458,CHI,G,G,10,85,43,42,28.5,18.0,50.1,3,1,0,2,100.0,100.0,94.9,2,0,48.5,53.4,-30.5,-3.299999999999997,3734,1960,5694,0.011515800749866096,0.02142857142857143,0.014927994380049174,-0.7446116764863417,-0.1439742857142856,-0.8885859622006274,-0.029004444487261055
2024,Kyle Hinton,83163,ATL,G,G,7,83,41,42,58.5,32.4,69.6,4,0,3,1,100.0,100.0,94.7,1,0,48.5,53.4,-16.1,16.199999999999996,3213,2496,5710,0.012760659819483348,0.016826923076923076,0.014535901926444834,-0.43554684095860563,0.555005769230769,0.11945892827216342,0.0038992736785947147
2024,Lester Cotton,46085,NE,G,G,6,80,44,36,63.5,43.1,67.9,4,1,2,1,100.0,100.0,94.3,0,0,48.5,53.4,-5.399999999999999,14.500000000000007,3403,1991,5395,0.012929767851895386,0.01808136614766449,0.014828544949026877,-0.1480199823684983,0.5337980914113513,0.3857781090428529,0.012592231054858398
2024,Tylan Grable,109425,BUF,T,T,4,79,36,43,53.7,78.8,45.2,0,0,0,0,100.0,100.0,100.0,1,0,54.75,55.05,24.049999999999997,-9.849999999999994,3670,2996,6677,0.009809264305177113,0.014352469959946596,0.011831660925565373,0.5001351498637603,-0.2878330440587448,0.21230210580501546,0.006929779339637926
2024,Christian Jones,77463,ARI,T,T,2,74,46,28,53.8,77.2,49.6,0,0,0,0,100.0,100.0,100.0,2,2,54.75,55.05,22.450000000000003,-5.449999999999996,3361,2238,5601,0.01368640285629277,0.012511170688114389,0.013211926441706838,0.6513906575423981,-0.13882645218945477,0.5125642053529433,0.016730671733209187
2024,Darian Kinnard,51789,PHI,T,T,2,71,43,28,61.3,52.4,64.3,3,1,0,2,100.0,100.0,95.3,0,0,54.75,55.05,-2.3500000000000014,9.25,3479,3673,7152,0.012359873526875538,0.007623196297304655,0.009927293064876958,-0.06157688991089397,0.1435676558671386,0.08199076595624463,0.0026762707501662942
2024,Dylan McMahon,98044,LA,C,C,2,68,46,22,38.3,25.8,49.7,6,1,1,4,100.0,100.0,92.2,1,0,53.45,55.375,-27.650000000000002,-5.674999999999997,3456,2415,5871,0.013310185185185185,0.009109730848861283,0.011582353943110203,-0.7802164351851852,-0.10525656314699786,-0.8854729983321831,-0.0289028338479375
2024,Jackson Carman,52575,MIA,T,T,1,68,50,18,42.2,43.0,47.5,3,1,1,1,100.0,100.0,95.5,2,1,54.75,55.05,-11.75,-7.549999999999997,3532,2108,5640,0.014156285390713477,0.008538899430740038,0.012056737588652482,-0.3526330690826727,-0.13125825426944968,-0.48389132335212237,-0.015794756639273873
2024,Austen Pleasants,37066,SF,T,T,2,67,49,18,49.4,49.3,55.7,4,0,0,4,100.0,100.0,95.6,1,0,54.75,55.05,-5.450000000000003,0.6500000000000057,3303,2145,5450,0.014834998486224644,0.008391608391608392,0.012293577981651376,-0.17140357250983962,0.011105454545454644,-0.16029811796438498,-0.005232310729280556
2024,Will Clapp,39386,BUF,G,G,1,67,35,32,50.4,32.9,55.1,2,0,0,2,100.0,100.0,97.1,0,0,48.5,53.4,-15.600000000000001,1.7000000000000028,3670,2996,6677,0.009536784741144414,0.010680907877169559,0.010034446607757975,-0.3154005449591281,0.03696875834445934,-0.2784317866146688,-0.009088326444358918
2024,Ben Bartch,84236,SF,G,G,3,65,34,31,74.8,74.0,71.2,1,0,0,1,100.0,100.0,98.4,0,0,48.5,53.4,25.5,17.800000000000004,3303,2145,5450,0.010293672419013019,0.014452214452214453,0.011926605504587157,0.5564759309718438,0.5237598135198137,1.0802357444916575,0.03526010877627308
2024,Josh Jones,26634,BAL,T,T,8,64,12,52,49.8,73.5,52.2,0,0,0,0,100.0,100.0,100.0,1,0,54.75,55.05,18.75,-2.8499999999999943,3200,3069,6269,0.00375,0.016943629846855653,0.010208964747168607,0.1490625,-0.09831710654936442,0.05074539345063557,0.001656386674934736
2024,Cooper Hodges,81548,JAX,G,G,3,63,44,19,62.6,35.6,73.7,3,0,1,2,100.0,100.0,96.3,0,0,48.5,53.4,-12.899999999999999,20.300000000000004,2967,1854,4821,0.01482979440512302,0.010248112189859764,0.013067828251400125,-0.4055652173913043,0.423562675296656,0.017997457905351677,0.0005874572533588263
2024,Kadeem Telfort,59680,GB,G,G,5,62,33,29,48.9,44.8,57.9,3,0,1,2,100.0,100.0,94.8,1,0,48.5,53.4,-3.700000000000003,4.5,3025,2717,5742,0.01090909090909091,0.010673536989326464,0.01079763148728666,-0.08557090909090916,0.09779094589620907,0.012220036805299914,0.0003988757354143109
2024,Tyrese Robinson,59998,NE,G,G,1,61,35,26,75.4,88.2,67.3,0,0,0,0,100.0,100.0,100.0,0,0,48.5,53.4,39.7,13.899999999999999,3403,1991,5395,0.010285042609462239,0.013058764439979909,0.011306765523632993,0.8656303261827799,0.36956825715720737,1.2351985833399872,0.04031826999888978
2024,Andrus Peat,9446,LV,G,G,8,57,38,19,32.3,30.8,34.3,3,1,1,1,100.0,100.0,94.1,0,0,48.5,53.4,-17.7,-19.1,3771,1893,5666,0.01007690267833466,0.010036978341257264,0.010060007059654076,-0.3781256961018298,-0.39031399894347596,-0.7684396950453057,-0.02508273529502045
2024,Jalen Sundell,91396,SEA,C,C,5,57,37,19,53.8,74.5,46.4,0,0,0,0,98.2,97.4,100.0,0,0,53.45,55.375,21.049999999999997,-8.975000000000001,3620,1877,5498,0.010220994475138122,0.010122535961640916,0.010367406329574391,0.45612209944751375,-0.18497011188066065,0.2711519875668531,0.00885070562167805
2024,Troy Fautanu,100521,PIT,T,T,1,55,29,26,64.4,69.3,59.3,2,0,1,1,100.0,100.0,95.7,0,0,54.75,55.05,14.549999999999997,4.25,3309,2586,5895,0.008763977032336053,0.010054137664346482,0.009329940627650551,0.2703336355394378,0.0869984532095901,0.3573320887490279,0.01166372098200912
2024,Tyre Phillips,59874,NYG,T,T,1,53,29,24,54.3,48.6,55.1,4,0,0,4,100.0,100.0,93.1,0,0,54.75,55.05,-6.149999999999999,0.05000000000000426,3638,1990,5628,0.007971412864211104,0.012060301507537688,0.009417199715707179,-0.10393128092358435,0.0012277386934674412,-0.1027035422301169,-0.003352359046817715
2024,Ben Cleveland,41696,BAL,G,G,14,52,18,34,56.9,45.6,58.4,2,0,0,2,100.0,100.0,94.1,0,0,48.5,53.4,-2.8999999999999986,5.0,3200,3069,6269,0.005625,0.011078527207559466,0.008294783857074493,-0.03458249999999998,0.11277940697295535,0.07819690697295537,0.002552434929036739
2024,AJ Arcuri,44757,LA,T,T,1,51,33,18,25.9,1.9,55.8,7,0,2,5,100.0,100.0,88.7,2,1,54.75,55.05,-52.85,0.75,3456,2415,5871,0.009548611111111112,0.007453416149068323,0.008686765457332652,-1.0698454861111113,0.011381366459627328,-1.058464119651484,-0.03454945847237855
2024,Kyle Hergel,87427,NO,G,G,1,45,35,10,43.7,30.0,62.5,2,0,1,1,100.0,100.0,96.9,1,0,48.5,53.4,-18.5,9.100000000000001,3074,2013,5087,0.011385816525699415,0.004967709885742673,0.008846078238647533,-0.44655172413793104,0.09203974167908596,-0.3545119824588451,-0.011571669543182412
2024,Bill Murray,48692,CHI,G,G,3,42,24,18,82.4,85.7,77.3,0,0,0,0,100.0,100.0,100.0,0,0,48.5,53.4,37.2,23.9,3734,1960,5694,0.006427423674343867,0.009183673469387756,0.007376185458377239,0.5068923406534548,0.4468812244897959,0.9537735651432506,0.03113224111160165
2024,Travis Glover,81658,GB,G,G,3,41,19,22,35.1,12.6,44.4,0,0,0,0,100.0,100.0,100.0,3,0,48.5,53.4,-35.9,-9.0,3025,2717,5742,0.00628099173553719,0.008097165991902834,0.007140369209334726,-0.47803371900826436,-0.14837246963562756,-0.6264061886438919,-0.0204466020147372
2024,Calvin Anderson,46247,PIT,T,T,4,40,30,10,68.9,66.2,68.5,2,1,0,1,100.0,100.0,95.0,0,0,54.75,55.05,11.450000000000003,13.450000000000003,3309,2586,5895,0.009066183136899365,0.0038669760247486465,0.006785411365564037,0.22007252946509523,0.1058940448569219,0.32596657432201714,0.010639915339435604
2024,Foster Sarell,52272,LAC,T,T,4,40,20,20,53.0,59.2,49.0,0,0,0,0,100.0,100.0,100.0,0,0,54.75,55.05,4.450000000000003,-6.049999999999997,3362,2268,5630,0.00594883997620464,0.008818342151675485,0.007104795737122558,0.056121356335514606,-0.10862257495590824,-0.052501218620393635,-0.0017136987818461044
2024,Jaelyn Duncan,81722,TEN,T,T,4,39,32,7,56.3,53.3,56.7,2,1,0,1,100.0,100.0,95.2,0,0,54.75,55.05,-1.4500000000000028,1.6500000000000057,3434,2328,5764,0.009318578916715201,0.003006872852233677,0.006766134628730049,-0.028645311589982587,0.01010128865979385,-0.01854402293018874,-0.0006052977500534902
2024,Austin Deculus,59821,HOU,T,T,3,39,12,27,65.2,76.9,59.4,0,0,0,0,100.0,100.0,100.0,0,0,54.75,55.05,22.150000000000006,4.350000000000001,3986,2353,6339,0.0030105368790767687,0.011474713132171696,0.006152389966871746,0.14136879076768694,0.1016269443263919,0.24299573509407885,0.007931653896177684
2024,Trevor Keegan,101544,PHI,G,G,1,35,18,17,66.4,61.6,65.3,1,1,0,0,100.0,100.0,94.4,0,0,48.5,53.4,13.100000000000001,11.899999999999999,3479,3673,7152,0.005173900546133947,0.004628369180506398,0.004893736017897092,0.14368956596723195,0.11213797985298121,0.25582754582021316,0.008350498619940238
2024,Michael Niese,108444,DET,C,C,4,34,12,22,42.4,63.5,40.7,0,0,0,0,100.0,100.0,100.0,1,0,53.45,55.375,10.049999999999997,-14.674999999999997,3337,2804,6152,0.003596044351213665,0.007845934379457917,0.0055266579973992196,0.07661732094695832,-0.23442318116975744,-0.15780586022279913,-0.005150960635548766
2024,C.J. Hanson,102272,KC,G,G,1,31,24,7,48.6,1.6,73.4,4,1,0,3,100.0,100.0,89.1,0,0,48.5,53.4,-46.9,20.000000000000007,4267,2357,6627,0.005624560581204594,0.002969876962240136,0.00467783310698657,-0.5592388094680103,0.12093338990241839,-0.4383054195655919,-0.01430678150572172
2024,Hunter Nourzad,91674,KC,C,C,1,31,24,7,67.8,81.2,62.9,0,0,0,0,100.0,100.0,100.0,0,0,53.45,55.375,27.75,7.524999999999999,4267,2357,6627,0.005624560581204594,0.002969876962240136,0.00467783310698657,0.33089289899226626,0.04550118795078489,0.37639408694305115,0.012285926026826143
2024,George Fant,11282,SEA,T,T,2,30,16,14,61.3,44.7,68.2,3,2,0,1,100.0,100.0,82.1,0,0,54.75,55.05,-10.049999999999997,13.150000000000006,3620,1877,5498,0.004419889502762431,0.007458710708577517,0.005456529647144416,-0.09417016574585634,0.1996950452850294,0.10552487953917307,0.003444450667483991
2024,Isaiah Prince,47019,TEN,T,T,1,29,19,10,29.3,46.8,59.6,1,1,0,0,100.0,100.0,93.7,3,0,54.75,55.05,-7.950000000000003,4.550000000000004,3434,2328,5764,0.00553290623179965,0.00429553264604811,0.005031228313671062,-0.09325160163075134,0.03979295532646052,-0.05345864630429082,-0.0017449502975006956
2024,Chris Paul,77579,WAS,T,T,2,29,19,10,67.7,44.2,72.4,1,0,0,1,100.0,100.0,97.1,0,0,54.75,55.05,-10.549999999999997,17.35000000000001,4196,2739,6940,0.004528122020972355,0.0036509675063891934,0.004178674351585014,-0.10127597712106766,0.12896896677619576,0.027692989655128106,0.0009039303064716937
2024,Matt Lee,98544,CIN,C,C,8,27,5,22,57.3,71.7,63.3,0,0,0,0,100.0,100.0,100.0,1,0,53.45,55.375,18.25,7.924999999999997,3880,1855,5738,0.001288659793814433,0.011859838274932614,0.004705472289996514,0.049858247422680406,0.19136204851752014,0.24122029594020056,0.007873701566780493
2024,Blake Freeland,102844,IND,T,T,2,23,10,13,59.7,54.3,60.4,1,0,0,1,100.0,100.0,95.0,0,0,54.75,55.05,-0.45000000000000284,5.350000000000001,3044,2391,5436,0.0032851511169513796,0.005437055625261397,0.004231052244297278,-0.0031340341655716358,0.059223672103722313,0.05608963793815068,0.0018308288213992163
2024,Jon Gaines II,81879,ARI,C,C,6,22,1,20,63.0,62.4,61.1,0,0,0,0,95.5,50.0,,0,0,53.45,55.375,8.949999999999996,5.725000000000001,3361,2238,5601,0.0002975304968759298,0.008936550491510277,0.003927870023210141,0.005645343647723889,0.10416532618409295,0.10981066983181684,0.003584343679432071
2024,Andrew Rupcich,156082,TEN,G,G,2,16,12,4,47.7,17.0,59.8,1,0,1,0,100.0,100.0,95.8,0,0,48.5,53.4,-31.5,6.399999999999999,3434,2328,5764,0.0034944670937682005,0.001718213058419244,0.002775850104094379,-0.23336051252184042,0.022389003436426115,-0.21097150908541432,-0.006886347167253585
2024,Matt Hennessy,41141,SF,C,C,3,16,2,13,61.7,70.7,60.4,0,0,0,0,93.8,66.7,100.0,0,0,53.45,55.375,17.25,5.024999999999999,3303,2145,5450,0.0006055101422948834,0.006060606060606061,0.0029357798165137615,0.022143505903723888,0.06200545454545452,0.08414896044917841,0.0027467166440086695
2024,Andre Dillard,29250,GB,T,T,2,13,2,11,72.7,75.0,72.7,0,0,0,0,100.0,100.0,100.0,0,0,54.75,55.05,20.25,17.650000000000006,3025,2717,5742,0.0006611570247933885,0.004048582995951417,0.0022640195053988156,0.028383471074380166,0.14548744939271258,0.17387092046709274,0.005675342257430513
2024,Luke Fortner,42028,JAX,C,C,4,13,7,6,52.5,28.5,55.0,1,0,0,1,100.0,100.0,91.7,0,0,53.45,55.375,-24.950000000000003,-0.375,2967,1854,4821,0.0023592854735422987,0.003236245954692557,0.0026965359883841526,-0.12479204583754634,-0.0024708737864077668,-0.1272629196239541,-0.004154004727216629
2024,Dakoda Shepley,66937,DAL,G,G,2,12,2,10,68.7,75.1,66.1,0,0,0,0,100.0,100.0,100.0,0,0,48.5,53.4,26.599999999999994,12.699999999999996,3732,2114,5846,0.0005359056806002144,0.004730368968779565,0.0020526855969893944,0.03022079314040728,0.12231409649952693,0.15253488963993422,0.00497891023168455
2024,Matt Waletzko,87430,DAL,G,G,3,12,1,11,53.3,69.6,53.4,0,0,0,0,100.0,100.0,100.0,0,0,48.5,53.4,21.099999999999994,0.0,3732,2114,5846,0.0002679528403001072,0.005203405865657522,0.0020526855969893944,0.01198606645230439,0.0,0.01198606645230439,0.0003912386801334496
2024,Brett Toth,46848,PHI,C,C,2,12,1,11,60.6,70.1,60.1,0,0,0,0,100.0,100.0,100.0,0,0,53.45,55.375,16.64999999999999,4.725000000000001,3479,3673,7152,0.0002874389192296637,0.0029948271167982575,0.0016778523489932886,0.010146018970968663,0.028810536346310926,0.03895655531727959,0.001271585748796508
2024,Chukwuma Okorafor,46302,NE,T,T,1,12,6,6,44.4,0.0,69.9,3,0,1,2,100.0,100.0,75.0,0,0,54.75,55.05,-54.75,14.850000000000009,3403,1991,5395,0.001763150161622098,0.0030135610246107484,0.0022242817423540314,-0.2046488392594769,0.09111381215469617,-0.11353502710478074,-0.003705910886623691
2024,Xavier Newman,58525,NYJ,G,G,1,11,8,3,68.6,64.2,66.0,0,0,0,0,100.0,100.0,100.0,0,0,48.5,53.4,15.700000000000003,12.600000000000001,3805,1905,5710,0.002102496714848883,0.0015748031496062992,0.001926444833625219,0.06997950065703024,0.040399370078740164,0.1103788707357704,0.0036028903955376444
2024,Brenden Jaimes,59909,LAC,C,C,1,10,3,7,55.3,73.2,53.2,0,0,0,0,100.0,100.0,100.0,0,0,53.45,55.375,19.75,-2.174999999999997,3362,2268,5630,0.000892325996430696,0.0030864197530864196,0.0017761989342806395,0.03736168947055324,-0.013667592592592573,0.023694096877960667,0.0007734019518726429
2024,Zack Bailey,46082,NYJ,T,T,1,9,5,4,51.3,76.4,62.7,0,0,0,0,100.0,100.0,100.0,1,1,54.75,55.05,21.650000000000006,7.650000000000006,3805,1905,5710,0.001314060446780552,0.002099737532808399,0.0015761821366024518,0.060312746386333785,0.03270425196850396,0.09301699835483775,0.0030361793680299034
2024,Elijah Klein,81912,TB,G,G,2,9,0,9,65.5,,64.1,0,0,0,0,100.0,,,0,0,48.5,53.4,,10.699999999999996,3611,2331,5943,0.0,0.003861003861003861,0.001514386673397274,,0.08411274131274128,,
2024,Frank Crum,75860,DEN,T,T,2,8,1,7,59.3,66.2,58.2,0,0,0,0,100.0,100.0,100.0,0,0,54.75,55.05,11.450000000000003,3.1500000000000057,3608,2188,5799,0.0002771618625277162,0.0031992687385740404,0.0013795481979651664,0.006727827050997784,0.020518190127970785,0.02724601717896857,0.0008893406224978478
2024,Max Scharping,46961,PIT,G,G,1,7,4,3,74.3,77.0,69.0,0,0,0,0,100.0,100.0,100.0,0,0,48.5,53.4,28.5,15.600000000000001,3309,2586,5895,0.0012088244182532487,0.001160092807424594,0.0011874469889737065,0.07303717135086128,0.036846403712296985,0.10988357506315827,0.003586723388121185
2024,Nick Broeker,99084,HOU,G,G,1,6,1,5,46.3,12.5,50.8,1,0,0,1,100.0,100.0,50.0,0,0,48.5,53.4,-36.0,-2.6000000000000014,3986,2353,6339,0.0002508780732563974,0.0021249468763280916,0.000946521533364884,-0.019147014550928244,-0.01124861878453039,-0.030395633335458635,-0.000992147633696693
2024,Lecitus Smith,61069,NE,G,G,2,5,0,5,58.1,,58.1,0,0,0,0,100.0,,,0,0,48.5,53.4,,4.700000000000003,3403,1991,5395,0.0,0.0025113008538422904,0.0009267840593141798,,0.02403114013058766,,
2024,Andrew Stueber,59856,CIN,G,G,2,5,1,4,71.8,65.2,69.7,0,0,0,0,100.0,100.0,100.0,0,0,48.5,53.4,16.700000000000003,16.300000000000004,3880,1855,5738,0.0002577319587628866,0.00215633423180593,0.000871383757406762,0.009124742268041238,0.07156183288409705,0.08068657515213828,0.00263370049654129
2024,Richard Gouraige,81635,BUF,T,T,1,3,0,3,60.0,,58.7,0,0,0,0,100.0,,,0,0,54.75,55.05,,3.6500000000000057,3670,2996,6677,0.0,0.0010013351134846463,0.00044930357945184964,,0.007441321762349811,,
2024,Ethan Driskell,98530,KC,T,T,1,4,0,3,58.2,,59.7,0,0,0,0,75.0,0.0,,0,0,54.75,55.05,,4.650000000000006,4267,2357,6627,0.0,0.0012728044123886295,0.0006035913686434284,,0.012050148493848126,,
2024,Jamarco Jones,46226,DET,T,T,2,4,3,0,64.0,80.7,,0,0,0,0,75.0,75.0,100.0,0,0,54.75,55.05,25.950000000000003,,3337,2804,6152,0.0008990110878034162,0.0,0.0006501950585175553,0.04945819598441714,,,
2024,Royce Newman,41746,TB,T,T,1,3,0,3,60.0,,59.7,0,0,0,0,100.0,,,0,0,54.75,55.05,,4.650000000000006,3611,2331,5943,0.0,0.001287001287001287,0.0005047955577990914,,0.012184555984555999,,
2024,Calvin Throckmorton,28238,DEN,G,G,2,3,1,2,42.3,62.1,43.5,0,0,0,0,100.0,100.0,100.0,0,0,48.5,53.4,13.600000000000001,-9.899999999999999,3608,2188,5799,0.0002771618625277162,0.0009140767824497258,0.0005173305742369374,0.007991130820399114,-0.01842449725776965,-0.010433366437370537,-0.000340556806567738
2024,Jaxson Kirkland,60215,CIN,T,T,1,3,0,3,49.3,,50.3,0,0,0,0,100.0,,,0,0,54.75,55.05,,-4.75,3880,1855,5738,0.0,0.0016172506738544475,0.0005228302544440571,,-0.01564043126684636,,
2024,Sebastian Gutierrez,156152,SF,T,T,1,3,1,2,58.5,72.6,55.9,0,0,0,0,100.0,100.0,100.0,0,0,54.75,55.05,17.849999999999994,0.8500000000000014,3303,2145,5450,0.0003027550711474417,0.0009324009324009324,0.0005504587155963303,0.011456857402361485,0.0016136130536130561,0.013070470455974542,0.00042663484557401175
2024,Jordan McFadden,77578,LAC,G,G,1,1,0,1,60.0,,60.0,0,0,0,0,100.0,,,0,0,48.5,53.4,,6.600000000000001,3362,2268,5630,0.0,0.0004409171075837742,0.00017761989342806393,,0.005924867724867726,,
2024,Elijah Wilkinson,46238,ATL,T,T,1,1,0,1,60.0,,60.0,0,0,0,0,100.0,,,0,0,54.75,55.05,,4.950000000000003,3213,2496,5710,0.0,0.00040064102564102563,0.00017513134851138354,,0.004037740384615387,,
2024,Jarrett Kingston,81933,CAR,G,G,1,1,1,0,60.0,73.0,,0,0,0,0,100.0,100.0,100.0,0,0,48.5,53.4,24.5,,3327,1905,5234,0.00030057108506161706,0.0,0.00019105846388995032,0.015611662158100392,,,
2024,Wes Schweitzer,10829,NYJ,G,G,1,1,0,1,60.0,,52.9,0,0,0,0,100.0,,,0,0,48.5,53.4,,-0.5,3805,1905,5710,0.0,0.0005249343832020997,0.00017513134851138354,,-0.0005343832020997375,,
2024,Chris Glaser,62780,CHI,C,C,1,1,1,0,60.0,64.2,,0,0,0,0,100.0,100.0,100.0,0,0,53.45,55.375,10.75,,3734,1960,5694,0.0002678093197643278,0.0,0.00017562346329469617,0.00610337439742903,,,
