season,player,player_id,team,position,position_group,player_game_count,snap_counts_offense,snap_counts_pass_block,snap_counts_run_block,grades_offense,grades_pass_block,grades_run_block,pressures_allowed,sacks_allowed,hits_allowed,hurries_allowed,block_percent,pass_block_percent,pbe,penalties,declined_penalties
2021,Trey Smith,62960,KC,G,G,20,1404,956,448,72.7,61.5,78.2,57,5,10,42,100.0,100.0,96.5,11,1
2021,Joe Thuney,10712,KC,G,G,20,1394,956,438,81.2,90.5,70.6,17,1,2,14,100.0,100.0,99.0,8,2
2021,Creed Humphrey,59996,KC,C,C,20,1394,956,438,91.8,79.1,93.1,12,3,1,8,100.0,100.0,99.2,7,2
2021,David Edwards,35941,LA,G,G,21,1365,838,527,68.4,70.7,65.1,41,7,4,30,100.0,100.0,97.0,5,1
2021,Austin Corbett,46290,LA,G,G,21,1360,838,522,69.6,63.1,68.5,41,3,10,28,100.0,100.0,97.2,3,0
2021,Orlando Brown Jr.,46227,KC,T,T,19,1337,916,421,75.4,74.4,68.4,45,6,13,26,100.0,100.0,97.0,7,3
2021,Alex Cappa,66578,TB,G,G,19,1327,896,431,71.3,67.5,69.0,35,5,7,23,100.0,100.0,97.7,1,0
2021,Jonah Williams,41651,CIN,T,T,20,1301,808,493,74.5,67.5,75.6,51,10,7,34,100.0,100.0,96.0,5,0
2021,Ryan Jensen,7985,TB,C,C,19,1296,886,410,68.3,57.1,77.1,27,4,5,18,100.0,100.0,98.2,6,2
2021,Daryl Williams,9535,BUF,G,G,19,1292,850,442,66.8,72.3,59.0,44,4,9,31,100.0,100.0,97.0,6,0
2021,Donovan Smith,9467,TB,T,T,19,1292,884,408,80.5,80.1,69.9,43,4,4,35,100.0,100.0,97.2,8,2
2021,Mitch Morse,9482,BUF,C,C,19,1284,851,433,63.4,71.8,58.8,26,2,2,22,100.0,100.0,98.2,5,1
2021,Tyler Biadasz,41178,DAL,C,C,18,1274,819,455,65.1,69.3,68.7,22,1,4,17,100.0,100.0,98.5,11,0
2021,Laken Tomlinson,9461,SF,G,G,20,1264,681,583,73.6,69.2,75.3,33,3,9,21,100.0,100.0,97.2,7,0
2021,Daniel Brunskill,34807,SF,G,G,20,1259,681,578,57.1,48.2,59.6,41,5,6,30,100.0,100.0,96.4,4,1
2021,Alex Mack,4944,SF,C,C,20,1258,680,578,70.6,74.8,67.4,15,2,2,11,100.0,100.0,98.7,3,0
2021,Quinton Spain,10110,CIN,G,G,20,1252,782,470,66.4,56.2,69.4,30,7,4,19,100.0,100.0,97.5,4,0
2021,David Quessenberry,7957,TEN,T,T,18,1237,662,575,79.2,61.6,86.6,46,11,12,23,100.0,100.0,95.4,2,1
2021,Rob Havenstein,9490,LA,T,T,19,1236,764,472,83.4,77.5,82.2,30,7,6,17,100.0,100.0,97.5,4,2
2021,Kevin Zeitler,7032,BAL,G,G,17,1221,771,450,75.1,79.7,68.7,17,1,0,16,100.0,100.0,98.8,7,0
2021,Kolton Miller,47013,LV,T,T,18,1216,792,424,85.0,85.1,77.9,35,4,5,26,100.0,100.0,97.4,6,2
2021,Andre James,47058,LV,C,C,18,1216,792,424,64.8,68.6,61.8,18,3,3,12,100.0,100.0,98.6,8,0
2021,Ben Jones,7099,TEN,C,C,18,1213,658,555,76.4,66.3,79.9,26,1,7,18,100.0,100.0,97.8,6,1
2021,Dion Dawkins,11818,BUF,T,T,18,1209,795,413,79.4,82.8,69.2,28,4,6,18,99.9,99.9,97.9,10,2
2021,Alejandro Villanueva,9091,BAL,T,T,17,1205,764,441,65.4,58.7,65.9,54,9,9,36,100.0,100.0,95.6,11,1
2021,Tristan Wirfs,64818,TB,T,T,18,1190,801,389,84.3,83.8,74.4,15,3,2,10,100.0,100.0,98.8,3,1
2021,John Simpson,41715,LV,G,G,18,1189,772,417,53.0,64.1,45.9,40,3,5,32,100.0,100.0,97.0,11,1
2021,Trey Hopkins,9276,CIN,C,C,19,1185,750,435,51.9,60.5,47.6,22,5,3,14,100.0,100.0,98.1,5,1
2021,Ali Marpet,9494,TB,G,G,18,1181,812,369,82.7,75.6,85.6,25,3,2,20,100.0,100.0,98.2,4,0
2021,Brian Allen,46104,LA,C,C,20,1181,730,451,74.8,62.4,79.7,25,5,5,15,100.0,100.0,97.8,6,0
2021,Alex Leatherwood,58468,LV,G,G,18,1181,770,411,45.5,31.3,62.2,67,8,17,42,100.0,100.0,94.8,16,3
2021,Zack Martin,8651,DAL,G,G,17,1173,743,430,93.4,87.6,92.5,23,2,6,15,100.0,100.0,98.2,2,0
2021,Robert Hunt,46139,MIA,G,G,17,1153,740,413,67.4,68.3,65.6,31,2,3,26,100.0,100.0,97.6,8,1
2021,Trai Turner,8727,PIT,G,G,18,1150,750,400,68.1,72.5,65.5,21,8,0,13,100.0,100.0,97.9,6,2
2021,Taylor Moton,11819,CAR,T,T,17,1149,713,436,77.5,79.4,70.7,27,1,4,22,100.0,100.0,97.9,5,0
2021,David Andrews,9948,NE,C,C,18,1149,654,495,79.6,73.2,80.1,18,1,3,14,100.0,100.0,98.5,4,0
2021,Dan Moore Jr.,60120,PIT,T,T,17,1147,752,395,57.5,59.5,52.0,48,7,11,30,100.0,100.0,96.1,6,1
2021,Brian O'Neill,46854,MIN,T,T,17,1140,695,445,73.4,77.5,66.1,22,1,2,19,100.0,100.0,98.2,5,0
2021,Ezra Cleveland,41973,MIN,G,G,17,1140,695,445,68.6,55.5,71.9,34,1,6,27,100.0,100.0,97.3,3,0
2021,D.J. Humphries,9457,ARI,T,T,17,1138,699,439,67.5,65.7,69.8,45,8,4,33,100.0,100.0,96.0,12,3
2021,Chukwuma Okorafor,46302,PIT,T,T,17,1133,720,413,62.2,61.1,65.0,23,2,7,14,100.0,100.0,98.1,11,2
2021,Bradley Bozeman,27934,BAL,C,C,16,1125,718,407,73.6,73.8,71.1,21,3,3,15,100.0,100.0,98.2,1,0
2021,James Daniels,45576,CHI,G,G,17,1121,701,420,71.8,68.3,72.9,40,3,4,33,100.0,100.0,96.7,9,2
2021,Sam Mustipher,13026,CHI,C,C,17,1121,701,420,51.0,61.7,46.4,28,1,3,24,100.0,100.0,97.8,5,0
2021,Cody Whitehair,10690,CHI,G,G,17,1121,701,420,66.2,61.3,66.3,33,4,5,24,100.0,100.0,97.2,5,1
2021,Charles Leno Jr.,8880,WAS,T,T,17,1121,678,443,81.2,87.3,63.5,36,6,7,23,100.0,100.0,96.7,1,0
2021,Matt Feiler,9289,LAC,G,G,16,1119,737,382,74.0,62.2,78.5,25,5,7,13,100.0,100.0,97.8,6,0
2021,Rashawn Slater,59971,LAC,T,T,16,1116,752,364,83.6,80.3,80.2,26,4,6,16,100.0,100.0,97.9,6,0
2021,Jon Runyan,36661,GB,G,G,17,1109,672,437,64.6,72.0,57.4,21,2,3,16,100.0,100.0,98.2,1,1
2021,Liam Eichenberg,41851,MIA,T,T,17,1108,704,404,50.8,46.9,57.9,62,9,8,45,100.0,100.0,94.6,10,3
2021,Joel Bitonio,8670,CLE,G,G,17,1107,631,476,93.6,85.9,92.5,17,2,2,13,100.0,100.0,98.4,3,0
2021,Wyatt Teller,46131,CLE,G,G,17,1107,631,476,84.9,70.4,88.4,24,4,0,20,100.0,100.0,97.7,11,1
2021,Trent Williams,5529,SF,T,T,18,1105,591,513,96.6,82.7,97.7,23,1,6,16,99.9,99.8,97.8,10,2
2021,Andrew Whitworth,3000,LA,T,T,18,1102,703,399,87.2,89.8,74.2,20,6,3,11,100.0,100.0,98.1,7,2
2021,Austin Jackson,60816,MIA,G,G,16,1096,708,388,49.9,49.1,54.8,49,2,6,41,100.0,100.0,96.1,12,0
2021,Cesar Ruiz,59857,NO,G,G,17,1091,610,481,57.6,63.8,52.9,31,5,2,24,100.0,100.0,96.9,1,0
2021,Royce Newman,41746,GB,G,G,17,1084,660,424,55.7,60.2,51.9,32,6,5,21,100.0,100.0,97.0,5,1
2021,Jawaan Taylor,41665,JAX,T,T,17,1083,712,371,60.4,72.0,42.8,34,6,3,25,100.0,100.0,97.0,12,2
2021,Storm Norton,12188,LAC,T,T,16,1078,732,346,60.3,44.9,75.5,59,9,8,42,100.0,100.0,95.0,6,4
2021,Andrew Norwell,9126,JAX,G,G,17,1077,709,368,66.7,73.5,62.7,24,3,5,16,100.0,100.0,98.0,9,2
2021,Corey Linsley,8796,LAC,C,C,16,1076,724,352,85.7,84.9,84.6,10,0,2,8,100.0,100.0,99.3,6,1
2021,Olisaemeka Udoh,28394,MIN,G,G,16,1075,662,413,54.4,39.0,62.3,45,1,6,38,100.0,100.0,96.3,16,3
2021,Jesse Davis,9989,MIA,T,T,17,1063,692,371,52.5,51.1,51.4,57,8,10,39,100.0,100.0,95.0,4,1
2021,Ereck Flowers,9442,WAS,G,G,16,1061,635,426,72.0,78.1,64.4,26,6,3,17,100.0,100.0,97.3,2,1
2021,Jason Kelce,6343,PHI,C,C,18,1059,607,452,84.5,69.2,89.0,17,1,0,16,100.0,100.0,98.4,6,0
2021,Will Hernandez,46180,NYG,G,G,17,1049,676,373,55.9,56.0,58.4,36,7,7,22,100.0,100.0,96.6,8,2
2021,Lloyd Cushenberry III,41924,DEN,C,C,16,1039,610,429,64.2,71.3,62.5,24,5,5,14,100.0,100.0,97.5,7,0
2021,J.C. Tretter,7904,CLE,C,C,16,1039,587,452,78.7,83.7,74.8,10,1,1,8,100.0,100.0,99.0,5,0
2021,Penei Sewell,81788,DET,T,T,16,1039,644,395,77.0,69.4,84.5,35,5,8,22,100.0,100.0,96.7,11,3
2021,Jonah Jackson,37070,DET,G,G,16,1037,648,389,69.3,56.4,76.4,35,4,9,22,100.0,100.0,96.8,8,0
2021,Chris Lindstrom,46692,ATL,G,G,17,1034,661,373,83.7,65.3,87.6,31,0,8,23,100.0,100.0,97.5,2,1
2021,Jake Matthews,8641,ATL,T,T,17,1029,660,369,71.3,77.2,58.7,26,3,5,18,100.0,100.0,97.7,6,0
2021,Alijah Vera-Tucker,57107,NYJ,G,G,16,1027,693,334,66.8,56.9,72.5,42,2,6,34,100.0,100.0,96.6,5,1
2021,Morgan Moses,8701,NYJ,T,T,17,1022,679,343,71.0,65.7,74.9,49,4,10,35,100.0,100.0,95.9,4,0
2021,Connor Williams,46216,DAL,G,G,18,1020,624,396,75.2,74.0,76.9,15,2,1,12,100.0,100.0,98.5,17,3
2021,Shaq Mason,9564,NE,G,G,16,1017,589,428,86.4,72.3,87.2,16,2,3,11,100.0,100.0,98.4,4,0
2021,Kelvin Beachum,7229,ARI,T,T,16,1006,630,376,60.8,69.4,56.0,34,2,2,30,100.0,100.0,97.0,11,1
2021,Nate Davis,46808,TEN,G,G,15,1004,534,470,69.2,49.5,71.9,35,5,6,24,100.0,100.0,96.0,4,1
2021,Jalen Mayfield,81725,ATL,G,G,16,989,622,367,48.7,27.6,66.3,57,11,21,25,100.0,100.0,94.2,9,1
2021,Matt Hennessy,41141,ATL,C,C,17,988,632,356,76.4,50.5,88.1,32,3,1,28,100.0,100.0,97.1,5,0
2021,Kaleb McGary,46912,ATL,T,T,16,986,624,362,62.8,50.6,72.2,41,9,10,22,100.0,100.0,95.7,3,0
2021,Billy Price,46795,NYG,C,C,15,985,649,336,62.3,52.5,68.0,24,2,4,18,100.0,100.0,97.8,5,0
2021,Jordan Mailata,66916,PHI,T,T,15,980,511,469,88.3,83.8,88.5,25,3,2,20,100.0,100.0,97.1,7,0
2021,Kendrick Green,56642,PIT,C,C,15,975,631,344,52.4,50.7,54.7,18,3,4,11,100.0,100.0,98.2,9,3
2021,Connor McGovern,10778,NYJ,C,C,15,973,651,322,75.9,68.0,78.9,19,4,2,13,100.0,100.0,98.1,3,0
2021,Duane Brown,4340,SEA,T,T,17,969,585,384,71.5,69.9,69.6,33,8,3,22,100.0,100.0,96.3,5,0
2021,Lucas Patrick,11435,GB,C,C,15,967,603,364,57.5,64.3,54.2,21,2,4,15,100.0,100.0,98.0,6,1
2021,Brandon Parker,34693,LV,T,T,15,958,618,340,55.9,55.0,57.1,54,9,12,33,100.0,100.0,94.6,10,1
2021,Halapoulivaati Vaitai,10798,DET,G,G,15,953,590,363,68.4,66.9,65.4,23,0,5,18,100.0,100.0,97.9,3,1
2021,James Hurst,9001,NO,T,T,17,941,516,425,69.8,76.9,60.1,27,3,4,20,100.0,100.0,96.9,4,1
2021,Calvin Throckmorton,28238,NO,G,G,17,938,507,431,42.4,43.7,43.7,33,1,7,25,100.0,100.0,96.5,3,0
2021,Nate Solder,6169,NYG,T,T,16,927,586,341,60.3,52.7,67.3,36,6,7,23,100.0,100.0,96.1,6,2
2021,Tytus Howard,25472,HOU,G,G,15,927,585,342,51.4,70.1,42.5,23,2,2,19,100.0,100.0,97.7,8,1
2021,Landon Dickerson,41712,PHI,G,G,15,925,535,390,69.6,60.5,71.2,33,2,8,23,100.0,100.0,96.5,5,0
2021,Gabe Jackson,8716,SEA,G,G,16,922,574,348,63.6,55.7,64.3,37,3,4,30,100.0,100.0,96.3,4,1
2021,Isaiah Wynn,46048,NE,T,T,16,915,518,397,74.9,70.7,76.5,28,6,5,17,100.0,100.0,96.5,9,1
2021,Terence Steele,39461,DAL,T,T,16,917,528,384,64.6,60.9,67.8,31,2,5,24,99.5,99.1,96.6,8,0
2021,Michael Schofield III,8730,LAC,G,G,14,907,605,302,66.8,75.2,59.5,24,2,4,18,100.0,100.0,97.7,3,1
2021,Ryan Kelly,10652,IND,C,C,14,907,550,357,56.9,57.2,58.1,29,3,3,23,100.0,100.0,96.9,6,2
2021,Rodger Saffold,5558,TEN,G,G,16,906,494,412,68.1,46.7,74.4,28,2,8,18,100.0,100.0,96.8,5,1
2021,Taylor Lewan,8646,TEN,T,T,14,899,483,416,70.0,70.2,63.9,22,4,5,13,100.0,100.0,97.2,4,0
2021,Ted Karras,10855,NE,G,G,15,891,469,421,72.4,76.5,67.3,13,3,2,8,99.9,99.8,98.2,2,0
2021,George Fant,11282,NYJ,T,T,15,889,594,295,71.1,75.1,59.9,18,1,3,14,100.0,100.0,98.3,4,2
2021,Garrett Bradbury,46013,MIN,C,C,13,883,546,337,60.2,43.7,67.0,26,2,6,18,100.0,100.0,97.3,8,3
2021,Eric Fisher,7783,IND,T,T,15,874,490,384,68.2,61.0,73.3,41,7,11,23,100.0,100.0,94.7,8,3
2021,Garett Bolles,11775,DEN,T,T,14,870,525,345,76.6,77.8,68.9,22,5,6,11,100.0,100.0,97.3,8,3
2021,Billy Turner,8702,GB,T,T,14,866,533,333,67.1,69.3,60.5,34,3,3,28,100.0,100.0,96.3,4,1
2021,Max Garcia,9566,ARI,G,G,14,864,532,332,54.3,53.3,54.2,20,5,0,15,100.0,100.0,97.5,4,1
2021,Lane Johnson,7786,PHI,T,T,14,864,448,415,83.3,82.6,76.8,11,0,1,10,99.9,99.8,98.7,7,1
2021,Justin Pugh,7800,ARI,G,G,14,858,524,334,64.5,73.4,57.5,20,0,0,20,100.0,100.0,98.0,2,0
2021,Cam Robinson,11789,JAX,T,T,14,856,573,283,67.4,76.6,52.5,31,1,8,22,100.0,100.0,97.0,6,2
2021,Rodney Hudson,6207,ARI,C,C,13,854,523,331,57.4,64.6,54.7,5,1,0,4,100.0,100.0,99.4,2,1
2021,Josh Jones,26634,ARI,G,G,17,853,498,355,46.8,48.3,52.8,29,4,3,22,100.0,100.0,96.5,12,2
2021,Jason Peters,2148,CHI,T,T,15,853,517,336,77.5,77.9,70.7,28,6,5,17,100.0,100.0,96.5,3,0
2021,Spencer Brown,42296,BUF,T,T,15,846,523,323,59.8,49.1,71.6,36,1,5,30,100.0,100.0,96.2,8,1
2021,Ben Powers,41482,BAL,G,G,13,844,532,312,66.3,66.1,63.6,21,3,3,15,100.0,100.0,97.6,3,0
2021,Mark Glowinski,9567,IND,G,G,16,843,476,367,70.1,62.6,70.6,38,2,8,28,100.0,100.0,95.5,2,0
2021,Dalton Risner,47008,DEN,G,G,15,832,504,328,68.5,73.6,63.2,21,4,5,12,100.0,100.0,97.4,2,0
2021,Charlie Heck,36501,HOU,T,T,15,827,519,308,56.0,66.5,41.1,29,5,3,21,100.0,100.0,96.5,1,0
2021,Tyron Smith,6161,DAL,T,T,12,810,515,295,90.2,87.0,90.0,17,3,5,9,100.0,100.0,97.9,9,2
2021,Andrew Thomas,59701,NYG,T,T,13,800,517,282,78.9,82.1,68.5,18,2,3,13,99.9,99.8,97.9,5,0
2021,Bobby Massie,7112,DEN,T,T,13,796,484,312,70.0,60.1,74.8,36,5,6,25,100.0,100.0,95.5,1,0
2021,Hakeem Adeniji,45419,CIN,G,G,13,777,501,276,43.0,36.1,46.3,37,9,4,24,100.0,100.0,95.1,3,1
2021,Matt Skura,11102,NYG,G,G,14,769,473,296,50.8,29.5,61.4,32,2,10,20,100.0,100.0,96.2,3,0
2021,Quenton Nelson,12954,IND,G,G,13,767,448,319,69.1,62.0,70.4,15,1,6,8,100.0,100.0,98.1,5,1
2021,Jedrick Wills Jr.,58467,CLE,T,T,13,763,437,326,66.1,67.9,61.7,28,5,4,19,100.0,100.0,96.0,4,0
2021,Patrick Mekari,46219,BAL,T,T,13,762,447,314,66.1,73.8,55.7,23,4,1,18,99.9,99.8,96.8,2,0
2021,Evan Brown,38709,DET,C,C,13,755,455,300,66.8,72.4,62.9,8,1,3,4,100.0,100.0,98.9,4,1
2021,Erik McCoy,37347,NO,C,C,12,746,433,313,63.6,69.2,66.4,7,0,2,5,100.0,100.0,99.1,8,0
2021,La'el Collins,9719,DAL,T,T,13,743,509,234,80.2,74.3,89.7,20,2,0,18,100.0,100.0,97.7,10,0
2021,Tom Compton,7181,SF,T,T,13,743,387,356,79.9,64.6,89.5,27,6,3,18,100.0,100.0,95.5,3,1
2021,Andrew Wylie,12333,KC,T,T,12,737,479,258,62.3,56.2,70.4,38,4,3,31,100.0,100.0,95.4,6,1
2021,Riley Reiff,7029,CIN,T,T,12,711,422,289,67.3,58.4,70.0,21,4,3,14,100.0,100.0,96.8,1,0
2021,Braden Smith,46794,IND,T,T,11,711,391,320,80.6,70.8,86.0,22,4,3,15,100.0,100.0,96.4,6,1
2021,Ben Bartch,84236,JAX,G,G,14,705,460,245,62.1,52.8,63.1,24,3,5,16,100.0,100.0,96.9,2,0
2021,Michael Jordan,28021,CAR,G,G,11,703,439,264,50.7,49.0,55.4,32,6,4,22,100.0,100.0,95.4,5,1
2021,Greg Van Roten,7746,NYJ,G,G,12,700,474,226,68.1,53.7,75.0,37,3,1,33,100.0,100.0,95.5,2,0
2021,Brandon Scherff,9438,WAS,G,G,11,697,398,299,73.6,72.4,73.7,19,0,1,18,100.0,100.0,97.4,6,1
2021,Damien Lewis,81532,SEA,G,G,13,696,431,265,57.1,47.9,60.3,21,1,7,13,100.0,100.0,97.3,5,1
2021,Max Scharping,46961,HOU,G,G,16,689,400,289,59.9,53.8,60.4,19,2,4,13,100.0,100.0,97.2,3,0
2021,Matt Nelson,48584,DET,T,T,13,675,416,257,50.8,45.8,56.6,41,3,4,34,99.7,99.5,94.3,3,2
2021,Justin Britt,8699,HOU,C,C,11,671,419,252,63.9,53.7,70.5,11,3,3,5,100.0,100.0,98.2,5,1
2021,Mike Onwenu,27357,NE,G,G,17,658,340,318,86.7,70.0,89.4,11,2,4,5,100.0,100.0,98.0,3,0
2021,John Miller,9514,CAR,G,G,10,656,421,235,52.1,50.5,50.1,29,7,1,21,100.0,100.0,95.5,3,1
2021,Ryan Ramczyk,11787,NO,T,T,10,653,361,292,84.1,73.0,85.6,19,2,2,15,100.0,100.0,96.9,0,0
2021,Christian Darrisaw,77373,MIN,T,T,11,652,398,254,71.9,63.1,77.3,22,5,6,11,100.0,100.0,96.4,3,0
2021,Blake Hance,46301,CLE,T,T,14,644,366,277,56.7,36.9,70.3,31,4,5,22,99.8,99.7,94.9,3,1
2021,Isaiah Prince,47019,CIN,T,T,19,641,395,245,47.2,39.7,67.3,36,5,7,24,99.8,99.7,94.5,11,2
2021,Ike Boettger,46918,BUF,G,G,13,636,425,211,59.8,72.2,51.3,17,1,1,15,100.0,100.0,97.8,2,0
2021,Larry Borom,59879,CHI,T,T,10,633,415,218,61.4,62.7,59.5,32,5,4,23,100.0,100.0,95.2,4,0
2021,Quinn Meinerz,112915,DEN,G,G,11,623,343,280,67.4,66.7,64.9,15,3,3,9,100.0,100.0,97.2,2,0
2021,Ethan Pocic,11813,SEA,C,C,11,600,367,233,67.3,43.8,76.0,18,2,4,12,100.0,100.0,97.1,1,0
2021,Yosh Nijman,60822,GB,T,T,10,590,356,234,63.2,66.9,58.6,20,3,7,10,100.0,100.0,96.6,3,1
2021,Cameron Erving,9452,CAR,T,T,9,589,348,241,56.0,49.7,59.8,31,3,7,21,100.0,100.0,94.8,4,1
2021,Geron Christian,46375,HOU,T,T,12,588,357,231,59.5,78.8,39.6,17,1,1,15,100.0,100.0,97.3,6,1
2021,Cornelius Lucas,9025,WAS,T,T,11,587,354,233,75.2,73.5,71.2,25,3,4,18,100.0,100.0,95.7,1,0
2021,Dennis Daley,60063,CAR,G,G,12,573,348,225,51.8,36.4,61.3,20,3,7,10,100.0,100.0,96.5,9,0
2021,Matt Paradis,8841,CAR,C,C,9,568,343,225,66.9,53.6,69.9,16,2,2,12,100.0,100.0,97.2,1,0
2021,Kevin Dotson,46735,PIT,G,G,9,565,354,211,64.5,78.4,60.8,10,3,2,5,100.0,100.0,98.0,5,0
2021,Brandon Linder,8728,JAX,C,C,9,552,348,204,62.9,67.0,63.8,10,2,3,5,100.0,100.0,98.1,4,0
2021,Trent Brown,9677,NE,T,T,10,551,296,255,74.4,78.2,64.9,11,1,3,7,100.0,100.0,97.9,0,0
2021,Brandon Shell,10792,SEA,T,T,10,550,354,196,67.0,60.4,69.6,21,3,4,14,100.0,100.0,96.4,1,0
2021,Michael Deiter,38554,MIA,C,C,8,546,335,211,60.6,57.2,61.7,10,1,2,7,100.0,100.0,98.2,3,1
2021,Justin McCray,9234,HOU,G,G,12,545,360,185,51.0,32.7,59.2,19,4,3,12,100.0,100.0,96.6,1,1
2021,Pat Elflein,11825,CAR,C,C,9,534,322,212,50.1,42.0,52.2,12,0,3,9,100.0,100.0,98.0,2,0
2021,Tyler Shatley,9257,JAX,C,C,10,531,364,167,60.6,61.3,61.8,13,0,2,11,100.0,100.0,98.1,3,0
2021,Taylor Decker,10650,DET,T,T,9,529,298,230,75.5,84.0,66.8,15,2,5,8,99.8,99.7,97.0,7,1
2021,Lucas Niang,47004,KC,T,T,11,524,360,163,64.6,59.1,70.0,26,2,2,22,99.8,99.7,95.8,3,0
2021,Chris Reed,9830,IND,G,G,12,522,284,238,67.2,55.5,69.5,16,0,5,11,100.0,100.0,96.9,3,0
2021,Jack Driscoll,27064,PHI,G,G,9,512,293,219,70.5,73.9,64.1,18,1,3,14,100.0,100.0,96.5,1,1
2021,Aaron Brewer,46014,TEN,G,G,13,511,257,249,57.9,48.7,62.6,14,6,0,8,99.0,98.1,95.9,4,1
2021,Jackson Carman,52575,CIN,G,G,14,501,298,202,54.2,45.9,64.1,19,0,5,14,99.8,99.7,96.6,6,1
2021,Connor McGovern,41714,DAL,G,G,16,507,295,202,67.8,69.5,65.3,16,1,3,12,98.0,96.7,96.8,2,0
2021,Elgton Jenkins,46298,GB,T,T,8,496,306,190,82.1,81.2,76.4,12,2,3,7,100.0,100.0,97.5,3,0
2021,Chase Roullier,11954,WAS,C,C,8,490,315,175,83.7,69.3,86.1,9,0,2,7,100.0,100.0,98.5,1,0
2021,Cody Ford,39805,BUF,G,G,12,488,323,165,46.7,47.2,48.0,26,2,4,20,100.0,100.0,95.4,3,0
2021,Nate Herbig,28844,PHI,G,G,10,481,252,229,68.1,63.9,67.2,16,1,4,11,100.0,100.0,96.4,3,0
2021,Brady Christensen,51985,CAR,T,T,10,480,321,159,61.6,63.2,56.2,25,4,4,17,100.0,100.0,95.3,2,0
2021,John Leglue,46859,PIT,G,G,7,474,307,167,54.5,68.6,52.8,10,0,1,9,100.0,100.0,98.3,5,1
2021,Sam Cosmi,60114,WAS,T,T,9,474,282,192,74.9,63.4,81.3,16,4,1,11,100.0,100.0,96.2,2,0
2021,Mason Cole,45547,MIN,C,C,8,471,264,206,69.7,44.1,75.2,20,2,4,14,99.8,99.6,95.6,0,0
2021,Terron Armstead,7856,NO,T,T,8,468,263,205,75.9,85.6,64.1,12,1,2,9,100.0,100.0,97.4,3,0
2021,Mike McGlinchey,46275,SF,T,T,8,466,275,191,69.8,70.0,63.8,13,2,3,8,100.0,100.0,97.1,4,0
2021,Justin Herron,46271,NE,T,T,14,455,278,177,61.7,51.2,66.7,17,1,3,13,100.0,100.0,96.6,2,0
2021,Kyle Fuller,11998,SEA,C,C,10,447,281,166,46.5,31.3,53.6,17,2,4,11,100.0,100.0,96.4,1,0
2021,Jon Feliciano,9561,BUF,G,G,9,447,291,156,56.9,55.3,57.2,16,0,4,12,100.0,100.0,97.1,3,1
2021,Sean Harlow,11891,ARI,G,G,11,441,260,181,55.7,59.3,54.4,8,1,0,7,100.0,100.0,98.2,4,0
2021,Matt Pryor,46647,IND,T,T,14,438,241,197,76.5,75.2,74.8,8,0,2,6,100.0,100.0,98.1,6,0
2021,Austin Reiter,9655,MIA,C,C,6,421,262,159,46.9,51.7,43.8,12,0,1,11,100.0,100.0,97.5,1,0
2021,Matt Peart,46179,NYG,T,T,11,421,272,149,63.0,62.3,65.4,15,4,1,10,100.0,100.0,96.2,3,0
2021,Germain Ifedi,10665,CHI,T,T,7,412,240,172,61.8,70.7,58.6,10,2,1,7,100.0,100.0,97.4,4,0
2021,Ryan Bates,28300,BUF,G,G,17,414,232,179,66.3,70.5,63.9,4,0,3,1,99.3,98.7,99.1,1,0
2021,Jake Curhan,38549,SEA,T,T,10,405,230,175,54.0,37.2,62.1,20,4,4,12,100.0,100.0,94.5,0,0
2021,Wes Schweitzer,10829,WAS,G,G,11,401,246,155,78.7,65.9,85.6,11,1,2,8,100.0,100.0,97.4,5,1
2021,Laurent Duvernay-Tardif,8834,NYJ,G,G,7,390,248,142,53.2,52.5,55.5,20,1,6,13,100.0,100.0,95.6,2,1
2021,Tyre Phillips,59874,BAL,T,T,9,389,271,118,53.1,63.1,42.0,17,1,3,13,100.0,100.0,96.4,4,0
2021,Graham Glasgow,10729,DEN,G,G,7,384,251,133,65.1,70.1,61.1,13,2,2,9,100.0,100.0,96.9,2,0
2021,Keith Ismael,41878,WAS,C,C,9,382,217,165,64.9,46.9,68.9,13,3,3,7,100.0,100.0,96.0,1,0
2021,Ben Cleveland,41696,BAL,G,G,8,367,235,132,55.8,54.8,56.6,8,0,1,7,100.0,100.0,98.2,2,0
2021,Dennis Kelly,7146,GB,T,T,6,361,221,140,72.4,73.6,71.2,9,2,1,6,100.0,100.0,97.4,3,0
2021,Jack Conklin,10642,CLE,T,T,7,361,186,175,78.8,63.8,86.0,8,2,0,6,100.0,100.0,97.2,2,1
2021,Josh Myers,59992,GB,C,C,7,349,214,135,54.9,65.9,49.4,9,0,1,8,100.0,100.0,97.7,0,0
2021,J.C. Hassenauer,45600,PIT,C,C,9,345,224,121,68.3,69.6,66.3,6,0,1,5,100.0,100.0,98.6,0,0
2021,Rashod Hill,11369,MIN,T,T,6,342,215,127,42.7,39.3,47.6,20,3,6,11,100.0,100.0,94.2,4,1
2021,Andre Dillard,29250,PHI,T,T,8,340,250,90,69.6,71.7,65.4,20,1,1,18,100.0,100.0,95.4,7,4
2021,Trent Scott,24481,CAR,G,G,8,335,195,140,39.6,28.6,51.1,16,1,2,13,100.0,100.0,95.5,3,0
2021,Joe Haeg,10789,PIT,T,T,9,320,220,99,67.2,74.1,54.7,7,3,1,3,99.7,99.5,97.6,1,0
2021,Netane Muti,41339,DEN,G,G,8,317,176,141,59.0,52.0,59.3,14,4,3,7,100.0,100.0,94.6,0,0
2021,Lane Taylor,8365,HOU,G,G,5,311,206,105,39.7,49.3,36.8,7,0,0,7,100.0,100.0,98.2,2,1
2021,James Hudson III,59854,CLE,T,T,6,303,181,122,57.3,57.9,61.8,13,3,1,9,100.0,100.0,95.3,3,0
2021,Andrus Peat,9446,NO,G,G,6,303,150,153,52.1,20.1,62.1,14,3,2,9,100.0,100.0,94.2,1,1
2021,Oday Aboushi,7923,LAC,G,G,5,298,193,105,68.2,70.6,68.9,5,0,1,4,100.0,100.0,98.6,2,0
2021,Ben Bredeson,27305,NYG,G,G,7,294,190,104,56.2,22.7,75.7,14,2,2,10,100.0,100.0,95.4,2,2
2021,Cam Fleming,8775,DEN,T,T,5,285,153,132,71.7,65.0,71.8,8,0,0,8,100.0,100.0,97.2,2,1
2021,Joe Noteboom,46249,LA,T,T,10,279,142,137,77.7,81.6,68.5,5,1,1,3,100.0,100.0,97.7,0,0
2021,Julie'n Davenport,11885,IND,T,T,5,278,171,107,45.3,28.8,62.0,20,4,4,12,100.0,100.0,92.4,1,0
2021,Jermaine Eluemunor,11914,LV,G,G,4,266,178,88,59.8,67.0,52.4,5,0,1,4,100.0,100.0,98.5,0,0
2021,Laremy Tunsil,10647,HOU,T,T,5,262,150,112,60.8,75.2,45.0,7,0,2,5,100.0,100.0,97.4,1,0
2021,Jimmy Morrissey,41626,HOU,C,C,4,258,147,111,45.0,20.0,56.8,8,2,0,6,100.0,100.0,96.4,2,0
2021,Saahdiq Charles,59820,WAS,G,G,8,253,164,89,67.6,62.3,79.2,15,4,2,9,100.0,100.0,93.8,4,0
2021,Josh Wells,8968,TB,T,T,18,252,121,126,64.6,59.2,67.8,9,1,1,7,98.0,96.0,95.6,1,0
2021,Tommy Kraemer,40976,DET,G,G,6,238,125,113,55.5,66.0,53.2,8,0,2,6,100.0,100.0,96.6,3,1
2021,Sua Opeta,45110,PHI,G,G,7,229,128,101,72.9,62.9,74.8,11,1,1,9,100.0,100.0,95.0,1,0
2021,Coleman Shelton,39316,LA,C,C,10,227,125,102,59.5,56.3,58.9,5,0,2,3,100.0,100.0,97.9,0,0
2021,Danny Pinter,47339,IND,C,C,11,226,79,146,74.7,46.0,78.4,4,0,0,4,99.6,98.8,97.2,2,0
2021,Frank Ragnow,39137,DET,C,C,4,223,149,74,86.7,73.9,90.2,4,0,1,3,100.0,100.0,98.6,0,0
2021,Walker Little,52287,JAX,T,T,7,224,138,85,68.5,70.0,61.7,6,2,1,3,99.6,99.3,96.9,0,0
2021,Jordan Mills,7945,NO,T,T,5,221,115,106,47.8,56.2,44.4,5,0,0,5,100.0,100.0,97.8,1,0
2021,Marcus Cannon,6290,HOU,T,T,4,213,127,86,66.6,69.9,59.1,5,1,0,4,100.0,100.0,97.3,0,0
2021,Trey Hill,81653,CIN,C,C,7,210,117,93,53.3,65.3,54.5,1,0,0,1,100.0,100.0,99.5,6,1
2021,A.J. Cann,9500,JAX,G,G,4,198,134,64,47.7,32.6,53.7,11,1,1,9,100.0,100.0,95.2,0,0
2021,Tyler Larsen,9304,WAS,C,C,5,185,120,65,65.7,72.7,64.7,4,1,0,3,100.0,100.0,97.8,2,1
2021,Greg Mancz,10019,MIA,C,C,4,185,142,43,61.9,62.7,59.6,5,1,0,4,100.0,100.0,97.8,0,0
2021,Dan Feeney,11826,NYJ,C,C,10,185,101,83,75.9,55.1,79.3,4,0,0,4,99.5,99.0,98.0,0,0
2021,Calvin Anderson,46247,DEN,T,T,5,172,97,75,72.5,79.5,62.5,7,0,2,5,100.0,100.0,96.2,0,0
2021,Trey Pipkins III,91462,LAC,T,T,8,173,82,89,68.5,78.4,63.7,3,0,0,3,98.8,97.6,98.1,1,0
2021,Isaac Seumalo,10713,PHI,G,G,3,168,109,59,74.8,82.9,75.5,1,0,0,1,100.0,100.0,99.5,3,0
2021,Jamarco Jones,46226,SEA,G,G,6,163,100,63,56.9,54.6,60.3,6,0,1,5,100.0,100.0,96.9,2,1
2021,Teven Jenkins,41534,CHI,T,T,5,160,117,43,47.5,54.6,62.7,11,2,2,7,100.0,100.0,94.1,7,1
2021,Mike Remmers,7431,KC,T,T,4,156,122,33,64.5,63.6,67.9,5,1,1,3,99.4,99.2,97.4,1,0
2021,Jaylon Moore,43678,SF,T,T,5,145,72,73,59.0,56.1,61.9,5,1,1,3,100.0,100.0,95.3,1,0
2021,Ty Nsekhe,7636,DAL,T,T,6,145,93,52,72.5,64.6,75.4,7,2,2,3,100.0,100.0,94.8,1,0
2021,Trystan Colon,41117,BAL,C,C,12,147,77,67,62.6,74.5,58.8,2,1,1,0,98.0,96.3,97.9,1,0
2021,Phil Haynes,29244,SEA,G,G,3,136,65,71,69.8,71.3,66.1,1,0,0,1,100.0,100.0,99.2,0,0
2021,Will Richardson Jr.,46980,JAX,G,G,5,136,80,56,55.5,83.1,43.6,0,0,0,0,100.0,100.0,100.0,1,0
2021,James Ferentz,9258,NE,G,G,3,133,65,68,48.8,43.8,50.3,3,0,1,2,100.0,100.0,97.5,1,0
2021,Will Clapp,39386,NO,C,C,9,133,69,64,50.7,40.5,61.9,7,1,3,3,100.0,100.0,93.9,2,1
2021,Conor McDermott,11966,NYJ,T,T,5,135,80,51,68.4,73.7,58.3,5,4,0,1,97.0,95.2,94.2,1,0
2021,Sam Tecklenburg,47316,CAR,C,C,3,131,97,34,62.5,70.6,56.8,3,0,0,3,100.0,100.0,98.4,0,0
2021,Wes Martin,46087,NYG,G,G,5,130,82,48,40.3,23.7,49.8,7,1,0,6,100.0,100.0,94.9,0,0
2021,Michael Dunn,39676,CLE,G,G,4,128,77,51,67.9,42.7,73.1,7,2,0,5,100.0,100.0,93.8,1,0
2021,Solomon Kindley,41471,MIA,G,G,3,124,86,38,57.5,38.2,66.0,6,0,0,6,100.0,100.0,96.3,1,0
2021,Xavier Su'a-Filo,8668,CIN,G,G,2,124,68,56,50.0,52.0,49.0,5,0,2,3,100.0,100.0,96.2,0,0
2021,Dillon Radunz,30551,TEN,T,T,6,124,59,65,49.7,39.5,57.3,8,2,3,3,100.0,100.0,91.1,2,0
2021,Ty Sambrailo,9492,TEN,T,T,3,123,73,49,59.1,59.5,55.6,4,0,1,3,99.2,98.6,97.1,0,0
2021,Elijah Wilkinson,46238,CHI,T,T,5,120,70,50,65.0,54.6,68.5,6,1,0,5,100.0,100.0,94.5,1,1
2021,Scott Quessenberry,23918,LAC,C,C,3,115,71,44,64.3,60.7,64.0,1,0,0,1,100.0,100.0,99.3,1,0
2021,Korey Cunningham,38555,NYG,T,T,9,113,61,50,51.7,53.8,56.0,7,2,1,4,98.2,96.8,92.4,1,1
2021,Senio Kelemete,7144,LAC,G,G,6,110,66,42,40.0,36.5,49.6,6,1,2,3,98.2,97.1,94.1,2,0
2021,Bobby Hart,9659,BUF,T,T,4,102,54,48,33.7,26.5,42.0,9,2,3,4,100.0,100.0,89.0,3,1
2021,Ryan McCollum,41974,DET,C,C,4,101,68,33,49.5,36.5,53.4,7,2,0,5,100.0,100.0,93.4,1,0
2021,Chuma Edoga,46232,NYJ,T,T,4,100,62,38,57.7,55.0,70.3,5,1,1,3,100.0,100.0,94.6,2,1
2021,Aaron Stinnie,28653,TB,G,G,8,102,55,45,54.4,61.6,52.5,3,1,0,2,98.0,96.5,96.0,1,0
2021,Le'Raven Clark,10716,PHI,T,T,2,97,61,36,62.5,56.4,64.8,5,0,0,5,100.0,100.0,95.6,0,0
2021,Brandon Brooks,7078,PHI,G,G,2,96,54,42,52.7,62.8,54.0,3,0,0,3,100.0,100.0,97.0,1,0
2021,Yasir Durant,59878,NE,T,T,6,95,55,40,59.4,59.4,56.5,3,3,0,0,100.0,100.0,94.1,0,0
2021,Bobby Evans,36800,LA,T,T,7,92,45,47,48.4,67.4,44.7,3,2,1,0,100.0,100.0,93.6,1,0
2021,Alex Bars,47018,CHI,T,T,12,92,41,50,49.0,19.8,63.5,2,1,0,1,98.9,97.6,96.1,1,1
2021,Jason Spriggs,10682,ATL,T,T,8,90,53,37,58.9,53.3,60.0,4,0,1,3,100.0,100.0,96.2,1,0
2021,Justin Murray,11022,ARI,T,T,3,90,52,38,60.8,76.5,47.8,2,1,0,1,100.0,100.0,96.9,0,0
2021,Fred Johnson,46951,CIN,T,T,5,90,39,51,81.0,61.3,83.6,5,1,2,2,100.0,100.0,91.4,0,0
2021,B.J. Finney,9875,PIT,G,G,4,87,68,19,71.4,74.0,66.8,4,0,1,3,100.0,100.0,96.9,0,0
2021,Kendall Lamm,10017,TEN,T,T,8,87,38,48,46.9,46.7,57.3,4,2,1,1,98.9,97.4,91.2,2,0
2021,Jack Anderson,60130,PHI,C,C,2,81,43,38,71.0,73.1,68.0,1,0,1,0,100.0,100.0,98.7,0,0
2021,Yodny Cajuste,46297,NE,T,T,3,81,41,40,55.7,49.3,57.1,4,1,1,2,100.0,100.0,93.1,0,0
2021,Robert Jones,100786,MIA,T,T,3,79,34,45,63.6,55.4,64.3,3,1,0,2,100.0,100.0,93.5,0,0
2021,Nick Allegretti,39268,KC,G,G,10,80,38,41,81.8,89.0,66.8,0,0,0,0,98.8,97.4,100.0,0,0
2021,Tommy Doyle,40459,BUF,T,T,8,80,14,63,54.3,38.1,49.8,1,1,0,0,96.3,82.4,90.9,1,0
2021,Colton McKivitz,29314,SF,T,T,3,74,37,37,55.7,58.8,52.1,4,2,0,2,100.0,100.0,91.4,0,0
2021,Nick Gates,29476,NYG,C,C,2,74,53,21,63.9,50.5,68.6,1,0,0,1,100.0,100.0,99.0,0,0
2021,Colby Gossett,46673,ATL,G,G,6,74,49,25,65.3,45.7,70.3,5,1,3,1,100.0,100.0,93.5,0,0
2021,Will Holden,11912,DET,T,T,6,71,19,51,60.8,28.0,71.5,3,1,1,1,98.6,95.0,89.5,1,0
2021,Nick Leverett,27699,TB,G,G,3,69,40,29,46.3,33.8,59.2,4,1,0,3,100.0,100.0,93.2,2,1
2021,Ronnie Stanley,10640,BAL,T,T,1,68,40,28,48.9,27.7,62.5,9,0,1,8,100.0,100.0,88.5,0,0
2021,Cole Toner,10804,HOU,G,G,1,68,30,38,75.5,72.5,72.2,1,1,0,0,100.0,100.0,96.4,0,0
2021,Nick Harris,46752,CLE,C,C,1,68,44,24,70.0,75.3,67.2,0,0,0,0,100.0,100.0,100.0,1,0
2021,Drew Dalman,52270,ATL,C,C,5,68,37,31,78.3,40.9,92.3,4,0,1,3,100.0,100.0,94.3,2,0
2021,Landon Young,41761,NO,T,T,2,67,45,22,46.3,32.3,65.8,2,0,1,1,100.0,100.0,97.6,2,0
2021,David Sharpe,11884,BAL,T,T,3,67,52,15,56.2,56.3,51.9,4,1,0,3,100.0,100.0,94.8,0,0
2021,Blake Brandel,46282,MIN,T,T,11,65,12,51,53.3,58.5,55.4,0,0,0,0,96.9,85.7,100.0,0,0
2021,D'Ante Smith,41497,CIN,T,T,4,62,31,31,52.3,43.1,55.6,1,1,0,0,100.0,100.0,96.6,0,0
2021,Alaric Jackson,40972,LA,T,T,3,62,32,30,70.6,39.1,83.0,3,1,1,1,100.0,100.0,93.5,0,0
2021,Brett Toth,46848,PHI,C,C,4,53,23,30,69.0,60.2,69.0,0,0,0,0,100.0,100.0,100.0,0,0
2021,Austin Schlottmann,30097,DEN,C,C,3,52,27,25,44.3,26.3,49.3,4,0,0,4,100.0,100.0,92.0,0,0
2021,Caleb Benenoch,10782,NO,T,T,1,49,28,21,57.3,46.3,61.6,5,1,1,3,100.0,100.0,88.9,1,1
2021,Mekhi Becton,59818,NYJ,T,T,1,48,31,17,67.3,59.7,78.7,2,0,1,1,100.0,100.0,96.7,1,0
2021,Cedric Ogbuehi,9454,BAL,T,T,1,48,27,21,68.6,62.0,70.3,1,1,0,0,100.0,100.0,96.0,0,0
2021,K.C. McDermott,29035,JAX,G,G,3,46,32,14,66.3,77.2,69.9,1,0,1,0,100.0,100.0,98.4,1,0
2021,Corey Levin,11972,TEN,G,G,7,46,13,33,52.4,7.3,59.7,0,0,0,0,100.0,100.0,100.0,0,0
2021,Bryan Bulaga,5548,LAC,T,T,1,45,30,15,55.8,45.2,61.0,1,0,0,1,100.0,100.0,98.2,1,0
2021,Kayode Awosika,44909,PHI,G,G,1,43,22,21,79.7,31.7,86.1,3,2,0,1,100.0,100.0,86.8,0,0
2021,Quinn Bailey,46669,DEN,T,T,2,40,15,25,66.2,60.3,65.8,1,0,0,1,100.0,100.0,96.2,0,0
2021,Chris Hubbard,8051,CLE,T,T,1,39,22,17,51.0,42.9,53.2,3,1,1,1,100.0,100.0,90.5,0,0
2021,Andre Smith,4929,BAL,T,T,1,35,21,14,58.4,81.4,55.3,1,0,0,1,100.0,100.0,97.5,1,0
2021,James Carpenter,6177,NO,G,G,3,35,4,30,64.5,73.1,61.8,0,0,0,0,97.1,80.0,100.0,0,0
2021,Jordan Simmons,46744,LV,G,G,3,31,23,8,48.6,39.6,52.2,3,1,0,2,100.0,100.0,91.3,0,0
2021,Robert Hainsey,59980,TB,C,C,4,31,10,21,65.7,78.2,63.3,0,0,0,0,100.0,100.0,100.0,0,0
2021,Deonte Brown,41457,CAR,G,G,2,30,19,11,48.4,29.5,54.2,2,0,1,1,100.0,100.0,94.4,0,0
2021,David Bakhtiari,7891,GB,T,T,1,27,20,7,75.2,72.7,75.4,0,0,0,0,100.0,100.0,100.0,0,0
2021,Lachavious Simmons,20919,CHI,T,T,2,23,15,8,30.6,0.0,64.1,4,2,0,2,100.0,100.0,80.0,0,0
2021,Matt Farniok,41585,DAL,G,G,3,23,2,21,80.0,72.0,77.8,0,0,0,0,100.0,100.0,100.0,0,0
2021,Will Fries,41530,IND,G,G,2,22,9,13,54.8,44.0,56.6,1,0,1,0,100.0,100.0,91.7,0,0
2021,Joshua Miles,29038,ARI,T,T,5,21,5,16,61.9,81.3,56.4,0,0,0,0,100.0,100.0,100.0,0,0
2021,Derrick Kelly II,46090,NYG,G,G,1,18,0,18,51.5,,61.8,0,0,0,0,100.0,,,1,0
2021,Tre'Vour Wallace-Simms,41855,JAX,G,G,1,17,11,6,35.1,48.7,35.5,0,0,0,0,100.0,100.0,100.0,0,0
2021,Denzelle Good,9688,LV,G,G,1,17,12,5,50.6,42.7,53.4,0,0,0,0,100.0,100.0,100.0,0,0
2021,Keaton Sutherland,46035,CIN,C,C,1,17,13,4,60.3,80.1,55.4,0,0,0,0,100.0,100.0,100.0,0,0
2021,Shane Lemieux,28149,NYG,G,G,1,17,12,5,69.0,81.5,63.0,0,0,0,0,100.0,100.0,100.0,0,0
2021,Brian Winters,7853,ARI,G,G,2,16,10,6,29.6,6.9,40.3,1,0,1,0,100.0,100.0,94.4,0,0
2021,Stone Forsythe,41795,SEA,T,T,1,14,6,8,68.1,74.3,66.4,0,0,0,0,100.0,100.0,100.0,0,0
2021,Danny Isidora,11933,ARI,G,G,3,13,0,13,65.3,,63.8,0,0,0,0,100.0,,,0,0
2021,Austin Blythe,10882,KC,C,C,4,12,0,12,60.0,,59.6,0,0,0,0,100.0,,,0,0
2021,Casey Tucker,46376,PHI,T,T,1,12,5,7,55.2,16.5,67.3,2,0,1,1,100.0,100.0,75.0,0,0
2021,Parker Ehinger,10739,DET,G,G,1,8,2,6,47.6,71.0,62.5,0,0,0,0,100.0,100.0,100.0,1,0
2021,Isaiah Williams,11467,NYJ,G,G,1,7,3,4,34.6,75.6,52.7,0,0,0,0,100.0,100.0,100.0,1,0
2021,Nick Martin,10684,LV,C,C,3,7,1,6,36.6,69.6,56.0,0,0,0,0,100.0,100.0,100.0,1,0
2021,Jon Toth,22917,WAS,G,G,1,7,5,2,54.3,0.0,65.4,1,0,0,1,100.0,100.0,87.5,0,0
2021,Jake Hanson,28148,GB,C,C,2,6,5,1,62.8,79.2,60.0,0,0,0,0,100.0,100.0,100.0,0,0
2021,Prince Tega Wanogho,44820,KC,T,T,2,6,0,6,58.5,,57.0,0,0,0,0,100.0,,,0,0
2021,Jackson Barton,46978,LV,T,T,2,6,3,3,52.9,75.0,51.0,0,0,0,0,100.0,100.0,100.0,0,0
2021,Jake Brendel,11117,SF,C,C,2,6,1,5,59.8,69.0,59.1,0,0,0,0,100.0,100.0,100.0,0,0
2021,Zach Banner,11892,PIT,T,T,4,5,1,4,50.1,69.6,49.4,0,0,0,0,100.0,100.0,,0,0
2021,Brenden Jaimes,59909,LAC,G,G,1,5,0,5,75.2,,72.6,0,0,0,0,100.0,,,0,0
2021,Aaron Banks,59983,SF,G,G,1,5,0,5,56.9,,57.1,0,0,0,0,100.0,,,0,0
2021,Lester Cotton,46085,LV,G,G,1,5,2,3,58.5,73.4,57.6,0,0,0,0,100.0,100.0,100.0,0,0
2021,Ben Braden,23112,GB,T,T,2,4,0,4,56.9,,54.3,0,0,0,0,100.0,,,0,0
2021,Logan Stenberg,37181,DET,G,G,2,4,0,4,55.1,,56.1,0,0,0,0,100.0,,,0,0
2021,Marcus Henry,11228,ARI,G,G,1,4,2,2,58.2,72.5,53.1,0,0,0,0,100.0,100.0,100.0,0,0
2021,Kyle Murphy,10834,NO,T,T,1,3,3,0,61.0,75.3,,0,0,0,0,100.0,100.0,100.0,0,0
2021,Brandon Knight,25018,DAL,T,T,1,3,0,3,59.8,,59.1,0,0,0,0,100.0,,,0,0
2021,Rashaad Coward,12168,PIT,G,G,1,2,2,0,60.0,75.7,,0,0,0,0,100.0,100.0,100.0,0,0
2021,Jaryd Jones-Smith,46843,BAL,T,T,1,2,2,0,60.0,72.9,,0,0,0,0,100.0,100.0,100.0,0,0
2021,Jamil Douglas,9547,WAS,G,G,1,2,1,1,60.0,70.6,60.0,0,0,0,0,100.0,100.0,100.0,0,0
2021,Koda Martin,46231,ARI,T,T,1,2,0,2,60.0,,60.0,0,0,0,0,100.0,,,0,0
2021,Eric Smith,46987,ARI,T,T,1,2,0,2,60.0,,60.0,0,0,0,0,100.0,,,0,0
2021,Cole Van Lanen,41583,GB,G,G,1,1,0,1,60.0,,60.0,0,0,0,0,100.0,,,0,0
2021,David Steinmetz,46936,WAS,T,T,1,1,1,0,60.0,61.1,,0,0,0,0,100.0,100.0,100.0,0,0
2021,Cameron Tom,12227,MIA,C,C,1,1,1,0,60.0,66.0,,0,0,0,0,100.0,100.0,100.0,0,0
2021,Adam Pankey,12114,MIA,T,T,1,1,0,1,60.0,,58.2,0,0,0,0,100.0,,,0,0
2022,Jason Kelce,6343,PHI,C,C,20,1358,753,605,89.4,83.3,90.0,11,0,0,11,100.0,100.0,99.2,9,1
2022,Isaac Seumalo,10713,PHI,G,G,20,1350,753,597,72.7,78.2,67.8,25,1,3,21,100.0,100.0,98.2,8,3
2022,Creed Humphrey,59996,KC,C,C,20,1329,893,436,89.9,81.3,91.0,19,0,2,17,100.0,100.0,98.9,5,1
2022,Orlando Brown Jr.,46227,KC,T,T,20,1324,893,431,75.4,76.8,68.8,58,4,10,44,100.0,100.0,96.3,7,1
2022,Cordell Volson,30614,CIN,G,G,19,1305,865,440,53.7,52.7,55.0,43,5,13,25,100.0,100.0,97.0,7,1
2022,Ted Karras,10855,CIN,C,C,19,1298,864,434,65.1,76.1,58.7,24,2,4,18,100.0,100.0,98.4,4,0
2022,Landon Dickerson,41712,PHI,G,G,20,1294,714,580,72.1,78.7,69.7,21,1,3,17,100.0,100.0,98.4,14,1
2022,Shaq Mason,9564,TB,G,G,18,1282,883,399,68.2,70.2,62.4,27,1,9,17,100.0,100.0,98.3,2,0
2022,Andrew Wylie,12333,KC,T,T,20,1283,865,417,61.6,62.1,59.5,54,9,5,40,99.9,99.9,96.1,10,3
2022,Tyler Smith,98385,DAL,T,T,19,1274,701,573,73.3,65.5,75.2,40,6,11,23,100.0,100.0,96.5,15,4
2022,Zack Martin,8651,DAL,G,G,19,1273,706,567,72.8,82.2,63.7,17,0,2,15,100.0,100.0,98.7,1,0
2022,Matt Feiler,9289,LAC,G,G,18,1259,853,406,54.6,64.1,50.0,40,6,3,31,100.0,100.0,97.2,6,1
2022,Luke Fortner,42028,JAX,C,C,19,1256,785,471,52.0,59.9,48.0,35,2,7,26,100.0,100.0,97.5,4,0
2022,Zion Johnson,99681,LAC,G,G,18,1254,848,406,62.2,52.8,67.2,42,5,8,29,100.0,100.0,97.1,8,1
2022,Jake Brendel,11117,SF,C,C,20,1252,680,572,62.9,71.8,61.9,14,1,3,10,100.0,100.0,98.8,12,2
2022,Jordan Mailata,66916,PHI,T,T,19,1242,687,554,81.7,76.3,80.6,39,6,1,32,99.9,99.9,96.5,7,1
2022,Trey Smith,62960,KC,G,G,19,1230,821,409,72.3,68.4,70.8,41,2,3,36,100.0,100.0,97.2,6,2
2022,Jawaan Taylor,41665,JAX,T,T,19,1230,775,455,59.5,75.9,39.7,21,5,1,15,100.0,100.0,98.2,7,1
2022,Ed Ingram,59819,MIN,G,G,18,1225,816,409,57.0,42.6,64.2,63,11,19,33,100.0,100.0,95.2,4,1
2022,Brandon Scherff,9438,JAX,G,G,19,1221,770,451,60.6,63.4,56.9,31,6,3,22,100.0,100.0,97.5,3,0
2022,Mike McGlinchey,46275,SF,T,T,20,1210,650,560,70.3,65.4,70.7,36,6,3,27,100.0,100.0,96.6,10,2
2022,Tyler Biadasz,41178,DAL,C,C,18,1195,653,542,60.5,64.3,58.4,23,1,5,17,100.0,100.0,98.1,5,0
2022,Rodger Saffold,5558,BUF,G,G,18,1195,796,399,44.0,50.2,43.4,42,2,5,35,100.0,100.0,97.1,10,3
2022,Ezra Cleveland,41973,MIN,G,G,18,1191,800,391,73.4,54.1,79.7,55,5,21,29,100.0,100.0,96.0,5,1
2022,Joe Thuney,10712,KC,G,G,18,1190,799,391,78.4,88.9,67.6,20,1,4,15,100.0,100.0,98.6,2,0
2022,Charles Leno Jr.,8880,WAS,T,T,17,1189,669,520,71.6,80.9,55.9,37,8,9,20,100.0,100.0,96.4,4,0
2022,Kelvin Beachum,7229,ARI,T,T,17,1178,785,392,70.6,76.4,59.6,46,5,8,33,99.9,99.9,96.5,7,1
2022,Robert Hainsey,59980,TB,C,C,17,1175,800,375,66.7,73.0,60.9,20,0,7,13,100.0,100.0,98.7,2,1
2022,Andrew Thomas,59701,NYG,T,T,18,1173,700,473,90.3,89.9,81.0,23,4,3,16,100.0,100.0,97.9,2,0
2022,Lane Johnson,7786,PHI,T,T,18,1173,651,522,84.8,90.1,75.3,11,0,0,11,100.0,100.0,99.1,8,3
2022,Joel Bitonio,8670,CLE,G,G,17,1172,667,505,87.5,80.2,84.4,20,1,6,13,100.0,100.0,98.3,4,0
2022,Mark Glowinski,9567,NYG,G,G,18,1169,695,474,65.6,56.5,67.0,37,5,5,27,100.0,100.0,96.8,3,0
2022,Ben Powers,41482,BAL,G,G,18,1163,633,530,62.3,86.7,50.1,13,1,1,11,100.0,100.0,98.8,1,1
2022,Tyler Linderbaum,82291,BAL,C,C,18,1161,632,529,74.6,53.5,84.2,29,3,3,23,100.0,100.0,97.3,6,0
2022,James Daniels,45576,PIT,G,G,17,1160,686,474,66.9,73.2,60.0,20,0,3,17,100.0,100.0,98.4,5,2
2022,Kevin Dotson,46735,PIT,G,G,17,1160,686,474,65.4,77.6,61.1,16,4,4,8,100.0,100.0,98.4,12,1
2022,Dan Moore Jr.,60120,PIT,T,T,17,1160,686,474,62.4,67.3,56.1,39,7,10,22,100.0,100.0,96.4,10,1
2022,Chukwuma Okorafor,46302,PIT,T,T,17,1159,686,473,61.2,62.8,55.7,41,3,5,33,100.0,100.0,96.6,4,1
2022,Charles Cross,98401,SEA,T,T,18,1156,738,417,63.1,64.8,62.3,50,7,4,39,99.9,99.9,95.9,9,0
2022,Jedrick Wills Jr.,58467,CLE,T,T,17,1152,652,500,62.9,69.6,55.3,41,6,11,24,100.0,100.0,96.1,10,2
2022,Quenton Nelson,12954,IND,G,G,17,1148,720,428,68.4,74.1,64.6,31,5,6,20,100.0,100.0,97.4,5,1
2022,Aaron Banks,59983,SF,G,G,19,1146,615,531,59.5,61.0,57.2,35,2,4,29,100.0,100.0,96.8,6,3
2022,Taylor Decker,10650,DET,T,T,17,1142,665,477,74.4,76.5,67.6,33,4,9,20,100.0,100.0,97.0,6,0
2022,Penei Sewell,81788,DET,T,T,17,1142,663,477,80.6,74.2,83.0,28,2,6,20,99.8,99.7,97.6,10,1
2022,Jonah Williams,41651,CIN,T,T,17,1131,748,383,61.0,62.8,51.0,45,13,6,26,100.0,100.0,95.9,5,0
2022,Connor Williams,46216,MIA,C,C,18,1127,729,398,78.4,68.8,85.5,16,3,2,11,100.0,100.0,98.6,6,0
2022,Robert Hunt,46139,MIA,G,G,18,1126,728,398,72.3,74.6,74.5,24,3,4,17,100.0,100.0,98.0,12,2
2022,Andrew Norwell,9126,WAS,G,G,16,1120,639,481,59.8,60.8,59.9,29,4,4,21,100.0,100.0,97.3,5,1
2022,Mason Cole,45547,PIT,C,C,17,1114,651,463,67.1,63.8,66.5,21,2,4,15,100.0,100.0,98.1,1,1
2022,Connor McGovern,10778,NYJ,C,C,17,1111,712,399,69.6,69.5,69.7,24,5,4,15,100.0,100.0,97.9,4,0
2022,Laken Tomlinson,9461,NYJ,G,G,17,1110,713,397,56.8,70.2,46.9,32,1,4,27,100.0,100.0,97.6,1,1
2022,Austin Blythe,10882,SEA,C,C,18,1106,704,402,54.7,66.2,51.1,23,3,7,13,100.0,100.0,98.0,6,1
2022,Jon Feliciano,9561,NYG,C,C,17,1095,649,446,57.4,66.5,55.3,25,4,3,18,100.0,100.0,97.6,6,0
2022,Ryan Kelly,10652,IND,C,C,17,1092,679,413,64.3,64.8,64.3,25,5,3,17,100.0,100.0,97.7,3,0
2022,Josh Myers,59992,GB,C,C,17,1091,643,448,60.4,74.3,53.5,13,3,2,8,100.0,100.0,98.7,3,1
2022,Dion Dawkins,11818,BUF,T,T,17,1089,724,364,73.8,80.4,60.9,37,4,3,30,99.9,99.9,97.0,13,4
2022,Morgan Moses,8701,BAL,T,T,18,1087,593,494,78.6,76.9,80.7,24,5,2,17,100.0,100.0,97.4,9,1
2022,Alex Cappa,66578,CIN,G,G,16,1086,724,362,67.6,71.4,62.3,20,3,4,13,100.0,100.0,98.3,2,0
2022,Ryan Bates,28300,BUF,G,G,17,1082,713,369,61.4,63.5,58.0,32,2,4,26,100.0,100.0,97.5,4,1
2022,Frank Ragnow,39137,DET,C,C,16,1074,627,447,77.9,68.9,78.9,13,1,0,12,100.0,100.0,98.8,4,1
2022,Damien Lewis,81532,SEA,G,G,17,1070,679,391,72.5,73.1,67.2,21,3,3,15,100.0,100.0,98.1,7,1
2022,Braden Smith,46794,IND,T,T,16,1066,669,397,75.5,75.9,75.0,30,7,7,16,100.0,100.0,97.1,10,2
2022,Laremy Tunsil,10647,HOU,T,T,17,1061,676,384,80.0,91.7,66.2,17,1,3,13,99.9,99.9,98.6,11,0
2022,Brian O'Neill,46854,MIN,T,T,16,1052,708,344,82.7,77.9,82.4,24,6,5,13,100.0,100.0,97.7,5,0
2022,Jon Runyan,36661,GB,G,G,17,1051,613,438,62.6,77.0,53.6,17,3,3,11,100.0,100.0,98.3,1,0
2022,Drew Dalman,52270,ATL,C,C,17,1051,517,534,65.9,55.1,69.5,27,0,4,23,100.0,100.0,97.2,9,2
2022,Kaleb McGary,46912,ATL,T,T,17,1051,517,534,86.6,66.9,91.6,19,6,3,10,100.0,100.0,97.4,5,1
2022,Jake Matthews,8641,ATL,T,T,17,1047,517,530,77.2,80.9,69.5,17,4,5,8,100.0,100.0,97.8,6,3
2022,Chris Lindstrom,46692,ATL,G,G,17,1047,517,530,95.0,81.7,93.1,9,2,1,6,100.0,100.0,98.9,2,0
2022,Trent Williams,5529,SF,T,T,17,1044,555,489,91.7,88.3,91.8,19,1,2,16,100.0,100.0,98.1,9,3
2022,Mike Onwenu,27357,NE,G,G,17,1044,634,410,79.3,83.1,73.1,14,1,2,11,100.0,100.0,98.7,2,0
2022,Abraham Lucas,60218,SEA,T,T,17,1043,678,365,68.4,69.0,65.2,30,10,8,12,100.0,100.0,96.8,7,0
2022,Dylan Parham,60953,LV,G,G,17,1036,635,401,61.9,48.8,66.9,55,6,9,40,100.0,100.0,94.9,5,0
2022,Kolton Miller,47013,LV,T,T,16,1035,644,391,84.1,84.8,76.6,33,4,5,24,100.0,100.0,97.0,5,1
2022,Braxton Jones,60092,CHI,T,T,17,1033,542,491,75.4,70.5,79.4,40,7,4,29,100.0,100.0,95.4,12,3
2022,Aaron Brewer,46014,TEN,G,G,17,1031,562,469,59.9,45.4,63.3,36,4,4,28,100.0,100.0,96.2,7,2
2022,Trent Brown,9677,NE,T,T,17,1030,629,401,67.4,76.1,59.5,39,8,8,23,100.0,100.0,96.0,13,4
2022,Jamaree Salyer,81656,LAC,T,T,15,1029,696,333,69.8,76.4,53.5,48,5,10,33,100.0,100.0,96.1,3,0
2022,Kevin Zeitler,7032,BAL,G,G,16,1021,558,463,74.7,82.5,67.9,16,2,0,14,100.0,100.0,98.3,3,1
2022,Sam Mustipher,13026,CHI,C,C,17,1020,536,484,63.4,55.1,65.5,20,2,4,14,100.0,100.0,97.8,4,2
2022,Rob Havenstein,9490,LA,T,T,17,1019,632,387,73.2,68.6,71.7,41,6,9,26,100.0,100.0,96.2,8,3
2022,Taylor Moton,11819,CAR,T,T,17,1018,552,466,69.3,82.4,55.2,21,3,1,17,100.0,100.0,97.7,6,2
2022,Ikem Ekwonu,98286,CAR,T,T,17,1018,552,466,65.3,67.5,64.0,27,6,1,20,100.0,100.0,96.8,13,3
2022,Tristan Wirfs,64818,TB,T,T,14,1013,696,317,83.1,89.1,64.6,6,3,1,2,100.0,100.0,99.3,4,0
2022,Connor McGovern,41714,DAL,G,G,17,1011,548,463,53.5,76.6,43.1,23,2,7,14,100.0,100.0,97.6,1,0
2022,A.J. Cann,9500,HOU,G,G,16,1003,637,366,66.6,64.8,63.9,34,5,7,22,100.0,100.0,96.8,1,0
2022,Tytus Howard,25472,HOU,T,T,17,997,640,357,67.9,70.2,64.5,38,3,5,30,100.0,100.0,96.6,9,3
2022,Scott Quessenberry,23918,HOU,C,C,16,990,633,357,36.6,25.8,43.7,36,7,4,25,100.0,100.0,96.4,2,0
2022,Donovan Smith,9467,TB,T,T,14,990,703,287,59.3,71.0,40.8,35,6,7,22,100.0,100.0,96.9,13,1
2022,Austin Corbett,46290,CAR,G,G,17,985,541,444,69.1,76.2,62.6,15,2,2,11,100.0,100.0,98.3,2,0
2022,Spencer Brown,42296,BUF,T,T,16,982,649,333,53.4,51.6,56.2,50,4,11,35,100.0,100.0,95.6,7,1
2022,Cole Strange,22976,NE,G,G,17,982,598,384,54.6,67.8,48.3,23,5,1,17,100.0,100.0,97.5,6,2
2022,Cam Fleming,8775,DEN,T,T,15,976,605,371,72.6,74.1,67.8,28,7,5,16,100.0,100.0,96.9,6,2
2022,James Hurst,9001,NO,T,T,16,973,546,427,63.2,76.6,48.2,26,5,5,16,100.0,100.0,97.0,5,0
2022,Trey Pipkins III,91462,LAC,T,T,15,968,635,333,59.8,65.4,50.5,32,3,9,20,100.0,100.0,97.1,6,0
2022,Dalton Risner,47008,DEN,G,G,15,967,598,369,61.1,72.6,53.4,29,3,6,20,100.0,100.0,97.1,1,0
2022,Brady Christensen,51985,CAR,G,G,17,965,533,432,57.3,68.8,53.3,17,2,2,13,100.0,100.0,98.1,11,2
2022,Andre James,47058,LV,C,C,15,964,588,376,62.8,64.5,59.3,24,2,5,17,100.0,100.0,97.7,3,0
2022,Elgton Jenkins,46298,GB,G,G,15,960,562,398,72.3,67.8,71.8,17,3,1,13,100.0,100.0,98.1,4,0
2022,Tyler Shatley,9257,JAX,G,G,16,954,616,338,60.4,69.3,53.3,25,3,4,18,100.0,100.0,97.6,2,0
2022,La'el Collins,9719,CIN,T,T,15,951,618,333,57.9,44.2,73.5,34,5,7,22,100.0,100.0,96.6,8,2
2022,Dennis Daley,60063,TEN,T,T,17,942,508,434,46.1,45.5,46.5,52,12,9,31,100.0,100.0,93.4,7,2
2022,Jermaine Eluemunor,11914,LV,T,T,17,940,583,357,75.3,76.1,75.7,26,3,3,20,100.0,100.0,97.4,10,0
2022,Nicholas Petit-Frere,82003,TEN,T,T,16,937,504,433,52.3,50.0,57.0,35,5,6,24,100.0,100.0,95.8,8,0
2022,Ryan Ramczyk,11787,NO,T,T,16,936,536,400,77.9,76.4,73.8,20,3,5,12,100.0,100.0,97.7,4,0
2022,Graham Glasgow,10729,DEN,C,C,15,929,579,350,59.3,62.7,61.6,19,5,1,13,100.0,100.0,97.8,10,1
2022,Corey Linsley,8796,LAC,C,C,15,928,601,327,74.0,90.2,64.9,7,0,1,6,100.0,100.0,99.4,6,3
2022,Wyatt Teller,46131,CLE,G,G,15,927,520,407,70.3,67.9,70.3,26,4,5,17,100.0,100.0,96.9,6,1
2022,Jack Conklin,10642,CLE,T,T,14,913,508,405,66.7,78.8,51.8,13,2,1,10,100.0,100.0,98.4,10,4
2022,Cam Robinson,11789,JAX,T,T,14,913,558,353,67.2,74.8,57.3,27,4,4,19,99.8,99.6,97.1,8,1
2022,Christian Darrisaw,77373,MIN,T,T,15,910,612,298,90.4,82.4,90.6,23,5,6,12,100.0,100.0,97.6,3,0
2022,Mitch Morse,9482,BUF,C,C,15,902,591,311,61.0,70.1,56.0,20,4,3,13,100.0,100.0,97.9,4,2
2022,Cesar Ruiz,59857,NO,G,G,14,868,516,352,56.6,63.4,51.5,14,3,2,9,100.0,100.0,98.3,3,0
2022,Garrett Bradbury,46013,MIN,C,C,13,866,571,295,67.5,63.8,70.5,29,2,8,19,100.0,100.0,97.1,5,1
2022,Evan Neal,99063,NYG,T,T,15,862,534,328,41.8,42.3,48.1,52,8,10,34,100.0,100.0,94.0,7,0
2022,Jonah Jackson,37070,DET,G,G,13,858,494,364,66.1,53.0,70.3,26,0,4,22,100.0,100.0,97.2,4,1
2022,Alex Bars,47018,LV,G,G,14,852,528,324,45.4,55.4,39.6,38,5,11,22,100.0,100.0,95.7,3,1
2022,Will Hernandez,46180,ARI,G,G,13,843,565,278,65.4,79.1,61.1,16,3,1,12,100.0,100.0,98.2,7,1
2022,Spencer Burford,81920,SF,G,G,19,833,432,401,51.8,60.3,49.1,18,4,6,8,100.0,100.0,97.3,5,0
2022,Kenyon Green,99052,HOU,G,G,15,823,525,298,37.7,27.0,47.4,47,4,12,31,100.0,100.0,94.8,12,5
2022,Ethan Pocic,11813,CLE,C,C,13,819,461,358,78.9,71.5,78.9,10,2,0,8,100.0,100.0,98.6,1,0
2022,Terence Steele,39461,DAL,T,T,13,818,439,379,73.9,63.7,82.1,20,1,4,15,100.0,100.0,97.5,6,0
2022,David Andrews,9948,NE,C,C,14,799,485,314,74.5,65.0,76.9,13,2,1,10,100.0,100.0,98.3,6,4
2022,Erik McCoy,37347,NO,C,C,13,798,427,371,61.2,65.2,60.9,11,1,2,8,100.0,100.0,98.5,5,0
2022,Evan Brown,38709,DET,G,G,13,768,456,312,64.8,45.5,69.5,22,2,4,16,100.0,100.0,97.2,6,2
2022,Trai Turner,8727,WAS,G,G,13,766,431,335,53.0,59.1,52.7,22,2,5,15,100.0,100.0,97.0,4,1
2022,Brandon Shell,10792,MIA,T,T,13,761,479,282,64.9,51.7,75.9,40,2,8,30,100.0,100.0,95.4,4,1
2022,Nick Leverett,27699,TB,G,G,11,761,513,248,64.0,71.0,55.8,12,0,4,8,100.0,100.0,98.8,2,0
2022,Yosh Nijman,60822,GB,T,T,17,756,448,308,63.1,74.4,54.1,28,5,1,22,100.0,100.0,96.1,10,4
2022,Terron Armstead,7856,MIA,T,T,14,753,483,270,77.6,81.4,68.9,16,1,2,13,100.0,100.0,98.1,6,1
2022,Billy Price,46795,ARI,C,C,11,752,501,251,51.3,66.0,55.6,16,5,1,10,100.0,100.0,97.7,11,0
2022,Quinn Meinerz,112915,DEN,G,G,13,752,479,273,77.7,67.1,78.6,16,3,3,10,100.0,100.0,97.9,2,0
2022,Duane Brown,4340,NYJ,T,T,12,744,450,294,57.8,72.3,44.4,23,1,4,18,100.0,100.0,97.3,6,0
2022,Gabe Jackson,8716,SEA,G,G,16,735,457,278,54.8,52.5,52.8,34,4,7,23,100.0,100.0,95.6,0,0
2022,Coleman Shelton,39316,LA,C,C,13,720,431,289,58.0,71.3,55.4,11,4,1,6,100.0,100.0,98.2,5,0
2022,Bernhard Raimann,77948,IND,T,T,13,709,428,281,73.3,71.4,74.7,27,7,4,16,100.0,100.0,95.8,9,1
2022,Nate Herbig,28844,NYJ,G,G,11,707,424,283,58.0,58.6,55.7,18,1,3,14,100.0,100.0,97.7,4,1
2022,Nate Davis,46808,TEN,G,G,12,682,385,297,70.6,66.8,69.8,14,3,1,10,100.0,100.0,97.6,4,1
2022,Ben Jones,7099,TEN,C,C,12,682,371,311,71.9,68.4,73.7,10,1,2,7,100.0,100.0,98.4,5,0
2022,Bradley Bozeman,27934,CAR,C,C,11,680,333,347,63.1,53.3,67.3,12,2,1,9,100.0,100.0,97.7,4,0
2022,Ronnie Stanley,10640,BAL,T,T,12,671,334,337,69.4,82.2,54.9,16,1,0,15,100.0,100.0,97.3,1,0
2022,Cornelius Lucas,9025,WAS,T,T,15,671,356,315,67.7,63.5,70.0,34,4,8,22,100.0,100.0,94.4,3,0
2022,Cody Whitehair,10690,CHI,G,G,12,661,341,320,65.9,66.9,62.3,14,4,1,9,100.0,100.0,97.2,0,0
2022,Will Fries,41530,IND,G,G,11,642,381,261,58.4,44.4,66.2,20,1,2,17,100.0,100.0,97.1,5,0
2022,Liam Eichenberg,41851,MIA,G,G,10,627,409,218,39.8,39.6,42.5,27,2,7,18,100.0,100.0,96.3,5,1
2022,Josh Jones,26634,ARI,T,T,13,622,417,205,75.8,75.9,74.0,27,4,4,19,100.0,100.0,96.0,9,2
2022,Ben Bredeson,27305,NYG,G,G,13,621,376,245,57.5,53.8,61.2,12,0,2,10,100.0,100.0,98.3,3,1
2022,Daniel Brunskill,34807,SF,G,G,17,609,337,272,67.3,74.0,60.6,14,0,1,13,100.0,100.0,97.8,0,0
2022,Luke Goedeke,77548,TB,G,G,12,605,419,186,46.7,46.7,47.8,24,2,3,19,100.0,100.0,96.7,5,0
2022,David Bakhtiari,7891,GB,T,T,11,597,339,257,79.8,87.8,68.5,10,0,0,10,99.8,99.7,98.4,5,1
2022,Hjalte Froholdt,44959,CLE,C,C,13,591,342,248,61.4,49.0,67.5,18,7,3,8,99.8,99.7,96.1,5,2
2022,Sam Cosmi,60114,WAS,T,T,11,585,341,244,71.6,66.6,71.5,21,5,2,14,100.0,100.0,95.9,2,0
2022,Matt Pryor,46647,IND,T,T,12,576,388,188,44.9,40.8,50.8,31,6,5,20,100.0,100.0,95.0,5,0
2022,Teven Jenkins,41534,CHI,G,G,13,576,304,272,80.7,65.9,82.2,12,2,0,10,100.0,100.0,97.5,3,0
2022,D.J. Humphries,9457,ARI,T,T,8,575,382,193,72.3,80.5,57.5,15,0,1,14,100.0,100.0,97.9,5,0
2022,Elijah Wilkinson,46238,ATL,G,G,9,574,281,293,64.3,70.7,64.4,11,2,1,8,100.0,100.0,97.5,5,0
2022,Andrus Peat,9446,NO,G,G,11,573,327,246,50.6,40.3,55.4,15,3,3,9,100.0,100.0,97.1,2,0
2022,Max Garcia,9566,ARI,G,G,11,542,357,185,54.5,51.7,55.2,17,1,3,13,100.0,100.0,97.3,2,0
2022,Riley Reiff,7029,CHI,T,T,12,542,293,248,64.3,67.0,59.1,18,3,2,13,99.8,99.7,96.1,4,2
2022,Tyler Larsen,9304,WAS,C,C,8,534,262,272,58.2,35.9,63.4,20,3,5,12,100.0,100.0,95.4,1,1
2022,Greg Little,46254,MIA,T,T,12,533,357,176,35.1,30.6,41.7,35,4,8,23,100.0,100.0,94.2,3,0
2022,Larry Borom,59879,CHI,T,T,11,528,264,264,64.7,69.9,62.1,14,5,2,7,100.0,100.0,96.2,4,0
2022,Robert Jones,100786,MIA,G,G,12,520,333,187,58.5,67.3,58.4,13,3,3,7,100.0,100.0,97.5,4,0
2022,George Fant,11282,NYJ,T,T,8,516,372,144,48.4,46.7,56.3,27,5,8,14,100.0,100.0,95.5,7,0
2022,Lloyd Cushenberry III,41924,DEN,C,C,8,502,316,186,56.2,68.8,52.7,9,1,3,5,100.0,100.0,98.3,6,2
2022,Zach Tom,55443,GB,T,T,9,489,296,193,68.3,78.1,55.7,12,1,4,7,100.0,100.0,97.6,0,0
2022,Phil Haynes,29244,SEA,G,G,14,485,332,153,57.1,60.2,58.1,18,4,3,11,100.0,100.0,96.4,4,0
2022,Billy Turner,8702,DEN,T,T,8,483,288,195,56.3,50.7,57.3,19,2,6,11,100.0,100.0,96.2,1,0
2022,Matt Skura,11102,LA,G,G,8,466,264,202,48.3,68.1,41.0,13,3,1,9,100.0,100.0,96.8,2,0
2022,Calvin Throckmorton,28238,NO,G,G,10,460,263,197,38.4,45.5,42.8,18,3,1,14,100.0,100.0,95.9,5,0
2022,Royce Newman,41746,GB,G,G,9,451,271,180,57.5,54.9,57.6,18,4,4,10,100.0,100.0,95.8,3,0
2022,Calvin Anderson,46247,DEN,T,T,10,439,289,150,65.0,66.1,59.3,22,2,3,17,100.0,100.0,95.6,1,0
2022,Conor McDermott,11966,NE,T,T,8,437,292,145,65.8,53.7,79.8,18,1,5,12,100.0,100.0,96.5,4,0
2022,Alijah Vera-Tucker,57107,NYJ,G,G,7,432,276,156,71.8,61.4,76.5,16,1,3,12,100.0,100.0,96.8,1,1
2022,Ty Nsekhe,7636,LA,T,T,10,424,243,180,70.6,80.7,67.5,8,3,0,5,99.8,99.6,97.6,8,1
2022,Isaiah Wynn,46048,NE,T,T,9,423,229,194,54.6,52.8,63.2,17,4,2,11,100.0,100.0,95.2,9,1
2022,Alaric Jackson,40972,LA,G,G,7,422,272,150,64.1,69.0,58.2,14,2,1,11,100.0,100.0,97.0,2,1
2022,Wes Schweitzer,10829,WAS,C,C,7,419,238,181,59.3,42.9,65.3,15,3,3,9,100.0,100.0,96.0,3,1
2022,Hakeem Adeniji,45419,CIN,T,T,16,418,259,159,46.9,36.2,58.9,23,4,1,18,100.0,100.0,94.4,3,0
2022,Michael Schofield III,8730,CHI,G,G,10,418,205,213,66.9,75.0,62.7,8,1,0,7,100.0,100.0,97.6,2,0
2022,Nick Gates,29476,NYG,G,G,12,413,256,156,60.0,69.0,58.2,12,1,2,9,99.8,99.6,97.3,5,2
2022,Tyron Smith,6161,DAL,T,T,6,401,239,162,60.9,64.4,52.9,16,1,3,12,100.0,100.0,96.3,0,0
2022,David Quessenberry,7957,BUF,T,T,10,397,247,150,59.3,62.3,53.7,18,4,2,12,100.0,100.0,95.3,2,0
2022,Patrick Mekari,46219,BAL,T,T,15,384,221,163,73.1,80.3,62.0,11,2,2,7,100.0,100.0,96.8,3,1
2022,Dan Skipper,12307,DET,G,G,15,387,203,181,43.9,19.6,54.6,19,4,3,12,99.2,98.5,93.9,1,0
2022,Brian Allen,46104,LA,C,C,7,373,244,129,63.8,59.2,66.1,9,4,5,0,100.0,100.0,97.2,1,0
2022,Jack Driscoll,27064,PHI,T,T,11,371,180,191,61.0,56.2,64.4,19,3,2,14,100.0,100.0,93.6,4,2
2022,Thayer Munford Jr.,59994,LV,T,T,17,369,216,153,63.2,71.0,56.3,11,1,2,8,100.0,100.0,97.1,4,0
2022,Walker Little,52287,JAX,T,T,13,369,235,134,61.7,62.7,60.0,17,2,2,13,100.0,100.0,95.8,3,0
2022,Tyre Phillips,59874,NYG,T,T,11,365,199,166,50.5,55.0,53.4,16,3,2,11,100.0,100.0,94.8,4,0
2022,Greg Van Roten,7746,BUF,G,G,9,354,229,125,57.6,60.4,58.6,10,0,0,10,100.0,100.0,97.7,3,1
2022,Cody Ford,39805,ARI,G,G,8,350,242,108,41.2,46.0,39.0,20,3,1,16,100.0,100.0,94.7,2,1
2022,Max Mitchell,81707,NYJ,T,T,6,341,232,108,55.5,53.8,52.7,14,3,3,8,99.7,99.6,96.2,1,0
2022,Oday Aboushi,7923,LA,G,G,6,339,193,146,65.2,60.0,65.9,5,2,0,3,100.0,100.0,98.1,2,1
2022,Pat Elflein,11825,CAR,C,C,6,338,219,119,60.9,64.4,57.3,7,1,2,4,100.0,100.0,98.1,0,0
2022,Will Clapp,39386,LAC,C,C,9,333,252,81,54.3,73.4,42.3,8,0,4,4,100.0,100.0,98.3,1,0
2022,Josh Andrews,9068,NO,C,C,6,330,173,157,51.6,53.9,51.9,8,2,1,5,100.0,100.0,97.0,1,1
2022,Josh Wells,8968,TB,T,T,11,326,211,115,66.5,66.4,66.7,10,1,4,5,100.0,100.0,97.3,3,0
2022,Garett Bolles,11775,DEN,T,T,5,325,207,118,72.9,77.8,76.9,10,1,0,9,100.0,100.0,97.1,6,1
2022,Joe Noteboom,46249,LA,T,T,6,325,225,100,67.0,60.1,71.8,23,5,8,10,100.0,100.0,93.7,3,0
2022,Bobby Evans,36800,LA,G,G,9,314,203,111,29.8,16.4,45.4,24,7,4,13,100.0,100.0,92.0,3,0
2022,Rodney Hudson,6207,ARI,C,C,4,303,202,101,58.3,66.9,52.6,3,0,0,3,100.0,100.0,99.2,2,0
2022,James Hudson III,59854,CLE,T,T,14,296,177,119,57.8,43.7,77.0,15,1,2,12,100.0,100.0,94.8,3,1
2022,Ben Bartch,84236,JAX,G,G,5,293,166,127,60.5,66.0,58.6,7,0,4,3,100.0,100.0,97.8,1,0
2022,Danny Pinter,47339,IND,G,G,14,292,183,109,44.7,36.2,47.0,9,3,3,3,100.0,100.0,96.6,1,0
2022,Saahdiq Charles,59820,WAS,G,G,6,290,168,122,43.6,29.7,51.3,16,1,2,13,100.0,100.0,94.6,2,0
2022,Joshua Ezeudu,77355,NYG,G,G,9,290,153,137,46.0,45.9,53.1,15,3,4,8,100.0,100.0,93.7,3,2
2022,Cedric Ogbuehi,9454,NYJ,T,T,7,286,176,110,47.7,57.0,41.8,14,1,1,12,100.0,100.0,95.6,3,1
2022,Nick Allegretti,39268,KC,G,G,14,287,173,112,52.5,35.8,60.9,10,0,4,6,99.3,98.9,96.9,1,1
2022,Dillon Radunz,30551,TEN,G,G,10,280,146,134,40.3,78.1,39.7,5,0,2,3,100.0,100.0,98.2,6,1
2022,Foster Sarell,52272,LAC,T,T,7,280,208,72,41.7,52.3,30.9,20,2,6,12,100.0,100.0,94.5,2,0
2022,Blake Brandel,46282,MIN,T,T,7,275,181,94,55.3,55.0,61.2,13,7,1,5,100.0,100.0,94.1,3,0
2022,Lucas Patrick,11435,CHI,G,G,7,269,146,123,55.9,30.8,62.5,16,2,2,12,100.0,100.0,93.5,0,0
2022,James Ferentz,9258,NE,C,C,8,268,165,103,53.4,74.5,43.8,4,2,0,2,100.0,100.0,98.1,1,0
2022,Jason Peters,2148,DAL,T,T,13,268,152,116,70.2,62.5,70.3,12,1,1,10,100.0,100.0,95.6,0,0
2022,Colby Gossett,46673,ATL,G,G,8,267,135,132,55.3,44.4,59.6,9,0,2,7,100.0,100.0,96.5,3,1
2022,Justin Pugh,7800,ARI,G,G,5,263,173,90,61.0,52.5,62.4,8,0,0,8,100.0,100.0,97.5,0,0
2022,Corey Levin,11972,TEN,C,C,9,251,129,122,68.3,81.6,64.6,4,1,0,3,100.0,100.0,98.0,1,0
2022,Dennis Kelly,7146,IND,T,T,4,240,157,83,58.9,52.9,64.2,14,0,5,9,100.0,100.0,95.3,2,0
2022,Austin Schlottmann,30097,MIN,C,C,6,236,173,63,48.7,46.1,55.3,15,1,4,10,100.0,100.0,95.1,2,0
2022,Brandon Walton,41533,TB,T,T,6,234,154,80,57.9,65.3,57.2,5,1,2,2,100.0,100.0,97.9,4,0
2022,David Edwards,35941,LA,G,G,4,230,152,78,58.2,27.8,75.6,10,3,3,4,100.0,100.0,95.7,1,0
2022,Chandler Brewer,13976,LA,G,G,4,228,133,95,55.6,61.7,54.2,6,0,1,5,100.0,100.0,97.6,1,0
2022,Sean Harlow,11891,ARI,C,C,6,228,147,81,43.2,28.6,48.8,13,2,1,10,100.0,100.0,94.6,1,1
2022,Logan Stenberg,37181,DET,G,G,4,228,130,98,39.3,15.0,57.2,12,2,5,5,100.0,100.0,94.5,3,0
2022,Max Scharping,46961,CIN,G,G,6,228,142,86,43.4,37.4,48.5,14,3,2,9,100.0,100.0,93.5,2,0
2022,Lecitus Smith,61069,ARI,G,G,5,210,145,65,44.8,38.1,46.6,12,2,3,7,100.0,100.0,95.0,2,0
2022,Marcus Cannon,6290,NE,T,T,5,207,106,101,63.7,53.6,66.2,11,1,0,10,100.0,100.0,93.9,0,0
2022,Landon Young,41761,NO,T,T,11,207,101,106,40.4,33.2,43.8,10,4,2,4,100.0,100.0,92.9,1,0
2022,Jordan Roos,12266,TEN,G,G,3,202,108,94,52.7,24.6,61.0,10,0,5,5,100.0,100.0,95.2,0,0
2022,Yodny Cajuste,46297,NE,T,T,7,197,117,79,65.7,53.6,72.4,12,3,0,9,99.5,99.2,93.4,1,0
2022,Olisaemeka Udoh,28394,MIN,T,T,9,189,118,71,74.7,79.5,69.1,3,0,0,3,100.0,100.0,98.7,1,0
2022,Jeremiah Kolone,46167,LA,C,C,3,188,130,58,36.1,19.8,46.7,13,0,5,8,100.0,100.0,94.9,0,0
2022,Jaylon Moore,43678,SF,T,T,11,188,95,93,65.9,55.6,67.6,8,2,4,2,100.0,100.0,94.3,0,0
2022,Matt Farniok,41585,DAL,G,G,7,191,112,76,39.1,31.4,41.7,13,0,6,7,98.4,97.4,93.8,1,0
2022,John Simpson,41715,LV,G,G,3,181,113,68,59.5,57.4,58.3,5,0,3,2,100.0,100.0,97.7,2,2
2022,Rashawn Slater,59971,LAC,T,T,3,175,113,62,84.0,72.8,88.0,3,1,1,1,100.0,100.0,98.2,1,0
2022,Daniel Faalele,81734,BAL,T,T,6,172,101,71,51.7,49.6,50.5,10,4,1,5,100.0,100.0,92.4,2,0
2022,Jackson Carman,52575,CIN,T,T,4,172,113,59,58.3,67.2,48.9,7,1,2,4,100.0,100.0,96.2,2,0
2022,Quinn Bailey,46669,DEN,G,G,4,162,104,58,56.3,62.6,54.9,6,1,1,4,100.0,100.0,96.2,1,0
2022,Lester Cotton,46085,MIA,G,G,3,161,116,45,59.1,72.3,48.3,6,1,1,4,100.0,100.0,96.8,0,0
2022,Charlie Heck,36501,HOU,T,T,14,162,83,78,55.7,74.2,42.8,5,0,2,3,99.4,98.8,96.7,0,0
2022,Matt Hennessy,41141,ATL,G,G,3,157,76,81,75.4,69.0,82.6,4,2,0,2,100.0,100.0,96.0,3,2
2022,Nick Martin,10684,WAS,C,C,3,156,106,50,42.6,30.7,55.4,4,0,1,3,100.0,100.0,98.0,3,0
2022,Kayode Awosika,44909,DET,G,G,4,155,93,62,50.4,41.6,52.6,6,1,3,2,100.0,100.0,96.1,0,0
2022,Rashaad Coward,12168,ARI,G,G,3,155,96,59,46.7,66.4,37.7,4,0,1,3,100.0,100.0,97.9,1,1
2022,Justin McCray,9234,HOU,G,G,7,151,108,43,41.4,25.4,55.4,11,0,3,8,100.0,100.0,94.6,3,1
2022,Chase Roullier,11954,WAS,C,C,2,150,106,44,56.3,60.4,52.6,3,0,0,3,100.0,100.0,98.5,0,0
2022,Jack Anderson,60130,NYG,G,G,6,148,100,48,47.9,49.6,55.2,6,1,2,3,100.0,100.0,96.2,2,0
2022,Stone Forsythe,41795,SEA,T,T,5,128,62,66,35.3,31.1,42.7,7,0,0,7,100.0,100.0,94.3,2,0
2022,Trevor Penning,59963,NO,T,T,6,124,33,91,73.6,38.7,80.2,2,0,1,1,100.0,100.0,96.8,2,1
2022,Chris Reed,9830,MIN,C,C,2,124,73,51,54.3,70.7,56.9,2,0,1,1,100.0,100.0,98.6,2,0
2022,Bobby Hart,9659,BUF,G,G,16,128,29,94,51.7,52.9,54.1,0,0,0,0,96.1,85.3,100.0,0,0
2022,Matt Peart,46179,NYG,T,T,5,117,78,39,49.2,43.8,64.7,7,1,1,5,100.0,100.0,94.4,2,0
2022,Le'Raven Clark,10716,TEN,T,T,5,114,65,49,57.2,60.1,52.1,6,1,1,4,100.0,100.0,94.6,0,0
2022,Dan Feeney,11826,NYJ,G,G,4,109,67,42,51.8,64.1,56.5,3,1,0,2,100.0,100.0,96.9,3,1
2022,Ben Cleveland,41696,BAL,G,G,3,95,59,36,65.2,64.9,62.6,3,1,1,1,100.0,100.0,96.4,0,0
2022,Sua Opeta,45110,PHI,G,G,5,92,43,49,38.1,57.1,40.8,3,0,0,3,100.0,100.0,96.4,2,1
2022,Luke Wattenberg,41024,DEN,G,G,4,90,55,35,33.7,20.8,40.1,6,3,0,3,100.0,100.0,91.7,0,0
2022,Storm Norton,12188,LAC,T,T,8,85,62,23,43.0,34.5,51.3,10,0,4,6,100.0,100.0,91.5,2,1
2022,Austin Jackson,60816,MIA,T,T,2,84,58,26,57.9,54.6,57.5,6,0,0,6,100.0,100.0,94.4,0,0
2022,Ryan Jensen,7985,TB,C,C,1,82,70,12,28.9,13.3,50.4,6,1,1,4,100.0,100.0,94.9,1,0
2022,Michael Dunn,39676,CLE,T,T,7,82,13,67,61.1,79.5,61.5,0,0,0,0,97.6,86.7,100.0,1,0
2022,Lewis Kidd,59892,NO,G,G,9,78,43,34,29.6,12.5,41.0,3,1,0,2,98.7,97.7,95.1,0,0
2022,Cameron Erving,9452,CAR,T,T,10,76,10,62,53.9,78.5,58.3,0,0,0,0,94.7,71.4,100.0,2,1
2022,Colton McKivitz,29314,SF,T,T,7,71,32,39,69.4,85.9,57.7,1,0,0,1,100.0,100.0,98.4,0,0
2022,AJ Arcuri,44757,LA,T,T,3,70,37,33,48.6,34.2,54.8,6,0,0,6,100.0,100.0,91.9,0,0
2022,Laurent Duvernay-Tardif,8834,NYJ,G,G,2,70,51,19,42.0,25.3,50.1,9,1,2,6,100.0,100.0,90.0,0,0
2022,Justin Britt,8699,HOU,C,C,1,70,43,27,44.6,71.2,48.5,0,0,0,0,100.0,100.0,100.0,2,0
2022,Jake Hanson,28148,GB,G,G,3,69,50,19,47.2,20.6,61.0,4,1,0,3,100.0,100.0,94.9,0,0
2022,Hroniss Grasu,9504,LV,G,G,1,68,44,24,56.1,63.2,59.4,4,1,0,3,100.0,100.0,93.9,2,0
2022,Matt Nelson,48584,DET,T,T,9,70,22,45,46.3,53.1,47.9,1,0,0,1,95.7,88.0,97.4,2,0
2022,Chris Paul,77579,WAS,G,G,1,66,28,38,55.6,56.9,55.0,1,0,0,1,100.0,100.0,98.0,1,0
2022,Taylor Lewan,8646,TEN,T,T,2,64,40,24,67.3,79.4,64.5,0,0,0,0,100.0,100.0,100.0,1,0
2022,Dieter Eiselen,109304,CHI,G,G,3,62,41,21,45.5,31.9,50.5,5,0,0,5,100.0,100.0,93.4,0,0
2022,Mike Remmers,7431,NYJ,T,T,3,61,39,22,51.0,59.9,50.4,5,1,2,2,100.0,100.0,91.9,2,0
2022,Prince Tega Wanogho,44820,KC,T,T,6,60,29,31,68.4,63.6,68.8,2,0,1,1,100.0,100.0,96.4,0,0
2022,Andre Dillard,29250,PHI,G,G,7,58,11,47,58.3,84.7,55.0,0,0,0,0,100.0,100.0,100.0,0,0
2022,Jimmy Morrissey,41626,HOU,G,G,3,57,30,27,54.4,67.4,50.5,2,0,1,1,100.0,100.0,96.4,0,0
2022,Chuma Edoga,46232,ATL,G,G,1,55,26,29,77.8,62.5,84.9,1,0,0,1,100.0,100.0,97.7,1,0
2022,Kyle Fuller,11998,SEA,C,C,3,54,35,19,56.3,50.7,56.9,2,0,2,0,100.0,100.0,97.1,0,0
2022,Michael Jordan,28021,CAR,G,G,2,54,19,35,32.5,25.6,38.4,4,2,0,2,100.0,100.0,83.3,0,0
2022,Trystan Colon,41117,BAL,G,G,2,49,17,32,72.0,75.7,68.0,1,0,0,1,100.0,100.0,97.1,0,0
2022,J.C. Hassenauer,45600,PIT,C,C,3,46,35,11,64.0,56.7,66.2,1,0,0,1,100.0,100.0,98.5,1,0
2022,Cade Mays,81995,CAR,G,G,7,51,11,35,62.6,51.4,64.0,1,1,0,0,90.2,68.8,90.9,0,0
2022,Cam Jurgens,84014,PHI,C,C,10,44,9,35,72.7,78.8,70.0,0,0,0,0,100.0,100.0,100.0,0,0
2022,John Molchon,46921,TB,G,G,1,42,26,16,62.3,86.1,52.3,0,0,0,0,100.0,100.0,100.0,0,0
2022,Josh Ball,40733,DAL,T,T,6,42,17,25,73.4,29.1,86.2,2,1,0,1,100.0,100.0,91.2,0,0
2022,Jordan Meredith,60235,LV,G,G,1,41,31,10,63.8,68.4,59.6,2,1,0,1,100.0,100.0,94.8,0,0
2022,Chris Hubbard,8051,CLE,T,T,4,39,11,28,40.9,22.7,53.4,2,1,0,1,100.0,100.0,86.4,0,0
2022,Blake Hance,46301,JAX,G,G,5,39,21,18,48.7,55.6,45.8,2,0,1,1,100.0,100.0,95.2,0,0
2022,Devery Hamilton,40636,NYG,T,T,5,39,7,32,50.2,44.1,51.8,0,0,0,0,100.0,100.0,100.0,1,1
2022,Shane Lemieux,28149,NYG,G,G,1,39,24,15,29.4,0.0,46.9,5,1,1,3,100.0,100.0,86.4,0,0
2022,Tommy Doyle,40459,BUF,G,G,1,36,28,8,51.4,39.2,56.6,1,0,0,1,100.0,100.0,98.1,0,0
2022,Jake Curhan,38549,SEA,G,G,4,37,11,25,37.1,0.0,51.5,2,1,1,0,97.3,91.7,83.3,0,0
2022,Kyle Hinton,83163,MIN,G,G,1,34,15,19,70.1,81.7,65.5,0,0,0,0,100.0,100.0,100.0,0,0
2022,Vederian Lowe,59741,MIN,T,T,1,33,15,18,35.1,63.3,44.1,1,0,1,0,100.0,100.0,96.7,2,0
2022,Kendall Lamm,10017,MIA,T,T,1,32,15,17,67.0,87.1,56.5,0,0,0,0,100.0,100.0,100.0,0,0
2022,Alex Leatherwood,58468,CHI,T,T,4,32,20,12,60.1,45.4,65.7,5,1,1,3,100.0,100.0,84.2,0,0
2022,Trent Scott,24481,PIT,T,T,8,31,8,23,70.9,68.5,65.5,0,0,0,0,100.0,100.0,100.0,0,0
2022,Ja'Tyre Carter,78432,CHI,G,G,1,31,19,12,62.6,83.9,55.0,0,0,0,0,100.0,100.0,100.0,0,0
2022,Tom Compton,7181,DEN,G,G,1,30,18,12,46.6,48.5,46.9,3,3,0,0,100.0,100.0,83.3,1,0
2022,Wyatt Davis,59993,NYG,G,G,3,29,18,11,56.5,51.0,57.4,2,0,0,2,100.0,100.0,94.1,0,0
2022,Netane Muti,41339,LV,G,G,1,28,23,5,64.3,68.7,60.7,0,0,0,0,100.0,100.0,100.0,1,0
2022,Ja'Wuan James,8654,BAL,T,T,1,24,18,6,65.3,86.0,47.5,0,0,0,0,100.0,100.0,100.0,0,0
2022,Greg Mancz,10019,MIN,C,C,1,22,18,4,55.1,49.2,55.9,1,0,0,1,100.0,100.0,97.1,0,0
2022,Drew Forbes,28671,CLE,G,G,4,19,12,7,63.1,72.8,58.4,1,0,0,1,100.0,100.0,95.5,0,0
2022,K.C. McDermott,29035,HOU,G,G,2,19,15,4,21.6,0.0,79.1,3,1,0,2,100.0,100.0,86.7,1,0
2022,Cole Van Lanen,41583,JAX,G,G,6,18,7,11,40.1,0.0,57.5,2,1,0,1,100.0,100.0,78.6,0,0
2022,Brenden Jaimes,59909,LAC,G,G,3,18,17,1,26.9,0.0,60.0,5,0,2,3,100.0,100.0,84.4,1,0
2022,Justin Herron,46271,LV,T,T,1,17,4,13,55.4,73.5,54.3,0,0,0,0,100.0,100.0,100.0,1,1
2022,Justin Skule,38951,TB,T,T,1,16,13,3,70.5,85.5,58.5,0,0,0,0,100.0,100.0,100.0,0,0
2022,D'Ante Smith,41497,CIN,T,T,4,15,2,13,68.2,70.1,64.1,0,0,0,0,100.0,100.0,100.0,0,0
2022,Dakoda Shepley,66937,DAL,C,C,2,14,6,8,52.8,20.8,56.8,1,0,0,1,100.0,100.0,91.7,0,0
2022,Geron Christian,46375,MIA,T,T,3,12,3,9,46.0,44.7,42.7,0,0,0,0,100.0,100.0,100.0,1,1
2022,Nick Zakelj,59693,SF,G,G,2,12,0,12,53.7,,54.5,0,0,0,0,100.0,,,0,0
2022,Lucas Niang,47004,KC,T,T,5,11,2,9,45.6,17.2,50.7,1,0,0,1,100.0,100.0,75.0,0,0
2022,Aviante Collins,12049,DAL,T,T,2,9,0,9,65.9,,64.7,0,0,0,0,100.0,,,0,0
2022,Korey Cunningham,38555,NYG,T,T,1,8,1,7,47.1,67.1,50.7,0,0,0,0,100.0,100.0,100.0,0,0
2022,Germain Ifedi,10665,ATL,T,T,4,8,0,8,45.4,,45.9,0,0,0,0,100.0,,,0,0
2022,Luke Tenuta,77367,GB,T,T,1,7,3,4,71.7,73.9,72.8,0,0,0,0,100.0,100.0,100.0,0,0
2022,Trey Hill,81653,CIN,C,C,1,7,1,6,57.0,68.2,53.0,0,0,0,0,100.0,100.0,100.0,0,0
2022,Coy Cronk,46235,JAX,T,T,2,6,0,6,60.1,,59.7,0,0,0,0,100.0,,,0,0
2022,Ike Boettger,46918,BUF,G,G,1,6,4,2,62.8,78.8,59.9,0,0,0,0,100.0,100.0,100.0,0,0
2022,Xavier Newman,58525,TEN,G,G,1,4,0,4,69.0,,67.4,0,0,0,0,100.0,,,0,0
2022,Ryan Neuzil,41123,ATL,C,C,1,5,0,4,66.5,,68.0,0,0,0,0,80.0,0.0,,0,0
2022,Zack Johnson,18569,TEN,T,T,1,4,0,4,52.0,,47.1,0,0,0,0,100.0,,,0,0
2022,Yasir Durant,59878,NO,T,T,1,2,0,2,60.0,,59.7,0,0,0,0,100.0,,,0,0
2022,Tremayne Anchrum Jr.,41813,LA,G,G,1,2,1,1,60.0,68.6,60.0,0,0,0,0,100.0,100.0,100.0,0,0
2022,Fred Johnson,46951,TB,T,T,2,2,1,1,60.0,66.4,63.1,0,0,0,0,100.0,100.0,100.0,0,0
2022,Jackson Barton,46978,LV,T,T,1,1,1,0,60.0,60.9,,0,0,0,0,100.0,100.0,100.0,0,0
2022,Zach Thomas,43641,LA,G,G,1,1,0,1,60.0,,60.0,0,0,0,0,100.0,,,0,0
2022,Larnel Coleman,44146,CAR,T,T,1,1,1,0,60.0,70.0,,0,0,0,0,100.0,100.0,100.0,0,0
2022,Matt Waletzko,87430,DAL,T,T,1,1,0,1,60.0,,60.0,0,0,0,0,100.0,,,0,0
2022,Justin Murray,11022,BUF,T,T,1,1,0,1,60.0,,63.6,0,0,0,0,100.0,,,0,0
2022,Joe Haeg,10789,CLE,T,T,1,1,1,0,60.0,62.1,,0,0,0,0,100.0,100.0,100.0,0,0
2022,Wes Martin,46087,WAS,G,G,1,1,1,0,60.0,70.0,,0,0,0,0,100.0,100.0,100.0,0,0
2023,Creed Humphrey,59996,KC,C,C,21,1380,923,457,81.4,74.3,84.1,18,4,4,10,100.0,100.0,98.7,6,0
2023,Penei Sewell,81788,DET,T,T,20,1379,794,583,93.0,79.2,95.1,25,1,6,18,99.9,99.7,98.3,6,0
2023,Trey Smith,62960,KC,G,G,21,1374,912,462,74.6,68.1,76.2,43,2,5,36,100.0,100.0,97.4,11,2
2023,Jawaan Taylor,41665,KC,T,T,21,1364,909,454,49.8,64.6,42.6,59,5,12,42,99.9,99.9,96.2,24,3
2023,O'Cyrus Torrence,102821,BUF,G,G,19,1307,775,532,54.9,48.2,58.1,46,3,4,39,100.0,100.0,96.6,6,1
2023,Spencer Brown,42296,BUF,T,T,19,1304,774,530,70.1,66.5,73.3,42,5,5,32,100.0,100.0,96.8,9,1
2023,Connor McGovern,41714,BUF,G,G,19,1278,774,504,55.4,73.8,44.5,28,2,4,22,100.0,100.0,97.9,4,1
2023,Terence Steele,39461,DAL,T,T,18,1273,809,464,52.3,48.9,56.5,56,8,14,34,100.0,100.0,95.8,7,1
2023,Mitch Morse,9482,BUF,C,C,19,1272,773,499,63.9,72.5,61.5,30,1,2,27,100.0,100.0,97.9,5,1
2023,Dion Dawkins,11818,BUF,T,T,19,1264,769,495,74.9,77.4,66.9,37,2,7,28,100.0,100.0,97.3,9,3
2023,Graham Glasgow,10729,DET,G,G,19,1262,735,527,74.9,54.8,82.1,46,3,8,35,100.0,100.0,96.5,5,0
2023,Wyatt Teller,46131,CLE,G,G,17,1254,759,495,72.8,67.3,74.0,31,7,4,20,100.0,100.0,97.3,6,2
2023,Colton McKivitz,29314,SF,T,T,20,1245,696,549,65.2,58.3,66.3,59,9,6,44,100.0,100.0,94.8,2,1
2023,John Simpson,41715,BAL,G,G,19,1242,720,522,56.3,59.2,57.2,31,1,7,23,100.0,100.0,97.6,13,1
2023,Taylor Decker,10650,DET,T,T,18,1243,719,523,81.1,79.4,73.9,44,8,9,27,99.9,99.9,96.2,8,0
2023,Cody Mauch,66637,TB,G,G,19,1236,779,457,43.9,52.1,37.6,57,8,7,42,100.0,100.0,95.5,5,1
2023,Robert Hainsey,59980,TB,C,C,19,1236,779,457,50.2,57.3,50.3,33,5,2,26,100.0,100.0,97.4,9,1
2023,Luke Goedeke,77548,TB,T,T,19,1236,779,457,73.4,72.5,70.0,44,6,5,33,100.0,100.0,96.6,12,3
2023,Tristan Wirfs,64818,TB,T,T,19,1233,777,456,83.1,85.5,73.8,24,5,6,13,100.0,100.0,98.0,6,0
2023,Jake Brendel,11117,SF,C,C,20,1229,694,535,66.3,45.3,72.6,33,2,5,26,100.0,100.0,97.3,1,0
2023,Shaq Mason,9564,HOU,G,G,19,1221,767,454,65.6,64.7,65.8,36,3,1,32,100.0,100.0,97.3,8,0
2023,Joe Thuney,10712,KC,G,G,19,1212,809,403,74.9,84.5,65.8,35,2,6,27,100.0,100.0,97.6,2,0
2023,Josh Myers,59992,GB,C,C,19,1212,724,488,54.7,55.7,53.2,28,5,3,20,100.0,100.0,97.6,6,2
2023,Steve Avila,77319,LA,G,G,18,1205,726,479,60.5,65.0,56.0,34,2,7,25,100.0,100.0,97.3,2,0
2023,Jordan Mailata,66916,PHI,T,T,18,1206,719,483,84.8,84.5,83.9,46,3,2,41,99.7,99.4,96.4,9,1
2023,Frank Ragnow,39137,DET,C,C,18,1190,697,493,88.8,70.3,91.3,23,1,6,16,100.0,100.0,98.2,4,0
2023,Coleman Shelton,39316,LA,C,C,18,1171,712,459,66.1,49.2,74.6,36,2,12,22,100.0,100.0,97.1,6,1
2023,Jason Kelce,6343,PHI,C,C,18,1165,698,467,78.6,68.5,84.3,15,1,1,13,100.0,100.0,98.8,6,0
2023,Luke Fortner,42028,JAX,C,C,17,1163,749,414,44.3,54.9,40.0,28,4,3,21,100.0,100.0,97.7,5,0
2023,Zach Tom,55443,GB,T,T,19,1162,700,462,79.1,72.3,81.2,37,2,2,33,100.0,100.0,97.1,4,1
2023,Rashawn Slater,59971,LAC,T,T,17,1154,762,392,76.6,84.7,59.5,38,3,7,28,100.0,100.0,97.1,8,1
2023,Erik McCoy,37347,NO,C,C,17,1152,675,477,79.4,59.3,89.4,26,4,2,20,100.0,100.0,97.7,8,1
2023,Ikem Ekwonu,98286,CAR,T,T,17,1148,730,418,67.4,62.3,77.0,44,11,9,24,100.0,100.0,96.0,12,2
2023,Bradley Bozeman,27934,CAR,C,C,17,1148,730,418,62.2,48.9,67.5,32,8,5,19,100.0,100.0,97.1,5,0
2023,Taylor Moton,11819,CAR,T,T,17,1148,730,418,74.6,78.1,65.6,41,1,0,40,100.0,100.0,96.9,4,0
2023,Jamaree Salyer,81656,LAC,G,G,17,1144,754,390,54.2,61.2,49.4,41,8,8,25,100.0,100.0,96.6,3,0
2023,Quenton Nelson,12954,IND,G,G,17,1141,686,455,70.8,80.3,63.4,21,1,3,17,100.0,100.0,98.3,6,0
2023,Mason Cole,45547,PIT,C,C,18,1135,649,486,53.2,32.4,63.3,37,2,6,29,100.0,100.0,96.8,4,0
2023,Paris Johnson Jr.,129749,ARI,T,T,17,1130,685,445,60.1,64.2,55.1,42,8,8,26,100.0,100.0,96.1,11,4
2023,Matthew Bergeron,99658,ATL,G,G,17,1127,632,495,59.1,57.1,59.6,33,6,8,19,100.0,100.0,96.7,4,0
2023,Darnell Wright,98480,CHI,T,T,17,1127,646,481,62.4,61.4,66.0,51,7,3,41,100.0,100.0,95.3,11,1
2023,Will Fries,41530,IND,G,G,17,1125,677,448,61.2,65.4,59.7,30,4,4,22,100.0,100.0,97.3,9,1
2023,Tyler Biadasz,41178,DAL,C,C,17,1123,728,395,69.2,64.6,68.3,27,3,4,20,100.0,100.0,97.8,4,1
2023,Hjalte Froholdt,44959,ARI,C,C,17,1123,679,444,64.1,61.1,67.4,23,3,4,16,100.0,100.0,97.9,8,0
2023,Trey Pipkins III,91462,LAC,T,T,17,1116,736,379,62.8,67.3,50.3,49,9,8,32,99.9,99.9,95.8,7,2
2023,Anton Harrison,122929,JAX,T,T,17,1112,701,411,53.0,60.7,45.8,27,5,2,20,100.0,100.0,97.6,7,1
2023,Will Hernandez,46180,ARI,G,G,17,1109,671,438,66.2,70.2,60.6,29,4,6,19,100.0,100.0,97.3,1,0
2023,Joel Bitonio,8670,CLE,G,G,16,1107,665,442,67.9,71.0,60.9,35,3,4,28,100.0,100.0,97.0,4,1
2023,Isaac Seumalo,10713,PIT,G,G,18,1104,631,473,73.9,66.4,73.1,28,0,5,23,100.0,100.0,97.6,1,0
2023,Sam Cosmi,60114,WAS,G,G,17,1103,777,326,80.6,74.0,80.9,31,1,4,26,100.0,100.0,97.8,4,0
2023,Landon Dickerson,41712,PHI,G,G,17,1102,668,434,69.4,76.9,66.9,38,5,5,28,100.0,100.0,96.6,9,2
2023,Kevin Zeitler,7032,BAL,G,G,17,1101,650,451,71.6,82.3,62.4,21,3,1,17,100.0,100.0,98.0,4,1
2023,Laken Tomlinson,9461,NYJ,G,G,17,1099,733,366,55.0,60.6,49.6,51,7,10,34,100.0,100.0,95.8,3,0
2023,Jonah Williams,41651,CIN,T,T,17,1087,730,357,58.5,57.9,54.0,41,8,10,23,100.0,100.0,96.5,5,2
2023,Cordell Volson,30614,CIN,G,G,17,1087,730,357,58.3,46.7,64.0,38,5,6,27,100.0,100.0,96.9,3,1
2023,Brandon Scherff,9438,JAX,G,G,17,1079,710,369,67.3,78.7,61.1,15,2,2,11,100.0,100.0,98.7,5,0
2023,Ted Karras,10855,CIN,C,C,17,1075,725,350,67.4,69.6,64.2,21,6,3,12,100.0,100.0,98.0,1,0
2023,Garett Bolles,11775,DEN,T,T,17,1073,649,424,75.9,83.8,64.3,32,3,2,27,100.0,100.0,97.1,8,0
2023,Lloyd Cushenberry III,41924,DEN,C,C,17,1070,647,423,73.2,76.4,72.4,14,1,4,9,100.0,100.0,98.8,5,0
2023,Ethan Pocic,11813,CLE,C,C,16,1070,635,435,70.7,72.9,68.0,19,1,2,16,100.0,100.0,98.3,6,1
2023,Ben Powers,41482,DEN,G,G,17,1068,649,419,61.5,62.1,59.7,31,4,2,25,100.0,100.0,97.1,3,0
2023,Chris Lindstrom,46692,ATL,G,G,16,1066,606,460,87.6,78.6,87.5,15,3,2,10,100.0,100.0,98.4,7,2
2023,Alex Cappa,66578,CIN,G,G,17,1066,716,350,64.9,58.6,67.3,35,4,7,24,100.0,100.0,97.1,4,0
2023,Jake Matthews,8641,ATL,T,T,17,1061,596,465,71.2,80.1,60.2,27,5,5,17,100.0,100.0,97.2,6,1
2023,Orlando Brown Jr.,46227,CIN,T,T,17,1058,714,344,66.1,66.6,57.1,59,7,7,45,100.0,100.0,95.1,3,0
2023,Cesar Ruiz,59857,NO,G,G,16,1050,603,447,51.2,58.3,46.3,27,5,2,20,100.0,100.0,97.3,2,0
2023,Austin Jackson,60816,MIA,T,T,17,1050,639,411,66.9,62.3,69.5,26,5,4,17,100.0,100.0,97.5,9,2
2023,David Andrews,9948,NE,C,C,17,1050,649,401,71.2,51.2,78.0,30,6,2,22,100.0,100.0,97.1,1,1
2023,Aaron Brewer,46014,TEN,C,C,17,1050,622,428,71.6,52.5,78.7,34,6,7,21,100.0,100.0,96.5,5,0
2023,Tyler Linderbaum,82291,BAL,C,C,17,1043,610,433,78.5,78.3,78.6,18,0,3,15,100.0,100.0,98.4,5,0
2023,Aaron Banks,59983,SF,G,G,17,1042,597,445,52.8,50.2,55.8,36,0,8,28,100.0,100.0,96.8,8,2
2023,Dylan Parham,60953,LV,G,G,17,1042,633,409,60.4,61.8,57.6,26,1,5,20,100.0,100.0,97.8,5,0
2023,Lane Johnson,7786,PHI,T,T,17,1038,616,422,80.1,80.0,75.8,35,3,2,30,100.0,100.0,96.8,4,0
2023,Quinn Meinerz,112915,DEN,G,G,17,1038,634,404,83.7,67.8,88.7,23,2,5,16,100.0,100.0,97.9,4,0
2023,Donovan Smith,9467,KC,T,T,16,1037,688,349,57.8,62.2,48.0,53,3,9,41,100.0,100.0,95.6,10,4
2023,Tyler Smith,98385,DAL,G,G,15,1037,682,355,74.4,70.2,80.7,17,1,2,14,100.0,100.0,98.6,13,3
2023,Alaric Jackson,40972,LA,T,T,16,1026,611,415,66.6,68.3,59.5,41,1,7,33,100.0,100.0,96.3,3,0
2023,Greg Van Roten,7746,LV,G,G,17,1025,626,399,75.3,77.4,68.5,21,5,3,13,100.0,100.0,97.8,0,0
2023,Elgton Jenkins,46298,GB,G,G,17,1019,605,414,64.5,78.3,56.4,28,0,7,21,100.0,100.0,97.6,4,1
2023,Dan Moore Jr.,60120,PIT,T,T,17,1017,580,437,54.4,42.1,60.5,56,8,8,40,100.0,100.0,94.1,3,1
2023,Ben Bredeson,27305,NYG,G,G,16,1014,641,373,42.5,42.4,41.9,39,5,1,33,100.0,100.0,96.4,6,2
2023,Trent Williams,5529,SF,T,T,18,1013,561,452,92.6,84.3,92.6,20,0,4,16,100.0,100.0,98.1,11,2
2023,Bernhard Raimann,77948,IND,T,T,15,1012,620,392,82.7,81.3,74.6,34,4,5,25,100.0,100.0,96.8,6,2
2023,James Daniels,45576,PIT,G,G,16,1010,576,434,61.1,60.5,58.6,24,1,7,16,100.0,100.0,97.7,3,1
2023,Jon Runyan,36661,GB,G,G,19,1009,605,404,56.5,62.4,53.2,22,2,6,14,100.0,100.0,97.9,6,1
2023,Zion Johnson,99681,LAC,G,G,15,1006,661,345,57.6,58.8,57.2,33,4,7,22,100.0,100.0,97.0,6,0
2023,George Fant,11282,HOU,T,T,17,1004,619,385,61.8,68.7,51.9,35,3,4,28,100.0,100.0,96.7,4,0
2023,Zack Martin,8651,DAL,G,G,16,1003,655,348,68.0,75.1,62.3,24,4,9,11,100.0,100.0,97.7,3,2
2023,Mekhi Becton,59818,NYJ,T,T,16,985,644,341,53.2,60.7,56.3,50,12,8,30,100.0,100.0,94.9,18,4
2023,Christian Darrisaw,77373,MIN,T,T,15,982,650,332,82.4,85.3,73.9,31,6,13,12,100.0,100.0,97.0,7,2
2023,Andrew Wylie,12333,WAS,T,T,15,977,693,284,69.2,67.5,66.1,42,9,6,27,100.0,100.0,96.1,4,1
2023,Rasheed Walker,81798,GB,T,T,19,974,577,397,66.3,74.7,56.3,36,6,4,26,100.0,100.0,96.1,10,3
2023,Laremy Tunsil,10647,HOU,T,T,16,965,615,349,75.5,84.9,66.7,23,5,3,15,99.9,99.8,97.5,12,0
2023,Andre James,47058,LV,C,C,16,963,583,380,74.6,71.2,75.0,19,4,4,11,100.0,100.0,97.9,3,0
2023,Ed Ingram,59819,MIN,G,G,15,958,640,318,59.5,60.9,59.1,42,5,15,22,100.0,100.0,96.1,7,1
2023,Evan Brown,38709,SEA,C,C,16,955,630,325,55.5,59.1,57.2,27,3,3,21,100.0,100.0,97.4,7,2
2023,Lucas Patrick,11435,CHI,C,C,16,953,563,390,50.5,40.6,61.6,28,0,3,25,100.0,100.0,97.4,11,1
2023,Mike McGlinchey,46275,DEN,T,T,16,947,569,378,67.5,63.5,74.8,49,6,8,35,100.0,100.0,94.8,9,1
2023,Tyron Smith,6161,DAL,T,T,14,942,610,332,83.7,89.3,68.4,21,3,1,17,100.0,100.0,97.9,3,0
2023,Kevin Dotson,46735,LA,G,G,15,939,561,378,84.4,66.8,88.4,24,4,8,12,100.0,100.0,97.3,2,0
2023,Drew Dalman,52270,ATL,C,C,14,932,519,413,82.3,53.0,90.0,29,2,6,21,100.0,100.0,96.8,5,2
2023,James Hurst,9001,NO,G,G,15,931,539,392,58.7,58.9,56.9,22,3,3,16,100.0,100.0,97.6,4,1
2023,Damien Lewis,81532,SEA,G,G,16,926,610,316,59.6,63.0,57.9,29,3,1,25,100.0,100.0,97.2,4,0
2023,D.J. Humphries,9457,ARI,T,T,15,922,568,354,62.1,67.7,56.5,28,4,5,19,100.0,100.0,97.0,10,1
2023,Rob Havenstein,9490,LA,T,T,15,914,557,357,79.8,66.9,85.6,26,2,3,21,100.0,100.0,97.3,4,1
2023,Jermaine Eluemunor,11914,LV,T,T,17,905,552,353,68.7,64.7,71.5,28,6,6,16,100.0,100.0,96.8,5,1
2023,Morgan Moses,8701,BAL,T,T,16,901,524,377,80.4,77.0,80.3,26,6,0,20,100.0,100.0,96.7,6,2
2023,Spencer Burford,81920,SF,G,G,16,900,490,410,50.3,26.7,62.9,37,5,4,28,100.0,100.0,95.4,9,1
2023,Brian O'Neill,46854,MIN,T,T,14,884,590,294,74.5,73.4,71.7,33,6,2,25,100.0,100.0,96.5,8,1
2023,Ryan Kelly,10652,IND,C,C,14,882,534,348,77.2,78.3,75.2,7,1,0,6,100.0,100.0,99.2,3,0
2023,Jonah Jackson,37070,DET,G,G,14,881,480,401,61.0,60.7,60.3,27,2,8,17,100.0,100.0,96.8,5,2
2023,Charles Leno Jr.,8880,WAS,T,T,13,880,631,249,72.5,77.8,62.0,34,3,5,26,100.0,100.0,96.9,10,1
2023,Liam Eichenberg,41851,MIA,C,C,17,876,526,350,45.2,43.2,49.1,24,5,3,16,100.0,100.0,97.1,7,2
2023,Garrett Bradbury,46013,MIN,C,C,14,874,578,296,60.9,56.8,65.5,22,3,5,14,100.0,100.0,97.7,5,1
2023,Peter Skoronski,129737,TEN,G,G,14,863,521,342,61.6,63.5,58.6,32,5,7,20,100.0,100.0,96.2,1,0
2023,Joe Tippmann,101568,NYJ,C,C,14,852,578,274,61.0,52.7,67.4,20,3,2,15,100.0,100.0,97.9,8,3
2023,Aaron Stinnie,28653,TB,G,G,14,851,535,316,56.5,53.7,58.9,32,3,2,27,100.0,100.0,96.5,4,0
2023,Mike Onwenu,27357,NE,T,T,15,850,505,345,71.5,68.0,72.2,23,3,2,18,100.0,100.0,97.3,4,0
2023,Kaleb McGary,46912,ATL,T,T,14,847,478,368,75.5,69.5,76.5,17,4,4,9,99.9,99.8,97.7,3,1
2023,Ronnie Stanley,10640,BAL,T,T,15,834,500,334,68.1,75.9,63.0,42,5,5,32,100.0,100.0,95.0,10,0
2023,Charles Cross,98401,SEA,T,T,14,832,554,278,67.6,69.7,58.3,42,6,5,31,100.0,100.0,95.4,5,1
2023,Broderick Jones,124025,PIT,T,T,15,832,450,382,57.3,47.6,61.2,34,5,5,24,100.0,100.0,95.3,2,0
2023,Andrus Peat,9446,NO,T,T,14,809,476,333,60.2,54.5,62.1,30,2,8,20,100.0,100.0,96.5,6,1
2023,Cody Whitehair,10690,CHI,G,G,14,787,454,333,45.0,55.0,42.4,22,3,4,15,100.0,100.0,97.1,2,0
2023,Ryan Ramczyk,11787,NO,T,T,12,785,458,327,73.5,73.6,67.3,25,4,2,19,100.0,100.0,96.7,4,1
2023,Michael Deiter,38554,HOU,C,C,14,781,506,275,56.3,59.4,55.2,25,3,2,20,100.0,100.0,97.0,5,0
2023,Dillon Radunz,30551,TEN,T,T,13,774,455,319,67.2,59.7,78.7,36,5,5,26,100.0,100.0,95.2,11,0
2023,Sidy Sow,59675,NE,G,G,13,772,486,286,64.4,46.3,71.3,27,5,4,18,100.0,100.0,96.6,2,0
2023,Daniel Brunskill,34807,TEN,G,G,14,768,449,319,67.1,67.7,62.5,26,2,5,19,100.0,100.0,96.6,1,0
2023,Justin Pugh,7800,NYG,G,G,12,763,473,290,41.6,37.8,47.3,37,8,2,27,100.0,100.0,95.0,5,1
2023,John Michael Schmitz Jr.,55238,NYG,C,C,13,755,484,271,41.4,26.9,51.3,30,5,2,23,100.0,100.0,96.2,4,1
2023,Ezra Cleveland,41973,JAX,G,G,13,749,526,223,59.5,57.4,60.4,28,3,4,21,100.0,100.0,96.8,3,0
2023,Dalton Risner,47008,MIN,G,G,12,745,485,260,57.1,67.4,50.0,30,0,11,19,100.0,100.0,96.7,3,1
2023,Teven Jenkins,41534,CHI,G,G,12,731,397,334,72.6,68.6,71.7,17,3,3,11,100.0,100.0,97.4,4,0
2023,Braxton Jones,60092,CHI,T,T,11,724,421,303,68.8,70.8,68.2,32,2,2,28,100.0,100.0,95.8,9,2
2023,Cam Jurgens,84014,PHI,G,G,12,713,427,286,61.4,51.6,64.8,25,1,2,22,100.0,100.0,96.8,3,1
2023,Dawand Jones,101550,CLE,T,T,11,712,419,293,64.8,73.0,53.6,21,3,3,15,100.0,100.0,96.9,2,0
2023,Geron Christian,46375,CLE,T,T,11,708,453,255,45.6,55.0,37.2,39,5,6,28,100.0,100.0,94.9,5,0
2023,Kolton Miller,47013,LV,T,T,13,705,428,277,80.2,79.3,73.3,16,4,2,10,100.0,100.0,97.5,1,0
2023,Will Clapp,39386,LAC,C,C,14,702,464,238,56.7,55.1,56.9,24,1,6,17,100.0,100.0,97.1,1,0
2023,Blake Freeland,102844,IND,T,T,14,701,426,275,44.2,42.6,47.6,45,4,4,37,100.0,100.0,93.8,7,1
2023,Nate Davis,46808,CHI,G,G,11,663,384,279,52.9,47.9,55.3,29,1,7,21,100.0,100.0,95.9,6,5
2023,Anthony Bradford,99103,SEA,G,G,12,659,419,240,51.7,38.9,58.5,28,1,5,22,100.0,100.0,96.3,4,1
2023,Walker Little,52287,JAX,T,T,12,659,439,220,58.8,62.6,53.8,26,2,3,21,100.0,100.0,96.6,7,0
2023,Saahdiq Charles,59820,WAS,G,G,11,643,455,188,55.5,53.9,55.4,37,4,3,30,100.0,100.0,95.2,3,0
2023,Nick Gates,29476,WAS,C,C,12,641,455,186,66.1,61.4,70.9,21,5,6,10,100.0,100.0,96.9,4,0
2023,Jon Feliciano,9561,SF,G,G,13,629,350,279,79.8,63.5,85.6,22,1,3,18,100.0,100.0,96.6,2,0
2023,James Hudson III,59854,CLE,T,T,16,622,369,252,44.7,48.4,50.7,36,5,8,23,99.8,99.7,94.1,9,2
2023,Lester Cotton,46085,MIA,G,G,11,616,362,254,46.4,57.2,45.4,20,3,3,14,100.0,100.0,96.7,5,1
2023,Kendall Lamm,10017,MIA,T,T,13,613,357,256,64.3,67.1,55.3,20,4,1,15,100.0,100.0,96.5,0,0
2023,Robert Hunt,46139,MIA,G,G,11,608,376,232,76.4,74.4,74.7,5,1,1,3,100.0,100.0,99.2,2,1
2023,Patrick Mekari,46219,BAL,T,T,18,593,323,270,71.0,63.1,72.1,20,5,3,12,100.0,100.0,95.9,2,0
2023,Terron Armstead,7856,MIA,T,T,11,585,364,221,79.3,79.5,72.6,7,1,0,6,100.0,100.0,98.9,3,0
2023,Trent Brown,9677,NE,T,T,11,579,346,233,80.2,72.8,80.7,17,3,6,8,100.0,100.0,97.0,2,1
2023,Andrew Thomas,59701,NYG,T,T,10,576,376,200,76.1,80.2,64.1,17,4,1,12,100.0,100.0,97.1,2,1
2023,Braden Smith,46794,IND,T,T,10,575,329,246,83.3,71.0,90.1,14,0,2,12,100.0,100.0,97.7,7,2
2023,Joe Noteboom,46249,LA,T,T,10,573,346,227,52.3,51.6,48.9,28,4,5,19,100.0,100.0,95.1,1,0
2023,Jedrick Wills Jr.,58467,CLE,T,T,8,569,319,250,54.0,60.1,54.4,29,3,5,21,100.0,100.0,94.6,6,0
2023,Calvin Throckmorton,28238,TEN,G,G,10,564,389,175,47.9,57.8,41.1,18,0,4,14,100.0,100.0,97.5,2,0
2023,Cole Strange,22976,NE,G,G,10,564,340,224,64.6,57.7,66.2,22,3,3,16,100.0,100.0,96.2,2,0
2023,Andre Dillard,29250,TEN,T,T,12,562,331,231,51.0,47.4,56.6,41,12,9,20,100.0,100.0,91.3,5,0
2023,Tyre Phillips,59874,NYG,T,T,10,552,334,218,52.7,64.5,40.0,21,2,2,17,100.0,100.0,96.4,3,0
2023,Cam Robinson,11789,JAX,T,T,9,535,325,210,65.4,78.8,51.0,13,3,2,8,100.0,100.0,97.4,3,1
2023,Juice Scruggs,81800,HOU,G,G,9,534,343,191,47.5,48.9,50.8,14,4,2,8,100.0,100.0,97.2,4,0
2023,Sua Opeta,45110,PHI,G,G,10,530,311,219,52.9,57.9,50.2,25,3,2,20,100.0,100.0,95.4,2,1
2023,Thayer Munford Jr.,59994,LV,T,T,14,521,303,218,74.1,59.2,80.4,28,4,5,19,100.0,100.0,94.5,1,0
2023,Mark Glowinski,9567,NYG,G,G,13,521,303,217,63.3,53.4,67.6,24,6,1,17,99.8,99.7,94.7,4,1
2023,Tyler Shatley,9257,JAX,G,G,12,518,302,216,47.5,51.3,44.6,9,1,3,5,100.0,100.0,98.3,0,0
2023,Elijah Wilkinson,46238,ARI,G,G,10,501,285,216,46.2,40.7,57.5,25,3,4,18,100.0,100.0,94.8,6,0
2023,Connor Williams,46216,MIA,C,C,9,497,280,217,86.5,71.7,90.5,6,1,1,4,100.0,100.0,98.7,7,0
2023,Stone Forsythe,41795,SEA,T,T,13,497,312,185,58.2,40.8,71.4,32,5,7,20,100.0,100.0,93.6,2,2
2023,Robert Jones,100786,MIA,G,G,8,479,304,175,57.6,49.3,62.3,14,2,1,11,100.0,100.0,97.2,4,0
2023,Vederian Lowe,59741,NE,T,T,11,476,290,186,41.7,36.0,49.3,38,6,3,29,100.0,100.0,92.1,2,0
2023,Max Mitchell,81707,NYJ,T,T,9,474,336,138,49.3,47.5,49.4,30,6,4,20,100.0,100.0,94.3,1,0
2023,Chris Hubbard,8051,TEN,T,T,9,473,292,181,68.2,67.8,62.7,18,4,4,10,100.0,100.0,95.9,0,0
2023,Tyler Larsen,9304,WAS,C,C,7,466,325,141,50.3,28.7,60.9,24,3,4,17,100.0,100.0,95.7,0,0
2023,Jarrett Patterson,81775,HOU,C,C,7,464,277,187,60.4,53.7,62.9,8,0,1,7,100.0,100.0,98.4,1,0
2023,Evan Neal,99063,NYG,T,T,7,460,309,151,39.8,38.5,51.1,29,2,5,22,100.0,100.0,94.6,5,1
2023,Atonio Mafi,82449,NE,G,G,12,458,296,162,32.3,27.7,39.9,32,5,3,24,100.0,100.0,93.5,7,2
2023,Chris Paul,77579,WAS,G,G,7,439,307,132,38.8,27.8,45.1,26,5,5,16,100.0,100.0,94.8,1,0
2023,Phil Haynes,29244,SEA,G,G,8,437,299,138,51.9,59.4,53.6,12,5,2,5,100.0,100.0,96.9,6,2
2023,Chukwuma Okorafor,46302,PIT,T,T,14,436,272,164,60.4,60.7,62.6,11,2,0,9,100.0,100.0,97.5,8,5
2023,Cade Mays,81995,CAR,G,G,10,434,267,167,58.3,43.0,71.2,21,3,2,16,100.0,100.0,95.2,4,0
2023,Chuma Edoga,46232,DAL,T,T,13,420,251,169,61.4,63.7,56.8,16,3,5,8,100.0,100.0,95.9,3,1
2023,Trevor Penning,59963,NO,T,T,11,417,245,172,53.6,60.8,49.0,19,4,3,12,100.0,100.0,95.1,7,2
2023,Larry Borom,59879,CHI,T,T,9,411,225,186,48.0,45.2,50.4,25,3,6,16,100.0,100.0,93.5,5,0
2023,Tytus Howard,25472,HOU,G,G,7,408,243,165,46.8,38.9,49.6,18,1,3,14,100.0,100.0,95.8,0,0
2023,Carter Warren,60023,NYJ,T,T,6,401,258,143,46.9,45.5,49.9,20,5,2,13,100.0,100.0,94.9,2,0
2023,Isaiah Wynn,46048,MIA,G,G,7,392,224,168,47.8,67.5,43.2,4,0,0,4,100.0,100.0,99.1,3,0
2023,Matt Feiler,9289,TB,G,G,6,386,244,142,54.7,65.0,52.2,12,0,2,10,100.0,100.0,97.4,2,0
2023,Marcus McKethan,60811,NYG,G,G,9,378,245,133,45.4,26.8,53.9,17,2,5,10,100.0,100.0,95.8,1,1
2023,Chandler Zavala,144009,CAR,G,G,7,374,249,125,26.2,7.1,41.5,33,6,7,20,100.0,100.0,91.6,3,0
2023,Connor McGovern,10778,NYJ,C,C,7,371,240,131,48.5,30.5,62.5,18,1,5,12,100.0,100.0,95.8,6,2
2023,Kayode Awosika,44909,DET,G,G,7,370,232,138,55.7,46.0,60.5,27,1,5,21,100.0,100.0,93.7,2,1
2023,Jaelyn Duncan,81722,TEN,T,T,8,364,207,157,32.9,29.2,41.5,36,9,10,17,100.0,100.0,88.5,4,0
2023,T.J. Bass,131703,DAL,G,G,12,344,190,154,54.1,54.9,54.2,6,1,0,5,100.0,100.0,98.1,1,0
2023,Wanya Morris,98247,KC,T,T,9,340,235,105,55.6,63.4,47.1,24,2,7,15,100.0,100.0,94.2,3,1
2023,David Quessenberry,7957,MIN,T,T,6,331,231,100,64.8,68.3,57.2,16,1,4,11,100.0,100.0,96.1,1,0
2023,Trystan Colon,41117,ARI,G,G,11,322,200,122,59.6,69.2,55.5,9,2,1,6,100.0,100.0,97.0,1,1
2023,Max Garcia,9566,NO,G,G,12,320,184,135,54.2,59.2,55.6,8,0,2,6,99.7,99.5,97.7,3,0
2023,Nick Harris,46752,CLE,C,C,18,313,169,138,59.5,66.3,58.7,3,0,0,3,98.1,96.6,99.1,2,0
2023,Nash Jensen,66672,CAR,G,G,7,302,171,131,34.7,33.7,38.6,18,1,2,15,100.0,100.0,94.1,1,0
2023,Jake Curhan,38549,SEA,T,T,7,296,187,109,55.7,39.2,67.1,27,3,6,18,100.0,100.0,91.3,1,0
2023,Xavier Newman,58525,NYJ,G,G,6,292,188,104,47.8,31.9,58.6,16,4,3,9,100.0,100.0,94.4,2,0
2023,Storm Norton,12188,ATL,T,T,6,283,153,129,68.3,69.3,66.4,6,1,0,5,99.6,99.4,97.6,1,0
2023,Abraham Lucas,60218,SEA,T,T,6,273,182,91,53.1,44.4,58.8,17,2,0,15,100.0,100.0,94.4,0,0
2023,Wesley French,29608,IND,C,C,8,270,153,117,48.4,56.7,47.5,8,1,0,7,100.0,100.0,96.9,2,1
2023,Michael Dunn,39676,CLE,G,G,13,266,146,120,61.1,55.8,62.9,5,1,1,3,100.0,100.0,97.8,2,0
2023,Joshua Ezeudu,77355,NYG,T,T,6,266,181,85,42.4,39.3,53.4,12,5,0,7,100.0,100.0,95.0,6,1
2023,Yosh Nijman,60822,GB,T,T,15,259,157,102,57.4,59.3,57.7,13,2,1,10,100.0,100.0,95.0,2,1
2023,Austin Corbett,46290,CAR,G,G,4,257,176,81,47.9,44.5,51.0,16,3,1,12,100.0,100.0,94.4,1,0
2023,Colby Sorsdal,87479,DET,G,G,5,253,132,121,41.8,35.1,46.9,14,1,4,9,100.0,100.0,94.0,2,1
2023,Nick Allegretti,39268,KC,G,G,11,253,160,93,65.8,73.7,59.6,12,2,1,9,100.0,100.0,95.4,0,0
2023,Charlie Heck,36501,HOU,T,T,5,253,158,95,47.4,39.3,56.3,18,1,1,16,100.0,100.0,93.5,1,0
2023,Alijah Vera-Tucker,57107,NYJ,T,T,5,250,164,86,71.7,56.8,82.7,14,2,1,11,100.0,100.0,94.8,1,0
2023,Austin Schlottmann,30097,MIN,C,C,6,249,178,71,62.6,72.3,59.4,7,1,1,5,100.0,100.0,97.6,1,0
2023,Jake Hanson,28148,NYJ,G,G,5,244,165,79,51.8,59.7,48.7,9,0,1,8,100.0,100.0,97.1,1,0
2023,Brenden Jaimes,59909,LAC,C,C,4,241,155,86,49.8,71.1,39.8,4,1,0,3,100.0,100.0,98.3,1,0
2023,Ben Bartch,84236,SF,G,G,8,240,154,86,61.2,48.6,64.4,9,2,2,5,100.0,100.0,96.2,0,0
2023,Josh Jones,26634,HOU,T,T,6,233,152,81,49.6,55.8,52.2,9,1,3,5,100.0,100.0,96.5,5,0
2023,Cornelius Lucas,9025,WAS,T,T,9,231,152,79,62.8,73.6,49.7,8,3,1,4,100.0,100.0,96.2,1,0
2023,Sean Rhyan,72009,GB,G,G,11,229,128,101,49.3,42.5,50.8,8,0,0,8,100.0,100.0,96.7,1,0
2023,Jaylon Moore,43678,SF,T,T,15,227,121,106,72.9,69.7,69.8,8,1,1,6,100.0,100.0,96.1,0,0
2023,Conor McDermott,11966,NE,T,T,6,227,145,82,67.8,65.9,68.0,14,2,2,10,100.0,100.0,94.3,3,0
2023,Brock Hoffman,54535,DAL,C,C,8,222,124,98,53.7,57.0,54.3,5,0,0,5,100.0,100.0,97.8,3,0
2023,Jason Peters,2148,SEA,T,T,8,215,147,68,53.9,45.1,71.2,14,0,3,11,100.0,100.0,94.8,4,1
2023,Corey Linsley,8796,LAC,C,C,3,214,144,70,63.5,54.3,65.9,6,0,1,5,100.0,100.0,97.8,0,0
2023,Landon Young,41761,NO,T,T,11,213,106,106,49.4,45.9,51.1,5,2,0,3,99.5,99.1,96.5,1,0
2023,Kelvin Beachum,7229,ARI,T,T,6,212,119,93,61.2,67.6,51.7,10,2,0,8,100.0,100.0,94.6,1,0
2023,Cameron Erving,9452,NO,T,T,3,208,120,88,49.0,70.5,36.3,4,1,0,3,100.0,100.0,97.8,2,0
2023,Andrew Rupcich,156082,TEN,G,G,4,208,130,78,58.4,68.6,54.9,5,1,1,3,100.0,100.0,97.5,1,0
2023,Billy Turner,8702,NYJ,T,T,8,208,151,57,50.9,51.9,50.2,16,4,2,10,100.0,100.0,93.0,1,1
2023,Kendrick Green,56642,HOU,G,G,3,208,121,87,58.9,69.9,56.3,4,0,1,3,100.0,100.0,98.2,2,1
2023,Ryan Neuzil,41123,ATL,C,C,6,203,116,87,55.3,59.1,56.2,3,0,0,3,100.0,100.0,98.6,1,0
2023,Sam Mustipher,13026,BAL,C,C,7,202,110,92,67.0,61.0,67.1,2,0,0,2,100.0,100.0,99.0,1,0
2023,Gabe Jackson,8716,CAR,G,G,4,194,110,84,58.1,48.9,63.1,8,3,0,5,100.0,100.0,94.7,1,0
2023,Carter O'Donnell,105607,ARI,G,G,5,193,125,68,54.1,58.4,50.5,9,0,1,8,100.0,100.0,96.1,3,0
2023,Halapoulivaati Vaitai,10798,DET,G,G,3,192,122,70,65.5,68.4,64.6,3,1,0,2,100.0,100.0,98.3,1,1
2023,David Edwards,35941,BUF,G,G,17,194,35,156,90.2,68.0,85.9,1,0,0,1,98.5,92.1,98.4,1,0
2023,Daniel Faalele,81734,BAL,T,T,13,191,103,88,48.7,43.6,50.5,10,3,2,5,100.0,100.0,93.5,0,0
2023,Royce Newman,41746,GB,G,G,8,186,120,66,40.9,52.2,43.3,10,1,1,8,100.0,100.0,95.0,2,0
2023,Ja'Tyre Carter,78432,CHI,G,G,5,175,100,75,49.0,67.2,44.8,5,1,0,4,100.0,100.0,96.9,1,0
2023,Jack Driscoll,27064,PHI,T,T,8,174,107,67,48.5,58.6,37.2,10,1,1,8,100.0,100.0,94.8,0,0
2023,Ben Cleveland,41696,BAL,G,G,13,171,76,95,65.8,80.7,62.0,3,0,0,3,100.0,100.0,98.0,1,0
2023,Blake Brandel,46282,MIN,G,G,3,163,114,49,55.1,52.2,63.8,8,1,2,5,100.0,100.0,95.9,2,0
2023,Jordan McFadden,77578,LAC,G,G,9,163,103,59,52.0,54.0,49.5,5,1,2,2,99.4,99.0,96.9,0,0
2023,Nate Herbig,28844,PIT,G,G,3,156,91,65,67.6,48.5,71.9,10,1,0,9,100.0,100.0,93.7,0,0
2023,Calvin Anderson,46247,NE,T,T,2,154,110,44,44.6,38.4,49.1,9,1,2,6,100.0,100.0,95.2,1,0
2023,Blake Hance,46301,JAX,T,T,11,152,84,66,28.0,10.0,49.7,11,0,5,6,98.7,97.7,93.0,1,0
2023,Wes Schweitzer,10829,NYJ,G,G,3,149,99,50,52.7,60.0,47.0,5,1,0,4,100.0,100.0,96.8,1,0
2023,Dennis Daley,60063,ARI,G,G,3,144,95,49,38.4,30.9,42.3,7,2,2,3,100.0,100.0,94.9,0,0
2023,Trent Scott,24481,WAS,T,T,6,138,89,49,59.8,55.2,77.3,10,0,1,9,100.0,100.0,93.9,3,0
2023,Matt Peart,46179,NYG,T,T,7,133,91,42,42.9,55.8,34.0,6,0,1,5,100.0,100.0,96.4,2,1
2023,Olusegun Oluwatimi,98581,SEA,C,C,4,128,70,58,53.1,75.5,50.1,1,0,0,1,100.0,100.0,99.3,1,0
2023,Cam Fleming,8775,DEN,T,T,6,126,80,46,59.4,71.3,44.8,3,0,1,2,100.0,100.0,98.0,1,0
2023,Nicholas Petit-Frere,82003,TEN,T,T,3,117,66,51,35.5,27.8,55.4,11,3,5,3,100.0,100.0,87.7,4,1
2023,Duane Brown,4340,NYJ,T,T,4,111,68,42,47.9,38.3,53.5,9,2,3,4,99.1,98.6,91.3,1,1
2023,Dan Skipper,12307,DET,G,G,14,112,38,63,60.1,58.3,67.6,3,1,1,1,90.2,77.6,94.1,1,0
2023,Tremayne Anchrum Jr.,41813,LA,G,G,5,96,58,38,46.8,53.4,43.3,2,1,0,1,100.0,100.0,97.2,1,0
2023,Jordan Meredith,60235,LV,G,G,8,93,56,37,60.5,56.7,60.1,2,0,1,1,100.0,100.0,98.2,0,0
2023,Shane Lemieux,28149,NYG,G,G,2,91,67,24,34.3,26.1,39.3,6,1,0,5,100.0,100.0,94.4,0,0
2023,Dan Feeney,11826,CHI,C,C,4,90,40,50,44.8,44.8,45.7,3,1,0,2,100.0,100.0,94.6,1,0
2023,Matt Nelson,48584,DET,T,T,3,85,49,36,58.0,71.6,53.9,2,0,1,1,100.0,100.0,97.9,1,0
2023,Chris Glaser,62780,NYJ,G,G,3,83,51,32,45.5,59.5,52.6,2,1,0,1,100.0,100.0,96.7,2,0
2023,Brady Christensen,51985,CAR,G,G,1,77,46,31,56.7,51.4,57.5,4,0,0,4,100.0,100.0,95.2,0,0
2023,Justin McCray,9234,CAR,G,G,3,77,41,36,41.0,39.5,49.2,3,0,0,3,100.0,100.0,96.1,2,0
2023,Cody Ford,39805,CIN,G,G,12,78,31,45,53.9,41.5,58.1,2,0,0,2,97.4,93.9,96.7,0,0
2023,Quinn Bailey,46669,DEN,G,G,15,77,13,62,42.0,79.3,42.5,0,0,0,0,97.4,86.7,100.0,1,0
2023,Brett Toth,46848,CAR,G,G,1,74,44,30,44.1,32.3,49.0,4,1,0,3,100.0,100.0,93.4,1,0
2023,Tyler Steen,81921,PHI,G,G,4,71,42,29,53.2,21.9,64.1,6,0,1,5,100.0,100.0,92.3,0,0
2023,Jake Andrews,81868,NE,G,G,2,71,47,24,53.0,34.2,60.8,4,0,0,4,100.0,100.0,95.7,0,0
2023,Kion Smith,136103,MIA,T,T,5,70,22,48,60.3,86.1,56.9,0,0,0,0,100.0,100.0,100.0,1,0
2023,Mike Caliendo,41446,KC,G,G,2,64,35,29,45.1,28.1,51.3,4,1,0,3,100.0,100.0,92.9,0,0
2023,Kyle Hinton,83163,ATL,G,G,4,63,28,35,59.8,79.2,54.5,0,0,0,0,100.0,100.0,100.0,0,0
2023,John Ojukwu,58530,TEN,T,T,3,66,13,48,64.4,50.0,65.4,3,1,1,1,92.4,72.2,81.8,0,0
2023,Leroy Watson,98723,CLE,T,T,5,60,33,27,49.8,46.2,51.0,0,0,0,0,100.0,100.0,100.0,0,0
2023,Lucas Niang,47004,KC,T,T,3,59,36,23,47.4,56.5,48.4,4,0,1,3,100.0,100.0,94.3,1,1
2023,Tyler Vrabel,77343,ATL,T,T,1,57,37,20,68.1,71.6,62.1,0,0,0,0,100.0,100.0,100.0,0,0
2023,Luke Wypler,129764,CLE,G,G,2,57,34,23,64.6,54.5,65.9,2,0,1,1,100.0,100.0,97.1,0,0
2023,David Bakhtiari,7891,GB,T,T,1,55,30,25,78.3,89.9,68.6,0,0,0,0,100.0,100.0,100.0,0,0
2023,Cole Van Lanen,41583,JAX,T,T,2,53,50,3,51.8,45.5,59.5,6,0,1,5,100.0,100.0,93.3,0,0
2023,Foster Sarell,52272,LAC,T,T,7,48,25,23,48.0,51.6,45.9,2,0,0,2,100.0,100.0,96.0,0,0
2023,Jalen Mayfield,81725,NYG,G,G,2,47,32,15,26.1,0.0,39.4,5,0,0,5,100.0,100.0,91.7,2,0
2023,Ryan Van Demark,55113,BUF,T,T,9,46,7,39,60.2,27.2,64.4,1,0,1,0,100.0,100.0,92.9,0,0
2023,Olisaemeka Udoh,28394,MIN,T,T,2,45,37,8,52.4,49.8,50.5,3,1,1,1,100.0,100.0,94.4,0,0
2023,Riley Reiff,7029,NE,G,G,1,45,29,16,60.0,63.4,57.0,1,0,0,1,100.0,100.0,98.1,0,0
2023,Matt Pryor,46647,SF,T,T,6,42,14,28,88.5,80.8,87.7,0,0,0,0,100.0,100.0,100.0,0,0
2023,Asim Richards,99674,DAL,T,T,5,40,16,24,64.8,63.9,63.0,1,0,0,1,100.0,100.0,96.7,0,0
2023,Austin Deculus,59821,NYJ,T,T,2,39,22,17,62.7,53.6,64.6,3,0,3,0,100.0,100.0,91.7,0,0
2023,Luke Wattenberg,41024,DEN,G,G,4,39,17,22,57.9,33.0,61.7,2,0,0,2,100.0,100.0,94.1,0,0
2023,Fred Johnson,46951,PHI,T,T,3,37,23,14,74.8,76.2,72.9,1,0,0,1,100.0,100.0,97.8,0,0
2023,Josh Sills,41748,IND,G,G,7,36,13,23,59.0,48.8,59.9,1,0,0,1,100.0,100.0,96.2,0,0
2023,Zach Thomas,43641,LA,T,T,1,35,29,6,22.8,8.6,55.9,5,2,0,3,100.0,100.0,86.5,1,0
2023,Ryan Bates,28300,BUF,C,C,6,35,2,33,78.7,70.8,77.2,0,0,0,0,100.0,100.0,100.0,0,0
2023,Brian Allen,46104,LA,C,C,3,34,14,20,69.2,79.8,66.5,0,0,0,0,100.0,100.0,100.0,0,0
2023,Warren McClendon Jr.,99081,LA,T,T,2,32,16,16,54.6,45.0,57.0,2,1,0,1,100.0,100.0,89.3,0,0
2023,Justin Skule,38951,TB,T,T,8,29,4,24,69.8,79.2,64.9,0,0,0,0,96.6,80.0,100.0,0,0
2023,Ricky Stromberg,99066,WAS,G,G,3,26,21,5,44.5,41.7,46.3,1,0,0,1,100.0,100.0,97.4,0,0
2023,Jack Conklin,10642,CLE,T,T,1,22,15,7,74.5,78.9,71.7,0,0,0,0,100.0,100.0,100.0,0,0
2023,Nick Saldiveri,81785,NO,G,G,3,18,14,4,52.1,32.2,59.9,1,0,0,1,100.0,100.0,95.8,0,0
2023,Justin Herron,46271,LV,T,T,5,17,8,9,65.1,68.7,61.6,0,0,0,0,100.0,100.0,100.0,0,0
2023,Sean Harlow,11891,NYG,C,C,2,16,13,3,45.3,73.3,55.4,1,0,0,1,100.0,100.0,95.8,1,0
2023,Prince Tega Wanogho,44820,KC,T,T,2,16,9,7,60.6,21.1,81.0,2,0,2,0,100.0,100.0,88.9,0,0
2023,Hroniss Grasu,9504,LV,C,C,1,15,7,8,45.7,60.2,45.7,1,0,0,1,100.0,100.0,92.9,0,0
2023,Brandon Parker,34693,LV,T,T,3,14,4,10,57.4,58.0,57.3,1,0,0,1,100.0,100.0,87.5,0,0
2023,Max Scharping,46961,CIN,C,C,2,13,5,8,78.1,77.9,78.2,0,0,0,0,100.0,100.0,100.0,0,0
2023,Jackson Carman,52575,CIN,T,T,1,12,5,7,56.6,48.5,57.7,1,0,0,1,100.0,100.0,90.0,0,0
2023,Dieter Eiselen,109304,HOU,C,C,3,10,2,8,96.3,71.1,93.7,0,0,0,0,100.0,100.0,100.0,0,0
2023,Austen Pleasants,37066,LAC,T,T,1,10,8,2,34.6,4.8,54.4,2,0,0,2,100.0,100.0,87.5,0,0
2023,Jonotthan Harrison,9132,MIA,G,G,2,9,1,8,57.1,67.2,56.1,0,0,0,0,100.0,100.0,100.0,0,0
2023,Tommy Kraemer,40976,NO,T,T,2,8,0,8,48.5,,45.5,0,0,0,0,100.0,,,0,0
2023,Corey Levin,11972,TEN,C,C,3,9,2,6,48.8,74.1,50.5,0,0,0,0,88.9,66.7,100.0,0,0
2023,Ben Brown,59869,SEA,G,G,1,8,5,3,61.5,77.7,58.7,0,0,0,0,100.0,100.0,100.0,0,0
2023,John Leglue,46859,ATL,C,C,1,8,0,8,61.9,,61.6,0,0,0,0,100.0,,,0,0
2023,Matt Waletzko,87430,DAL,T,T,1,7,4,3,54.3,26.0,59.4,0,0,0,0,100.0,100.0,100.0,0,0
2023,J.D. DiRenzo,108791,CAR,G,G,3,6,1,5,46.2,8.1,57.4,0,0,0,0,100.0,100.0,100.0,0,0
2023,Arlington Hambright,60003,IND,G,G,2,6,0,6,65.4,,67.4,0,0,0,0,100.0,,,0,0
2023,James Ferentz,9258,NE,G,G,1,4,2,2,40.6,0.0,60.0,1,1,0,0,100.0,100.0,50.0,0,0
2023,Raiqwon O'Neal,81811,SEA,T,T,1,4,1,3,60.0,66.2,60.0,0,0,0,0,100.0,100.0,100.0,0,0
2023,Nick Broeker,99084,HOU,G,G,1,3,0,3,57.5,,57.6,0,0,0,0,100.0,,,0,0
2023,Jaylon Thomas,77421,NYG,C,C,1,3,2,1,60.0,26.4,60.0,0,0,0,0,100.0,100.0,100.0,0,0
2023,Jimmy Morrissey,41626,HOU,G,G,1,3,2,1,60.1,73.8,60.0,0,0,0,0,100.0,100.0,100.0,0,0
2023,Julian Good-Jones,36624,WAS,G,G,1,2,1,1,67.7,67.4,67.1,0,0,0,0,100.0,100.0,100.0,0,0
2023,Doug Kramer,41458,CHI,C,C,1,2,0,2,60.0,,60.0,0,0,0,0,100.0,,,0,0
2023,Chris Reed,9830,MIN,G,G,1,2,2,0,60.0,72.3,,0,0,0,0,100.0,100.0,100.0,0,0
2023,David Sharpe,11884,CAR,T,T,1,1,1,0,60.0,68.5,,0,0,0,0,100.0,100.0,,0,0
2023,Netane Muti,41339,LV,G,G,1,1,0,1,60.0,,60.0,0,0,0,0,100.0,,,0,0
2023,Spencer Anderson,81719,PIT,G,G,1,1,0,1,60.0,,60.0,0,0,0,0,100.0,,,0,0
2023,Ty Nsekhe,7636,CLE,T,T,1,1,0,1,60.0,,59.2,0,0,0,0,100.0,,,0,0
2024,Nick Allegretti,39268,WAS,G,G,20,1372,835,537,58.8,53.5,62.3,46,4,3,39,100.0,100.0,96.8,8,2
2024,Creed Humphrey,59996,KC,C,C,20,1288,829,459,92.4,91.5,90.5,7,0,2,5,100.0,100.0,99.5,2,1
2024,Trey Smith,62960,KC,G,G,20,1288,829,459,75.1,65.7,77.9,34,1,6,27,100.0,100.0,97.7,11,2
2024,Joe Thuney,10712,KC,G,G,20,1288,829,459,80.0,80.0,74.1,35,2,8,25,100.0,100.0,97.6,1,0
2024,Cam Jurgens,84014,PHI,C,C,20,1284,621,663,65.6,54.4,67.2,35,6,2,27,100.0,100.0,96.5,6,2
2024,Jawaan Taylor,41665,KC,T,T,19,1265,818,447,60.1,69.5,57.3,43,7,7,29,100.0,100.0,96.7,19,3
2024,Sam Cosmi,60114,WAS,G,G,19,1259,762,497,67.2,74.3,64.8,25,1,5,19,100.0,100.0,98.2,11,1
2024,Daniel Faalele,81734,BAL,G,G,19,1240,638,602,61.8,63.5,59.8,33,1,3,29,100.0,100.0,97.1,6,1
2024,Landon Dickerson,41712,PHI,G,G,20,1231,608,623,78.6,70.5,79.4,32,5,5,22,100.0,100.0,96.8,10,3
2024,Tyler Linderbaum,82291,BAL,C,C,19,1227,638,589,79.9,64.9,85.3,19,0,3,16,100.0,100.0,98.4,10,1
2024,O'Cyrus Torrence,102821,BUF,G,G,19,1221,690,531,55.5,60.6,53.4,45,0,3,42,100.0,100.0,96.5,7,1
2024,Ronnie Stanley,10640,BAL,T,T,19,1221,634,587,71.1,80.9,62.7,40,2,4,34,100.0,100.0,96.4,15,1
2024,Penei Sewell,81788,DET,T,T,18,1213,664,548,89.6,75.4,91.5,29,1,5,23,99.9,99.8,97.7,6,0
2024,Blake Brandel,46282,MIN,G,G,18,1191,730,461,55.7,62.1,57.7,46,9,7,30,100.0,100.0,95.9,11,0
2024,Garrett Bradbury,46013,MIN,C,C,18,1191,730,461,62.8,50.5,70.5,38,4,6,28,100.0,100.0,96.9,6,0
2024,Lane Johnson,7786,PHI,T,T,19,1190,574,616,88.9,88.7,85.4,14,1,1,12,100.0,100.0,98.6,8,0
2024,David Edwards,35941,BUF,G,G,19,1180,686,494,66.1,64.1,64.8,30,1,3,26,100.0,100.0,97.6,6,1
2024,Cody Mauch,66637,TB,G,G,18,1178,722,456,74.6,77.2,68.4,19,2,1,16,100.0,100.0,98.5,2,0
2024,Joel Bitonio,8670,CLE,G,G,17,1178,815,363,63.9,70.2,59.6,32,3,5,24,100.0,100.0,97.7,7,0
2024,Ben Bredeson,27305,TB,G,G,18,1173,722,451,55.4,59.9,53.2,36,3,3,30,100.0,100.0,97.1,7,0
2024,Terence Steele,39461,DAL,T,T,17,1168,746,422,67.0,57.5,78.9,41,9,6,26,100.0,100.0,96.4,7,0
2024,Laremy Tunsil,10647,HOU,T,T,19,1167,745,422,77.8,89.1,73.3,23,4,3,16,100.0,100.0,98.1,19,2
2024,Tyler Biadasz,41178,WAS,C,C,18,1166,699,467,64.2,62.8,62.9,23,1,1,21,100.0,100.0,98.2,4,1
2024,Connor McGovern,41714,BUF,C,C,19,1164,680,484,69.5,68.1,69.7,27,0,0,27,100.0,100.0,97.9,4,0
2024,Dion Dawkins,11818,BUF,T,T,19,1164,684,480,72.4,81.2,65.8,25,3,5,17,100.0,100.0,97.8,15,0
2024,Mekhi Becton,59818,PHI,G,G,19,1158,570,588,70.8,60.5,70.3,33,5,3,25,100.0,100.0,96.4,5,0
2024,Tytus Howard,25472,HOU,T,T,18,1157,741,416,69.5,74.9,61.3,41,6,3,32,100.0,100.0,96.6,5,1
2024,Brian O'Neill,46854,MIN,T,T,18,1151,699,452,79.3,79.7,74.1,26,4,0,22,100.0,100.0,97.7,5,0
2024,Graham Glasgow,10729,DET,G,G,17,1149,632,517,57.2,49.8,60.1,45,5,11,29,100.0,100.0,95.9,7,2
2024,Kevin Dotson,46735,LA,G,G,18,1145,668,477,78.2,60.2,82.3,30,5,6,19,100.0,100.0,97.2,3,0
2024,Spencer Brown,42296,BUF,T,T,18,1140,636,504,77.9,77.3,83.5,22,2,4,16,100.0,100.0,98.0,17,3
2024,Rasheed Walker,81798,GB,T,T,18,1139,603,536,68.7,80.1,53.6,37,3,4,30,100.0,100.0,96.4,9,1
2024,Aaron Brewer,46014,MIA,C,C,17,1139,714,425,74.8,70.2,75.8,14,2,1,11,100.0,100.0,98.8,9,2
2024,Ted Karras,10855,CIN,C,C,17,1136,775,361,63.4,78.0,54.9,23,2,6,15,100.0,100.0,98.3,4,2
2024,Zach Tom,55443,GB,T,T,18,1134,603,531,85.8,81.0,87.8,28,4,2,22,100.0,100.0,97.1,7,3
2024,Alex Cappa,66578,CIN,G,G,17,1132,774,358,51.2,39.7,54.9,51,8,7,36,100.0,100.0,95.9,1,0
2024,Quinn Meinerz,112915,DEN,G,G,18,1131,711,420,87.3,81.4,85.7,12,1,4,7,100.0,100.0,99.0,5,1
2024,Patrick Mekari,46219,BAL,G,G,19,1131,577,554,59.4,71.6,56.5,32,1,0,31,100.0,100.0,96.9,14,2
2024,Ben Powers,41482,DEN,G,G,18,1130,715,415,64.4,66.5,61.4,24,3,3,18,100.0,100.0,98.0,6,1
2024,Frank Ragnow,39137,DET,C,C,17,1129,630,499,86.1,65.8,90.9,21,2,7,12,100.0,100.0,98.1,7,0
2024,Dan Moore Jr.,60120,PIT,T,T,18,1128,627,501,67.2,66.9,60.9,41,12,3,26,100.0,100.0,95.5,5,1
2024,Coleman Shelton,39316,CHI,C,C,17,1121,743,378,67.4,68.4,68.0,26,3,3,20,100.0,100.0,97.9,5,0
2024,Greg Van Roten,7746,NYG,G,G,17,1121,727,394,63.4,64.9,62.3,35,7,4,24,100.0,100.0,96.9,5,0
2024,Jake Matthews,8641,ATL,T,T,17,1119,636,483,79.8,85.4,70.1,30,5,4,21,100.0,100.0,97.0,8,2
2024,Broderick Jones,124025,PIT,T,T,18,1117,630,487,58.7,55.0,64.1,45,11,10,24,100.0,100.0,95.3,10,2
2024,Andrew Wylie,12333,WAS,T,T,17,1115,671,442,62.2,65.7,53.4,31,0,3,28,99.8,99.7,97.6,5,1
2024,Bradley Bozeman,27934,LAC,C,C,18,1112,669,443,61.0,51.4,64.8,30,4,5,21,100.0,100.0,97.3,4,2
2024,Garett Bolles,11775,DEN,T,T,18,1111,700,411,80.0,88.2,72.8,23,2,2,19,100.0,100.0,98.1,16,4
2024,Graham Barton,122367,TB,C,C,17,1111,677,434,56.3,64.0,54.6,24,1,2,21,100.0,100.0,98.0,12,2
2024,Matthew Bergeron,99658,ATL,G,G,17,1106,618,488,70.9,68.5,73.1,33,3,9,21,100.0,100.0,96.9,12,3
2024,Zion Johnson,99681,LAC,G,G,18,1102,660,442,64.4,62.4,63.5,37,7,14,16,100.0,100.0,96.4,4,0
2024,Chris Lindstrom,46692,ATL,G,G,17,1099,627,472,93.5,68.0,94.6,31,1,8,22,100.0,100.0,97.2,8,0
2024,Peter Skoronski,129737,TEN,G,G,17,1095,661,434,60.4,76.3,54.4,28,4,6,18,100.0,100.0,97.4,8,1
2024,Charles Cross,98401,SEA,T,T,17,1094,724,370,82.5,81.3,77.9,47,6,5,36,100.0,100.0,96.0,8,2
2024,JC Latham,146596,TEN,T,T,17,1095,660,434,61.8,67.8,57.0,47,7,11,29,99.9,99.8,95.6,10,0
2024,Laken Tomlinson,9461,SEA,G,G,17,1094,724,370,62.5,66.0,59.7,38,6,8,24,100.0,100.0,96.7,5,2
2024,Quenton Nelson,12954,IND,G,G,17,1083,608,475,81.3,79.7,81.7,20,3,8,9,100.0,100.0,98.0,10,0
2024,Trevor Penning,59963,NO,T,T,17,1081,663,418,60.2,51.6,70.1,54,5,4,45,100.0,100.0,95.2,13,2
2024,Robert Jones,100786,MIA,G,G,17,1080,676,404,56.1,54.3,56.3,28,5,4,19,100.0,100.0,97.4,7,0
2024,Dominick Puni,163815,SF,G,G,17,1078,656,422,80.5,68.9,81.5,35,3,0,32,100.0,100.0,96.9,7,1
2024,Hjalte Froholdt,44959,ARI,C,C,17,1078,658,420,76.1,66.1,78.1,22,3,5,14,100.0,100.0,98.0,9,1
2024,Kolton Miller,47013,LV,T,T,17,1075,716,359,80.6,82.2,71.7,38,7,6,25,100.0,100.0,96.6,7,2
2024,Elgton Jenkins,46298,GB,G,G,18,1073,564,509,65.7,81.6,61.3,18,1,2,15,100.0,100.0,98.2,10,0
2024,Ethan Pocic,11813,CLE,C,C,16,1073,747,326,63.6,66.2,63.7,28,3,6,19,100.0,100.0,97.8,6,0
2024,Cam Robinson,11789,MIN,T,T,18,1073,685,388,63.2,67.2,60.0,64,8,7,49,100.0,100.0,94.4,13,2
2024,Jake Brendel,11117,SF,C,C,17,1072,656,416,65.0,55.1,71.6,26,1,3,22,100.0,100.0,97.8,10,1
2024,Taliese Fuaga,131732,NO,T,T,17,1070,657,413,65.7,62.2,69.5,39,6,9,24,100.0,100.0,96.3,10,0
2024,Evan Brown,38709,ARI,G,G,17,1070,644,426,65.9,73.5,58.7,20,2,0,18,100.0,100.0,98.2,2,0
2024,Jordan Mailata,66916,PHI,T,T,16,1069,530,539,95.2,90.8,94.6,20,2,0,18,100.0,100.0,97.8,7,2
2024,Josh Myers,59992,GB,C,C,17,1067,554,513,54.6,63.9,50.9,31,1,6,24,100.0,100.0,96.9,4,0
2024,Joe Tippmann,101568,NYJ,C,C,17,1067,712,355,73.4,63.1,77.3,23,5,3,15,100.0,100.0,97.9,4,0
2024,Roger Rosengarten,131912,BAL,T,T,18,1066,548,518,66.0,69.2,60.4,36,4,1,31,100.0,100.0,96.1,6,1
2024,Joe Alt,147481,LAC,T,T,17,1066,641,425,75.9,78.1,69.5,24,6,1,17,100.0,100.0,97.5,8,0
2024,Colton McKivitz,29314,SF,T,T,17,1062,645,417,72.2,72.8,68.6,36,2,6,28,100.0,100.0,96.9,6,0
2024,Tristan Wirfs,64818,TB,T,T,17,1061,664,397,82.5,94.1,62.8,13,0,1,12,100.0,100.0,99.0,9,2
2024,Cooper Beebe,99434,DAL,C,C,16,1059,692,367,65.4,60.3,66.1,18,3,5,10,100.0,100.0,98.3,3,0
2024,Tyler Smith,98385,DAL,G,G,16,1052,682,370,75.0,76.0,73.8,22,2,4,16,100.0,100.0,98.1,9,4
2024,Kevin Zeitler,7032,DET,G,G,16,1047,577,470,86.5,70.7,87.2,18,5,4,9,100.0,100.0,97.9,2,0
2024,Kaleb McGary,46912,ATL,T,T,16,1042,576,466,73.8,63.8,77.6,32,6,10,16,100.0,100.0,96.5,3,0
2024,Beaux Limmer,99067,LA,C,C,17,1040,591,449,55.5,40.2,65.4,27,2,5,20,100.0,100.0,97.4,10,1
2024,Liam Eichenberg,41851,MIA,G,G,17,1037,644,393,53.1,49.7,58.7,29,2,3,24,100.0,100.0,97.4,9,1
2024,Sean Rhyan,72009,GB,G,G,18,1027,543,484,61.3,65.6,58.7,28,4,8,16,100.0,100.0,96.9,7,0
2024,Mitch Morse,9482,JAX,C,C,17,1021,634,387,57.9,61.9,55.8,14,3,2,9,100.0,100.0,98.6,4,0
2024,Darnell Wright,98480,CHI,T,T,16,1021,662,359,79.3,75.4,82.2,30,6,3,21,100.0,100.0,97.0,8,2
2024,Zach Frazier,123419,PIT,C,C,16,1021,585,436,77.9,68.6,80.5,12,1,2,9,100.0,100.0,98.8,5,2
2024,Mike Onwenu,27357,NE,G,G,17,1020,658,362,65.2,71.9,57.5,31,2,6,23,100.0,100.0,97.3,4,0
2024,John Simpson,41715,NYJ,G,G,17,1020,682,338,77.3,72.3,79.2,20,3,6,11,100.0,100.0,98.2,7,1
2024,Alaric Jackson,40972,LA,T,T,16,1017,583,434,78.4,79.2,75.2,25,3,4,18,100.0,100.0,97.4,8,1
2024,Brandon Scherff,9438,JAX,G,G,17,1013,625,388,64.7,74.5,57.3,17,0,1,16,100.0,100.0,98.6,2,1
2024,Brandon Coleman,123068,WAS,T,T,19,1013,612,399,59.7,55.4,62.4,42,10,6,26,99.8,99.7,95.5,6,2
2024,Matt Pryor,46647,CHI,G,G,15,1005,659,346,69.9,78.1,65.9,24,7,0,17,100.0,100.0,97.4,7,2
2024,Shaq Mason,9564,HOU,G,G,16,999,629,370,60.5,63.6,56.9,36,8,6,22,100.0,100.0,96.3,4,0
2024,DJ Glaze,129511,LV,T,T,15,998,665,333,66.1,61.9,68.4,51,3,10,38,100.0,100.0,95.6,8,0
2024,Cordell Volson,30614,CIN,G,G,15,984,662,322,59.1,48.8,65.6,43,6,10,27,100.0,100.0,96.1,8,2
2024,John Michael Schmitz Jr.,55238,NYG,C,C,15,983,646,337,61.4,50.2,67.0,28,6,5,17,100.0,100.0,97.1,5,0
2024,Robert Hunt,46139,CAR,G,G,16,966,623,343,67.7,57.5,72.0,36,5,8,23,100.0,100.0,96.5,5,1
2024,Taylor Decker,10650,DET,T,T,15,963,536,426,77.2,78.0,70.3,32,8,4,20,99.9,99.8,96.1,4,2
2024,Rashawn Slater,59971,LAC,T,T,16,959,586,373,90.9,89.9,82.3,26,3,7,16,100.0,100.0,97.3,6,3
2024,Jackson Powers-Johnson,146550,LV,G,G,15,956,633,323,63.9,68.3,70.4,23,2,3,18,100.0,100.0,97.9,14,0
2024,Luke Goedeke,77548,TB,T,T,14,952,568,384,73.6,76.8,75.7,17,3,0,14,100.0,100.0,98.1,11,1
2024,Juice Scruggs,81800,HOU,C,C,14,944,586,358,63.5,62.1,64.4,25,5,3,17,100.0,100.0,97.3,6,0
2024,Anton Harrison,122929,JAX,T,T,16,943,582,361,64.2,65.9,57.0,31,4,4,23,100.0,100.0,96.8,4,0
2024,Damien Lewis,81532,CAR,G,G,16,942,616,326,75.5,72.0,76.9,24,6,2,16,100.0,100.0,97.4,6,3
2024,Mason McCormick,78326,PIT,G,G,15,936,523,413,57.7,63.2,53.7,21,2,2,17,100.0,100.0,97.7,2,0
2024,Jermaine Eluemunor,11914,NYG,T,T,15,925,579,346,63.2,71.0,56.9,29,4,9,16,100.0,100.0,96.9,10,3
2024,Alijah Vera-Tucker,57107,NYJ,G,G,15,916,619,297,77.7,74.5,76.3,16,4,4,8,100.0,100.0,98.3,5,1
2024,Ezra Cleveland,41973,JAX,G,G,15,911,558,353,64.9,67.8,59.7,18,4,3,11,100.0,100.0,97.9,1,0
2024,Ikem Ekwonu,98286,CAR,T,T,15,909,593,316,71.7,66.2,80.5,39,7,5,27,100.0,100.0,95.9,12,1
2024,Dillon Radunz,30551,TEN,G,G,15,903,547,356,57.0,63.9,53.6,23,6,2,15,100.0,100.0,97.1,5,0
2024,Mike McGlinchey,46275,DEN,T,T,14,891,563,328,72.2,72.1,70.2,23,3,2,18,100.0,100.0,97.6,6,1
2024,Wyatt Teller,46131,CLE,G,G,13,885,610,275,62.6,63.1,61.6,27,2,4,21,100.0,100.0,97.5,6,1
2024,Dylan Parham,60953,LV,G,G,15,882,591,291,74.3,67.5,75.6,36,5,2,29,100.0,100.0,96.3,3,0
2024,Isaac Seumalo,10713,PIT,G,G,14,872,505,367,66.3,62.7,69.2,28,2,2,24,100.0,100.0,96.9,6,1
2024,Demontrey Jacobs,56619,NE,T,T,15,867,566,301,38.2,42.7,41.9,49,9,7,33,100.0,100.0,94.4,11,0
2024,Paris Johnson Jr.,129749,ARI,T,T,14,865,515,350,80.8,78.1,73.8,23,4,2,17,100.0,100.0,97.2,7,1
2024,Luke Wattenberg,41024,DEN,C,C,14,864,544,320,64.3,82.5,57.8,9,2,2,5,100.0,100.0,98.9,7,3
2024,Bernhard Raimann,77948,IND,T,T,14,856,471,385,85.1,82.0,80.7,20,4,2,14,100.0,100.0,97.3,6,3
2024,Taylor Moton,11819,CAR,T,T,14,846,538,308,77.7,80.6,66.9,14,1,2,11,100.0,100.0,98.5,1,1
2024,Jon Runyan,36661,NYG,G,G,13,842,541,301,56.1,62.6,52.3,29,2,4,23,100.0,100.0,96.9,5,2
2024,Trey Pipkins III,91462,LAC,G,G,15,838,521,317,57.8,49.7,63.7,29,6,2,21,100.0,100.0,96.4,5,2
2024,Amarius Mims,146719,CIN,T,T,15,835,560,274,57.8,60.8,52.6,33,4,5,24,99.9,99.8,96.4,4,1
2024,Terron Armstead,7856,MIA,T,T,15,821,501,320,89.4,84.8,83.4,16,3,2,11,100.0,100.0,98.0,3,0
2024,Jack Conklin,10642,CLE,T,T,12,818,552,266,66.2,67.9,59.6,38,7,2,29,100.0,100.0,95.6,2,0
2024,Cesar Ruiz,59857,NO,G,G,13,813,477,336,67.6,67.5,64.4,13,1,2,10,100.0,100.0,98.4,1,0
2024,Rob Havenstein,9490,LA,T,T,13,805,442,363,75.8,68.3,79.6,23,3,5,15,100.0,100.0,96.9,6,1
2024,Vederian Lowe,59741,NE,T,T,14,803,501,301,54.0,66.9,45.8,33,5,5,23,99.9,99.8,95.9,13,2
2024,Aaron Banks,59983,SF,G,G,13,775,471,304,65.4,60.5,68.9,25,1,4,20,100.0,100.0,97.1,5,1
2024,Kelvin Beachum,7229,ARI,T,T,15,742,418,323,64.1,75.4,54.2,16,4,2,10,99.9,99.8,97.5,5,0
2024,Teven Jenkins,41534,CHI,G,G,14,738,495,243,75.4,75.8,74.3,17,4,1,12,100.0,100.0,97.7,4,1
2024,Wanya Morris,98247,KC,T,T,15,732,453,278,53.9,55.4,55.2,35,5,7,23,99.9,99.8,95.3,10,2
2024,Braden Smith,46794,IND,T,T,12,731,431,299,65.7,67.8,74.6,24,4,2,18,99.9,99.8,96.5,12,5
2024,Morgan Moses,8701,NYJ,T,T,14,723,467,256,63.3,69.2,60.6,16,2,2,12,100.0,100.0,97.9,8,2
2024,Steve Avila,77319,LA,G,G,12,720,426,294,66.1,50.6,70.6,19,3,7,9,100.0,100.0,97.3,2,0
2024,Braxton Jones,60092,CHI,T,T,12,719,471,248,77.4,80.8,70.2,26,5,2,19,100.0,100.0,96.4,7,2
2024,Andre James,47058,LV,C,C,11,702,448,254,55.6,65.4,50.2,17,2,1,14,100.0,100.0,97.7,2,0
2024,Jarrett Patterson,81775,HOU,C,C,12,688,442,246,64.1,69.9,58.8,16,3,3,10,100.0,100.0,97.8,1,0
2024,Cody Ford,39805,CIN,T,T,14,688,464,222,50.6,50.2,49.8,37,5,8,24,99.7,99.6,95.1,3,0
2024,Michael Jordan,28021,NE,G,G,12,684,441,243,51.4,60.4,44.8,23,3,3,17,100.0,100.0,96.8,2,0
2024,Daniel Brunskill,34807,TEN,C,C,16,684,395,289,55.3,55.6,54.9,11,0,4,7,100.0,100.0,98.5,3,0
2024,Tyler Guyton,123076,DAL,T,T,14,668,439,229,49.4,60.2,51.3,26,6,6,14,100.0,100.0,96.0,18,4
2024,Ben Brown,59869,NE,C,C,10,667,440,227,52.8,47.3,59.7,16,4,2,10,100.0,100.0,97.5,5,0
2024,Trent Williams,5529,SF,T,T,10,649,381,268,85.6,84.5,81.4,17,1,3,13,100.0,100.0,97.5,5,1
2024,Zack Martin,8651,DAL,G,G,10,638,447,191,65.6,62.0,63.3,24,5,1,18,100.0,100.0,96.4,1,1
2024,Orlando Brown Jr.,46227,CIN,T,T,11,637,441,196,58.2,69.5,49.7,20,3,3,14,100.0,100.0,97.2,8,0
2024,Nicholas Petit-Frere,82003,TEN,T,T,11,621,373,248,46.5,42.8,55.9,41,10,5,26,100.0,100.0,92.7,10,2
2024,Connor Williams,46216,SEA,C,C,9,618,427,191,63.7,62.3,72.4,11,2,3,6,100.0,100.0,98.3,8,0
2024,Dalton Risner,47008,MIN,G,G,9,611,398,213,68.1,76.1,58.8,21,1,2,18,100.0,100.0,97.0,0,0
2024,Layden Robinson,99057,NE,G,G,12,602,366,236,43.6,41.9,46.5,33,4,6,23,100.0,100.0,94.6,5,1
2024,Ryan Kelly,10652,IND,C,C,10,601,324,277,67.0,71.9,64.0,11,1,1,9,100.0,100.0,98.0,1,0
2024,Tyron Smith,6161,NYJ,T,T,10,592,386,206,73.7,72.3,72.4,22,5,4,13,100.0,100.0,96.3,6,3
2024,Kenyon Green,99052,HOU,G,G,11,582,350,232,39.7,39.7,44.6,28,5,4,19,100.0,100.0,95.0,6,1
2024,Ed Ingram,59819,MIN,G,G,9,580,332,248,54.0,49.1,58.1,24,5,3,16,100.0,100.0,95.3,3,0
2024,Anthony Bradford,99103,SEA,G,G,11,578,392,186,48.3,48.5,57.7,28,7,1,20,100.0,100.0,95.1,10,0
2024,Ryan Neuzil,41123,ATL,C,C,10,578,346,232,58.5,63.6,60.5,10,1,2,7,100.0,100.0,98.3,7,0
2024,Jordan Meredith,60235,LV,G,G,9,574,399,175,80.8,75.7,78.4,9,0,1,8,100.0,100.0,98.8,3,0
2024,Matt Goncalves,99680,IND,T,T,10,566,305,261,65.9,57.1,69.3,22,3,4,15,100.0,100.0,95.5,1,0
2024,Lucas Patrick,11435,NO,G,G,10,562,330,232,64.6,60.3,66.3,10,0,0,10,100.0,100.0,98.4,6,0
2024,Drew Dalman,52270,ATL,C,C,9,554,295,259,78.8,66.6,79.8,10,2,1,7,100.0,100.0,97.8,3,0
2024,Austin Jackson,60816,MIA,T,T,8,542,312,230,60.0,60.1,64.3,15,3,3,9,100.0,100.0,96.9,6,2
2024,Germain Ifedi,10665,CLE,T,T,10,539,369,170,48.6,52.9,49.3,28,4,5,19,100.0,100.0,95.4,5,1
2024,Olumuyiwa Fashanu,129777,NYJ,T,T,11,534,372,162,61.2,59.4,61.4,23,1,4,18,100.0,100.0,96.6,7,0
2024,Brock Hoffman,54535,DAL,G,G,12,515,286,229,66.3,62.1,68.9,6,1,3,2,100.0,100.0,98.7,5,1
2024,Kendall Lamm,10017,MIA,T,T,10,512,336,176,72.7,83.1,53.7,12,0,1,11,100.0,100.0,98.1,1,0
2024,Dawand Jones,101550,CLE,T,T,9,511,364,147,46.4,57.6,45.8,22,4,7,11,100.0,100.0,96.2,9,0
2024,Walker Little,52287,JAX,T,T,13,508,316,192,72.8,73.5,72.3,13,2,5,6,100.0,100.0,97.5,4,0
2024,Lloyd Cushenberry III,41924,TEN,C,C,8,499,299,200,55.4,57.2,54.9,14,0,1,13,100.0,100.0,97.5,3,0
2024,Fred Johnson,46951,PHI,T,T,15,497,240,257,49.1,37.1,57.5,38,8,5,25,100.0,100.0,90.0,4,1
2024,Cade Mays,81995,CAR,C,C,9,495,327,168,66.1,74.9,66.9,10,0,2,8,100.0,100.0,98.4,5,0
2024,Blake Fisher,147479,HOU,T,T,11,478,305,173,44.7,46.7,43.8,28,7,9,12,100.0,100.0,94.0,3,1
2024,Dalton Tucker,81717,IND,G,G,8,464,279,185,53.3,48.7,53.0,24,2,4,18,100.0,100.0,95.0,1,0
2024,Cornelius Lucas,9025,WAS,T,T,11,464,273,191,75.4,79.1,69.0,12,1,0,11,100.0,100.0,97.5,3,1
2024,Isaiah Adams,158192,ARI,G,G,11,462,294,168,58.4,50.3,64.7,18,2,2,14,100.0,100.0,96.3,4,1
2024,Evan Neal,99063,NYG,T,T,9,459,314,145,61.2,49.6,80.8,17,2,5,10,100.0,100.0,96.7,6,0
2024,Olusegun Oluwatimi,98581,SEA,C,C,10,435,260,175,64.2,54.8,65.8,8,0,3,5,100.0,100.0,98.4,2,0
2024,Andrew Thomas,59701,NYG,T,T,6,416,261,155,75.4,71.8,73.8,16,4,4,8,100.0,100.0,95.9,3,1
2024,Stone Forsythe,41795,SEA,T,T,6,414,298,116,43.1,41.3,51.6,35,2,4,29,100.0,100.0,93.1,3,1
2024,Mike Caliendo,41446,KC,G,G,15,410,261,148,44.8,39.3,45.6,15,2,3,10,99.8,99.6,96.5,1,0
2024,Abraham Lucas,60218,SEA,T,T,7,406,257,149,61.9,65.7,62.8,18,4,2,12,100.0,100.0,95.5,6,2
2024,Tyler Steen,81921,PHI,G,G,16,399,179,220,40.7,37.5,51.0,12,0,0,12,100.0,100.0,96.5,6,1
2024,Brady Christensen,51985,CAR,C,C,12,399,223,174,63.6,56.1,70.7,14,0,3,11,99.5,99.1,96.7,3,0
2024,Jamaree Salyer,81656,LAC,G,G,15,395,214,181,54.3,51.4,57.0,12,2,1,9,100.0,100.0,96.5,3,0
2024,Landon Young,41761,NO,G,G,11,393,252,141,55.7,30.0,67.7,16,2,0,14,100.0,100.0,96.2,1,0
2024,Christian Darrisaw,77373,MIN,T,T,7,392,231,161,81.4,79.9,82.3,10,2,1,7,100.0,100.0,97.1,5,1
2024,Trystan Colon,41117,ARI,G,G,10,386,215,171,71.0,65.9,68.5,12,0,3,9,100.0,100.0,97.0,1,0
2024,Connor McGovern,10778,NYJ,C,C,6,369,243,126,58.9,69.7,56.8,8,0,1,7,100.0,100.0,98.2,3,0
2024,Justin Skule,38951,TB,T,T,10,362,213,148,69.2,66.5,68.9,12,4,2,6,99.7,99.5,96.1,1,0
2024,Spencer Anderson,81719,PIT,G,G,15,357,196,161,56.7,64.9,55.7,10,1,2,7,100.0,100.0,96.9,2,0
2024,Sataoa Laumea,100525,SEA,G,G,6,355,219,136,37.9,19.8,52.3,23,2,4,17,100.0,100.0,94.0,4,1
2024,Mark Glowinski,9567,IND,G,G,5,355,177,178,52.1,53.3,54.3,16,3,0,13,100.0,100.0,94.3,3,2
2024,Tanor Bortolini,129915,IND,C,C,8,351,211,140,65.1,64.6,65.4,7,0,2,5,100.0,100.0,98.2,1,0
2024,Nick Saldiveri,81785,NO,G,G,9,344,203,141,56.0,38.5,61.1,14,0,4,10,100.0,100.0,96.4,0,0
2024,Jonah Williams,41651,ARI,T,T,6,343,221,122,70.7,73.3,61.7,7,0,0,7,100.0,100.0,98.3,0,0
2024,Patrick Paul,101019,MIA,T,T,10,338,229,109,44.9,55.8,41.0,15,3,1,11,100.0,100.0,95.7,5,3
2024,Shane Lemieux,28149,NO,C,C,6,337,221,116,51.1,42.1,58.8,12,1,0,11,100.0,100.0,96.9,2,0
2024,Warren McClendon Jr.,99081,LA,T,T,7,333,218,115,59.8,51.5,69.9,14,5,4,5,100.0,100.0,95.4,2,0
2024,Larry Borom,59879,CHI,T,T,7,329,237,92,53.8,56.2,51.7,22,7,2,13,100.0,100.0,93.4,3,0
2024,Alec Anderson,81882,BUF,C,C,20,335,87,237,70.4,65.4,76.2,3,0,1,2,96.7,88.8,98.2,7,2
2024,Dan Skipper,12307,DET,T,T,16,324,137,179,55.2,57.6,49.5,12,1,4,7,97.5,94.5,95.1,1,0
2024,T.J. Bass,131703,DAL,G,G,10,315,200,115,63.0,45.0,70.5,6,1,1,4,100.0,100.0,98.1,2,1
2024,Erik McCoy,37347,NO,C,C,7,293,154,139,94.4,79.7,94.6,3,0,1,2,100.0,100.0,98.9,3,0
2024,Alex Forsyth,60012,DEN,C,C,8,292,173,119,65.2,58.8,65.6,8,2,1,5,100.0,100.0,96.9,0,0
2024,Austin Corbett,46290,CAR,C,C,5,291,187,104,62.2,64.7,59.3,3,1,1,1,100.0,100.0,98.9,1,0
2024,Trent Scott,24481,WAS,T,T,15,288,180,107,46.1,52.9,39.5,10,0,1,9,99.7,99.4,97.0,3,0
2024,Will Hernandez,46180,ARI,G,G,5,280,163,117,69.3,74.2,66.0,8,0,0,8,100.0,100.0,97.4,2,0
2024,Jaylon Moore,43678,SF,T,T,10,271,158,112,74.9,73.1,70.1,10,1,2,7,99.6,99.4,96.4,0,0
2024,Will Fries,41530,IND,G,G,5,268,153,115,86.9,74.9,84.9,6,2,1,3,100.0,100.0,97.2,1,0
2024,Andrew Vorhees,60818,BAL,G,G,6,268,135,133,57.2,63.8,56.1,4,0,0,4,100.0,100.0,98.4,3,0
2024,Jonah Jackson,37070,LA,G,G,5,267,182,85,67.6,59.5,68.8,9,0,2,7,100.0,100.0,97.5,0,0
2024,John Ojukwu,58530,TEN,T,T,11,264,145,118,69.4,68.4,68.0,10,1,2,7,99.6,99.3,96.0,2,1
2024,Jake Curhan,38549,CHI,G,G,7,260,171,89,45.8,38.4,54.9,15,1,3,11,100.0,100.0,94.9,3,0
2024,Chris Hubbard,8051,NYG,T,T,5,257,170,87,46.6,25.5,73.8,28,3,12,13,100.0,100.0,89.9,1,0
2024,Cole Van Lanen,41583,JAX,T,T,6,252,144,108,62.3,65.3,58.0,9,1,2,6,100.0,100.0,96.3,2,0
2024,Mike Jerrell,183057,SEA,T,T,6,250,153,97,46.4,54.8,49.5,15,3,2,10,100.0,100.0,93.6,6,1
2024,Jedrick Wills Jr.,58467,CLE,T,T,5,245,168,77,52.9,63.6,51.6,11,3,3,5,100.0,100.0,95.5,6,2
2024,Michael Deiter,38554,WAS,C,C,11,234,145,89,51.2,41.4,54.0,7,3,0,4,100.0,100.0,96.3,0,0
2024,Zak Zinter,129605,CLE,G,G,8,233,149,82,43.9,35.0,54.0,10,3,1,6,99.1,98.7,95.4,2,0
2024,Chuma Edoga,46232,DAL,T,T,5,226,129,97,52.2,50.5,56.6,7,2,3,2,100.0,100.0,96.2,2,0
2024,Max Mitchell,81707,NYJ,T,T,7,224,152,72,65.1,65.1,64.1,9,2,1,6,100.0,100.0,96.2,1,0
2024,James Hudson III,59854,CLE,T,T,4,222,159,63,50.4,40.2,57.7,15,0,7,8,100.0,100.0,95.0,2,0
2024,Cody Whitehair,10690,LV,G,G,9,221,158,63,44.7,61.0,37.9,9,0,1,8,100.0,100.0,96.9,1,0
2024,Joe Noteboom,46249,LA,T,T,4,220,152,68,60.0,46.9,70.6,15,2,2,11,100.0,100.0,94.2,3,0
2024,James Daniels,45576,PIT,G,G,4,209,105,104,92.9,66.5,92.5,5,1,1,3,100.0,100.0,96.8,0,0
2024,Justin Dedich,83018,LA,G,G,4,205,115,90,56.6,43.6,59.7,7,0,2,5,100.0,100.0,96.6,1,0
2024,Thayer Munford Jr.,59994,LV,T,T,11,201,123,76,45.9,46.6,45.3,10,5,3,2,99.0,98.4,93.6,0,0
2024,Ryan Van Demark,55113,BUF,T,T,9,199,96,103,53.3,51.8,51.4,5,0,1,4,100.0,100.0,97.3,0,0
2024,Kingsley Suamataia,146558,KC,T,T,10,198,131,67,37.9,30.5,46.2,14,3,6,5,100.0,100.0,93.0,3,0
2024,Chandler Zavala,144009,CAR,G,G,13,198,93,105,71.2,73.9,71.9,3,0,0,3,100.0,100.0,98.3,2,0
2024,Jake Kubas,91363,NYG,G,G,5,197,125,72,52.2,39.2,67.2,7,0,1,6,100.0,100.0,97.1,3,0
2024,Logan Bruss,60251,TEN,G,G,3,195,115,80,44.8,7.2,63.3,10,2,3,5,100.0,100.0,94.4,0,0
2024,David Andrews,9948,NE,C,C,4,193,105,88,58.7,60.0,60.1,5,1,0,4,100.0,100.0,97.0,2,2
2024,Aaron Stinnie,28653,NYG,G,G,4,193,127,66,47.9,56.4,50.5,7,0,2,5,100.0,100.0,96.9,2,0
2024,Leroy Watson,98723,TEN,T,T,4,191,100,91,35.1,37.8,50.0,9,1,1,7,100.0,100.0,94.6,8,1
2024,Matt Peart,46179,DEN,T,T,17,190,98,89,67.4,69.8,62.0,8,0,1,7,98.4,97.0,95.7,1,1
2024,Yosh Nijman,60822,CAR,T,T,4,187,126,61,57.9,59.5,52.0,11,2,2,7,100.0,100.0,94.6,1,0
2024,Jordan Morgan,98652,GB,G,G,6,186,104,82,59.2,61.5,56.2,7,0,3,4,100.0,100.0,96.3,1,0
2024,Joshua Ezeudu,77355,NYG,T,T,10,182,119,63,62.7,62.0,68.0,15,2,1,12,100.0,100.0,92.3,3,0
2024,Asim Richards,99674,DAL,T,T,8,181,108,73,58.7,69.5,44.5,6,1,1,4,100.0,100.0,96.5,1,0
2024,Alex Palczewski,59738,DEN,T,T,7,179,102,77,63.4,67.4,61.0,3,1,1,1,100.0,100.0,97.8,1,0
2024,Kendrick Green,56642,HOU,G,G,6,178,118,60,47.7,19.4,62.1,11,2,3,6,100.0,100.0,94.2,0,0
2024,Michael Dunn,39676,CLE,G,G,9,171,106,64,46.5,34.7,54.5,6,2,2,2,99.4,99.1,95.9,2,0
2024,Christian Haynes,77339,SEA,G,G,9,167,113,54,48.5,51.9,49.8,6,1,0,5,100.0,100.0,96.6,2,0
2024,Nick Zakelj,59693,SF,G,G,5,162,115,47,58.7,77.7,51.2,3,0,1,2,100.0,100.0,98.6,1,1
2024,Jackson Barton,46978,ARI,T,T,4,157,109,48,63.9,58.5,65.2,6,0,1,5,100.0,100.0,97.0,0,0
2024,Sidy Sow,59675,NE,G,G,10,155,102,53,29.8,17.2,44.9,9,1,2,6,100.0,100.0,94.7,1,0
2024,Ryan McCollum,41974,PIT,C,C,4,153,75,78,50.3,41.5,52.2,4,0,1,3,100.0,100.0,97.2,2,0
2024,Devin Cochran,41198,CIN,T,T,4,152,100,52,50.6,50.8,57.5,8,1,2,5,100.0,100.0,95.1,2,0
2024,Olisaemeka Udoh,28394,NO,G,G,9,149,82,67,54.4,32.1,69.3,5,1,2,2,100.0,100.0,96.1,3,0
2024,Kayode Awosika,44909,DET,G,G,5,145,65,80,51.3,59.4,52.5,6,0,1,5,100.0,100.0,95.2,3,1
2024,Christian Mahogany,98261,DET,G,G,5,144,81,63,91.5,78.7,91.1,4,1,1,2,100.0,100.0,96.8,1,0
2024,Nate Davis,46808,CHI,G,G,5,142,93,49,53.6,69.2,53.7,6,1,0,5,100.0,100.0,95.7,2,0
2024,Carter Warren,60023,NYJ,T,T,3,141,97,44,44.6,34.1,58.4,11,1,1,9,100.0,100.0,93.5,1,0
2024,Trent Brown,9677,CIN,T,T,3,139,98,41,65.2,64.2,68.4,5,1,0,4,100.0,100.0,96.7,1,0
2024,Danny Pinter,47339,IND,C,C,2,138,75,63,68.6,60.2,69.1,3,0,0,3,100.0,100.0,97.8,2,0
2024,Corey Levin,11972,TEN,C,C,3,133,76,57,55.5,64.5,55.8,5,1,2,2,100.0,100.0,95.8,1,0
2024,David Quessenberry,7957,MIN,T,T,5,133,84,49,55.2,50.7,56.2,10,1,2,7,100.0,100.0,92.9,0,0
2024,Caedan Wallace,98427,NE,T,T,6,129,64,65,44.1,52.5,57.4,5,1,1,3,100.0,100.0,94.6,7,4
2024,Storm Norton,12188,ATL,T,T,6,128,74,53,61.9,50.4,67.1,3,0,0,3,99.2,98.7,97.7,0,0
2024,Kiran Amegadjie,151121,CHI,T,T,5,126,67,59,40.3,39.4,54.6,8,1,0,7,100.0,100.0,92.6,5,2
2024,Sedrick Van Pran-Granger,124042,BUF,C,C,9,125,40,85,54.6,42.1,56.3,1,0,1,0,100.0,100.0,98.7,0,0
2024,Nick Leverett,27699,ARI,C,C,4,122,77,45,36.6,19.8,50.6,10,1,4,5,100.0,100.0,92.3,2,0
2024,Charlie Heck,36501,SF,T,T,7,117,72,45,41.2,47.8,40.8,8,1,0,7,100.0,100.0,93.3,1,0
2024,Cole Strange,22976,NE,C,C,2,117,75,42,48.6,79.0,40.4,1,0,0,1,100.0,100.0,99.3,2,0
2024,Spencer Burford,81920,SF,G,G,5,113,63,50,57.6,64.0,53.0,3,0,1,2,100.0,100.0,97.4,0,0
2024,Jack Driscoll,27064,PHI,G,G,8,110,48,62,72.3,70.0,69.7,3,1,1,1,100.0,100.0,95.8,0,0
2024,Sam Mustipher,13026,LAC,G,G,7,107,48,59,50.8,30.5,59.9,4,0,1,3,100.0,100.0,95.7,3,1
2024,Ryan Bates,28300,CHI,G,G,3,105,68,37,60.1,48.8,62.8,3,1,1,1,100.0,100.0,97.0,0,0
2024,Jake Hanson,28148,NYJ,G,G,3,103,62,41,69.9,26.3,83.5,5,3,1,1,100.0,100.0,93.0,0,0
2024,Isaiah Wynn,46048,MIA,G,G,3,103,70,33,49.0,32.5,60.9,5,1,0,4,100.0,100.0,95.4,1,0
2024,Zach Thomas,43641,HOU,T,T,10,101,57,44,58.1,57.7,55.6,4,2,0,2,100.0,100.0,94.5,0,0
2024,Blake Hance,46301,JAX,G,G,7,97,57,40,60.1,67.4,55.4,1,0,0,1,100.0,100.0,99.1,1,1
2024,Nick Gates,29476,PHI,C,C,4,96,47,49,52.6,67.7,49.0,0,0,0,0,100.0,100.0,100.0,1,0
2024,Robert Hainsey,59980,TB,C,C,6,94,45,49,77.5,81.0,73.9,0,0,0,0,100.0,100.0,100.0,0,0
2024,D.J. Humphries,9457,KC,T,T,2,92,69,23,44.8,30.5,66.1,11,3,3,5,100.0,100.0,89.1,2,1
2024,Nick Harris,46752,CLE,C,C,5,90,58,30,49.7,63.9,48.3,2,0,0,2,97.8,96.7,98.1,1,0
2024,Doug Kramer,41458,CHI,G,G,10,85,43,42,28.5,18.0,50.1,3,1,0,2,100.0,100.0,94.9,2,0
2024,Kyle Hinton,83163,ATL,G,G,7,83,41,42,58.5,32.4,69.6,4,0,3,1,100.0,100.0,94.7,1,0
2024,Lester Cotton,46085,NE,G,G,6,80,44,36,63.5,43.1,67.9,4,1,2,1,100.0,100.0,94.3,0,0
2024,Tylan Grable,109425,BUF,T,T,4,79,36,43,53.7,78.8,45.2,0,0,0,0,100.0,100.0,100.0,1,0
2024,Christian Jones,77463,ARI,T,T,2,74,46,28,53.8,77.2,49.6,0,0,0,0,100.0,100.0,100.0,2,2
2024,Darian Kinnard,51789,PHI,T,T,2,71,43,28,61.3,52.4,64.3,3,1,0,2,100.0,100.0,95.3,0,0
2024,Dylan McMahon,98044,LA,C,C,2,68,46,22,38.3,25.8,49.7,6,1,1,4,100.0,100.0,92.2,1,0
2024,Jackson Carman,52575,MIA,T,T,1,68,50,18,42.2,43.0,47.5,3,1,1,1,100.0,100.0,95.5,2,1
2024,Austen Pleasants,37066,SF,T,T,2,67,49,18,49.4,49.3,55.7,4,0,0,4,100.0,100.0,95.6,1,0
2024,Will Clapp,39386,BUF,G,G,1,67,35,32,50.4,32.9,55.1,2,0,0,2,100.0,100.0,97.1,0,0
2024,Ben Bartch,84236,SF,G,G,3,65,34,31,74.8,74.0,71.2,1,0,0,1,100.0,100.0,98.4,0,0
2024,Josh Jones,26634,BAL,T,T,8,64,12,52,49.8,73.5,52.2,0,0,0,0,100.0,100.0,100.0,1,0
2024,Cooper Hodges,81548,JAX,G,G,3,63,44,19,62.6,35.6,73.7,3,0,1,2,100.0,100.0,96.3,0,0
2024,Kadeem Telfort,59680,GB,G,G,5,62,33,29,48.9,44.8,57.9,3,0,1,2,100.0,100.0,94.8,1,0
2024,Tyrese Robinson,59998,NE,G,G,1,61,35,26,75.4,88.2,67.3,0,0,0,0,100.0,100.0,100.0,0,0
2024,Andrus Peat,9446,LV,G,G,8,57,38,19,32.3,30.8,34.3,3,1,1,1,100.0,100.0,94.1,0,0
2024,Jalen Sundell,91396,SEA,C,C,5,57,37,19,53.8,74.5,46.4,0,0,0,0,98.2,97.4,100.0,0,0
2024,Troy Fautanu,100521,PIT,T,T,1,55,29,26,64.4,69.3,59.3,2,0,1,1,100.0,100.0,95.7,0,0
2024,Tyre Phillips,59874,NYG,T,T,1,53,29,24,54.3,48.6,55.1,4,0,0,4,100.0,100.0,93.1,0,0
2024,Ben Cleveland,41696,BAL,G,G,14,52,18,34,56.9,45.6,58.4,2,0,0,2,100.0,100.0,94.1,0,0
2024,AJ Arcuri,44757,LA,T,T,1,51,33,18,25.9,1.9,55.8,7,0,2,5,100.0,100.0,88.7,2,1
2024,Kyle Hergel,87427,NO,G,G,1,45,35,10,43.7,30.0,62.5,2,0,1,1,100.0,100.0,96.9,1,0
2024,Bill Murray,48692,CHI,G,G,3,42,24,18,82.4,85.7,77.3,0,0,0,0,100.0,100.0,100.0,0,0
2024,Travis Glover,81658,GB,G,G,3,41,19,22,35.1,12.6,44.4,0,0,0,0,100.0,100.0,100.0,3,0
2024,Calvin Anderson,46247,PIT,T,T,4,40,30,10,68.9,66.2,68.5,2,1,0,1,100.0,100.0,95.0,0,0
2024,Foster Sarell,52272,LAC,T,T,4,40,20,20,53.0,59.2,49.0,0,0,0,0,100.0,100.0,100.0,0,0
2024,Jaelyn Duncan,81722,TEN,T,T,4,39,32,7,56.3,53.3,56.7,2,1,0,1,100.0,100.0,95.2,0,0
2024,Austin Deculus,59821,HOU,T,T,3,39,12,27,65.2,76.9,59.4,0,0,0,0,100.0,100.0,100.0,0,0
2024,Trevor Keegan,101544,PHI,G,G,1,35,18,17,66.4,61.6,65.3,1,1,0,0,100.0,100.0,94.4,0,0
2024,Michael Niese,108444,DET,C,C,4,34,12,22,42.4,63.5,40.7,0,0,0,0,100.0,100.0,100.0,1,0
2024,C.J. Hanson,102272,KC,G,G,1,31,24,7,48.6,1.6,73.4,4,1,0,3,100.0,100.0,89.1,0,0
2024,Hunter Nourzad,91674,KC,C,C,1,31,24,7,67.8,81.2,62.9,0,0,0,0,100.0,100.0,100.0,0,0
2024,George Fant,11282,SEA,T,T,2,30,16,14,61.3,44.7,68.2,3,2,0,1,100.0,100.0,82.1,0,0
2024,Isaiah Prince,47019,TEN,T,T,1,29,19,10,29.3,46.8,59.6,1,1,0,0,100.0,100.0,93.7,3,0
2024,Chris Paul,77579,WAS,T,T,2,29,19,10,67.7,44.2,72.4,1,0,0,1,100.0,100.0,97.1,0,0
2024,Matt Lee,98544,CIN,C,C,8,27,5,22,57.3,71.7,63.3,0,0,0,0,100.0,100.0,100.0,1,0
2024,Blake Freeland,102844,IND,T,T,2,23,10,13,59.7,54.3,60.4,1,0,0,1,100.0,100.0,95.0,0,0
2024,Jon Gaines II,81879,ARI,C,C,6,22,1,20,63.0,62.4,61.1,0,0,0,0,95.5,50.0,,0,0
2024,Andrew Rupcich,156082,TEN,G,G,2,16,12,4,47.7,17.0,59.8,1,0,1,0,100.0,100.0,95.8,0,0
2024,Matt Hennessy,41141,SF,C,C,3,16,2,13,61.7,70.7,60.4,0,0,0,0,93.8,66.7,100.0,0,0
2024,Andre Dillard,29250,GB,T,T,2,13,2,11,72.7,75.0,72.7,0,0,0,0,100.0,100.0,100.0,0,0
2024,Luke Fortner,42028,JAX,C,C,4,13,7,6,52.5,28.5,55.0,1,0,0,1,100.0,100.0,91.7,0,0
2024,Dakoda Shepley,66937,DAL,G,G,2,12,2,10,68.7,75.1,66.1,0,0,0,0,100.0,100.0,100.0,0,0
2024,Matt Waletzko,87430,DAL,G,G,3,12,1,11,53.3,69.6,53.4,0,0,0,0,100.0,100.0,100.0,0,0
2024,Brett Toth,46848,PHI,C,C,2,12,1,11,60.6,70.1,60.1,0,0,0,0,100.0,100.0,100.0,0,0
2024,Chukwuma Okorafor,46302,NE,T,T,1,12,6,6,44.4,0.0,69.9,3,0,1,2,100.0,100.0,75.0,0,0
2024,Xavier Newman,58525,NYJ,G,G,1,11,8,3,68.6,64.2,66.0,0,0,0,0,100.0,100.0,100.0,0,0
2024,Brenden Jaimes,59909,LAC,C,C,1,10,3,7,55.3,73.2,53.2,0,0,0,0,100.0,100.0,100.0,0,0
2024,Zack Bailey,46082,NYJ,T,T,1,9,5,4,51.3,76.4,62.7,0,0,0,0,100.0,100.0,100.0,1,1
2024,Elijah Klein,81912,TB,G,G,2,9,0,9,65.5,,64.1,0,0,0,0,100.0,,,0,0
2024,Frank Crum,75860,DEN,T,T,2,8,1,7,59.3,66.2,58.2,0,0,0,0,100.0,100.0,100.0,0,0
2024,Max Scharping,46961,PIT,G,G,1,7,4,3,74.3,77.0,69.0,0,0,0,0,100.0,100.0,100.0,0,0
2024,Nick Broeker,99084,HOU,G,G,1,6,1,5,46.3,12.5,50.8,1,0,0,1,100.0,100.0,50.0,0,0
2024,Lecitus Smith,61069,NE,G,G,2,5,0,5,58.1,,58.1,0,0,0,0,100.0,,,0,0
2024,Andrew Stueber,59856,CIN,G,G,2,5,1,4,71.8,65.2,69.7,0,0,0,0,100.0,100.0,100.0,0,0
2024,Richard Gouraige,81635,BUF,T,T,1,3,0,3,60.0,,58.7,0,0,0,0,100.0,,,0,0
2024,Ethan Driskell,98530,KC,T,T,1,4,0,3,58.2,,59.7,0,0,0,0,75.0,0.0,,0,0
2024,Jamarco Jones,46226,DET,T,T,2,4,3,0,64.0,80.7,,0,0,0,0,75.0,75.0,100.0,0,0
2024,Royce Newman,41746,TB,T,T,1,3,0,3,60.0,,59.7,0,0,0,0,100.0,,,0,0
2024,Calvin Throckmorton,28238,DEN,G,G,2,3,1,2,42.3,62.1,43.5,0,0,0,0,100.0,100.0,100.0,0,0
2024,Jaxson Kirkland,60215,CIN,T,T,1,3,0,3,49.3,,50.3,0,0,0,0,100.0,,,0,0
2024,Sebastian Gutierrez,156152,SF,T,T,1,3,1,2,58.5,72.6,55.9,0,0,0,0,100.0,100.0,100.0,0,0
2024,Jordan McFadden,77578,LAC,G,G,1,1,0,1,60.0,,60.0,0,0,0,0,100.0,,,0,0
2024,Elijah Wilkinson,46238,ATL,T,T,1,1,0,1,60.0,,60.0,0,0,0,0,100.0,,,0,0
2024,Jarrett Kingston,81933,CAR,G,G,1,1,1,0,60.0,73.0,,0,0,0,0,100.0,100.0,100.0,0,0
2024,Wes Schweitzer,10829,NYJ,G,G,1,1,0,1,60.0,,52.9,0,0,0,0,100.0,,,0,0
2024,Chris Glaser,62780,CHI,C,C,1,1,1,0,60.0,64.2,,0,0,0,0,100.0,100.0,100.0,0,0
