season,player_id,player_name,plays_rush,rush_epa,rush_epa_per_play,plays_rec,rec_epa,rec_epa_per_play,plays_total,rush_WAR,rec_WAR,total_WAR,total_WAR_per_300
2021,00-0025394,A.Peterson,38.0,-9.864625861,-0.25959541739473685,4.0,-1.2776449680000002,-0.31941124200000004,42.0,-0.03547701943277505,-0.03360632890365159,-0.06908334833642664,-0.49345248811733317
2021,00-0027685,E.Sanders,2.0,2.0253410599999997,1.0126705299999998,45.0,58.70965325,1.3046589611111112,47.0,0.023705973323162592,0.35643291179371867,0.38013888511688126,2.4264184156396675
2021,00-0027793,A.Brown,1.0,0.30848393,0.30848393,42.0,48.225868324000004,1.1482349600952382,43.0,0.004775734400274764,0.266642496139799,0.2714182305400738,1.8936155619074917
2021,00-0027966,M.Ingram,160.0,-31.3234401014,-0.19577150063374998,27.0,4.3326941009999995,0.16047015188888888,187.0,-0.0467454999902086,-0.09662364839110552,-0.14336914838131412,-0.230003981360397
2021,00-0028002,R.Cobb,1.0,-0.4612763,-0.4612763,28.0,38.57500975,1.3776789196428572,29.0,-0.0029605493183182006,0.2423288084885092,0.239368259170191,2.476223370726114
2021,00-0029239,B.Bolden,45.0,-1.0987140570000005,-0.024415867933333342,45.0,29.261443422,0.6502542982666667,90.0,0.06435035045457543,0.06047100397462314,0.12482135442919857,0.4160711814306619
2021,00-0029892,K.Juszczyk,11.0,-2.475751,-0.2250682727272727,32.0,21.063959116899998,0.6582487224031249,43.0,-0.0064525922502439255,0.045572673905460624,0.0391200816552167,0.27293080224569793
2021,00-0030035,A.Thielen,1.0,-0.19406018,-0.19406018,67.0,57.771588305,0.8622625120149254,68.0,-0.00027496017258955765,0.232793905627655,0.23251894545506546,1.0258188770076417
2021,00-0030061,Z.Ertz,1.0,0.45529273,0.45529273,77.0,62.9639049638,0.8177130514779221,78.0,0.006251199726907929,0.2330638027534506,0.23931500248035853,0.9204423172321482
2021,00-0030288,R.Burkhead,122.0,-5.235463517999999,-0.04291363539344261,25.0,8.287999735,0.3315199894,147.0,0.15178027042146092,-0.04648899499455611,0.1052912754269048,0.2148801539324588
2021,00-0030431,R.Woods,8.0,1.9396911,0.2424613875,45.0,55.812480351000005,1.2402773411333334,53.0,0.032897530076569974,0.32731559622587947,0.36021312630244945,2.0389422243534874
2021,00-0030456,G.Bernard,21.0,-1.660912016,-0.07909104838095238,28.0,6.19030611,0.22108236107142856,49.0,0.01849067822486552,-0.08314559995370185,-0.06465492172883633,-0.39584645956430403
2021,00-0030496,L.Bell,40.0,-6.783925176,-0.16959812940000002,5.0,4.63895595,0.92779119,45.0,-0.00116441671262754,0.020665577915661645,0.019501161203034106,0.13000774135356072
2021,00-0030513,L.Murray,119.0,-6.842852543000001,-0.0575029625462185,10.0,4.750863423,0.4750863423,129.0,0.13059942666787278,-0.004166818811892793,0.12643260785597998,0.2940293205953023
2021,00-0030525,T.Austin,3.0,1.6055196299999999,0.53517321,24.0,12.876890828,0.5365371178333334,27.0,0.021162055864140873,0.0048219324675377,0.025983988331678573,0.28871098146309526
2021,00-0030578,C.Patterson,153.0,-15.485663822000001,-0.10121348903267975,52.0,42.25811877,0.8126561301923078,205.0,0.10070037719178762,0.15475092379021782,0.2554513009820054,0.3738311721687884
2021,00-0030669,A.Wilson,4.0,-0.71268084,-0.17817021,25.0,10.009887185,0.4003954874,29.0,-0.00046104792653913493,-0.029183593487018412,-0.02964464141355755,-0.30666870427818155
2021,00-0030874,D.Williams,40.0,-1.3214002189999998,-0.033035005475,16.0,1.4464215200000001,0.09040134500000001,56.0,0.05373533159893026,-0.06852580413721943,-0.01479047253828917,-0.0792346743122634
2021,00-0031045,C.Hyde,72.0,-25.042096193,-0.34780689156944444,12.0,-1.2229929849999996,-0.1019160820833333,84.0,-0.13105103426564413,-0.0745884146607035,-0.2056394489263476,-0.7344266033083844
2021,00-0031236,B.Cooks,2.0,0.8301585659999999,0.41507928299999997,90.0,79.5027262237,0.8833636247077777,92.0,0.011694088961353547,0.3317946650316583,0.3434887539930118,1.120072023890256
2021,00-0031285,D.Freeman,133.0,-2.9614116170000004,-0.0222662527593985,34.0,7.002822841,0.2059653776764706,167.0,0.19306439074408127,-0.10612811659561137,0.0869362741484699,0.1561729475721016
2021,00-0031382,J.Landry,6.0,5.01308505,0.835514175,52.0,33.514280566000004,0.6445053955000001,58.0,0.06043512469310588,0.06687315289574546,0.12730827758885133,0.6584910909768172
2021,00-0031408,M.Evans,1.0,0.63755673,0.63755673,91.0,125.0929223617,1.37464749848022,92.0,0.008082998721882804,0.7847961720519767,0.7928791707738595,2.585475556871281
2021,00-0031549,N.Agholor,3.0,-0.501932866,-0.16731095533333332,38.0,33.222467467,0.8742754596578948,41.0,-1.837123133651164e-05,0.1366202237871692,0.13660185255583268,0.9995257504085319
2021,00-0031763,D.Carter,10.0,2.687755155,0.2687755155,24.0,30.698665055,1.2791110439583333,34.0,0.043766548575611956,0.18393524128160804,0.22770178985722,2.0091334399166474
2021,00-0031806,M.Brown,33.0,-8.538267786,-0.2587353874545455,3.0,-1.106389428,-0.368796476,36.0,-0.030523754499475517,-0.026693748707889445,-0.05721750320736496,-0.47681252672804136
2021,00-0032058,T.Coleman,84.0,-5.8796384563999995,-0.0699956959095238,11.0,0.7714458900000003,0.07013144454545457,95.0,0.08164120141805505,-0.049352383861926294,0.03228881755612875,0.10196468701935395
2021,00-0032063,M.Davis,138.0,-17.8081072984,-0.12904425578550724,44.0,-7.762436285,-0.1764190064772727,182.0,0.052228335796711406,-0.3064368705733333,-0.25420853477662186,-0.41902505732410195
2021,00-0032104,A.Abdullah,51.0,-10.994161821,-0.2155718004117647,38.0,15.919972126,0.4189466348947368,89.0,-0.025049025495534782,-0.03727420175051926,-0.06232322724605404,-0.21007829408782258
2021,00-0032144,M.Gordon,203.0,-18.8745546478,-0.0929781017133005,28.0,5.8251550953999995,0.20804125340714283,231.0,0.15041084267487254,-0.08681545939691791,0.06359538327795462,0.08259140685448653
2021,00-0032187,D.Johnson,67.0,-21.678452993,-0.3235589998955224,32.0,11.9351980081,0.372974937753125,99.0,-0.10562254194540992,-0.0461736688965494,-0.15179621084195932,-0.45998851770290705
2021,00-0032200,T.Montgomery,15.0,-6.0204503119999995,-0.4013633541333333,16.0,4.44805168,0.27800323,31.0,-0.03537613738281321,-0.03835866685078727,-0.07373480423360047,-0.7135626216154884
2021,00-0032211,T.Lockett,2.0,-0.15522212000000002,-0.07761106000000001,73.0,87.466352337,1.1981692100958905,75.0,0.0017907654839666132,0.500085231206851,0.5018759966908176,2.0075039867632705
2021,00-0032257,D.Johnson,71.0,-1.471771841,-0.02072918085915493,4.0,2.4233522462,0.60583806155,75.0,0.10416125426875447,0.0035896229978559465,0.10775087726661042,0.4310035090664417
2021,00-0032355,C.Rogers,1.0,0.75137556,0.75137556,31.0,17.852301103,0.5758806807419354,32.0,0.009226906561078784,0.0184861229062479,0.027713029467326684,0.25980965125618766
2021,00-0032385,S.Shepard,1.0,-1.4397229,-1.4397229,36.0,24.641425683,0.6844840467500001,37.0,-0.01279418348917247,0.060761435796783954,0.04796725230761148,0.388923667359012
2021,00-0032426,A.Collins,108.0,-12.0909817825,-0.11195353502314814,9.0,0.3459209600000004,0.038435662222222264,117.0,0.059425081837714715,-0.04324617834477386,0.016178903492940856,0.041484367930617584
2021,00-0032464,K.Raymond,4.0,1.41380492,0.35345123,48.0,37.5321162847,0.7819190892645834,52.0,0.020910668254365387,0.1280190873340704,0.1489297555884358,0.8592101283948219
2021,00-0032602,J.McKissic,49.0,3.0004274575,0.06123321341836734,43.0,24.420210294,0.5679118673023256,92.0,0.11224932619135287,0.022198232627453945,0.13444755881880682,0.4384159526700222
2021,00-0032688,R.Anderson,3.0,2.2249257499999997,0.7416419166666666,53.0,41.223187134999996,0.7777959836792452,56.0,0.02738724299981926,0.1391581818356616,0.16654542483548085,0.8922076330472187
2021,00-0032741,P.Barber,55.0,-9.867622214999999,-0.179411313,10.0,1.5574383100000002,0.15574383100000003,65.0,-0.0070254458240839555,-0.036261543565661636,-0.043286989389745595,-0.19978610487574888
2021,00-0032780,J.Howard,86.0,-0.5718934869999999,-0.006649924267441859,3.0,0.91345188,0.30448396,89.0,0.138336158755288,-0.0063938360646733665,0.13194232269061465,0.44474940232791454
2021,00-0032813,E.Penny,25.0,0.5088075499999997,0.020352301999999985,9.0,-1.9787082850000002,-0.21985647611111114,34.0,0.04699847859983392,-0.06660928633472363,-0.019610807734889706,-0.1730365388372621
2021,00-0032972,D.Booker,145.0,-13.068402953669999,-0.09012691692186206,40.0,11.644016005,0.291100400125,185.0,0.11159130910848401,-0.09063147310686766,0.020959836001616355,0.03398892324586436
2021,00-0033040,T.Hill,10.0,2.1742344599999996,0.21742344599999996,134.0,124.095552864,0.9260862154029851,144.0,0.038605536565561704,0.5515413414462647,0.5901468780118264,1.2294726625246384
2021,00-0033118,K.Drake,63.0,-9.108745802,-0.1445832666984127,30.0,15.802185103,0.5267395034333333,93.0,0.014004599961028718,0.003073360991457288,0.017077960952486006,0.0550901966209226
2021,00-0033251,Z.Pascal,2.0,1.917843,0.9589215,38.0,16.8123172525,0.442429401381579,40.0,0.022625590810599776,-0.02830590902187602,-0.005680318211276243,-0.04260238658457183
2021,00-0033288,G.Kittle,3.0,1.7389865,0.5796621666666667,78.0,78.588693832,1.0075473568205129,81.0,0.022503431442030323,0.3849054377154774,0.40740886915750774,1.508921737620399
2021,00-0033293,A.Jones,183.0,1.1876205960000008,0.0064897300327868895,61.0,24.97217141,0.4093798591803279,244.0,0.3185328767176185,-0.06569996128822443,0.25283291542939407,0.31086014192138617
2021,00-0033308,M.Breida,26.0,-8.595833475000001,-0.3306089798076923,7.0,7.2850621460000005,1.0407231637142857,33.0,-0.04283005790441393,0.03687677205680067,-0.00595328584761326,-0.05412078043284782
2021,00-0033466,I.McKenzie,15.0,4.12793003,0.27519533533333335,24.0,23.202079208,0.9667533003333334,39.0,0.06661763489859382,0.1085926699549749,0.1752103048535687,1.3477715757966824
2021,00-0033526,S.Perine,58.0,-10.197826019999999,-0.17582458655172412,31.0,13.087933388,0.4221913996129032,89.0,-0.005317896844365185,-0.029396969706817423,-0.03471486655118261,-0.11701640410510991
2021,00-0033553,J.Conner,206.0,-1.1025663589999999,-0.005352263878640776,38.0,26.930360908,0.7086937081052632,244.0,0.33404997048675217,0.07338297193792298,0.40743294242467515,0.5009421423254202
2021,00-0033572,J.Agnew,7.0,8.0581900967,1.1511700138142857,24.0,22.42510636,0.9343794316666667,31.0,0.09271458890946105,0.10078389761326635,0.1934984865227274,1.8725659986070393
2021,00-0033594,C.Carson,54.0,-1.7708722800000003,-0.03279393111111112,6.0,-0.48774017400000014,-0.08129002900000003,60.0,0.07267353198669654,-0.036050425234874374,0.03662310675182217,0.18311553375911085
2021,00-0033699,A.Ekeler,208.0,-0.895591091499999,-0.004305726401442303,70.0,28.510375772,0.40729108245714285,278.0,0.33948091071946246,-0.07686288936164153,0.2626180213578209,0.2834007424724686
2021,00-0033725,C.Clement,33.0,-4.944279213,-0.1498266428181818,6.0,-0.2875162900000001,-0.047919381666666684,39.0,0.005596733671378771,-0.03403812489316583,-0.028441391221787057,-0.21877993247528507
2021,00-0033854,D.Ogunbowale,44.0,-10.299211850999999,-0.23407299661363634,13.0,3.55481745,0.2734474961538461,57.0,-0.02979235745323701,-0.03176163832380235,-0.06155399577703936,-0.32396839882652295
2021,00-0033856,L.Fournette,193.0,11.814962487599999,0.061217422215544035,78.0,22.0704259601,0.282954178975641,271.0,0.4420942668670998,-0.18311735496693468,0.25897691190016514,0.2866903083765666
2021,00-0033858,J.Smith,9.0,0.19568364399999993,0.021742627111111103,28.0,14.76626312,0.5273665399999999,37.0,0.01704521034619147,0.0030449227598659872,0.020090133106057458,0.1628929711301956
2021,00-0033881,E.Engram,1.0,-1.524498,-1.524498,46.0,25.60723092,0.5566789330434783,47.0,-0.013646194544448853,0.01855383119594641,0.004907636651497559,0.031325340328707825
2021,00-0033885,D.Njoku,1.0,-0.5057118,-0.5057118,36.0,39.217097676,1.0893638243333335,37.0,-0.0034071372580166937,0.20725060155557795,0.20384346429756126,1.6527848456559022
2021,00-0033891,Z.Jones,2.0,-0.51687923,-0.258439615,52.0,48.235803576,0.9276116072307693,54.0,-0.00184397934015399,0.2148281580213736,0.2129841786812196,1.1832454371178867
2021,00-0033893,D.Cook,251.0,-9.775773074,-0.03894730308366534,34.0,6.237114482,0.18344454358823528,285.0,0.3222747665895688,-0.11382367799259632,0.20845108859697245,0.2194221985231289
2021,00-0033895,G.Everett,3.0,0.3558884000000001,0.1186294666666667,48.0,25.512328933,0.5315068527708333,51.0,0.008602948024944896,0.007217204402412065,0.01582015242735696,0.0930597201609233
2021,00-0033906,A.Kamara,241.0,-40.469831488,-0.16792461198340247,47.0,27.472993106,0.584531768212766,288.0,-0.002962166498605964,0.03211379095998328,0.029151624461377312,0.03036627548060137
2021,00-0033908,C.Kupp,6.0,-0.24247633000000057,-0.04041272166666676,178.0,204.548579334,1.1491493221011237,184.0,0.007615412331296819,1.1316920362498162,1.139307448581113,1.8575664922518145
2021,00-0033921,C.Godwin,5.0,2.12482202,0.42496440399999996,98.0,74.2315328188,0.7574646206000001,103.0,0.029731962152127586,0.23728649497410398,0.26701845712623157,0.7777236615327133
2021,00-0033923,K.Hunt,79.0,6.589268877,0.08340846679746836,22.0,6.556142243,0.2980064655909091,101.0,0.19857988603376667,-0.048320340960033493,0.15025954507373318,0.44631548041702923
2021,00-0033925,D.Foreman,137.0,-10.710492177,-0.07817877501459855,9.0,10.276958050000001,1.1418842277777779,146.0,0.12188575769191401,0.05656323964517589,0.1784489973370899,0.36667602192552723
2021,00-0033948,J.Williams,153.0,-3.096829671,-0.02024071680392157,26.0,4.292165806,0.16508330023076923,179.0,0.22521127318173736,-0.09183954894911221,0.13337172423262517,0.2235280294401539
2021,00-0033950,W.Gallman,28.0,-4.6219869099999995,-0.16507096107142855,1.0,2.041578,2.041578,29.0,0.00045888531824616187,0.015326952869564488,0.01578583818781065,0.16330177435666188
2021,00-0033951,M.Mack,28.0,-5.852898101,-0.20903207503571428,2.0,-0.11316527999999998,-0.05658263999999999,30.0,-0.011912081425472435,-0.011520177476951424,-0.02343225890242386,-0.23432258902423858
2021,00-0033955,J.McNichols,41.0,-8.747554574,-0.2133549896097561,28.0,14.162667317999999,0.5058095470714286,69.0,-0.0192239921414985,-0.0030213667074706838,-0.022245358848969183,-0.09671895151725732
2021,00-0034109,P.Lindsay,88.0,-22.972244906700002,-0.2610482375761364,4.0,4.29437129,1.0735928225,92.0,-0.08344221445119766,0.022393834493333334,-0.06104837995786433,-0.19907080421042714
2021,00-0034115,J.Wilson,79.0,-10.140152494,-0.1283563606835443,7.0,-0.65559759,-0.09365679857142857,86.0,0.030444997883012883,-0.042928853430636515,-0.012483855547623633,-0.043548333305663836
2021,00-0034253,D.Hilliard,56.0,9.060534833000002,0.16179526487500004,22.0,2.18633169,0.09937871318181818,78.0,0.1848826817219195,-0.0922380349600335,0.092644646761886,0.3563255644687923
2021,00-0034301,Da.Williams,145.0,5.301457646500001,0.0365617768724138,47.0,26.4885970685,0.5635871716702128,192.0,0.29621302368305685,0.02222036344742045,0.3184333871304773,0.4975521673913708
2021,00-0034364,J.Akins,1.0,0.4985275,0.4985275,24.0,4.0892004570000005,0.17038335237500002,25.0,0.006685720028415468,-0.08349656372341707,-0.0768108436950016,-0.9217301243400192
2021,00-0034367,N.Hines,56.0,3.9944263080000004,0.07132904121428572,40.0,15.024567291,0.375614182275,96.0,0.13396701815408024,-0.05665608329782244,0.0773109348562578,0.24159667142580563
2021,00-0034407,R.McCloud,2.0,0.039574551799999996,0.019787275899999998,41.0,15.38764546,0.37530842585365853,43.0,0.0037485209794440007,-0.058198475463433826,-0.05444995448398982,-0.3798834033766732
2021,00-0034414,B.Scott,88.0,6.578358402999999,0.07475407276136363,14.0,0.5155680730000001,0.03682629092857143,102.0,0.21354877358598828,-0.06749827718288107,0.14605049640310722,0.4295602835385507
2021,00-0034440,J.Jackson,69.0,0.012218044000000483,0.00017707310144928236,22.0,8.255272774,0.3752396715454545,91.0,0.11572493868428536,-0.03124365220626466,0.08448128647802071,0.2785097356418265
2021,00-0034521,A.Lazard,3.0,2.75697286,0.9189909533333332,41.0,56.23308914,1.371538759512195,44.0,0.03273445013549765,0.3523084961948576,0.38504294633035524,2.625292815888786
2021,00-0034614,G.Igwebuike,18.0,-4.573146925,-0.25406371805555555,7.0,2.9043063100000004,0.4149009014285715,25.0,-0.015804194513647212,-0.007150924787420429,-0.02295511930106764,-0.27546143161281167
2021,00-0034676,J.Washington,2.0,0.6088325400000001,0.30441627000000004,26.0,24.61919195137,0.9468919981296153,28.0,0.009469706790499277,0.11245217110485763,0.1219218778953569,1.3063058345931096
2021,00-0034681,C.Edmonds,124.0,8.679454326,0.0699955994032258,43.0,3.35695534,0.07806872883720929,167.0,0.29497947775467376,-0.18949277193536015,0.1054867058193136,0.18949707632212023
2021,00-0034750,R.Penny,119.0,11.2019623805,0.0941341376512605,6.0,2.57301187,0.4288353116666667,125.0,0.31195435052214415,-0.005289098159497483,0.3066652523626467,0.7359966056703521
2021,00-0034753,M.Andrews,1.0,-1.0924461,-1.0924461,107.0,119.784597046,1.1194822153831776,108.0,-0.009303964393695087,0.6483834650434004,0.6390795006497053,1.7752208351380703
2021,00-0034791,N.Chubb,228.0,10.6301827565,0.04662360858114035,20.0,11.14213972,0.557106986,248.0,0.48882570171993256,0.0081529239239531,0.4969786256438857,0.6011838213434101
2021,00-0034798,D.Smythe,2.0,1.34018462,0.67009231,34.0,22.447989017,0.6602349710882354,36.0,0.016819978951303296,0.049099684168207744,0.06591966311951104,0.5493305259959254
2021,00-0034816,R.Jones,101.0,-3.852817772999999,-0.03814671062376237,10.0,2.67213485,0.267213485,111.0,0.1304929462568969,-0.025058563264154104,0.10543438299274278,0.28495779187227777
2021,00-0034827,Dj.Moore,8.0,7.407705758400001,0.9259632198000001,93.0,93.0744926816,1.0008009965763442,101.0,0.08785245126651972,0.4526200709559298,0.5404725222224496,1.6053639273934146
2021,00-0034838,R.Freeman,56.0,-9.5140380356,-0.16989353635,10.0,2.27511247,0.22751124699999997,66.0,-0.0017964425856182506,-0.02904873793752094,-0.03084518052313919,-0.14020536601426906
2021,00-0034844,S.Barkley,162.0,-20.3498581303,-0.1256164082117284,41.0,6.141185586,0.14978501429268293,203.0,0.06689254279124543,-0.15112772042825795,-0.08423517763701252,-0.12448548419262934
2021,00-0034845,S.Michel,234.0,-27.62698929,-0.1180640567948718,24.0,-0.5377338359999999,-0.022405576499999996,258.0,0.1143838706693199,-0.12999841591437186,-0.015614545245051958,-0.018156447959362745
2021,00-0034972,A.Mattison,135.0,-25.9953989194,-0.19255851051407408,32.0,4.010417822,0.1253255569375,167.0,-0.03508218228853501,-0.12581970091765493,-0.16090188320618995,-0.2890452991727963
2021,00-0034983,H.Renfrow,3.0,-1.60257625,-0.5341920833333333,111.0,81.86400484856,0.7375135571942343,114.0,-0.01108011378410033,0.24650630971321616,0.23542619592911582,0.6195426208660944
2021,00-0035140,M.Hardman,14.0,-5.571357870000002,-0.39795413357142867,67.0,52.0565742166,0.7769637942776119,81.0,-0.03253803889866588,0.17535657810604685,0.14281853920738097,0.5289575526199295
2021,00-0035187,A.Walter,26.0,-1.6738422199999998,-0.06437854692307692,2.0,-0.13652144,-0.06826072,28.0,0.026737693402118737,-0.01175491275333333,0.014982780648785407,0.16052979266555792
2021,00-0035208,O.Zaccheaus,1.0,0.51750255,0.51750255,31.0,38.62062923276,1.245826749443871,32.0,0.00687642404851597,0.22721303878323287,0.23408946283174883,2.1945887140476454
2021,00-0035215,D.Harris,5.0,1.13728074,0.227456148,36.0,52.53194651,1.4592207363888887,41.0,0.01980692416217784,0.34106817777668336,0.3608751019388612,2.6405495263819114
2021,00-0035216,D.Johnson,5.0,3.93995096,0.787990192,112.0,88.260863633,0.7880434252946429,117.0,0.047974464061675326,0.305604928758057,0.35357939281973233,0.9066138277429034
2021,00-0035217,B.Snell,38.0,-8.503210756000001,-0.2237687041052632,4.0,0.34654830999999997,0.08663707749999999,42.0,-0.021794455563428333,-0.017282778370988273,-0.0390772339344166,-0.2791230995315472
2021,00-0035243,M.Sanders,145.0,-1.769204177,-0.012201408117241378,29.0,-1.4984763125000005,-0.05167159698275864,174.0,0.22515109580868498,-0.16561121414443888,0.05953988166424609,0.10265496838663118
2021,00-0035261,T.Pollard,134.0,12.398897951,0.09252908918656717,41.0,13.263623208,0.32350300507317076,175.0,0.34911475467199427,-0.07954543276996648,0.26956932190202776,0.46211883754633326
2021,00-0035273,Q.Ollison,21.0,-4.7156298219999995,-0.22455380104761902,4.0,-0.15991345359999978,-0.039978363399999946,25.0,-0.012210003242471157,-0.02237284634686767,-0.03458284958933883,-0.4149941950720659
2021,00-0035311,M.Gaskin,173.0,-28.63454712605,-0.16551761344537572,49.0,7.999691575999999,0.16325901175510202,222.0,0.002058664151554276,-0.17398062018530985,-0.17192195603375557,-0.2323269676131832
2021,00-0035414,J.Guyton,7.0,-0.9758449300000002,-0.1394064185714286,31.0,42.61494448,1.3746756283870967,38.0,0.0019202670330791243,0.2673569106147906,0.26927717764786974,2.125872455114761
2021,00-0035535,D.Slayton,1.0,-1.745384,-1.745384,26.0,21.891093441,0.8419651323461538,27.0,-0.01586615434344383,0.08503409562375208,0.06916794128030826,0.768532680892314
2021,00-0035537,T.Johnson,60.0,-10.350565462,-0.17250942436666666,34.0,27.398055119,0.8058251505588235,94.0,-0.0035021798227101407,0.09884909222850922,0.09534691240579908,0.30429865661425237
2021,00-0035567,C.Reynolds,55.0,-7.765414427,-0.14118935321818182,7.0,2.1151270899999997,0.3021610128571428,62.0,0.014102270638227594,-0.015082374234656616,-0.000980103596429022,-0.004742436756914623
2021,00-0035594,T.Homer,21.0,9.715260688,0.4626314613333334,16.0,5.556012299500001,0.34725076871875005,37.0,0.1328240722349158,-0.02722338424274706,0.10560068799216873,0.8562217945310979
2021,00-0035628,D.Johnson,100.0,6.4351157463,0.064351157463,19.0,4.2242614419999995,0.22232954957894735,119.0,0.2322138696385317,-0.05618207194058627,0.1760317976979454,0.44377764125532454
2021,00-0035640,D.Metcalf,1.0,0.22244152,0.22244152,75.0,84.034523628,1.12046031504,76.0,0.003910986561078784,0.4552116524334172,0.459122638994496,1.812326206557221
2021,00-0035657,D.Harris,211.0,0.8368845154000009,0.00396627732417062,19.0,6.8452976,0.3602788210526316,230.0,0.36191890604993504,-0.029840000000887764,0.3320789060490473,0.4331463991944095
2021,00-0035659,T.McLaurin,1.0,0.7791807,0.7791807,77.0,83.174666642,1.08019047587013,78.0,0.009506355204294863,0.4361870357001843,0.4456933909044792,1.7142053496326122
2021,00-0035662,M.Brown,1.0,0.9444637,0.9444637,91.0,62.339296863,0.6850472182747253,92.0,0.011167490882686825,0.15410646854745394,0.16527395943014075,0.5389368242287198
2021,00-0035664,D.Henderson,153.0,-3.36982829606,-0.02202502154287582,32.0,8.959918304,0.279997447,185.0,0.222467568407265,-0.076075977480469,0.146391590926796,0.23739176907047999
2021,00-0035676,A.Brown,2.0,0.55204184,0.27602092,68.0,87.590370222,1.2880936797352942,70.0,0.008898945986479176,0.5272887370600335,0.5361876830465128,2.2979472130564833
2021,00-0035700,J.Jacobs,230.0,-31.481753786,-0.13687719037391305,58.0,10.28580982,0.17734154862068968,288.0,0.06894094536972836,-0.19772732833912895,-0.1287863829694006,-0.1341524822597923
2021,00-0035715,D.Gore,54.0,0.06383003099999907,0.0011820376111110937,8.0,7.38875116,0.923593895,62.0,0.0911127511927267,0.03272745371028476,0.12384020490301145,0.5992267979177973
2021,00-0035806,J.Hasty,16.0,2.67652475,0.167282796875,24.0,5.3944825177,0.22477010490416668,40.0,0.05370604055515,-0.07037815105306532,-0.016672110497915317,-0.12504082873436487
2021,00-0035831,J.Robinson,164.0,-11.252416220799999,-0.06861229402926829,31.0,6.280988890000001,0.2026125448387097,195.0,0.1616749065616442,-0.09780847219927971,0.0638664343623645,0.09825605286517616
2021,00-0035860,T.Jones,54.0,-18.6899026927,-0.34610930912407406,5.0,1.18365391,0.23673078200000003,59.0,-0.09736697467360494,-0.014061075752680063,-0.11142805042628501,-0.5665833072522967
2021,00-0035973,P.Taylor,23.0,0.28852572000000004,0.012544596521739133,2.0,1.01779174,0.50889587,25.0,0.041433804070641185,-0.0001537752658961463,0.04128002880474504,0.4953603456569404
2021,00-0036020,S.Ahmed,54.0,-11.96486741,-0.2215716187037037,12.0,8.433515333,0.7027929444166667,66.0,-0.029778680375112495,0.02246192019356785,-0.007316760181544646,-0.03325800082520294
2021,00-0036223,J.Taylor,332.0,34.46919364286,0.10382287241825301,40.0,12.367272379,0.30918180947499996,372.0,0.9026546639350407,-0.08336256482546064,0.81929209910958,0.6607194347657903
2021,00-0036247,F.Swain,5.0,1.170081616,0.23401632320000001,25.0,27.836262407,1.11345049628,30.0,0.020136581207403973,0.14997595648283082,0.1701125376902348,1.701125376902348
2021,00-0036251,Z.Moss,97.0,-9.987105249,-0.10295984792783507,23.0,8.409522408399999,0.36563140906086955,120.0,0.062140242263838026,-0.0348848236140871,0.027255418649750923,0.06813854662437731
2021,00-0036252,M.Pittman,5.0,1.57396604,0.314793208,88.0,100.47019314,1.1417067402272727,93.0,0.024195721147102462,0.5529058137277052,0.5771015348748076,1.8616178544348632
2021,00-0036261,B.Aiyuk,5.0,-1.26473801,-0.252947602,65.0,77.1010720718,1.1861703395661538,70.0,-0.004333967797621155,0.43744291211767167,0.43310894432005054,1.8561811899430736
2021,00-0036265,A.Dillon,194.0,6.664939641809998,0.034355358978402056,34.0,19.230738685,0.5656099613235294,228.0,0.39201063668657055,0.016765509977252926,0.40877614666382345,0.5378633508734519
2021,00-0036268,L.Shenault,11.0,-1.25907428,-0.11446129818181819,63.0,46.126691113,0.7321697002063492,74.0,0.005775314483424413,0.1365254389534171,0.1423007534368415,0.5768949463655737
2021,00-0036271,Q.Watkins,1.0,-0.16650628,-0.16650628,45.0,54.690151325,1.2153366961111112,46.0,1.963445500894546e-06,0.3160359075223619,0.3160378709678628,2.0611165497904094
2021,00-0036275,D.Swift,151.0,-26.868200464,-0.17793510241059604,62.0,11.764515958999999,0.1897502574032258,213.0,-0.017047762784641318,-0.20363163606690116,-0.22067939885154247,-0.31081605472048235
2021,00-0036290,C.Kmet,1.0,-0.22224535,-0.22224535,60.0,30.9927713687,0.5165461894783333,61.0,-0.0005582282127905628,0.0,-0.0005582282127905628,-0.0027453846530683416
2021,00-0036309,D.Mooney,6.0,0.9643581100000003,0.1607263516666667,81.0,81.285621189,1.0035261875185184,87.0,0.019744401678030495,0.39643597830407024,0.4161803799821007,1.435104758558968
2021,00-0036328,A.Gibson,259.0,-24.129261390000003,-0.0931631713899614,42.0,9.7346863742,0.23177824700476193,301.0,0.19142174977166634,-0.12020355360693466,0.07121819616473168,0.07098159086185882
2021,00-0036331,D.Duvernay,7.0,2.46116308,0.3515947257142857,33.0,18.135364044,0.5495564861818182,40.0,0.03646306110343088,0.010948138605175888,0.04741119970860677,0.3555839978145508
2021,00-0036345,K.Osborn,1.0,0.5470397,0.5470397,50.0,51.817326873,1.03634653746,51.0,0.0071732798274104425,0.26120620501591296,0.2683794848433234,1.5787028520195496
2021,00-0036357,H.Ruggs,3.0,-1.1415737400000001,-0.38052458000000006,24.0,39.88889639,1.6620373495833334,27.0,-0.006446922728823952,0.27629937530170856,0.2698524525728846,2.998360584143162
2021,00-0036358,C.Lamb,10.0,4.280225506,0.4280225506,80.0,85.335627646,1.0666953455750001,90.0,0.05977127572134061,0.44233097977621455,0.5021022554975552,1.6736741849918506
2021,00-0036360,C.Edwards-Helaire,132.0,-6.246214427580001,-0.04731980626954546,21.0,7.070711162400001,0.3367005315428572,153.0,0.1583759037751633,-0.03795737504165828,0.12041852873350503,0.23611476222255887
2021,00-0036365,B.Edwards,1.0,-1.8314443,-1.8314443,37.0,41.899639418,1.132422686972973,38.0,-0.016731081981634786,0.2290194010784087,0.21228831909677393,1.6759604139218993
2021,00-0036370,J.Kelley,33.0,-15.074566674,-0.45680505072727273,5.0,2.53154894,0.506309788,38.0,-0.09621520061002828,-0.0005143920340870989,-0.09672959264411538,-0.7636546787693319
2021,00-0036383,E.Benjamin,38.0,-7.1622632920000004,-0.18848061294736843,8.0,5.59741344,0.69967668,46.0,-0.008317596628754951,0.014724059539430493,0.006406462910675542,0.04178127985223179
2021,00-0036387,J.Reagor,10.0,-1.5066255799999997,-0.15066255799999997,34.0,16.45591277,0.48399743441176474,44.0,0.0016119683243556824,-0.011122187660938004,-0.009510219336582321,-0.06484240456760673
2021,00-0036407,J.Jeudy,2.0,-0.8548271000000001,-0.42741355000000003,38.0,33.361479782,0.8779336784736843,40.0,-0.005240440345179116,0.13801733248063655,0.13277689213545743,0.9958266910159307
2021,00-0036414,C.Akers,72.0,-33.119086614,-0.45998731408333327,11.0,3.4187932,0.31079938181818184,83.0,-0.21222681739127222,-0.02274587823378559,-0.23497269562505782,-0.8492988998496066
2021,00-0036415,V.Jefferson,3.0,2.7552849000000004,0.9184283000000001,59.0,75.6063695529,1.2814638907271187,62.0,0.03271748571338711,0.453569290187722,0.48628677590110914,2.353000528553754
2021,00-0036425,D.Dallas,33.0,1.8919183880000001,0.057330860242424245,21.0,-0.8315177760000002,-0.03959608457142858,54.0,0.07430223719901695,-0.11737676135723618,-0.04307452415821923,-0.23930291199010684
2021,00-0036450,K.Vaughn,53.0,-5.106905345,-0.09635670462264152,6.0,1.9178765660000001,0.31964609433333335,59.0,0.037470168088934344,-0.011873372571557786,0.025596795517376557,0.13015319754598248
2021,00-0036457,T.Williams,35.0,-0.7304336600000001,-0.020869533142857145,9.0,3.90905073,0.43433897,44.0,0.05129772702469211,-0.007435828897537687,0.04386189812715442,0.29905839632150744
2021,00-0036555,C.Hubbard,172.0,-23.957440142,-0.1392874426860465,25.0,3.0260050200000004,0.12104020080000001,197.0,0.04738937109851568,-0.09937336398953098,-0.051983992891015296,-0.07916344095078472
2021,00-0036567,E.Mitchell,262.0,-30.0210876137,-0.11458430386908397,26.0,5.8835421619999995,0.22629008315384613,288.0,0.13723359605088262,-0.0758458167280067,0.06138777932287591,0.06394560346132908
2021,00-0036613,J.Waddle,2.0,1.02705889,0.513529445,104.0,80.194603387,0.7711019556442308,106.0,0.013672986689996764,0.2660683385050587,0.27974132519505546,0.7917207316841192
2021,00-0036650,L.Rountree,36.0,-10.20449331,-0.2834581475,1.0,-0.71819925,-0.71819925,37.0,-0.04224355947955573,-0.012409501904304857,-0.054653061383860585,-0.4431329301394102
2021,00-0036654,D.Felton,7.0,-2.5439199200000004,-0.3634171314285715,18.0,13.73095044,0.76283058,25.0,-0.013839280605111835,0.04455396009437187,0.030714679489260033,0.3685761538711204
2021,00-0036755,J.Patterson,68.0,-4.762396992,-0.07003524988235295,10.0,3.357304414,0.3357304414,78.0,0.06606346452521661,-0.018172436992797313,0.04789102753241929,0.1841962597400742
2021,00-0036857,C.Evans,19.0,0.9176814660000001,0.04829902452631579,16.0,14.79885776,0.92492861,35.0,0.041055403816275794,0.06566953495825796,0.10672493877453376,0.9147851894960036
2021,00-0036875,R.Stevenson,141.0,2.8644467794,0.020315225385815604,18.0,1.5711811880000002,0.08728784377777779,159.0,0.2650188785734151,-0.07765477610663317,0.18736410246678192,0.35351717446562625
2021,00-0036906,K.Herbert,103.0,-2.9851992734,-0.028982517217475728,14.0,0.4009968700000002,0.02864263357142859,117.0,0.14256351696297406,-0.06864974655976548,0.07391377040320858,0.18952248821335535
2021,00-0036924,M.Carter,24.0,2.0515455213299996,0.08548106338874999,3.0,-0.461030004,-0.153676668,27.0,0.060827989439056644,-0.0202077243460804,0.04062026509297624,0.4513362788108471
2021,00-0036924,Mi.Carter,124.0,-8.43768775067,-0.06804586895701613,33.0,14.095281589999999,0.42712974515151514,157.0,0.12294789909467374,-0.029655705153618084,0.09329219394105566,0.1782653387408707
2021,00-0036936,R.Moore,18.0,-0.16007384000000013,-0.008892991111111118,59.0,19.2173760735,0.3257182385338983,77.0,0.0285482988029357,-0.11315426236906197,-0.08460596356612626,-0.3296336242836088
2021,00-0036980,E.Moore,5.0,5.48785973,1.097571946,43.0,41.06268284,0.9549461125581395,48.0,0.06353133612197684,0.18945926324051926,0.2529905993624961,1.5811912460156008
2021,00-0036984,T.Sermon,41.0,-1.676432842,-0.04088860590243903,3.0,2.03639927,0.6787997566666667,44.0,0.051842557928853256,0.004892067352412062,0.05673462528126532,0.38682699055408176
2021,00-0036988,J.Palmer,1.0,0.2198339,0.2198339,33.0,30.798747375,0.933295375,34.0,0.00388477932489788,0.13821832283633168,0.14210310216122957,1.253850901422614
2021,00-0036997,J.Williams,203.0,-17.2622946676,-0.0850359343231527,43.0,13.40863225,0.31182865697674417,246.0,0.16661446056632986,-0.08847089344289782,0.07814356712343204,0.09529703307735614
2022,00-0027944,J.Jones,5.0,3.1908538,0.6381707600000001,31.0,29.345970653,0.9466442146129032,36.0,0.040445849388308495,0.13400038974041875,0.17444623912872725,1.4537186594060605
2022,00-0027966,M.Ingram,64.0,-10.923761981599998,-0.17068378096249998,16.0,-7.0661576816,-0.4416348551,80.0,-0.0025613752829176037,-0.1540793639522948,-0.1566407392352124,-0.5874027721320465
2022,00-0029239,B.Bolden,17.0,-6.2846458235,-0.36968504844117644,9.0,1.023150254,0.11368336155555554,26.0,-0.03468058186367071,-0.0364398537819598,-0.0711204356456305,-0.8206204112957366
2022,00-0029892,K.Juszczyk,8.0,2.70421174,0.3380264675,20.0,11.7698247685,0.588491238425,28.0,0.04058115459918304,0.014461316371189276,0.05504247097037231,0.5897407603968462
2022,00-0030035,A.Thielen,1.0,-0.13352352,-0.13352352,73.0,58.404936931,0.8000676291917809,74.0,0.0003334484706265227,0.20801070451338366,0.20834415298401018,0.8446384580432846
2022,00-0030068,M.Goodwin,2.0,-0.50995614,-0.25497807,27.0,35.9397685329,1.3311025382555555,29.0,-0.0017744005461841404,0.22103539112547738,0.21926099057929324,2.268217143923723
2022,00-0030288,R.Burkhead,26.0,-6.809742812,-0.26191318507692307,37.0,-3.6065931979999997,-0.09747549183783782,63.0,-0.024879397974765682,-0.22832967043917926,-0.25320906841394497,-1.2057574686378332
2022,00-0030513,L.Murray,172.0,-4.875464257700001,-0.028345722428488377,27.0,-4.558053531,-0.16881679744444444,199.0,0.2391680232020333,-0.1859778959488945,0.05319012725313879,0.08018612148714391
2022,00-0030578,C.Patterson,144.0,-0.25217041199999923,-0.0017511834166666614,21.0,0.4262925900000001,0.020299647142857147,165.0,0.23872227291594791,-0.1047354511461809,0.133986821769767,0.24361240321775818
2022,00-0031236,B.Cooks,2.0,-0.502822342,-0.251411171,57.0,54.827068107,0.9618783878421053,59.0,-0.0017027040838725825,0.25511492770587946,0.2534122236220069,1.2885367302813908
2022,00-0031381,D.Adams,3.0,-3.83047974,-1.27682658,100.0,129.569760729,1.29569760729,103.0,-0.033471103633346565,0.7830667515695142,0.7495956479361676,2.1832882949597114
2022,00-0031687,R.Mostert,181.0,-0.9878382092599998,-0.005457669664419888,31.0,12.72991484,0.41064241419354836,212.0,0.2933181823365665,-0.03299514606862647,0.26032303626794,0.3683816550961415
2022,00-0031763,D.Carter,2.0,-3.1077725999999997,-1.5538862999999998,48.0,41.79705333,0.8707719443749999,50.0,-0.02788310868688765,0.1708827762315578,0.14299966754467014,0.8579980052680208
2022,00-0032104,A.Abdullah,4.0,-0.31180926600000003,-0.07795231650000001,25.0,5.8631547500000005,0.23452619000000002,29.0,0.0035678121136618695,-0.07085929635134003,-0.06729148423767815,-0.6961188024587396
2022,00-0032144,M.Gordon,90.0,-29.615229254,-0.3290581028222222,25.0,6.53903096,0.2615612384,115.0,-0.1468550894426079,-0.0640665706226968,-0.2109216600653047,-0.5502304175616645
2022,00-0032398,C.Moore,3.0,-1.9480106799999999,-0.6493368933333333,48.0,34.309186292999996,0.7147747144375,51.0,-0.014551816598170684,0.0956278311360804,0.0810760145379097,0.47691773257593945
2022,00-0032464,K.Raymond,7.0,2.29914021,0.3284486014285714,47.0,36.7260283044,0.7814048575404257,54.0,0.03483469055066706,0.12510911958711898,0.15994381013778605,0.8885767229877003
2022,00-0032602,J.McKissic,22.0,-3.983118939,-0.18105086086363636,27.0,4.588058431,0.16992809003703704,49.0,-0.003172691425110972,-0.09405717271271356,-0.09722986413782453,-0.5952848824764767
2022,00-0032975,J.Williams,37.0,-7.741189834,-0.20922134686486488,7.0,-1.3076985799999998,-0.18681408285714282,44.0,-0.01581134723003474,-0.04948263222460637,-0.0652939794546411,-0.44518622355437115
2022,00-0033040,T.Hill,9.0,1.7955947199999998,0.19951052444444442,126.0,134.6640058666,1.0687619513222222,135.0,0.033124718647699,0.6992883014304522,0.7324130200781511,1.6275844890625581
2022,00-0033118,K.Drake,109.0,-12.4995596432,-0.1146748591119266,17.0,3.6335364317999996,0.21373743716470586,126.0,0.05699416507517541,-0.051736168737001674,0.005257996338173733,0.01251903890041365
2022,00-0033282,C.Samuel,38.0,-2.2834939380000003,-0.060091945736842116,64.0,53.482411375,0.835662677734375,102.0,0.040715261200390776,0.2052608567677052,0.245976117968096,0.7234591704944
2022,00-0033288,G.Kittle,1.0,-0.048119828,-0.048119828,70.0,81.07098116,1.1581568737142858,71.0,0.0011917770334405932,0.4513844009700168,0.4525761780034574,1.9122937098737636
2022,00-0033293,A.Jones,213.0,12.084998143300002,0.05673708048497653,59.0,5.475134101000001,0.09279888306779663,272.0,0.4783160609600322,-0.2512672470173032,0.22704881394272902,0.25042148596624525
2022,00-0033308,M.Breida,61.0,2.7019509260000003,0.04429427747540984,21.0,4.220574276000001,0.20097972742857145,82.0,0.12935428279867014,-0.06660196686477386,0.06275231593389628,0.22958164366059616
2022,00-0033466,I.McKenzie,10.0,1.9039958599999998,0.19039958599999998,44.0,41.43868301,0.9417882502272726,54.0,0.03588957073641598,0.18804674043169178,0.22393631116810775,1.2440906176005986
2022,00-0033526,S.Perine,110.0,-2.8446277572999987,-0.025860252339090898,46.0,14.510469279,0.315444984326087,156.0,0.15570404978600294,-0.09297141142716916,0.06273263835883378,0.12063968915160342
2022,00-0033553,J.Conner,183.0,-2.47490745,-0.013524084426229507,46.0,8.676400357,0.1886173990652174,229.0,0.2817235496221411,-0.15160526993973197,0.1301182796824091,0.17046062840490275
2022,00-0033572,J.Agnew,13.0,5.742068846,0.4416976035384615,26.0,8.250537111,0.31732835042307694,39.0,0.07948934877141113,-0.05205692276820769,0.02743242600320344,0.2110186615631034
2022,00-0033699,A.Ekeler,217.0,-3.4885056031,-0.016076062687096774,109.0,23.969521279000002,0.21990386494495415,326.0,0.328500008949071,-0.3249649585340535,0.0035350504150175044,0.0032531138788504644
2022,00-0033854,D.Ogunbowale,43.0,-7.219083905,-0.1678856722093023,20.0,1.8188586210000004,0.09094293105000002,63.0,-0.0005116910896926813,-0.08554839365393635,-0.08606008474362903,-0.40980992735061444
2022,00-0033856,L.Fournette,194.0,-39.1293581601,-0.20169772247474224,74.0,21.491265701,0.290422509472973,268.0,-0.06823356232760026,-0.1681723851296147,-0.23640594745721494,-0.26463352327300177
2022,00-0033858,J.Smith,1.0,0.70299894,0.70299894,27.0,12.642981690000001,0.4682585811111111,28.0,0.008740709375149135,-0.013103170109698482,-0.004362460734549347,-0.046740650727314426
2022,00-0033881,E.Engram,2.0,0.4720289499999999,0.23601447499999995,85.0,69.389132796,0.8163427387764706,87.0,0.008094796338237968,0.25610760492805695,0.2642024012662949,0.9110427629872238
2022,00-0033885,D.Njoku,2.0,-2.4825748,-1.2412874,58.0,49.2298124807,0.8487898703568966,60.0,-0.021599713712013285,0.1936696833261977,0.17206996961418441,0.8603498480709221
2022,00-0033891,Z.Jones,4.0,0.51866567,0.1296664175,95.0,87.052219461,0.9163391522210527,99.0,0.01191429388250609,0.3817118739754607,0.3936261678579668,1.192806569266566
2022,00-0033893,D.Cook,279.0,-49.5066233797,-0.17744309455089607,45.0,13.779490775,0.30621090611111107,324.0,-0.030119246541431357,-0.0951265100655779,-0.12524575660700926,-0.1159682931546382
2022,00-0033895,G.Everett,1.0,-0.5668091,-0.5668091,64.0,52.963995149,0.827562424203125,65.0,-0.004021180474097095,0.20005064344107204,0.19602946296697493,0.9047513675398843
2022,00-0033906,A.Kamara,223.0,-41.0502372503,-0.18408178139147982,57.0,11.891922422,0.20863021792982456,280.0,-0.03895247135480804,-0.17639407415341707,-0.2153465455082251,-0.23072844161595546
2022,00-0033908,C.Kupp,9.0,1.3107369303,0.1456374367,75.0,61.354049249,0.8180539899866667,84.0,0.028251776037648755,0.22726718631281412,0.2555189623504629,0.9125677226802247
2022,00-0033921,C.Godwin,3.0,-1.5077545099999998,-0.5025848366666666,114.0,73.270124983,0.6427203945877193,117.0,-0.01012713147254254,0.1445614008288443,0.13443426935630176,0.3447032547597481
2022,00-0033923,K.Hunt,123.0,-11.557620588199999,-0.09396439502601625,35.0,2.966013649,0.08474324711428571,158.0,0.08991639677952463,-0.1518904822386097,-0.061974085459085074,-0.11767231416281976
2022,00-0033925,D.Foreman,204.0,4.0350435322,0.019779625157843136,5.0,-0.16401956499999992,-0.03280391299999998,209.0,0.3823334539595694,-0.027605532787855946,0.3547279211717135,0.5091788342177705
2022,00-0033948,Ja.Williams,263.0,-24.973521614000003,-0.09495635594676807,12.0,0.7767974460000002,0.06473312050000002,275.0,0.18963829597578047,-0.054490018369246225,0.13514827760653425,0.14743448466167372
2022,00-0034115,J.Wilson,186.0,4.670343079000001,0.025109371392473125,23.0,9.94681948,0.4324704121739131,209.0,0.35856129291341765,-0.019434601788961458,0.3391266911244562,0.4867847241020902
2022,00-0034184,G.Edwards,99.0,1.2243352130000011,0.012367022353535364,1.0,1.3748974,1.3748974,100.0,0.17816882264227704,0.008626645331876048,0.18679546797415308,0.5603864039224593
2022,00-0034208,M.Boone,24.0,-3.690219866,-0.15375916108333335,9.0,1.4729521625000004,0.16366135138888893,33.0,0.0031218046417702114,-0.031919231585979896,-0.028797426944209684,-0.26179479040190623
2022,00-0034253,D.Hilliard,22.0,0.6072782530000002,0.02760355695454546,21.0,10.266633038,0.48888728752380956,43.0,0.042961953720617674,-0.005837557196432148,0.037124396524185525,0.2590074176105967
2022,00-0034270,T.Conklin,2.0,1.25727224,0.62863612,58.0,40.838760369858,0.704116558101,60.0,0.015986688700047016,0.10933750130768514,0.12532419000773215,0.6266209500386608
2022,00-0034272,M.Valdes-Scantling,1.0,-1.0038338,-1.0038338,49.0,68.45266534699999,1.3969931703469387,50.0,-0.0084133885142981,0.43358695540262976,0.42517356688833163,2.55104140132999
2022,00-0034279,E.St. Brown,6.0,1.3262879099999998,0.22104798499999997,21.0,26.053539364,1.2406447316190476,27.0,0.023381887105166175,0.15282481793924624,0.1762067050444124,1.9578522782712489
2022,00-0034286,R.James,2.0,-0.55331953,-0.276659765,68.0,48.5908006312,0.7145705975176471,70.0,-0.0022102135110082612,0.13533326378566166,0.1331230502746534,0.5705273583199432
2022,00-0034301,D.Williams,21.0,4.09910941,0.19519568619047617,4.0,-1.61306281,-0.4032657025,25.0,0.07638034079772985,-0.03697736249159129,0.03940297830613856,0.47283573967366266
2022,00-0034367,N.Hines,24.0,-13.29809487,-0.55408728625,32.0,17.104962817,0.53453008803125,56.0,-0.09343975318737552,0.005783766368777234,-0.08765598681859829,-0.46958564367106226
2022,00-0034414,B.Scott,69.0,-1.1378713346000002,-0.01649088890724638,6.0,-2.55595824,-0.42599304,75.0,0.1041662514621748,-0.05683653645095477,0.04732971501122003,0.18931886004488013
2022,00-0034440,J.Jackson,43.0,-10.846264288,-0.25223870437209306,12.0,8.125545353,0.6771287794166666,55.0,-0.03696576529069773,0.019366744515175876,-0.01759902077552185,-0.09599465877557373
2022,00-0034521,A.Lazard,2.0,-4.00390172,-2.00195086,60.0,74.6844678959,1.2447411315983332,62.0,-0.036889431500958005,0.43911252791155775,0.4022230964105997,1.9462407890835471
2022,00-0034646,B.Powell,17.0,1.5780483710000004,0.0928263747647059,24.0,6.48151346,0.27006306083333337,41.0,0.04434147034235943,-0.059453216959597974,-0.01511174661723854,-0.11057375573589176
2022,00-0034681,C.Edmonds,68.0,-15.705972063499999,-0.23097017740441175,16.0,11.5121184257,0.71950740160625,84.0,-0.04392221458533615,0.032636978834639875,-0.011285235750696274,-0.04030441339534384
2022,00-0034750,R.Penny,57.0,13.1444891893,0.23060507349649123,4.0,1.6391497959999999,0.40978744899999997,61.0,0.22760284251716908,-0.004291808662445561,0.22331103385472353,1.0982509861707714
2022,00-0034753,M.Andrews,4.0,2.64139256,0.66034814,78.0,75.403363195,0.966709784551282,82.0,0.033248232475470915,0.35289206447929644,0.38614029695476737,1.4127084034930515
2022,00-0034791,N.Chubb,303.0,14.278026904299999,0.047122201004290425,27.0,14.078553209999999,0.5214278966666667,330.0,0.6511419565928012,0.0013246843626633243,0.6524666409554645,0.593151491777695
2022,00-0034827,D.Moore,10.0,1.8353157199999999,0.18353157199999998,63.0,81.72860016999999,1.2972793677777776,73.0,0.035199318073099395,0.4943335701795477,0.5295328882526471,2.1761625544629335
2022,00-0034838,R.Freeman,41.0,-15.424119704,-0.37619804156097564,6.0,-0.10284904500000008,-0.017141507500000014,47.0,-0.08632514922692565,-0.03218217268211055,-0.1185073219090362,-0.756429714312997
2022,00-0034844,S.Barkley,313.0,-13.836461464300001,-0.04420594717028754,64.0,13.803178566,0.21567466509375,377.0,0.3853382184990664,-0.19352540261922946,0.19181281587983695,0.1526361930078278
2022,00-0034845,S.Michel,36.0,-2.8089803,-0.07802723055555555,9.0,1.71998988,0.19110998666666668,45.0,0.032083204440042264,-0.029436440455326632,0.002646763984715632,0.017645093231437547
2022,00-0034928,S.Sims,13.0,2.04482273,0.15729405615384615,14.0,3.594159516,0.2567256797142857,27.0,0.04233109634930057,-0.036557659665293125,0.005773436684007448,0.06414929648897164
2022,00-0034972,A.Mattison,74.0,0.38258465360000016,0.005170062886486489,16.0,5.6637286,0.3539830375,90.0,0.12782418314395064,-0.026140808358324955,0.10168337478562568,0.33894458261875227
2022,00-0034975,J.Hill,49.0,-3.1859813470000002,-0.06502002748979592,14.0,1.9589309499999998,0.13992363928571427,63.0,0.0500743633320564,-0.05299211761504188,-0.002917754282985477,-0.013894068014216556
2022,00-0035140,M.Hardman,6.0,2.9476913500000004,0.49128189166666675,27.0,26.98799568,0.9995553955555556,33.0,0.03967739906496517,0.13106782476467338,0.17074522382963855,1.5522293075421687
2022,00-0035208,O.Zaccheaus,2.0,-0.4712316,-0.2356158,40.0,39.419640326,0.98549100815,42.0,-0.0013852091894002206,0.188520530119263,0.1871353209298628,1.3366808637847343
2022,00-0035216,D.Johnson,7.0,0.424014866,0.06057355228571428,86.0,62.347016664,0.7249653100465117,93.0,0.01598920970644596,0.18014114943581244,0.1961303591422584,0.6326785778782529
2022,00-0035243,M.Sanders,295.0,12.1007398832,0.04101945723118644,21.0,-8.39293509,-0.39966357571428573,316.0,0.6158565278117086,-0.19337090521653266,0.42248562259517597,0.4010939455017493
2022,00-0035261,T.Pollard,214.0,2.536469060999999,0.011852659163551398,44.0,22.595304334,0.5135296439545455,258.0,0.38402633795025676,-0.0013339497793634616,0.3826923881708933,0.44499114903592246
2022,00-0035500,G.Dortch,7.0,1.9678937900000002,0.28112768428571433,52.0,23.68798607,0.4555381936538462,59.0,0.031505580801923345,-0.03188357570726966,-0.00037799490534631136,-0.001922007993286329
2022,00-0035535,D.Slayton,1.0,-0.340609,-0.340609,51.0,63.660765033000004,1.248250294764706,52.0,-0.0017478126349011155,0.3750443152724121,0.373296502637511,2.1536336690625637
2022,00-0035537,T.Johnson,30.0,-4.0942811755,-0.13647603918333334,12.0,1.2514028000000001,0.10428356666666667,42.0,0.009113247329850957,-0.04972011531396985,-0.040606867984118895,-0.2900490570294207
2022,00-0035567,C.Reynolds,23.0,-4.2502591488300006,-0.184793876036087,9.0,6.50879415,0.72319935,32.0,-0.004182124259308578,0.018692245675326638,0.014510121416018061,0.13603238827516934
2022,00-0035594,T.Homer,19.0,-2.41904000426,-0.12731789496105264,16.0,-3.2063340749999996,-0.20039587968749997,35.0,0.007520514667934081,-0.11528716690103852,-0.10776665223310444,-0.923714161998038
2022,00-0035639,P.Campbell,5.0,2.29286612,0.45857322399999995,63.0,44.942634923,0.7133751575079365,68.0,0.031420847579263264,0.1246253767423618,0.15604622432162507,0.688439224948346
2022,00-0035657,D.Harris,106.0,-3.716081038,-0.03505736828301887,17.0,1.4758889859999997,0.08681699917647057,123.0,0.14024415177585864,-0.0734210676897655,0.06682308408609314,0.16298313191730032
2022,00-0035659,T.McLaurin,7.0,1.2876103300000001,0.18394433285714287,77.0,96.7925422155,1.2570460027987014,84.0,0.024668561103430884,0.5730501067906366,0.5977186678940675,2.134709528193098
2022,00-0035662,M.Brown,1.0,-0.22807595,-0.22807595,67.0,57.679306783,0.8608851758656717,68.0,-0.000616827207765437,0.23186645314524296,0.23124962593747753,1.0202189379594597
2022,00-0035664,D.Henderson,70.0,1.4412579519999997,0.02058939931428571,17.0,2.297693849,0.13515846170588233,87.0,0.13176254221018827,-0.06516172233298158,0.06660081987720669,0.22965799957657476
2022,00-0035700,J.Jacobs,341.0,-1.6810847119,-0.004929867190322581,53.0,9.690095555000001,0.1828319916037736,394.0,0.5544138240424383,-0.17775731143067,0.37665651261176836,0.2867942989429708
2022,00-0035806,J.Hasty,50.0,-5.686949257,-0.11373898514,21.0,9.49766926,0.4522699647619048,71.0,0.026614400847909052,-0.013565836372311547,0.013048564475597504,0.05513477947435565
2022,00-0035831,J.Robinson,110.0,-14.6885692045,-0.13353244731363637,11.0,3.15755836,0.28705076,121.0,0.0366694623769577,-0.025371354012680064,0.011298108364277637,0.02801183891969662
2022,00-0036158,J.Dobbins,105.0,8.33576754834,0.07938826236514286,11.0,6.288059376,0.5716417614545454,116.0,0.25969286477598585,0.006090967756164148,0.26578383253215,0.6873719806865948
2022,00-0036223,J.Taylor,192.0,-28.654806992999998,-0.149243786421875,28.0,0.4967311859999999,0.017740399499999997,220.0,0.03368752190803107,-0.14036745848636514,-0.10667993657833408,-0.14547264078863736
2022,00-0036232,H.Bryant,1.0,0.91342455,0.91342455,31.0,13.199013169,0.4257746183548387,32.0,0.010855539626405416,-0.0282805899982747,-0.017425050371869283,-0.16335984723627453
2022,00-0036233,D.Peoples-Jones,1.0,-0.38478002,-0.38478002,61.0,62.7963853616,1.0294489403540985,62.0,-0.0021917424841473468,0.31444289249670027,0.31225115001255294,1.5108926613510627
2022,00-0036251,Z.Moss,93.0,-10.213958249,-0.10982750805376343,11.0,-1.5864644250000004,-0.14422403863636368,104.0,0.053158739034598286,-0.07304997496745394,-0.019891235932855654,-0.05737856519092977
2022,00-0036252,M.Pittman,3.0,1.50960652,0.5032021733333333,99.0,68.621725313,0.6931487405353535,102.0,0.02019810500986952,0.1757151010517085,0.19591320606157803,0.5762153119458178
2022,00-0036261,B.Aiyuk,2.0,1.52363285,0.761816425,84.0,84.150227777,1.0017884259166667,86.0,0.018663679755323397,0.4096517372946734,0.4283154170499968,1.4941235478488262
2022,00-0036265,A.Dillon,186.0,2.2796681499000013,0.012256280375806458,28.0,6.385820048,0.22806500171428573,214.0,0.3345344092038699,-0.08118063575269681,0.2533537734511731,0.35516884128669124
2022,00-0036268,L.Shenault,9.0,2.48449468,0.27605496444444444,27.0,14.694134768,0.5442272136296297,36.0,0.040048336336141216,0.007511433689296501,0.047559770025437716,0.39633141687864765
2022,00-0036271,Q.Watkins,3.0,-2.69357208,-0.89785736,34.0,14.173976179999999,0.4168816523529411,37.0,-0.02204489599515561,-0.03405622374134005,-0.05610111973649566,-0.4548739438094243
2022,00-0036275,D.Swift,100.0,6.569174538,0.06569174538,48.0,21.858283376,0.45538090366666667,148.0,0.23356119417823018,-0.02950687154733667,0.20405432263089351,0.41362362695451393
2022,00-0036290,C.Kmet,2.0,1.13863644,0.56931822,50.0,42.853688444,0.85707376888,52.0,0.014794369102057066,0.17111938663400333,0.1859137557360604,1.072579360015733
2022,00-0036309,D.Mooney,1.0,-0.6093796,-0.6093796,40.0,37.397421909,0.9349355477250001,41.0,-0.004449024695202623,0.1681967269333334,0.1637477022381308,1.1981539188155912
2022,00-0036328,A.Gibson,149.0,-15.6892929182,-0.10529726790738254,46.0,16.144641377,0.3509704647173913,195.0,0.0919522800308896,-0.07654757124626466,0.015404708784624938,0.02369955197634606
2022,00-0036331,D.Duvernay,12.0,5.4537337500000005,0.4544778125,37.0,31.108848449,0.8407796878108108,49.0,0.07491611521535747,0.1205692405859464,0.19548535580130388,1.19684911715084
2022,00-0036345,K.Osborn,3.0,3.17750035,1.0591667833333334,62.0,60.871339393,0.9817957966612904,65.0,0.03696085707017102,0.2899042778426466,0.32686513491281766,1.5086083149822351
2022,00-0036358,C.Lamb,12.0,1.3837249999999999,0.11531041666666665,121.0,131.0983740336,1.0834576366413224,133.0,0.034011504662593645,0.6894099005700671,0.7234214052326607,1.6317776057879567
2022,00-0036360,C.Edwards-Helaire,71.0,1.9969227654999995,0.028125672753521118,17.0,17.10709477,1.0062996923529413,88.0,0.13902250659538762,0.08367647787807372,0.22269898447346134,0.7592010834322546
2022,00-0036370,J.Kelley,76.0,0.8521501190000005,0.01121250156578948,15.0,3.8905273654999997,0.2593684910333333,91.0,0.13589422084299263,-0.03877050730326633,0.09712371353972629,0.3201880666144823
2022,00-0036383,E.Benjamin,78.0,-0.872640412,-0.011187697589743589,25.0,8.859363614,0.35437454455999995,103.0,0.12191042943248687,-0.040746644451842555,0.0811637849806443,0.23639937373003195
2022,00-0036407,J.Jeudy,4.0,1.50155,0.3753875,67.0,79.66414216999999,1.1890170473134327,71.0,0.0217925283548679,0.4528195726125795,0.4746121009674474,2.0054032435244253
2022,00-0036414,C.Akers,188.0,-13.247174834299999,-0.07046369592712766,13.0,7.15809265,0.5506225115384615,201.0,0.181836522786329,0.004452182781725296,0.1862887055680543,0.2780428441314243
2022,00-0036425,D.Dallas,41.0,1.5308246923,0.03733718761707317,17.0,2.531545616,0.14891444799999998,58.0,0.08407630199216984,-0.06281145331790619,0.021264848674263648,0.10999059659101887
2022,00-0036493,D.Jackson,68.0,-15.613186167,-0.2296056789264706,30.0,2.0387986800000006,0.06795995600000002,98.0,-0.04298969301247184,-0.1352521306969849,-0.17824182370945674,-0.5456382358452757
2022,00-0036555,C.Hubbard,95.0,1.7931845384999998,0.01887562672105263,14.0,4.082709907000001,0.2916221362142858,109.0,0.17718432770951967,-0.031647605484388594,0.1455367222251311,0.4005597859407278
2022,00-0036567,E.Mitchell,68.0,2.6356645650000003,0.03875977301470589,5.0,3.35393863,0.670787726,73.0,0.14041584198250306,0.007750830980988278,0.14816667296349134,0.6089041354664029
2022,00-0036569,G.Brightwell,32.0,-4.8130324,-0.1504072625,5.0,3.71538576,0.743077152,37.0,0.0052404037233653115,0.011383465453350086,0.0166238691767154,0.1347881284598546
2022,00-0036613,J.Waddle,4.0,3.83581656,0.95895414,78.0,113.96774014,1.4611248735897437,82.0,0.04525249378200358,0.7404737423184926,0.7857262361004962,2.874608180855474
2022,00-0036637,N.Gray,2.0,-0.17541600000000002,-0.08770800000000001,31.0,21.76399978,0.702064509032258,33.0,0.0015878119161274172,0.05779967744896147,0.05938748936508889,0.5398862669553536
2022,00-0036829,C.Huntley,76.0,3.980997195,0.052381542039473684,2.0,-0.76454365,-0.382271825,78.0,0.167339920099274,-0.018066693758358458,0.14927322634091555,0.574127793618906
2022,00-0036849,T.Atwell,9.0,-0.2937462700000002,-0.03263847444444447,18.0,20.909338250999998,1.1616299028333332,27.0,0.012126316738151267,0.11669856120994973,0.128824877948101,1.4313875327566776
2022,00-0036862,B.Skowronek,1.0,1.9739485,1.9739485,39.0,20.4710974,0.5248999333333334,40.0,0.02151407178720944,0.003274331762261344,0.024788403549470782,0.18591302662103087
2022,00-0036875,R.Stevenson,210.0,-9.571354916,-0.045577880552380955,69.0,7.5160063599999996,0.10892762840579709,279.0,0.25563809123357983,-0.2826701579296985,-0.027032066696118684,-0.029066738382923313
2022,00-0036876,K.Granson,1.0,-1.7525789,-1.7525789,31.0,17.952853439000002,0.579124304483871,32.0,-0.01593846489620765,0.019496699147453948,0.0035582342512462985,0.03335844610543405
2022,00-0036906,K.Herbert,129.0,1.171967517000001,0.009085019511627915,9.0,1.31034732,0.14559414666666667,138.0,0.2279043159972536,-0.03355345110859296,0.19435086488866066,0.42250188019274054
2022,00-0036924,Mi.Carter,114.0,-21.690917082000002,-0.19027120247368423,41.0,7.45594706,0.18185236731707316,155.0,-0.027004319594807584,-0.13791403727247906,-0.16491835686728665,-0.31919681974313546
2022,00-0036936,R.Moore,6.0,-7.555139840000001,-1.2591899733333334,41.0,25.167905026,0.613851342097561,47.0,-0.06587869329684388,0.04009559052651593,-0.025783102770327956,-0.16457299640634865
2022,00-0036950,A.Williams,22.0,0.22057751700000025,0.010026250772727284,13.0,0.4778237700000001,0.03675567461538462,35.0,0.03907551416282873,-0.06268619792179228,-0.023610683758963552,-0.20237728936254473
2022,00-0036973,T.Etienne,251.0,-2.1878249254,-0.008716433965737052,39.0,14.113182296,0.36187646912820515,290.0,0.39853555200263413,-0.06062431249904521,0.3379112395035889,0.3495633512106093
2022,00-0036980,E.Moore,5.0,-1.07694134,-0.21538826800000002,37.0,36.36480709,0.982832624054054,42.0,-0.002446564079028191,0.17339294552061976,0.17094638144159158,1.2210455817256542
2022,00-0036988,J.Palmer,1.0,0.7268567,0.7268567,74.0,64.267952616,0.8684858461621622,75.0,0.008980485857561196,0.2617440662774205,0.27072455213498164,1.0828982085399266
2022,00-0036997,J.Williams,47.0,-6.311366378000001,-0.13428439102127662,16.0,-0.2082656770000002,-0.013016604812500013,63.0,0.015312671707386255,-0.08515582621762144,-0.06984315451023518,-0.33258645004873894
2022,00-0037087,T.Ebner,24.0,-8.353469511,-0.348061229625,2.0,-0.049737761,-0.0248688805,26.0,-0.04374502596124487,-0.010882714974438861,-0.05462774093568373,-0.6303200877194277
2022,00-0037157,Z.Knight,85.0,-13.835011487600001,-0.16276484103058825,13.0,4.70918041,0.36224464692307695,98.0,0.0033630970122996494,-0.020160000534857614,-0.016796903522557964,-0.05141909241599377
2022,00-0037197,I.Pacheco,207.0,-1.8224609390000004,-0.008804159125603866,19.0,10.984440037,0.578128423,226.0,0.32849024247496655,0.011759421476499167,0.3402496639514657,0.4516588459532731
2022,00-0037228,J.Warren,77.0,8.390191228,0.10896352244155845,28.0,15.071776146,0.5382777195,105.0,0.2133288213638704,0.006115405433232846,0.21944422679710326,0.6269835051345808
2022,00-0037247,G.Pickens,3.0,2.083654,0.6945513333333334,52.0,70.550492733,1.3567402448653847,55.0,0.025967426416904693,0.439096390755042,0.46506381717194667,2.5367117300288
2022,00-0037248,J.Cook,106.0,2.369750027,0.022356132330188676,21.0,14.65567848,0.6978894514285715,127.0,0.2014082830823913,0.03827345227090455,0.23968173535329584,0.5661773276062106
2022,00-0037256,R.White,137.0,-16.368056736,-0.11947486668613139,54.0,17.37549795,0.32176848055555557,191.0,0.0650258123753311,-0.1057085053450251,-0.040682692969694,-0.06389951775344607
2022,00-0037258,D.Pierce,220.0,-27.940390254199997,-0.12700177388272726,30.0,2.3566969984999995,0.07855656661666664,250.0,0.0877786047016541,-0.13205717272211057,-0.04427856802045646,-0.05313428162454775
2022,00-0037263,T.Allgeier,211.0,11.342579270999998,0.05375629986255923,16.0,7.972634620000001,0.49828966375000006,227.0,0.4675037779655129,-0.002935722730184241,0.4645680552353287,0.6139665928220203
2022,00-0037299,K.Ingram,27.0,-9.23134564,-0.3419016903703704,4.0,-2.69168636,-0.67292159,31.0,-0.047541721443837656,-0.047817800180033496,-0.09535952162387115,-0.9228340802310112
2022,00-0037429,R.Blackshear,23.0,1.2698183849999998,0.05520949499999999,10.0,4.016027136,0.4016027136,33.0,0.05129604190983716,-0.01155210812847571,0.03974393378136145,0.3613084889214678
2022,00-0037525,J.Mason,45.0,2.8129210000000007,0.06250935555555558,0.0,0.0,0.0,45.0,0.10366326560030409,-0.0,0.10366326560030409,0.6910884373353606
2022,00-0037545,R.Shaheed,4.0,4.58333297,1.1458332425,28.0,37.423429235,1.3365510441071429,32.0,0.05276522152069704,0.2307551349709213,0.28352035649161833,2.658003342108922
2022,00-0037563,M.Davis,38.0,-3.5022022964999997,-0.09216321832894736,6.0,8.344722599999999,1.3907870999999998,44.0,0.028466935989335508,0.052718044855577885,0.08118498084491339,0.5535339603062277
2022,00-0037617,H.Haskins,25.0,-2.4526689725,-0.09810675890000001,11.0,-3.16580484,-0.28780044,36.0,0.017234895459130404,-0.08892274295740367,-0.07168784749827327,-0.5973987291522773
2022,00-0037740,G.Wilson,4.0,-2.2660021,-0.566500525,83.0,89.560393417,1.0790408845421686,87.0,-0.016072316871262756,0.46921668030450586,0.4531443634332431,1.5625667704594588
2022,00-0037741,J.Dotson,2.0,-1.7796099,-0.88980495,35.0,52.34862824,1.4956750925714284,37.0,-0.014534739842666553,0.3444172020930485,0.3298824622503819,2.6747226668949886
2022,00-0037742,T.Burks,4.0,3.63971946,0.909929865,33.0,35.52120606,1.0764001836363635,37.0,0.043281668656375435,0.1856802191679899,0.22896188782436533,1.8564477391164758
2022,00-0037746,B.Robinson,205.0,-6.2353969595,-0.030416570534146342,9.0,3.316311118,0.3684790131111111,214.0,0.28078833990054775,-0.013393010927688444,0.2673953289728593,0.37485326491522325
2022,00-0037809,C.Okonkwo,3.0,-3.17489774,-1.0582992466666667,32.0,32.311735693,1.00974174040625,35.0,-0.026882339814251085,0.15861565456978227,0.13173331475553118,1.129142697904553
2022,00-0037816,R.Doubs,1.0,0.5182847,0.5182847,42.0,24.880719646,0.5923980868095238,43.0,0.006884284852536071,0.03201788631065326,0.038902171163189336,0.2714104964873675
2022,00-0037827,T.Davis-Price,34.0,-13.53276112,-0.39802238588235295,0.0,0.0,0.0,34.0,-0.07904427400874849,-0.0,-0.07904427400874849,-0.6974494765477808
2022,00-0037840,K.Williams,35.0,-4.252235499999999,-0.12149244285714283,9.0,4.46753106,0.49639234,44.0,0.01590273365785795,-0.0018229612593467324,0.014079772398511218,0.0959984481716674
2022,00-0038090,S.Moore,5.0,1.11300882,0.22260176399999998,27.0,23.04121277,0.8533782507407408,32.0,0.019562985267705477,0.09140166486517591,0.11096465013288138,1.040293594995763
2022,00-0038104,T.Thornton,3.0,0.7390949999999998,0.24636499999999995,22.0,22.401198266,1.0182362848181818,25.0,0.01245427063801022,0.11092645324097154,0.12338072387898176,1.4805686865477812
2022,00-0038115,D.Bellinger,1.0,1.2865709,1.2865709,33.0,15.225156976000001,0.46136839321212125,34.0,0.01460575419926974,-0.018300173636030127,-0.0036944194367603874,-0.03259781855965048
2022,00-0038117,W.Robinson,2.0,-1.2824089600000002,-0.6412044800000001,23.0,18.65620302,0.8111392617391304,25.0,-0.009537745470807258,0.06809689107536014,0.05855914560455289,0.7027097472546346
2022,00-0038120,Br.Hall,80.0,13.889109709,0.1736138713625,19.0,9.90024927,0.5210657510526315,99.0,0.2736205139214786,0.0008630318584087063,0.2744835457798873,0.8317683205451131
2022,00-0038124,C.Watson,7.0,6.649839840000001,0.9499771200000001,41.0,57.58811378,1.4045881409756098,48.0,0.07856031497277763,0.3659268342853099,0.4444871492580875,2.778044682863047
2022,00-0038134,K.Walker,243.0,-13.057499900099998,-0.053734567490123446,28.0,1.6087100029999999,0.05745392867857142,271.0,0.27588944027078777,-0.12919179198385258,0.14669764828693518,0.1623959206128434
2023,00-0029892,K.Juszczyk,7.0,-1.8699628849999999,-0.26713755499999997,18.0,17.405794925,0.9669886069444443,25.0,-0.007065843067423383,0.0814870704963819,0.07442122742895851,0.8930547291475022
2023,00-0030035,A.Thielen,1.0,0.23642102,0.23642102,103.0,89.32437410600001,0.8672269330679613,104.0,0.00405148404851597,0.3630162471329817,0.36706773118149766,1.0588492245620125
2023,00-0030431,R.Woods,1.0,0.13571642,0.13571642,42.0,39.378269906,0.9375778549047619,43.0,0.0030393775158526534,0.1777219090242211,0.18076128654007376,1.2611252549307472
2023,00-0030513,L.Murray,79.0,-2.5622985000000003,-0.032434158227848106,22.0,9.30736566,0.4230620754545455,101.0,0.10660433450612845,-0.02066985435701841,0.08593448014911004,0.2552509311359704
2023,00-0030564,D.Hopkins,2.0,0.267017028,0.133508514,75.0,82.36808750430001,1.0982411667240002,77.0,0.006034375011604804,0.4384635506876886,0.4444979256992934,1.7318101001271171
2023,00-0030578,C.Patterson,50.0,-7.9822688,-0.159645376,9.0,0.8107178000000002,0.09007975555555557,59.0,0.0035458627273060343,-0.03857485331964824,-0.035028990592342206,-0.1781135114864858
2023,00-0031236,B.Cooks,6.0,1.96658475,0.327764125,60.0,73.720718775,1.22867864625,66.0,0.02981703122576919,0.42942660709849245,0.4592436383242616,2.0874710832920984
2023,00-0031260,L.Thomas,1.0,0.51072776,0.51072776,55.0,27.547086964,0.5008561266181818,56.0,0.006808335706807427,-0.008672899068425458,-0.0018645633616180303,-0.009988732294382305
2023,00-0031687,R.Mostert,217.0,16.8129710391,0.07747912921244239,26.0,5.843827588,0.22476259953846153,243.0,0.5325349500767091,-0.07624495817524286,0.4562899919014663,0.5633209776561312
2023,00-0032104,A.Abdullah,15.0,2.6026257699999995,0.17350838466666663,19.0,0.05004880299999975,0.0026341475263157764,34.0,0.051287943843317425,-0.09813395775968174,-0.04684601391636432,-0.4133471816149793
2023,00-0032144,M.Gordon,26.0,-7.11024238136,-0.2734708608215385,3.0,3.14673612,1.04891204,29.0,-0.027899494149238053,0.016051231674020103,-0.01184826247521795,-0.12256823250225465
2023,00-0032464,K.Raymond,7.0,3.3272702400000003,0.47532432,35.0,35.953138994,1.0272325426857143,42.0,0.04516765567629521,0.1796384157010888,0.224806071377384,1.6057576526956001
2023,00-0032775,D.Robinson,1.0,1.3572578,1.3572578,29.0,36.2572074089,1.2502485313413794,30.0,0.015316175304797376,0.21384289360832498,0.22915906891312235,2.2915906891312234
2023,00-0033040,T.Hill,6.0,-1.17754241,-0.19625706833333334,124.0,150.664093804,1.2150330145483872,130.0,-0.001782236713929306,0.8704760433033838,0.8686938065894545,2.004678015206433
2023,00-0033282,C.Samuel,7.0,3.76068458,0.5372406542857143,62.0,41.443456638,0.6684428490000001,69.0,0.049523578691370584,0.09464917477731999,0.14417275346869057,0.6268380585595242
2023,00-0033288,G.Kittle,1.0,0.56452423,0.56452423,73.0,96.645427527,1.3239099661232876,74.0,0.007349003747008432,0.5923372431666499,0.5996862469136583,2.4311604604607773
2023,00-0033293,A.Jones,181.0,10.653255501,0.05885776519889503,34.0,18.148213626,0.533770989,215.0,0.4103140990225966,0.0058858611430820775,0.4161999601656787,0.5807441304637377
2023,00-0033308,M.Breida,55.0,-13.719976921999999,-0.24945412585454543,17.0,-5.25441003,-0.30908294294117644,72.0,-0.04574257855775229,-0.141062263830469,-0.1868048423882213,-0.7783535099509221
2023,00-0033526,S.Perine,53.0,-9.491747922,-0.17908958343396225,50.0,14.659958163999999,0.29319916327999995,103.0,-0.006598601529156096,-0.1122346865318258,-0.1188332880609819,-0.3461163729931512
2023,00-0033553,J.Conner,210.0,12.0490583939,0.05737646854238095,27.0,7.585784309999999,0.2809549744444444,237.0,0.4729286772627256,-0.06392927443130654,0.40899940283141906,0.5177207630777457
2023,00-0033591,N.Brown,1.0,-1.109269,-1.109269,33.0,49.82597292,1.5098779672727272,34.0,-0.009473038765554382,0.32944672027351757,0.3199736815079632,2.823297189776146
2023,00-0033699,A.Ekeler,179.0,-41.123478913,-0.22974010565921787,51.0,12.961049019999999,0.25413821607843134,230.0,-0.11340587785835493,-0.13450056928035176,-0.2479064471387067,-0.3233562353983131
2023,00-0033858,J.Smith,1.0,-0.4215347,-0.4215347,50.0,31.897240612,0.63794481224,51.0,-0.0025611362529915677,0.06100433304606366,0.05844319679307209,0.3437835105474829
2023,00-0033893,D.Cook,75.0,-26.319715332,-0.35092953776,15.0,0.30877330599999986,0.020584887066666658,90.0,-0.13886524743667916,-0.07476803553944723,-0.21363328297612638,-0.7121109432537547
2023,00-0033895,G.Everett,3.0,-0.73617448,-0.24539149333333332,51.0,29.77269556,0.5837783443137254,54.0,-0.0023725583067133963,0.0344607024784422,0.032088144171728804,0.17826746762071558
2023,00-0033906,A.Kamara,182.0,-1.0390204251999988,-0.005708903435164829,75.0,13.204314336500001,0.17605752448666667,257.0,0.29447918160176584,-0.25664974748115577,0.03782943412061007,0.04415887251433083
2023,00-0033908,C.Kupp,1.0,-0.94488263,-0.94488263,64.0,64.754359884,1.0117868731875,65.0,-0.007820914443946341,0.3185467714310217,0.3107258569870754,1.4341193399403478
2023,00-0033921,C.Godwin,4.0,3.3153677299999997,0.8288419324999999,91.0,101.992595563,1.1207977534395603,95.0,0.040021852274465884,0.5526320836228308,0.5926539358972966,1.8715387449388314
2023,00-0033923,K.Hunt,143.0,-5.7635924670000005,-0.04030484242657343,20.0,-0.7664987200000002,-0.03832493600000001,163.0,0.18165570308853748,-0.11153188451825795,0.07012381857027954,0.12906224276738565
2023,00-0033925,D.Foreman,109.0,-4.1431505676,-0.038010555666055046,11.0,5.13277525,0.4666159318181818,120.0,0.14097817588522565,-0.005519927982529315,0.13545824790269634,0.33864561975674085
2023,00-0033948,J.Williams,106.0,-26.248758875,-0.24762980070754717,18.0,-4.143953356,-0.2302196308888889,124.0,-0.08621492196283481,-0.13509331423728643,-0.22130823620012124,-0.5354231520970676
2023,00-0034115,J.Wilson,41.0,-0.9232725019999999,-0.022518841512195117,15.0,4.914254388,0.3276169592,56.0,0.05941200858211959,-0.02848179350929648,0.030930215072823113,0.16569758074726668
2023,00-0034184,G.Edwards,212.0,-10.356124423,-0.04884964350471698,14.0,11.12765259,0.7948323278571429,226.0,0.25110174730046103,0.039155838565862654,0.29025758586632366,0.385297680353527
2023,00-0034270,T.Conklin,1.0,-3.5422332,-3.5422332,61.0,30.1882400955,0.4948891818934426,62.0,-0.03392494027309207,-0.013277160428927966,-0.047202100702020036,-0.22839726146138728
2023,00-0034351,D.Goedert,1.0,-0.45955813,-0.45955813,63.0,54.927116911,0.8718589985873015,64.0,-0.002943281278117196,0.22497192938557786,0.22202864810746067,1.040759288003722
2023,00-0034646,B.Powell,5.0,-0.4257282399999999,-0.08514564799999999,29.0,19.124551051,0.6594672776206897,34.0,0.00409829119735372,0.04165539252390287,0.04575368372125659,0.40370897401108763
2023,00-0034681,C.Edmonds,60.0,-9.858571257,-0.16430952094999998,17.0,4.5793931,0.2693760647058823,77.0,0.0014424855541742905,-0.042230071569162475,-0.040787586014988185,-0.15891267278566826
2023,00-0034753,M.Andrews,1.0,-1.5892668,-1.5892668,47.0,44.103591361999996,0.9383742842978723,48.0,-0.014297137258016695,0.19925548197505863,0.18495834471704192,1.155989654481512
2023,00-0034791,N.Chubb,28.0,4.11369872,0.14691781142857144,4.0,0.75011367,0.1875284175,32.0,0.08825472079563308,-0.013226845104656616,0.07502787569097646,0.7033863346029043
2023,00-0034827,D.Moore,4.0,-1.6122477394999997,-0.4030619348749999,96.0,112.3595944608,1.1704124423,100.0,-0.009501921288348177,0.6308659323706532,0.6213640110823051,1.8640920332469153
2023,00-0034837,C.Ridley,9.0,-2.94865382,-0.3276282022222222,76.0,93.080562659,1.2247442455131579,85.0,-0.014556171201547225,0.5409351985793636,0.5263790273778164,1.857808331921705
2023,00-0034838,R.Freeman,77.0,-6.5336803856,-0.08485299202077923,1.0,0.97933525,0.97933525,78.0,0.06334016193070456,0.004651146336901173,0.06799130826760573,0.26150503179848356
2023,00-0034844,S.Barkley,248.0,-49.3209627146,-0.19887484965564517,41.0,22.861028127,0.5575860518780488,289.0,-0.0801905054615068,0.016910898074254613,-0.06327960738725219,-0.06568817375839327
2023,00-0034972,A.Mattison,180.0,-31.7409544117,-0.17633863562055554,30.0,7.385047151,0.24616823836666668,210.0,-0.017433755806823874,-0.08152099028492461,-0.09895474609174848,-0.14136392298821213
2023,00-0034975,J.Hill,100.0,-0.6459364929999998,-0.006459364929999998,34.0,10.073029716,0.29626557988235297,134.0,0.1610475154747126,-0.07527176609309881,0.0857757493816138,0.1920352598095831
2023,00-0035243,M.Sanders,129.0,-30.545276768999997,-0.23678509123255811,27.0,9.640382724,0.357051212,156.0,-0.09086195823390215,-0.04328004413984924,-0.1341420023737514,-0.25796538918029116
2023,00-0035261,T.Pollard,268.0,-14.767659109300002,-0.055103205631716425,62.0,3.4104139759999987,0.05500667703225805,330.0,0.3005867454113252,-0.2875924600166499,0.012994285394675287,0.011812986722432079
2023,00-0035500,G.Dortch,1.0,-0.08316372,-0.08316372,24.0,19.80764261,0.8253184420833333,25.0,0.0008395771138426032,0.07447772927155778,0.07531730638540039,0.9038076766248047
2023,00-0035537,T.Johnson,45.0,0.11873330999999965,0.002638517999999992,8.0,2.10039262,0.2625490775,53.0,0.07658600238422367,-0.02042187835001675,0.05616412403420692,0.31791013604268065
2023,00-0035567,C.Reynolds,42.0,-2.451461513,-0.05836813126190476,5.0,2.8365456,0.56730912,47.0,0.045728718449731046,0.002550901031239532,0.04827961948097058,0.3081677839210888
2023,00-0035628,D.Johnson,41.0,-13.305333941499999,-0.32452034003658536,10.0,11.19139012,1.119139012,51.0,-0.06503081995556885,0.0605620927157454,-0.0044687272398234515,-0.026286630822490893
2023,00-0035657,D.Harris,23.0,2.1742605380000004,0.09453306686956524,2.0,0.5349582700000001,0.26747913500000003,25.0,0.060385912794259276,-0.005006372954338357,0.055379539839920916,0.664554478079051
2023,00-0035662,M.Brown,2.0,0.8507425,0.42537125,51.0,48.005802003,0.9412902353529412,53.0,0.011900962669896261,0.2177080034131156,0.22960896608301187,1.2996733929227087
2023,00-0035664,D.Henderson,46.0,-11.786323285,-0.2562244192391304,10.0,2.07076543,0.20707654299999997,56.0,-0.04138741422052668,-0.031102477032998323,-0.07248989125352501,-0.38833870314388397
2023,00-0035700,J.Jacobs,233.0,-44.3192921687,-0.19021155437210302,37.0,19.080675551,0.5156939338108107,270.0,-0.055053360702814205,-0.0003169191929480881,-0.05537027989576229,-0.061522533217513664
2023,00-0035860,T.Jones,26.0,1.687857186,0.06491758407692308,7.0,-1.702585182,-0.24322645457142858,33.0,0.0605236170805107,-0.05345134179244556,0.007072275288065137,0.06429341170968307
2023,00-0035973,P.Taylor,35.0,-5.151837855,-0.14719536728571428,11.0,0.14357126100000017,0.013051932818181834,46.0,0.006861503959365484,-0.05566268164082076,-0.04880117768145528,-0.3182685500964475
2023,00-0036020,S.Ahmed,22.0,-0.23326461060000053,-0.01060293684545457,16.0,2.7794040000000004,0.17371275000000003,38.0,0.034514286749763395,-0.05512899529299831,-0.020614708543234918,-0.16274769902553882
2023,00-0036139,R.Dowdle,92.0,-4.3501039729999995,-0.04728373883695652,19.0,11.48924832,0.60469728,111.0,0.11041655444336873,0.016832871556901177,0.1272494260002699,0.343917367568297
2023,00-0036196,G.Davis,1.0,-0.8803793,-0.8803793,45.0,65.92573326,1.4650162946666667,46.0,-0.007172639770579507,0.4289563289796483,0.4217836892090688,2.7507631904939265
2023,00-0036223,J.Taylor,169.0,-10.1590021134,-0.0601124385408284,19.0,5.5917091899999996,0.2943004836842105,188.0,0.18104096004442505,-0.042438878493350075,0.13860208155107498,0.22117353439001325
2023,00-0036251,Z.Moss,183.0,-14.0308932479,-0.07667154780273223,27.0,11.073818240000001,0.41014141629629636,210.0,0.16558298883922654,-0.028873657044371837,0.1367093317948547,0.195299045421221
2023,00-0036265,A.Dillon,178.0,-23.496275759360003,-0.13200154920988766,22.0,10.351653901999999,0.4705297228181818,200.0,0.062076549385993385,-0.010174495140938026,0.05190205424505536,0.07785308136758304
2023,00-0036269,L.Perine,22.0,-2.3794991430000003,-0.10815905195454546,3.0,0.6744239300000001,0.22480797666666671,25.0,0.012944090444235761,-0.008796127019447233,0.004147963424788528,0.04977556109746234
2023,00-0036275,D.Swift,239.0,-0.5005919274999993,-0.0020945268933054363,43.0,2.6179075390000004,0.060881570674418614,282.0,0.39538794681642236,-0.19692038802581238,0.19846755879060998,0.21113570084107444
2023,00-0036290,C.Kmet,3.0,0.8037872500000002,0.2679290833333334,73.0,50.7020211641,0.6945482351246576,76.0,0.013104444004844394,0.13059446565006705,0.14369890965491144,0.5672325381114925
2023,00-0036297,D.Evans,32.0,0.6038457474999996,0.01887017960937499,7.0,1.7950171599999996,0.2564310228571428,39.0,0.05968139013040048,-0.01829955946078727,0.041381830669613213,0.3183217743816401
2023,00-0036309,D.Mooney,2.0,-0.76242945,-0.381214725,31.0,32.710603814,1.0551807681935486,33.0,-0.004311820747189165,0.16781579839368516,0.163503977646496,1.4863997967863274
2023,00-0036328,A.Gibson,65.0,-6.7358306290000005,-0.10362816352307692,48.0,11.247100527,0.2343145943125,113.0,0.04120378045002046,-0.13615192530613063,-0.09494814485611017,-0.25207472085692967
2023,00-0036358,C.Lamb,15.0,8.065278182,0.5376852121333333,144.0,154.1085251915,1.070198091607639,159.0,0.10618897310964909,0.8012650643881409,0.90745403749779,1.7121774292411132
2023,00-0036360,C.Edwards-Helaire,81.0,-17.672994618,-0.21818511874074076,21.0,12.9422969928,0.6162998568,102.0,-0.04191117134658836,0.02105353782668342,-0.02085763351990494,-0.06134598094089688
2023,00-0036370,J.Kelley,107.0,-26.1540337679,-0.24443022212990653,8.0,-1.76442339,-0.22055292375,115.0,-0.08358751744095201,-0.05926425030981575,-0.14285176775076774,-0.37265678543678543
2023,00-0036414,C.Akers,60.0,-4.787883338,-0.07979805563333334,11.0,1.7181107740000001,0.15619188854545454,71.0,0.05240417318231499,-0.039838163922227804,0.012566009260087184,0.053095813775016265
2023,00-0036450,K.Vaughn,24.0,-11.136832803999999,-0.46403470016666665,2.0,-1.88836586,-0.94418293,26.0,-0.07171852639340566,-0.029361389336247903,-0.10107991572965357,-1.1663067199575412
2023,00-0036550,R.Bateman,1.0,2.5212486,2.5212486,36.0,30.244300094,0.8401194470555555,37.0,0.027014575304797377,0.11707173138472363,0.144086306689521,1.1682673515366568
2023,00-0036554,N.Collins,2.0,0.230704005,0.1153520025,91.0,113.837150093,1.2509576933296704,93.0,0.005669420006579678,0.6716728326680571,0.6773422526746368,2.1849750086278603
2023,00-0036555,C.Hubbard,238.0,-21.515964108600002,-0.09040321054033615,39.0,0.12027300899999953,0.0030839233076922954,277.0,0.18250278275685106,-0.20125656663974875,-0.018753783882897695,-0.020310957273896424
2023,00-0036567,E.Mitchell,81.0,-10.998050364,-0.13577839955555554,6.0,-1.44683086,-0.24113847666666666,87.0,0.02517369552778353,-0.04568952760673367,-0.02051583207895014,-0.07074424854810392
2023,00-0036613,J.Waddle,4.0,0.07075533999999994,0.017688834999999986,74.0,91.574442982,1.2374924727297296,78.0,0.007412682525722171,0.536181155382948,0.5435938379086701,2.090745530417962
2023,00-0036637,N.Gray,1.0,-2.7568004,-2.7568004,36.0,20.868242201,0.5796733944722222,37.0,-0.026031143288167444,0.022839993766633173,-0.0031911495215342714,-0.025874185309737337
2023,00-0036849,T.Atwell,5.0,1.97137291,0.394274582,40.0,42.623870637,1.065596765925,45.0,0.028189760041574825,0.22072384982780574,0.24891360986938058,1.6594240657958705
2023,00-0036875,R.Stevenson,156.0,-12.854978875,-0.08240371073717949,38.0,-0.03033965899999924,-0.0007984120789473484,194.0,0.13216560207100386,-0.19757884280579563,-0.06541324073479177,-0.10115449598163676
2023,00-0036876,K.Granson,1.0,2.8402708,2.8402708,30.0,32.88106397954,1.0960354659846667,31.0,0.030220828571129035,0.17472038487628144,0.20494121344741048,1.9833020656201015
2023,00-0036906,K.Herbert,133.0,-1.5694462098999997,-0.01180034744285714,20.0,2.40450212,0.120225106,153.0,0.20705399282548834,-0.07966252934237855,0.12739146348310978,0.24978718330021527
2023,00-0036924,M.Carter,22.0,3.62539651,0.16479075045454544,9.0,-0.058927739999999854,-0.00654752666666665,31.0,0.07329480052463777,-0.04731500950055277,0.025979791024085,0.2514173324911452
2023,00-0036936,R.Moore,28.0,0.9481920030000008,0.03386400010714289,40.0,14.8636930914,0.371592327285,68.0,0.05644058293633661,-0.05827290942445559,-0.001832326488118985,-0.008083793329936698
2023,00-0036970,K.Pitts,1.0,-1.6512038,-1.6512038,53.0,58.6523724924,1.1066485375924529,54.0,-0.014919619670076996,0.3143258738698325,0.29940625419975553,1.6633680788875307
2023,00-0036973,T.Etienne,269.0,-32.688589209,-0.12151891899256506,58.0,19.866905883999998,0.3425328600689655,327.0,0.1221522885583336,-0.10143490558536014,0.020717382972973458,0.01900677336970042
2023,00-0036980,E.Moore,9.0,-10.262955844,-1.1403284271111112,61.0,41.062897109,0.6731622476885245,70.0,-0.08806674430707487,0.09601587488262978,0.007949130575554908,0.03406770246666389
2023,00-0036984,T.Sermon,35.0,-1.1124949929999997,-0.03178557122857142,3.0,-0.07738626000000001,-0.025795420000000003,38.0,0.04745791463273232,-0.0163520083259799,0.03110590630675242,0.2455729445269928
2023,00-0036988,J.Palmer,1.0,0.22556859,0.22556859,38.0,34.889957249,0.9181567697105263,39.0,0.003942414400274764,0.15337891506355109,0.15732132946382585,1.2101640727986605
2023,00-0036997,J.Williams,219.0,-37.7981035568,-0.17259408016803654,47.0,0.8462154250000005,0.018004583510638307,266.0,-0.012969284197113148,-0.2354920148792127,-0.24846129907632586,-0.28021951023645775
2023,00-0037197,I.Pacheco,287.0,-25.471389167199998,-0.08875048490313588,56.0,4.2842554392,0.07650456141428572,343.0,0.2248440434597618,-0.24766161981494134,-0.02281757635517953,-0.01995706386750396
2023,00-0037228,J.Warren,157.0,-4.362509288100001,-0.027786683363694272,63.0,0.4853392650000006,0.007703797857142866,220.0,0.21919244860092688,-0.3221816147953266,-0.10298916619439971,-0.14043977208327232
2023,00-0037240,J.Williams,4.0,6.457685855,1.61442146375,30.0,38.874850980000005,1.295828366,34.0,0.07160293895788297,0.23495945020753772,0.30656238916542067,2.7049622573419474
2023,00-0037247,G.Pickens,4.0,1.6479628000000002,0.41199070000000004,68.0,85.8058528571,1.2618507773102943,72.0,0.02326401378200358,0.5093538891715914,0.532617902953595,2.219241262306646
2023,00-0037248,J.Cook,273.0,-8.787955806840001,-0.032190314310769234,52.0,22.129022124,0.42555811776923075,325.0,0.369061233015312,-0.0475515550640536,0.3215096779512584,0.2967781642627001
2023,00-0037256,R.White,299.0,-44.7323714407,-0.14960659344715718,69.0,34.2389363861,0.4962164693637681,368.0,0.05137105291130018,-0.014097996863366812,0.03727305604793337,0.030385643517336986
2023,00-0037258,D.Pierce,148.0,-42.78356102,-0.289078115,13.0,3.1032252930000004,0.23870963792307695,161.0,-0.1820273153925008,-0.036300252967018415,-0.21832756835951922,-0.40682155594941466
2023,00-0037261,K.Shakir,1.0,0.5383229,0.5383229,49.0,61.42255209,1.2535214712244898,50.0,0.0070856737972596895,0.36293255080966497,0.3700182246069247,2.2201093476415483
2023,00-0037263,T.Allgeier,187.0,-22.8513093651,-0.12219951532139038,18.0,6.761359287,0.3756310715,205.0,0.083637164257411,-0.02549218214683416,0.05814498211057684,0.08509021772279537
2023,00-0037267,J.Ford,215.0,-41.0536135671,-0.19094703984697675,48.0,10.251927469,0.21358182227083333,263.0,-0.05238955134896597,-0.14615366458251255,-0.19854321593147853,-0.2264751512526371
2023,00-0037276,T.Chandler,102.0,0.693466142,0.006798687666666667,21.0,6.6886897659999995,0.31850903647619044,123.0,0.1778596352802872,-0.04179678606075377,0.13606284921953343,0.3318606078525206
2023,00-0037299,K.Ingram,35.0,-11.316711113,-0.32333460322857144,4.0,0.33775854999999994,0.08443963749999998,39.0,-0.05509702124666467,-0.017371117667470685,-0.07246813891413535,-0.5574472224164257
2023,00-0037304,Co.Heyward,1.0,-1.8671141,-1.8671141,24.0,8.886944777,0.3702893657083333,25.0,-0.01708957243389609,-0.0352780278440201,-0.05236760027791619,-0.6284112033349942
2023,00-0037487,D.Thompkins,9.0,4.9819811099999995,0.5535534566666667,18.0,-2.305183655,-0.1280657586111111,27.0,0.06514870246679448,-0.11661321673979899,-0.05146451427300451,-0.5718279363667168
2023,00-0037525,J.Mason,40.0,5.648756724999999,0.14121891812499998,3.0,1.27164814,0.4238827133333333,43.0,0.12378716018184482,-0.002793873652613065,0.12099328652923176,0.8441392083434774
2023,00-0037545,R.Shaheed,7.0,-1.130011755,-0.1614302507142857,46.0,55.0117123167,1.1959067894934783,53.0,0.000370851706445961,0.31407625729343386,0.3144471089998798,1.7798892962257347
2023,00-0037557,R.Rivers,35.0,-5.216205834,-0.14903445240000002,8.0,1.472169353,0.184021169125,43.0,0.006214589597556431,-0.026735680028408707,-0.020521090430852276,-0.14317039835478332
2023,00-0037740,G.Wilson,4.0,0.35526681999999987,0.08881670499999997,95.0,66.01489127264,0.694893592343579,99.0,0.010272094385018651,0.1702814399215913,0.18055353430660998,0.5471319221412424
2023,00-0037746,B.Robinson,179.0,-21.1365470205,-0.11808126827094972,36.0,24.107481265,0.6696522573611111,215.0,0.0874678095034541,0.05539516023899498,0.14286296974244908,0.19934367871039407
2023,00-0037809,C.Okonkwo,2.0,-0.01990807,-0.009954035,54.0,28.871188263,0.5346516345,56.0,0.0031507056849716386,0.009826070665025126,0.012976776349996765,0.06951844473212553
2023,00-0037837,C.Austin,11.0,3.41314037,0.31028548818181817,18.0,15.7488415,0.8749356388888888,29.0,0.052732245639203305,0.06483427225517588,0.11756651789437919,1.2162053575280607
2023,00-0037840,K.Williams,242.0,22.5855163287,0.09332857987066115,33.0,0.28007723200000023,0.008487188848484855,275.0,0.6324353155066937,-0.16850198010839196,0.4639333353983018,0.5061090931617838
2023,00-0038040,Z.White,104.0,-17.689954298,-0.17009571440384616,15.0,3.7518318550000003,0.2501221236666667,119.0,-0.0035475723010727957,-0.04016443203190954,-0.043712004332982335,-0.11019833025121596
2023,00-0038045,I.Spiller,37.0,-14.360955125,-0.3881339222972973,6.0,0.5254501499999998,0.08757502499999997,43.0,-0.08234165166219555,-0.025867607908241205,-0.10820925957043676,-0.7549483225844424
2023,00-0038098,P.Strong,64.0,-10.877036362,-0.16995369315625,5.0,-0.50650181,-0.101300362,69.0,-0.0020917710658321935,-0.031047565400921275,-0.03313933646675347,-0.14408407159458028
2023,00-0038117,W.Robinson,9.0,4.91641901,0.5462687788888889,60.0,38.6250948267,0.643751580445,69.0,0.06448978688890504,0.07670676842211059,0.14119655531101563,0.6138980665696332
2023,00-0038120,Bre.Hall,224.0,-20.706779879,-0.09244098160267857,76.0,24.237344924,0.3189124332105263,300.0,0.16717978004345668,-0.15095643694827468,0.016223343095182002,0.016223343095182002
2023,00-0038124,C.Watson,4.0,-1.5207445400000001,-0.38018613500000004,30.0,41.0089508,1.3669650266666666,34.0,-0.008582291142619538,0.2564076896045226,0.24782539846190305,2.186694692310909
2023,00-0038134,K.Walker,219.0,-9.3275015408,-0.04259133123652968,29.0,9.224270262,0.3180782848965517,248.0,0.2731674194812788,-0.05784491691328308,0.21532250256799573,0.26047076923547874
2023,00-0038389,I.Abanikanda,22.0,-2.945533447,-0.13388788395454546,7.0,0.6100617260000001,0.08715167514285715,29.0,0.0072553034693613894,-0.030208659299983245,-0.022953355830621858,-0.2374485085926399
2023,00-0038454,K.Mitchell,47.0,17.4030147874,0.37027691037021276,9.0,5.6834248899999995,0.6314916544444444,56.0,0.25364816080688374,0.010397077233115578,0.2640452380399993,1.4145280609285675
2023,00-0038496,X.Gipson,8.0,3.8386968699999997,0.47983710874999996,21.0,14.051235164,0.6691064363809524,29.0,0.051983015202198106,0.03219864507492462,0.08418166027712273,0.8708447614874766
2023,00-0038542,B.Robinson,214.0,-26.7062714058,-0.12479566077476635,58.0,28.196309716000002,0.4861432709655173,272.0,0.09012944883668894,-0.017722304258726923,0.07240714457796202,0.0798608212256934
2023,00-0038544,Q.Johnston,3.0,-0.90552835,-0.3018427833333333,38.0,35.0642059346,0.922742261436842,41.0,-0.004074607251437014,0.15513015813490785,0.15105555088347083,1.1052845186595428
2023,00-0038551,K.Miller,41.0,-3.097824221,-0.07555668831707317,10.0,6.2960797799999995,0.6296079779999999,51.0,0.03755721743639095,0.011362993821273025,0.04892021125766397,0.28776594857449395
2023,00-0038555,T.Bigsby,50.0,-12.336057256,-0.24672114512,1.0,0.04200871,0.04200871,51.0,-0.04021080517219146,-0.004769220899279732,-0.04498002607147119,-0.2645883886557129
2023,00-0038563,T.Tucker,10.0,1.2450569319999998,0.12450569319999998,19.0,25.0972297615,1.3209068295526316,29.0,0.029267068947471258,0.15359650413479065,0.1828635730822619,1.8916921353337437
2023,00-0038573,D.Davis,14.0,5.187934803,0.3705667716428572,15.0,-4.99137214,-0.3327581426666667,29.0,0.07559555580485174,-0.12803582896658292,-0.05244027316173118,-0.5424855844317019
2023,00-0038597,C.Brown,44.0,-9.011015948999999,-0.20479581702272726,14.0,7.18747695,0.5133912107142857,58.0,-0.01684566497082495,-0.0004439166100167446,-0.017289581580841696,-0.08942887024573291
2023,00-0038611,C.Rodriguez,51.0,-3.484159956,-0.06831686188235295,2.0,0.454330036,0.227165018,53.0,0.05042838018285718,-0.005816706964388609,0.044611673218468574,0.25251890501019947
2023,00-0038621,D.Douglas,8.0,1.0250696340000003,0.12813370425000004,49.0,32.374901124,0.6607122678367346,57.0,0.02370535453888153,0.07099636019659965,0.09470171473548118,0.49843007755516416
2023,00-0038622,D.Vaughn,23.0,-12.909249936,-0.5612717363478261,7.0,0.74519595,0.10645656428571429,30.0,-0.09120715729619301,-0.028850526395460634,-0.12005768369165365,-1.2005768369165364
2023,00-0038705,E.Demercado,58.0,-5.296734866000001,-0.09132301493103451,21.0,-8.177374698000001,-0.3893987951428572,79.0,0.04393930068327298,-0.19120446911603015,-0.14726516843275717,-0.559234816833255
2023,00-0038794,J.McLaughlin,76.0,5.879165338,0.07735743865789474,31.0,6.178006160200001,0.19929052129677421,107.0,0.1864169868630931,-0.09884347450882745,0.08757351235426565,0.24553321220822144
2023,00-0038976,M.Mims,9.0,-1.33484741,-0.1483163788888889,22.0,23.199118314,1.054505377909091,31.0,0.001662988697950261,0.11894575020579566,0.12060873890374592,1.1671813442297994
2023,00-0038977,N.Dell,10.0,-0.8855183600000003,-0.08855183600000002,42.0,58.071027754,1.3826435179523808,52.0,0.00785425194244613,0.3655888220694472,0.37344307401189336,2.1544792731455384
2023,00-0038994,J.Addison,1.0,-0.4106066,-0.4106066,70.0,82.319714408,1.1759959201142856,71.0,-0.002451306102237799,0.463934483864489,0.4614831777622512,1.9499289201221879
2023,00-0039021,R.Johnson,81.0,-6.616163488,-0.08168103071604937,34.0,-2.401768767,-0.07064025785294117,115.0,0.06921275960818554,-0.20064662521872695,-0.1314338656105414,-0.34287095376662974
2023,00-0039032,T.Spears,100.0,-0.7362321080000003,-0.007362321080000003,52.0,19.2019631414,0.36926852195,152.0,0.16014002185662213,-0.07696923328113903,0.0831707885754831,0.16415287218845348
2023,00-0039040,D.Achane,109.0,32.3529556855,0.29681610720642204,30.0,9.71841024,0.32394700800000004,139.0,0.5077732136048237,-0.05807010496834169,0.44970310863648205,0.9705822488557166
2023,00-0039052,T.Palmer,4.0,1.84043507,0.4601087675,42.0,27.885061186,0.6639300282380953,46.0,0.025198408455370417,0.06221227364733673,0.08741068210270715,0.5700696658872205
2023,00-0039064,Z.Flowers,10.0,3.4571831100000003,0.34571831100000006,86.0,68.852655712,0.8006122757209302,96.0,0.05149949284696875,0.24552445645088775,0.29702394929785647,0.9281998415558015
2023,00-0039065,S.LaPorta,1.0,0.13318984,0.13318984,107.0,96.963354049,0.9061995705514019,108.0,0.0030139847520335578,0.4190242389428978,0.4220382236949314,1.172328399152587
2023,00-0039067,R.Rice,3.0,-1.89047361,-0.63015787,105.0,88.1406493225,0.8394347554523809,108.0,-0.013973554588120432,0.3407366776610552,0.32676312307293476,0.9076753418692631
2023,00-0039075,P.Nacua,13.0,2.7534644000000004,0.2118049538461539,114.0,140.393105884,1.2315184726666666,127.0,0.049453123183471434,0.8191642239544723,0.8686173471379437,2.051852001113253
2023,00-0039139,J.Gibbs,211.0,-5.908295847,-0.028001402118483412,63.0,13.6335625,0.21640575396825396,274.0,0.29412814863887976,-0.19003866770989947,0.1040894809289803,0.11396658495873754
2023,00-0039146,J.Reed,13.0,5.455592210000001,0.4196609392307693,68.0,67.4905539323,0.9925081460632353,81.0,0.07661018660055686,0.3252805331434506,0.4018907197440075,1.4884841472000276
2023,00-0039165,Z.Charbonnet,108.0,-7.1216669315,-0.06594136047685185,33.0,3.3199651223,0.10060500370606061,141.0,0.1093679446618353,-0.13795034301994974,-0.028582398358114436,-0.06081361352790306
2024,00-0030578,C.Patterson,32.0,-7.84534694,-0.245167091875,12.0,2.09142839,0.17428569916666667,44.0,-0.025235119291710063,-0.04127764707276381,-0.06651276636447387,-0.45349613430323094
2024,00-0031236,B.Cooks,3.0,-2.8204677,-0.9401559,26.0,24.5797102885,0.9453734726346154,29.0,-0.023320228859477217,0.11205537047299834,0.08873514161352111,0.9179497408295287
2024,00-0031687,R.Mostert,85.0,-30.1994219693,-0.35528731728588236,19.0,14.906388084,0.7845467412631578,104.0,-0.1611033399897104,0.05117598476293131,-0.1099273552267791,-0.3170981400772474
2024,00-0032104,A.Abdullah,66.0,-7.581537853,-0.11487178565151515,40.0,16.003999478,0.40009998695000004,106.0,0.034379603754817835,-0.046812543729983225,-0.01243293997516539,-0.035187565967449215
2024,00-0032385,S.Shepard,8.0,2.7010304000000005,0.33762880000000006,32.0,30.9590472055,0.967470225171875,40.0,0.04054918133285138,0.14502079539892798,0.18556997673177936,1.391774825488345
2024,00-0033040,T.Hill,8.0,-1.2360636770000004,-0.15450795962500005,81.0,77.494375771,0.9567206885308641,89.0,0.0009803966393840372,0.3583330092789447,0.3593134059183287,1.2111687839943663
2024,00-0033282,C.Samuel,6.0,-2.8305772,-0.47176286666666667,37.0,20.547825486,0.5553466347567568,43.0,-0.018395651688803676,0.0144283062844389,-0.003967345404364777,-0.027679153983940302
2024,00-0033293,A.Jones,268.0,-16.4632262666,-0.061429948755970146,54.0,15.935658689,0.29510479053703703,322.0,0.28354586945856136,-0.12017925168673366,0.1633666177718277,0.15220492338990158
2024,00-0033526,S.Perine,21.0,0.036444800999999916,0.0017354667142857102,29.0,24.146731314,0.8326459073793103,50.0,0.035549540707277574,0.09212956602139027,0.12767910672866783,0.766074640372007
2024,00-0033553,J.Conner,239.0,1.2305715583999994,0.005148834972384935,47.0,18.190222743,0.38702601580851065,286.0,0.41278657481541736,-0.0611803835425293,0.35160619127288806,0.3688176831533791
2024,00-0033589,D.Moore,1.0,-1.3470083,-1.3470083,32.0,27.911399387,0.87223123084375,33.0,-0.011862378464046844,0.11439116908234506,0.10252879061829821,0.9320799147118021
2024,00-0033699,A.Ekeler,99.0,0.7436930139999998,0.007512050646464644,47.0,15.505561185,0.32990555712765957,146.0,0.17333824777795542,-0.08816190673850921,0.08517634103944621,0.17501987884817716
2024,00-0033854,D.Ogunbowale,32.0,-7.770872353140001,-0.24283976103562502,20.0,11.881469289,0.59407346445,52.0,-0.02448663098155932,0.015583371853601341,-0.008903259127957978,-0.05136495650744987
2024,00-0033858,J.Smith,2.0,-1.6404535,-0.82022675,88.0,79.21736674518,0.9001973493770454,90.0,-0.013136183058746954,0.33930956855363487,0.3261733854948879,1.087244618316293
2024,00-0033906,A.Kamara,228.0,-18.174863988000002,-0.07971431573684211,68.0,14.366881710400001,0.21127767221176472,296.0,0.19932774448877683,-0.20862572034298155,-0.00929797585420472,-0.009423624176558839
2024,00-0033908,C.Kupp,2.0,0.21570441999999995,0.10785220999999998,73.0,48.4590002425,0.6638219211301369,75.0,0.005518670408589729,0.1080515418148911,0.11357021222348083,0.45428084889392334
2024,00-0033921,C.Godwin,1.0,1.5355495,1.5355495,50.0,49.727960005,0.9945592001,51.0,0.017108051686706923,0.24020754302596314,0.25731559471267007,1.5136211453686477
2024,00-0033923,K.Hunt,228.0,2.7530058708,0.012074587152631579,26.0,9.6292605084,0.3703561734,254.0,0.4096580948284753,-0.03820040621142378,0.37145768861705153,0.4387295534847065
2024,00-0033925,D.Foreman,71.0,-24.1594710647,-0.34027424034788734,6.0,1.5990664239999999,0.2665110706666666,77.0,-0.12385582335637117,-0.015077494601708543,-0.13893331795807973,-0.5412986413951159
2024,00-0033948,Ja.Williams,48.0,-9.671907462,-0.201498072125,9.0,1.95453489,0.21717054333333333,57.0,-0.01678621714862038,-0.0270792041739196,-0.04386542132253998,-0.23087063853968415
2024,00-0033955,J.McNichols,61.0,8.200104397,0.13442794093442623,9.0,0.41015716999999974,0.04557301888888886,70.0,0.18461210662781588,-0.042600588294522616,0.14201151833329326,0.6086207928569711
2024,00-0034184,G.Edwards,109.0,-15.999552915421,-0.14678488913230275,3.0,-1.69151175,-0.5638372500000001,112.0,0.02181835329405982,-0.03257437505964825,-0.010756021765588427,-0.02881077258639757
2024,00-0034270,T.Conklin,1.0,-3.2755141,-3.2755141,51.0,31.751103593819998,0.622570658702353,52.0,-0.031244346303242822,0.05434420030577891,0.02309985400253609,0.13326838847616973
2024,00-0034351,D.Goedert,2.0,0.98547759,0.492738795,59.0,50.1999378013,0.8508464034118645,61.0,0.013255084177433952,0.19822826755857625,0.2114833517360102,1.040082057718083
2024,00-0034407,R.McCloud,10.0,2.367694062,0.2367694062,62.0,43.622701049,0.7035919524032258,72.0,0.040549854173601914,0.11655112865671693,0.15710098283031884,0.6545874284596619
2024,00-0034753,M.Andrews,8.0,6.46210276,0.807762845,62.0,72.332513649,1.166653445951613,70.0,0.07834890354390665,0.4050919588074707,0.48344086235137734,2.0718894100773313
2024,00-0034791,N.Chubb,102.0,-20.5745782208,-0.20171155118431372,5.0,0.33364848999999985,0.06672969799999998,107.0,-0.035889554295592166,-0.022603843792881072,-0.05849339808847324,-0.164000181556467
2024,00-0034827,D.Moore,14.0,1.373957362,0.09813981157142858,98.0,56.457725582980004,0.576099240642653,112.0,0.03726412423701253,0.05865526647340035,0.09591939071041289,0.25692693940289163
2024,00-0034837,C.Ridley,8.0,-2.3154508799999998,-0.28943135999999997,64.0,81.264527745,1.269758246015625,72.0,-0.009867715953580781,0.4844781067174539,0.4746103907638731,1.9775432948494716
2024,00-0034844,S.Barkley,439.0,33.969126022999994,0.07737841918678814,46.0,24.095186164,0.5238083948695652,485.0,1.0768959520020283,0.0033574014874036932,1.0802533534894319,0.6681979506120197
2024,00-0034972,A.Mattison,134.0,-30.785997762,-0.22974625195522388,36.0,10.912801122,0.3031333645,170.0,-0.08490429771996556,-0.0772146904444221,-0.16211898816438766,-0.2860923320548017
2024,00-0034975,J.Hill,59.0,0.8131725870000004,0.01378258622033899,48.0,26.3451199897,0.5488566664520833,107.0,0.10702079913379901,0.015586963766231157,0.12260776290003017,0.3437600828972808
2024,00-0035208,O.Zaccheaus,1.0,0.5875269,0.5875269,52.0,46.059961406,0.885768488576923,53.0,0.007580186360073758,0.19296039751886096,0.20054058387893473,1.1351353804468003
2024,00-0035243,M.Sanders,55.0,-8.659847602000001,-0.1574517745818182,24.0,-3.952020673,-0.16466752804166665,79.0,0.005112992497524071,-0.16431285648723618,-0.15919986398971211,-0.6045564455305523
2024,00-0035261,T.Pollard,261.0,-26.1811530365,-0.1003109311743295,41.0,1.1631981699999998,0.02837068707317073,302.0,0.17415050996417572,-0.201157744709665,-0.027007234745489272,-0.02682837888624762
2024,00-0035500,G.Dortch,5.0,2.2451674,0.44903348000000004,37.0,20.25393581,0.5474036705405406,42.0,0.030941463458660258,0.011474641199011766,0.042416104657672024,0.3029721761262288
2024,00-0035535,D.Slayton,2.0,1.81578355,0.907891775,39.0,47.924724,1.2288390769230768,41.0,0.021599867695021892,0.27919017698839194,0.3007900446834138,2.2009027659761986
2024,00-0035537,Ty.Johnson,61.0,0.9263067989999996,0.015185357360655731,22.0,32.39101629047,1.472318922294091,83.0,0.11150861318057971,0.2113266343914238,0.3228352475720035,1.1668743888144706
2024,00-0035567,C.Reynolds,31.0,-4.868522434000001,-0.15704911077419356,3.0,4.590980399999999,1.5303267999999999,34.0,0.0030073215441960705,0.030566249563467335,0.0335735711076634,0.2962373921264418
2024,00-0035628,D.Johnson,32.0,3.1985045000000003,0.09995326562500001,12.0,-2.244591770000001,-0.18704931416666673,44.0,0.08575836251733517,-0.08485573913306534,0.0009026233842698295,0.006154250347294292
2024,00-0035659,T.McLaurin,2.0,-6.1823616,-3.0911808,96.0,130.99479339,1.3645290978125002,98.0,-0.05878350064668665,0.8181543638198997,0.759370863173213,2.324604683183305
2024,00-0035700,J.Jacobs,321.0,-20.23668337788,-0.06304262734542056,39.0,18.9615493169,0.48619357222820514,360.0,0.3344175273336264,-0.011897005756331644,0.32252052157729477,0.26876710131441234
2024,00-0035806,J.Hasty,20.0,-1.0126938059999997,-0.050634690299999986,10.0,1.55949786,0.155949786,30.0,0.02333004070901287,-0.03624084457068677,-0.0129108038616739,-0.129108038616739
2024,00-0035973,P.Taylor,40.0,1.1928682720000001,0.029821706800000004,3.0,0.12414535000000015,0.04138178333333339,43.0,0.07900436165923178,-0.014326565009396983,0.06467779664983479,0.45124044174303346
2024,00-0036139,R.Dowdle,235.0,-10.528278496,-0.044801185089361706,39.0,13.259388265,0.3399843144871795,274.0,0.28790560370276047,-0.06920515703170854,0.21870044667105193,0.23945304380042182
2024,00-0036158,J.Dobbins,204.0,1.5817978100000027,0.007753910833333347,32.0,-6.9566608,-0.21739565,236.0,0.3576777180580619,-0.23604159661614738,0.12163612144191455,0.15462218827362018
2024,00-0036223,J.Taylor,305.0,-22.9093174854,-0.07511251634557377,18.0,6.101501945000001,0.33897233027777784,323.0,0.2807505887129488,-0.032123914227236164,0.24862667448571263,0.23092260788146682
2024,00-0036251,Z.Moss,74.0,-19.991488668,-0.27015525227027026,23.0,14.583051006,0.6340456959130435,97.0,-0.07694037285202927,0.027160689929631502,-0.049779682922397775,-0.15395778223421994
2024,00-0036275,D.Swift,253.0,-38.926842664,-0.15386103819762845,42.0,16.018146258999998,0.3813844347380952,295.0,0.03264997961122385,-0.057053203005929656,-0.024403223394705804,-0.024816837350548276
2024,00-0036328,A.Gibson,120.0,-10.650857563,-0.08875714635833334,23.0,15.325600983,0.6663304775217391,143.0,0.09400341282694151,0.034623503768827474,0.12862691659576897,0.2698466781729419
2024,00-0036358,C.Lamb,14.0,-3.8403538900000003,-0.27431099214285715,101.0,84.194342205,0.8336073485643564,115.0,-0.015141013974042753,0.32184097555465657,0.3066999615806138,0.8000868562972534
2024,00-0036414,C.Akers,109.0,-18.873483270999998,-0.17315122266972474,14.0,1.25040618,0.08931472714285714,123.0,-0.007065368872563259,-0.060112969574840865,-0.06717833844740412,-0.16384960596927833
2024,00-0036555,C.Hubbard,251.0,10.749877112699998,0.04282819566812748,43.0,-13.6632168055,-0.3177492280348837,294.0,0.5285627081644432,-0.3605497784227973,0.1680129297416459,0.1714417650424958
2024,00-0036613,J.Waddle,4.0,-0.1432617639999999,-0.035815440999999976,58.0,63.576088344,1.0961394542068965,62.0,0.005261756857380464,0.3378533603442881,0.34311511720166854,1.6602344380725897
2024,00-0036637,N.Gray,1.0,-1.4838601,-1.4838601,44.0,37.023607704,0.8414456296363636,45.0,-0.013237773438921217,0.14367412429098828,0.13043635085206706,0.8695756723471137
2024,00-0036849,T.Atwell,3.0,-1.8077101,-0.6025700333333334,43.0,46.721582178,1.086548422744186,46.0,-0.013141760517768674,0.24633262342142376,0.2331908629036551,1.5208099754586202
2024,00-0036875,R.Stevenson,207.0,-37.85575226215,-0.18287803025193236,33.0,11.141060229999999,0.3376078857575757,240.0,-0.03365338891347561,-0.05934637208829146,-0.09299976100176707,-0.11624970125220885
2024,00-0036906,K.Herbert,36.0,2.0537497229999992,0.05704860341666665,10.0,-3.510772969,-0.3510772969,46.0,0.08095486296265532,-0.08719834033953099,-0.006243477376875667,-0.040718330718754345
2024,00-0036912,D.Smith,1.0,-0.4743413,-0.4743413,84.0,96.65929243,1.1507058622619046,85.0,-0.0030918558509815176,0.5353709800383919,0.5322791241874104,1.8786322030143896
2024,00-0036924,M.Carter,35.0,-0.47853373399999966,-0.01367239239999999,11.0,0.957828704,0.08707533672727273,46.0,0.05382938457243082,-0.04747918975137353,0.006350194821057288,0.041414314050373616
2024,00-0036973,T.Etienne,150.0,-26.5625048142,-0.177083365428,39.0,7.392270167,0.1895453888974359,189.0,-0.015650838091448706,-0.12817116806688442,-0.14382200615833313,-0.22828889866402083
2024,00-0036980,E.Moore,1.0,-0.43551165,-0.43551165,61.0,32.626705107,0.5348640181475409,62.0,-0.00270160811228805,0.011230025616298135,0.008528417504010085,0.04126653630972622
2024,00-0036984,T.Sermon,56.0,-11.241290674,-0.2007373334642857,16.0,-2.2054320873,-0.13783950545625,72.0,-0.019155765584613217,-0.10522785044174204,-0.12438361602635525,-0.5182650667764802
2024,00-0036997,J.Williams,146.0,-24.8372954945,-0.1701184622910959,54.0,7.280284813200001,0.13482008913333335,200.0,-0.005013624539783967,-0.20716793385557788,-0.21218155839536185,-0.31827233759304274
2024,00-0037120,T.Goodson,32.0,2.6876476309999995,0.08398898846874998,11.0,3.4478885699999995,0.31344441545454543,43.0,0.08062412262788791,-0.02245346245489112,0.058170660172996796,0.40584181516044276
2024,00-0037197,I.Pacheco,96.0,-16.7108622875,-0.17407148216145832,15.0,0.85990945,0.057327296666666666,111.0,-0.007110598754527168,-0.06922897881582914,-0.07633957757035631,-0.20632318262258462
2024,00-0037228,J.Warren,122.0,-14.129255334100002,-0.1158135683122951,42.0,7.790329272999999,0.1854840303095238,164.0,0.06239542804859656,-0.13974483100592966,-0.0773494029573331,-0.14149281028780444
2024,00-0037239,C.Olave,1.0,0.8848593,0.8848593,32.0,26.97871503,0.8430848446875,33.0,0.010568451686706925,0.1050174569516918,0.11558590863839872,1.0507809876218066
2024,00-0037240,J.Williams,8.0,1.279919885,0.159989985625,34.0,51.139183994999996,1.5040936469117645,42.0,0.02626666359415791,0.33745340254006695,0.36372006613422486,2.5980004723873207
2024,00-0037240,Ja.Williams,4.0,6.69500783,1.6737519575,25.0,27.91029245,1.116411698,29.0,0.07398808443526991,0.15071997701549414,0.22470806145076405,2.3245661529389383
2024,00-0037247,G.Pickens,2.0,-1.8052047640000002,-0.9026023820000001,64.0,80.12403491,1.25193804546875,66.0,-0.014791974656736906,0.47301586716971533,0.4582238925129784,2.082835875058993
2024,00-0037248,J.Cook,260.0,19.5319352205,0.07512282777115384,38.0,19.33372181,0.5087821528947368,298.0,0.6319031392523431,-0.0029651597002680018,0.6289379795520751,0.6331590398175253
2024,00-0037256,R.White,145.0,-15.971675519,-0.11014948633793104,53.0,17.979901473,0.339243424018868,198.0,0.0824126903614488,-0.09444267908896142,-0.012029988727512625,-0.018227255647746403
2024,00-0037258,D.Pierce,46.0,5.404416030000001,0.11748730500000003,2.0,-0.9082887,-0.45414435,48.0,0.13138383517645827,-0.01951136762770519,0.11187246754875307,0.6992029221797067
2024,00-0037261,K.Shakir,2.0,-0.98134794,-0.49067397,94.0,77.535232582,0.8248428998085107,96.0,-0.006512006576334895,0.2912551836285093,0.2847431770521744,0.8898224282880449
2024,00-0037263,T.Allgeier,138.0,5.485002602840001,0.03974639567275363,13.0,3.43049127,0.2638839438461539,151.0,0.2863299428443496,-0.033011147670536006,0.2533187951738136,0.5032823745175105
2024,00-0037267,J.Ford,104.0,5.03220677,0.04838660355769231,37.0,1.4236770189999997,0.03847775727027026,141.0,0.2248158555180227,-0.17777419087134003,0.04704166464668266,0.1000886481844312
2024,00-0037276,T.Chandler,56.0,-10.497865090000001,-0.1874618766071429,6.0,2.1026104599999997,0.3504350766666666,62.0,-0.011684151675065499,-0.010016750521306534,-0.02170090219637203,-0.10500436546631628
2024,00-0037291,J.Nailor,3.0,-3.0658695,-1.0219565,31.0,42.718989216,1.3780319101935483,34.0,-0.025786578608220933,0.2684025863534841,0.24261600774526315,2.1407294801052634
2024,00-0037509,S.McCormick,39.0,0.44787940700000006,0.011484087358974361,6.0,-0.08401250999999998,-0.014002084999999997,45.0,0.06984164298760022,-0.03199286077256281,0.03784878221503741,0.25232521476691605
2024,00-0037525,J.Mason,153.0,-5.442399463000001,-0.03557123832026145,11.0,6.34083508,0.5764395527272727,164.0,0.20163770743299367,0.0066213768415912845,0.20825908427458495,0.3809617395266798
2024,00-0037545,R.Shaheed,6.0,1.1725918800000001,0.19543198000000003,20.0,27.1602279,1.358011395,26.0,0.02183720338657321,0.16913873477822441,0.19097593816479763,2.2035685172861266
2024,00-0037557,R.Rivers,25.0,0.5692212829999996,0.022768851319999985,5.0,0.78229243,0.156458486,30.0,0.04760565179581382,-0.018094859471273032,0.02951079232454079,0.2951079232454079
2024,00-0037617,H.Haskins,35.0,-2.7431424824999997,-0.07837549949999999,3.0,5.056516555999999,1.6855055186666663,38.0,0.031069497652832824,0.03524500490015075,0.06631450255298357,0.5235355464709229
2024,00-0037740,G.Wilson,2.0,-0.12331961999999996,-0.06165980999999998,101.0,92.969478277,0.920489883930693,103.0,0.002111393624670131,0.4100332978863148,0.41214469151098493,1.200421431585393
2024,00-0037744,T.McBride,1.0,0.60105634,0.60105634,111.0,82.300038417,0.7414417875405405,112.0,0.007716160631430542,0.250888556632211,0.25860471726364154,0.6926912069561827
2024,00-0037746,B.Robinson,223.0,-11.052836251299999,-0.049564288122421515,24.0,6.0789058250000005,0.2532877427083334,247.0,0.26252894572056884,-0.06349952484904521,0.19902942087152364,0.2417361387103526
2024,00-0037801,K.Turpin,16.0,3.1890881600000003,0.19931801000000002,31.0,36.345201485,1.1724258543548387,47.0,0.058857431610426385,0.20434441820273033,0.2632018498131567,1.6800118073180215
2024,00-0037809,C.Okonkwo,1.0,1.0823609,1.0823609,52.0,28.190043949,0.5421162297884615,53.0,0.012553392390224512,0.013363237147001682,0.025916629537226194,0.14669790304090297
2024,00-0037840,K.Williams,351.0,-31.6795433137,-0.09025510915584047,38.0,1.8426240380000003,0.0484901062631579,389.0,0.26967571174568833,-0.17875508705705193,0.0909206246886364,0.07011873369303578
2024,00-0038040,Z.White,65.0,-36.288188698,-0.5582798261230769,6.0,-0.88990904,-0.14831817333333333,71.0,-0.25580484335902476,-0.04009232338562814,-0.2958971667446529,-1.2502697186393783
2024,00-0038098,P.Strong,26.0,-1.516133495,-0.058312826730769235,14.0,2.722350684,0.19445362028571428,40.0,0.028322705713676524,-0.04531955747433836,-0.016996851760661832,-0.12747638820496374
2024,00-0038117,W.Robinson,3.0,-2.68111153,-0.8937038433333333,93.0,45.669927251,0.49107448656989244,96.0,-0.02191966433686415,-0.023807722316432165,-0.045727386653296315,-0.142898083291551
2024,00-0038120,B.Hall,212.0,-20.859763516,-0.09839511092452831,57.0,14.230095144,0.249650792,269.0,0.14553753531051125,-0.15289485081673365,-0.0073573155062224005,-0.008205184579430187
2024,00-0038124,C.Watson,4.0,0.5008832550000002,0.12522081375000005,29.0,46.216047777,1.5936568198965517,33.0,0.011735576143812626,0.31393174152892794,0.3256673176727406,2.9606119788430965
2024,00-0038129,C.Otton,1.0,-1.3158102,-1.3158102,61.0,43.7325931997,0.7169277573721311,62.0,-0.01154882972032825,0.12284699137207704,0.11129816165174879,0.5385394918633006
2024,00-0038134,K.Walker,153.0,-12.1427637834,-0.07936446917254901,46.0,14.3576916841,0.3121237322630435,199.0,0.13429736250435045,-0.09450686464224452,0.039790497862105936,0.059985675169003924
2024,00-0038542,B.Robinson,305.0,17.936539877999998,0.05880832746885245,61.0,16.113779524999998,0.26416032008196716,366.0,0.6912617179933507,-0.15472902545907874,0.5365326925342719,0.439780895519895
2024,00-0038544,Q.Johnston,3.0,-0.8138732900000001,-0.2712910966666667,55.0,69.164695883,1.2575399251454544,58.0,-0.0031534508695274673,0.4095945272531825,0.40644107638365506,2.10228142957063
2024,00-0038551,K.Miller,39.0,-5.3706655867999995,-0.1377093740205128,5.0,1.4371575610000002,0.28743151220000007,44.0,0.011363803853931879,-0.01151330036574539,-0.00014949651181351067,-0.0010192943987284819
2024,00-0038555,T.Bigsby,168.0,-0.8408924790000019,-0.005005312375000011,7.0,0.43086692859999987,0.06155241837142855,175.0,0.27301490970847186,-0.03200961203767169,0.24100529767080017,0.41315193886422885
2024,00-0038559,Mi.Wilson,1.0,-0.81447566,-0.81447566,47.0,41.350248311,0.8797925172553192,48.0,-0.00651029162987599,0.1715836925177722,0.1650734008878962,1.0317087555493514
2024,00-0038563,T.Tucker,9.0,2.7391220880000002,0.3043468986666667,47.0,39.402209688,0.8383448869787233,56.0,0.042607405763276894,0.15200541489968172,0.19461282066295862,1.0425686821229925
2024,00-0038573,D.Davis,13.0,-5.240635755,-0.40312582730769225,14.0,7.55158241,0.5393987435714286,27.0,-0.030889591942156708,0.003215434746767175,-0.027674157195389532,-0.30749063550432815
2024,00-0038597,C.Brown,230.0,-4.805633104890001,-0.020894056977782613,54.0,19.03725146,0.3525416937037037,284.0,0.33704266075776856,-0.08900746504351757,0.24803519571425098,0.2620090095573073
2024,00-0038611,C.Rodriguez,35.0,7.94025257247,0.2268643592134286,1.0,1.1383916,1.1383916,36.0,0.13844030222539563,0.006249702618308209,0.14469000484370384,1.2057500403641987
2024,00-0038621,D.Douglas,3.0,0.73607411,0.24535803666666667,66.0,43.831282966,0.664110347969697,69.0,0.012423909934492633,0.09788175337115584,0.11030566330564848,0.47958984045934117
2024,00-0038636,K.McIntosh,31.0,1.4880798200000003,0.048002574838709684,3.0,0.15376407999999997,0.05125469333333332,34.0,0.0668927713331408,-0.014028889331005026,0.05286388200213577,0.4664460176659039
2024,00-0038678,J.Mims,20.0,-3.1767756000000005,-0.15883878,12.0,-5.096897824,-0.42474148533333334,32.0,0.0015804749401686434,-0.1135221316355779,-0.11194165669540924,-1.0494530315194617
2024,00-0038685,C.Brooks,36.0,4.788258687,0.13300718575,13.0,-0.445764996,-0.03428961507692308,49.0,0.10843736511340911,-0.07196849707757119,0.03646886803583792,0.2232787838928852
2024,00-0038705,E.Demercado,24.0,12.3622014509,0.5150917271208334,16.0,-0.9916032760000001,-0.061975204750000006,40.0,0.1644526721483029,-0.09302856590606363,0.07142410624223926,0.5356807968167945
2024,00-0038794,J.McLaughlin,115.0,-2.714050489,-0.023600439034782608,25.0,-12.667312322999999,-0.50669249292,140.0,0.165393351117025,-0.25709514633123953,-0.09170179521421454,-0.19650384688760258
2024,00-0038797,Em.Wilson,106.0,7.1358071967,0.06731893581792453,12.0,0.41856658000000024,0.03488054833333335,118.0,0.24930835513967772,-0.0580903285803015,0.19121802655937623,0.4861475251509565
2024,00-0038951,S.Tucker,50.0,10.127416312,0.20254832624,9.0,9.157293815000001,1.0174770905555557,59.0,0.1855527482750447,0.04531033276075378,0.23086308103579847,1.173880073063382
2024,00-0038976,M.Mims,15.0,-3.3506610099999996,-0.22337740066666664,41.0,40.689715866,0.992432094292683,56.0,-0.00854408409638105,0.19609368942098832,0.18754960532460727,1.0047300285246816
2024,00-0038977,T.Dell,9.0,-2.2630525599999998,-0.2514502844444444,51.0,59.18522683,1.1604946437254902,60.0,-0.007665706276924105,0.3300640318251759,0.3223983255482518,1.6119916277412591
2024,00-0038979,C.Tillman,1.0,-2.4089463,-2.4089463,29.0,27.7715640875,0.9576401409482759,30.0,-0.02253512218263981,0.12856004615706867,0.10602492397442886,1.0602492397442886
2024,00-0038994,J.Addison,3.0,2.730595105,0.9101983683333333,66.0,75.1080204364,1.1380003096424243,69.0,0.032469347070171024,0.4122208234254272,0.4446901704955982,1.9334355238939052
2024,00-0038996,T.Kraft,5.0,5.90993423,1.181986846,55.0,54.759227152,0.9956223118545455,60.0,0.06777329089584619,0.26481594704212735,0.33258923793797357,1.6629461896898678
2024,00-0038997,J.Downs,1.0,-0.8724181,-0.8724181,72.0,71.42194241600001,0.9919714224444446,73.0,-0.007092627710277999,0.3440262992317589,0.3369336715214809,1.3846589240608806
2024,00-0039021,R.Johnson,55.0,-4.4523737645,-0.08095225026363637,16.0,9.038903474,0.564931467125,71.0,0.0473991617186296,0.007780547159262982,0.055179708877892586,0.23315369948405315
2024,00-0039032,T.Spears,84.0,-4.8275754079999995,-0.0574711358095238,30.0,1.957093015,0.06523643383333334,114.0,0.0922146993919244,-0.13607329315929648,-0.04385859376737207,-0.11541735201940019
2024,00-0039040,D.Achane,203.0,-11.281630732,-0.05557453562561576,78.0,33.217249079,0.42586216767948715,281.0,0.22672163579849067,-0.07108898191266332,0.15563265388582737,0.16615585824109683
2024,00-0039064,Z.Flowers,9.0,2.14622289,0.23846921000000001,74.0,80.9024120549,1.0932758385797297,83.0,0.03664861985372916,0.42892456315078725,0.4655731830045164,1.6827946373657219
2024,00-0039067,R.Rice,1.0,2.349612,2.349612,24.0,22.76746989,0.9486445787500001,25.0,0.02528958435002351,0.10422473711075379,0.1295143214607773,1.5541718575293275
2024,00-0039075,P.Nacua,12.0,2.3704945,0.19754120833333333,90.0,86.833596016,0.9648177335111111,102.0,0.04392878606962883,0.4054717483713568,0.4494005344409856,1.3217662777676047
2024,00-0039139,J.Gibbs,264.0,40.410877268,0.1530715048030303,58.0,32.26436698,0.5562821893103448,322.0,0.8484433263760554,0.023162693369413727,0.871606019745469,0.8120552978995053
2024,00-0039146,J.Reed,20.0,-2.875319887,-0.14376599434999998,59.0,69.1926147914,1.1727561829050848,79.0,0.004610180598460107,0.38910944333847575,0.3937196239369359,1.4951378124187438
2024,00-0039165,Z.Charbonnet,135.0,-11.281587973499999,-0.08356731832222221,42.0,2.00114957,0.04764641833333333,177.0,0.1127953146551836,-0.1979275415888442,-0.08513222693366061,-0.1442919100570519
2024,00-0039325,C.Steele,56.0,-11.9836103353,-0.2139930417017857,7.0,-0.742973447,-0.10613906385714286,63.0,-0.02661626469315593,-0.04380700274721944,-0.07042326744037536,-0.335348892573216
2024,00-0039337,M.Nabers,5.0,-0.5598146999999999,-0.11196293999999998,109.0,105.4364690172,0.9673070552036697,114.0,0.002750688584288394,0.49379833531720263,0.496549023901491,1.3067079576355027
2024,00-0039338,B.Bowers,5.0,-0.8622521399999998,-0.17245042799999996,112.0,92.20587559399999,0.823266746375,117.0,-0.00028888367701813804,0.34525329017514234,0.3449644064981242,0.8845241192259596
2024,00-0039342,X.Legette,6.0,-0.59075867,-0.09845977833333334,49.0,39.118279968,0.798332244244898,55.0,0.004115087306171197,0.13876901189509216,0.14288409920126335,0.7793678138250728
2024,00-0039361,B.Irving,224.0,19.808139920000002,0.08842919607142859,49.0,19.779620894,0.4036657325306123,273.0,0.5743649036514968,-0.055589370758174175,0.5187755328933227,0.5700830031794755
2024,00-0039363,I.Guerendo,84.0,4.852067704,0.05776271076190477,15.0,6.78482959,0.4523219726666667,99.0,0.18949754473865807,-0.009682042735427129,0.17981550200323093,0.5448954606158513
2024,00-0039373,A.Estime,76.0,-7.429717641,-0.09775944264473684,5.0,-0.7653279600000003,-0.15306559200000006,81.0,0.052659368983696137,-0.033648833240117255,0.01901053574357888,0.07040939164288475
2024,00-0039384,T.Tracy,192.0,-20.713866867,-0.107884723265625,38.0,10.094197022,0.2656367637368421,230.0,0.113495965385418,-0.09582470530830821,0.017671260077109785,0.023049469665795373
2024,00-0039391,K.Vidal,43.0,-8.408020345,-0.19553535686046514,5.0,4.37144639,0.874289278,48.0,-0.01246080103944144,0.017977039624204355,0.005516238584762915,0.03447649115476822
2024,00-0039738,B.Corum,58.0,-9.74375221,-0.1679957277586207,7.0,3.3724597963,0.48177997089999997,65.0,-0.0007543409649682222,-0.0024458646236013406,-0.0032002055885695627,-0.014770179639551826
2024,00-0039746,W.Shipley,34.0,-2.464745614,-0.07249251805882352,4.0,2.29939714,0.574849285,38.0,0.03219206273497012,0.002343843036046902,0.03453590577101702,0.27265188766592385
2024,00-0039751,J.Whittington,2.0,3.0716407,1.53582035,23.0,22.869751253,0.994337011,25.0,0.034221547594519376,0.1104441094974707,0.14466565709199009,1.735987885103881
2024,00-0039794,B.Allen,92.0,-7.6164235385,-0.082787212375,19.0,10.504091657,0.5528469293157895,111.0,0.07758922212678582,0.006931799566951433,0.08452102169373725,0.22843519376685742
2024,00-0039798,I.Davis,30.0,4.414041878,0.14713472926666665,9.0,6.970297110000001,0.7744774566666668,39.0,0.0946240317871374,0.023330466378844235,0.11795449816598164,0.9073422935844742
2024,00-0039855,J.McMillan,4.0,4.4315553405,1.107888835125,39.0,55.231289346,1.4161869063076922,43.0,0.051239818209139254,0.3526229945361306,0.40386281274526986,2.8176475307809525
2024,00-0039868,T.Franklin,2.0,-0.251734476,-0.125867238,30.0,16.868578162,0.5622859387333333,32.0,0.0008207920568309351,0.013790879172361815,0.01461167122919275,0.13698441777368203
2024,00-0039874,J.Wright,68.0,-20.3124554664,-0.2987125803882353,3.0,-1.2121506199999998,-0.40405020666666663,71.0,-0.09021853019237132,-0.02775667526065326,-0.11797520545302458,-0.49848678360432913
2024,00-0039875,R.Davis,120.0,-3.7405904165,-0.031171586804166665,17.0,16.085219208,0.9461893651764707,137.0,0.1634533338972933,0.07340637172731995,0.23685970562461325,0.5186708882290801
2024,00-0039880,M.Washington,5.0,0.6971068900000004,0.13942137800000007,26.0,15.070230442,0.5796242477692307,31.0,0.01538306637323312,0.016482708699128972,0.031865775072362094,0.30837846844221384
2024,00-0039893,B.Thomas,6.0,2.56745222,0.4279087033333333,87.0,105.318930626,1.2105624209885057,93.0,0.03585590027099531,0.6068282627274875,0.6426841629984827,2.0731747193499444
2024,00-0039894,X.Worthy,23.0,2.475163294,0.10761579539130435,78.0,78.63080269299999,1.0080872140128203,101.0,0.0634100610957668,0.38532864234864306,0.44873870344440986,1.3328872379536927
2024,00-0039901,K.Coleman,1.0,0.78190094,0.78190094,32.0,51.435437671,1.60735742721875,33.0,0.009533694299772251,0.35081366439892797,0.3603473586987002,3.275885079079093
2024,00-0039916,R.Pearsall,3.0,2.2061822600000003,0.7353940866666667,31.0,31.93517017,1.0301667796774194,34.0,0.027198866215899672,0.16002249543891126,0.18722136165481093,1.6519531910718612
2024,00-0039919,R.Odunze,3.0,0.57585942,0.19195314,54.0,60.686577814,1.1238255150740741,57.0,0.010813712045045396,0.32957872946904526,0.34039244151409065,1.791539165863635
2024,00-0039921,T.Benson,63.0,-4.971010293999999,-0.07890492530158728,6.0,3.1038311999999997,0.5173051999999999,69.0,0.05558988144846592,4.576947869346351e-05,0.05563565092715938,0.24189413446591032
2021,00-0027061,J.Cook,0.0,0.0,0.0,48.0,55.5878384605,1.1580799679270835,48.0,0.0,0.3094836318144724,0.3094836318144724,1.9342726988404526
2021,00-0027656,R.Gronkowski,0.0,0.0,0.0,64.0,72.820160204,1.1378150031875,64.0,0.0,0.3996100912300168,0.3996100912300168,1.8731723026407037
2021,00-0027942,A.Green,0.0,0.0,0.0,54.0,77.302813129,1.4315335764629629,54.0,0.0,0.4965760693182914,0.4965760693182914,2.758755940657174
2021,00-0027944,J.Jones,0.0,0.0,0.0,37.0,38.30331141,1.0352246327027026,37.0,0.0,0.19287540099800665,0.19287540099800665,1.5638546026865405
2021,00-0027981,K.Rudolph,0.0,0.0,0.0,26.0,21.03264091,0.8089477273076924,26.0,0.0,0.07640643199561142,0.07640643199561142,0.8816126768724395
2021,00-0029000,C.Beasley,0.0,0.0,0.0,89.0,50.099620641899996,0.5629170858640449,89.0,0.0,0.04147748520932995,0.04147748520932995,0.1398117478966178
2021,00-0029293,M.Jones,0.0,0.0,0.0,73.0,72.534971803,0.9936297507260274,73.0,0.0,0.35002110523700175,0.35002110523700175,1.4384428982342539
2021,00-0030108,R.Griffin,0.0,0.0,0.0,27.0,23.005223428,0.8520453121481482,27.0,0.0,0.09103996293552764,0.09103996293552764,1.011555143728085
2021,00-0030181,J.Doyle,0.0,0.0,0.0,29.0,27.495924397,0.9481353240344828,29.0,0.0,0.12578979801134005,0.12578979801134005,1.3012737725311039
2021,00-0030564,D.Hopkins,0.0,0.0,0.0,42.0,60.47588055,1.4399019178571428,42.0,0.0,0.3897581969036181,0.3897581969036181,2.7839871207401297
2021,00-0031273,C.Brate,0.0,0.0,0.0,34.0,24.080351539,0.7082456334999999,34.0,0.0,0.06550533765564487,0.06550533765564487,0.5779882734321606
2021,00-0031325,S.Watkins,0.0,0.0,0.0,27.0,22.7344835065,0.8420179076481481,27.0,0.0,0.08831895869934674,0.08831895869934674,0.9813217633260748
2021,00-0031381,D.Adams,0.0,0.0,0.0,132.0,135.522282084,1.0266839551818183,132.0,0.0,0.6767656791242214,0.6767656791242214,1.5381038161914122
2021,00-0031428,A.Robinson,0.0,0.0,0.0,38.0,39.606380771,1.0422731781842105,38.0,0.0,0.20078015649068678,0.20078015649068678,1.585106498610685
2021,00-0031544,A.Cooper,0.0,0.0,0.0,74.0,84.219568153,1.1381022723378378,74.0,0.0,0.4622628153929983,0.4622628153929983,1.8740384407824258
2021,00-0031547,D.Parker,0.0,0.0,0.0,40.0,52.522476606,1.31306191515,40.0,0.0,0.3202073269031826,0.3202073269031826,2.4015549517738695
2021,00-0031610,D.Waller,0.0,0.0,0.0,62.0,58.744581805,0.9474932549193549,62.0,0.0,0.2685298297220436,0.2685298297220436,1.2993378857518239
2021,00-0031868,D.Byrd,0.0,0.0,0.0,26.0,27.877580837,1.072214647576923,26.0,0.0,0.14519979809611389,0.14519979809611389,1.675382285724391
2021,00-0031941,J.Crowder,0.0,0.0,0.0,51.0,33.591587961,0.6586585874705883,51.0,0.0,0.072841530629196,0.072841530629196,0.4284795919364471
2021,00-0032009,A.Humphries,0.0,0.0,0.0,41.0,19.853850665,0.4842402601219512,41.0,0.0,-0.013311990991072022,-0.013311990991072022,-0.09740481212979529
2021,00-0032134,C.Uzomah,0.0,0.0,0.0,64.0,42.6759714041,0.6668120531890624,64.0,0.0,0.09665341987423784,0.09665341987423784,0.45306290566048985
2021,00-0032141,G.Swaim,0.0,0.0,0.0,31.0,14.631075146,0.471970166,31.0,0.0,-0.013888007314857606,-0.013888007314857606,-0.1344000707889446
2021,00-0032392,A.Hooper,0.0,0.0,0.0,38.0,32.453338543,0.8540352248157895,38.0,0.0,0.12889028485249585,0.12889028485249585,1.0175548804144408
2021,00-0032775,D.Robinson,0.0,0.0,0.0,29.0,27.802885306,0.9587201829655172,29.0,0.0,0.12887483227264657,0.12887483227264657,1.333187920061861
2021,00-0032778,T.Sharpe,0.0,0.0,0.0,25.0,15.960467073,0.63841868292,25.0,0.0,0.030621229507956465,0.030621229507956465,0.36745475409547756
2021,00-0032951,L.Treadwell,0.0,0.0,0.0,33.0,40.3333698328,1.2222233282666668,33.0,0.0,0.2340436741710051,0.2340436741710051,2.1276697651909555
2021,00-0033090,H.Henry,0.0,0.0,0.0,51.0,68.327244027,1.339749882882353,51.0,0.0,0.42194360164427147,0.42194360164427147,2.4820211861427737
2021,00-0033110,T.Higbee,0.0,0.0,0.0,70.0,56.4107567513,0.80586795359,70.0,0.0,0.20354294962629815,0.20354294962629815,0.8723269269698491
2021,00-0033375,T.Patrick,0.0,0.0,0.0,53.0,70.91129536,1.3379489690566038,53.0,0.0,0.43753112882058626,0.43753112882058626,2.4765912952108655
2021,00-0033455,A.Firkser,0.0,0.0,0.0,34.0,18.704227151,0.5501243279705883,34.0,0.0,0.011473936771222812,0.011473936771222812,0.10124061856961306
2021,00-0033536,M.Williams,0.0,0.0,0.0,76.0,108.1881696338,1.4235285478131579,76.0,0.0,0.6927704445572529,0.6927704445572529,2.734620175883893
2021,00-0033611,R.Seals-Jones,0.0,0.0,0.0,30.0,18.2387048023,0.6079568267433333,30.0,0.0,0.0275609961603015,0.0275609961603015,0.275609961603015
2021,00-0033681,K.Cole,0.0,0.0,0.0,28.0,38.88627875,1.3887956696428572,28.0,0.0,0.24545714014680067,0.24545714014680067,2.629897930144293
2021,00-0033871,C.Davis,0.0,0.0,0.0,34.0,40.176474214,1.1816610062941177,34.0,0.0,0.22727541479132332,0.22727541479132332,2.0053713069822647
2021,00-0033932,K.Golladay,0.0,0.0,0.0,37.0,45.25895372,1.2232149654054054,37.0,0.0,0.2627813538623283,0.2627813538623283,2.1306596259107704
2021,00-0033943,J.Reynolds,0.0,0.0,0.0,29.0,34.15053091,1.177604514137931,29.0,0.0,0.1926702654786767,0.1926702654786767,1.993140677365621
2021,00-0034011,D.Arnold,0.0,0.0,0.0,35.0,23.208824693,0.6631092769428572,35.0,0.0,0.051554854887018435,0.051554854887018435,0.44189875617444374
2021,00-0034270,T.Conklin,0.0,0.0,0.0,61.0,32.35845384,0.5304664563934427,61.0,0.0,0.00853403298313239,0.00853403298313239,0.0419706540154052
2021,00-0034272,M.Valdes-Scantling,0.0,0.0,0.0,26.0,37.673135614,1.4489667543846154,26.0,0.0,0.2436475847996315,0.2436475847996315,2.8113182861495942
2021,00-0034297,B.Pringle,0.0,0.0,0.0,54.0,58.378412683,1.0810817163518518,54.0,0.0,0.30638108996150754,0.30638108996150754,1.7021171664528196
2021,00-0034351,D.Goedert,0.0,0.0,0.0,62.0,85.404078563,1.3774851381129032,62.0,0.0,0.5364644705059631,0.5364644705059631,2.595795825028854
2021,00-0034383,D.Schultz,0.0,0.0,0.0,85.0,76.5493160645,0.9005801889941177,85.0,0.0,0.3280692458175043,0.3280692458175043,1.1578914558264857
2021,00-0034411,R.Gage,0.0,0.0,0.0,66.0,62.899729952,0.9530262113939394,66.0,0.0,0.28952443664753774,0.28952443664753774,1.316020166579717
2021,00-0034764,M.Gallup,0.0,0.0,0.0,35.0,39.009839688,1.1145668482285713,35.0,0.0,0.21035902569103848,0.21035902569103848,1.8030773630660442
2021,00-0034765,T.Smith,0.0,0.0,0.0,32.0,35.2522695123,1.101633422259375,32.0,0.0,0.18816875828134008,0.18816875828134008,1.7640821088875633
2021,00-0034829,M.Gesicki,0.0,0.0,0.0,73.0,61.593766578,0.8437502270958904,73.0,0.0,0.24005924367921275,0.24005924367921275,0.9865448370378607
2021,00-0034830,H.Hurst,0.0,0.0,0.0,26.0,11.011578529000001,0.42352225111538466,26.0,0.0,-0.02430776278830819,-0.02430776278830819,-0.28047418601894064
2021,00-0034837,C.Ridley,0.0,0.0,0.0,31.0,28.903649632,0.9323757945806451,31.0,0.0,0.12955495234343384,0.12955495234343384,1.2537576033235533
2021,00-0034981,F.Moreau,0.0,0.0,0.0,30.0,24.59018484,0.819672828,30.0,0.0,0.09139496638844222,0.09139496638844222,0.9139496638844222
2021,00-0035229,T.Hockenson,0.0,0.0,0.0,61.0,39.9088265875,0.6542430588114755,61.0,0.0,0.08441717617408716,0.08441717617408716,0.41516644020042864
2021,00-0035644,N.Fant,0.0,0.0,0.0,68.0,36.9919252225,0.5439989003308824,68.0,0.0,0.01876165163792299,0.01876165163792299,0.08277199252024849
2021,00-0035689,D.Knox,0.0,0.0,0.0,56.0,62.325751147,1.1129598419107143,56.0,0.0,0.33566999533882746,0.33566999533882746,1.7982321178865757
2021,00-0036182,N.Westbrook-Ikhine,0.0,0.0,0.0,38.0,39.2026630035,1.0316490264078948,38.0,0.0,0.1967226914906868,0.1967226914906868,1.5530738801896327
2021,00-0036196,G.Davis,0.0,0.0,0.0,45.0,80.162206545,1.7813823676666667,45.0,0.0,0.5720364624972362,0.5720364624972362,3.813576416648241
2021,00-0036219,M.Callaway,0.0,0.0,0.0,46.0,66.438524504,1.4443157500869566,46.0,0.0,0.4289185908341374,0.4289185908341374,2.7972951576139393
2021,00-0036233,D.Peoples-Jones,0.0,0.0,0.0,34.0,51.33577751,1.509875809117647,34.0,0.0,0.3394292167611725,0.3394292167611725,2.9949636773044634
2021,00-0036332,J.Deguara,0.0,0.0,0.0,25.0,11.464679241999999,0.45858716967999996,25.0,0.0,-0.014562567788525965,-0.014562567788525965,-0.17475081346231158
2021,00-0036410,T.Higgins,0.0,0.0,0.0,92.0,123.970479825,1.3475052154891305,92.0,0.0,0.7683239235476718,0.7683239235476718,2.5054040985250166
2021,00-0036422,A.Trautman,0.0,0.0,0.0,27.0,12.429804882,0.4603631437777778,27.0,0.0,-0.015245650592110535,-0.015245650592110535,-0.16939611769011706
2021,00-0036423,A.Okwuegbunam,0.0,0.0,0.0,33.0,18.8943620916,0.5725564270181819,33.0,0.0,0.018576259686582944,0.018576259686582944,0.16887508805984497
2021,00-0036427,T.Johnson,0.0,0.0,0.0,41.0,24.972742232,0.6090912739512195,41.0,0.0,0.03813415541093804,0.03813415541093804,0.27903040544588814
2021,00-0036550,R.Bateman,0.0,0.0,0.0,46.0,40.597649514,0.8825575981304347,46.0,0.0,0.16921130450247904,0.16921130450247904,1.1035519858857328
2021,00-0036554,N.Collins,0.0,0.0,0.0,33.0,34.47917002,1.044823333939394,33.0,0.0,0.17520749514788947,0.17520749514788947,1.592795410435359
2021,00-0036894,P.Freiermuth,0.0,0.0,0.0,64.0,44.118307785,0.689348559140625,64.0,0.0,0.11114926289835847,0.11114926289835847,0.5210121698360554
2021,00-0036912,D.Smith,0.0,0.0,0.0,68.0,73.0139224813,1.0737341541367647,68.0,0.0,0.38079177484194304,0.38079177484194304,1.679963712537984
2021,00-0036970,K.Pitts,0.0,0.0,0.0,68.0,79.854319509,1.1743282280735294,68.0,0.0,0.4495394836630486,0.4495394836630486,1.9832624279252145
2022,00-0028002,R.Cobb,0.0,0.0,0.0,34.0,34.25760948,1.0075767494117647,34.0,0.0,0.16778933706268007,0.16778933706268007,1.4804941505530596
2022,00-0029293,M.Jones,0.0,0.0,0.0,50.0,55.276822252,1.10553644504,50.0,0.0,0.2959750027948074,0.2959750027948074,1.7758500167688442
2022,00-0030061,Z.Ertz,0.0,0.0,0.0,47.0,32.98212136,0.7017472629787235,47.0,0.0,0.08748191411576219,0.08748191411576219,0.5583951964835884
2022,00-0030431,R.Woods,0.0,0.0,0.0,53.0,48.955437079,0.9236874920566037,53.0,0.0,0.21686923654922946,0.21686923654922946,1.227561716316393
2022,00-0030564,D.Hopkins,0.0,0.0,0.0,64.0,43.929834992,0.68640367175,64.0,0.0,0.1092550639737354,0.1092550639737354,0.5121331123768846
2022,00-0031260,L.Thomas,0.0,0.0,0.0,39.0,15.4277095683,0.3955822966230769,39.0,0.0,-0.047412983129195965,-0.047412983129195965,-0.36471525483996897
2022,00-0031382,J.Landry,0.0,0.0,0.0,25.0,14.21119835154,0.5684479340616,25.0,0.0,0.013040639342529317,0.013040639342529317,0.1564876721103518
2022,00-0031408,M.Evans,0.0,0.0,0.0,83.0,103.12131081,1.242425431445783,83.0,0.0,0.6055073073698324,0.6055073073698324,2.188580629047587
2022,00-0031428,Al.Robinson,0.0,0.0,0.0,33.0,30.336145058,0.919277122969697,33.0,0.0,0.13356905331874375,0.13356905331874375,1.2142641210794887
2022,00-0031544,A.Cooper,0.0,0.0,0.0,78.0,113.2177318322,1.4515093824641025,78.0,0.0,0.7329359703808039,0.7329359703808039,2.8189845014646306
2022,00-0031547,D.Parker,0.0,0.0,0.0,31.0,43.5240847,1.4040027322580646,31.0,0.0,0.2764939982529816,0.2764939982529816,2.6757483701901448
2022,00-0031549,N.Agholor,0.0,0.0,0.0,31.0,14.058150763,0.4534887342903226,31.0,0.0,-0.019646041314857605,-0.019646041314857605,-0.19012298046636392
2022,00-0031610,D.Waller,0.0,0.0,0.0,28.0,26.911225092000002,0.961115181857143,28.0,0.0,0.12510484207644895,0.12510484207644895,1.3404090222476672
2022,00-0032211,T.Lockett,0.0,0.0,0.0,90.0,90.6332730127,1.0070363668077777,90.0,0.0,0.4436594568809045,0.4436594568809045,1.4788648562696818
2022,00-0032392,A.Hooper,0.0,0.0,0.0,41.0,42.969405787,1.0480342874878048,41.0,0.0,0.21900514591345058,0.21900514591345058,1.6024766774154922
2022,00-0032775,D.Robinson,0.0,0.0,0.0,50.0,36.912871701,0.73825743402,50.0,0.0,0.11141268569933,0.11141268569933,0.66847611419598
2022,00-0033090,H.Henry,0.0,0.0,0.0,41.0,39.2408820935,0.957094685207317,41.0,0.0,0.1815325459787772,0.1815325459787772,1.3282869217959308
2022,00-0033110,T.Higbee,0.0,0.0,0.0,72.0,44.162664229,0.613370336513889,72.0,0.0,0.07006370438753776,0.07006370438753776,0.29193210161474065
2022,00-0033536,M.Williams,0.0,0.0,0.0,63.0,69.960771114,1.1104884303809524,63.0,0.0,0.3760639314257789,0.3760639314257789,1.7907806258370422
2022,00-0033591,N.Brown,0.0,0.0,0.0,47.0,50.231638327,1.0687582622765956,47.0,0.0,0.26084389368360134,0.26084389368360134,1.6649610235123489
2022,00-0033757,R.Tonyan,0.0,0.0,0.0,53.0,26.2661059105,0.4955869039716981,53.0,0.0,-0.011164242531172533,-0.011164242531172533,-0.0631938256481464
2022,00-0033857,J.Smith-Schuster,0.0,0.0,0.0,88.0,80.781999666,0.9179772689318182,88.0,0.0,0.35503452253172535,0.35503452253172535,1.2103449631763366
2022,00-0033871,C.Davis,0.0,0.0,0.0,32.0,52.50673783,1.6408355571875,32.0,0.0,0.3615805001677722,0.3615805001677722,3.3898171890728643
2022,00-0033943,J.Reynolds,0.0,0.0,0.0,38.0,37.75557833,0.9935678507894736,38.0,0.0,0.1821791269328978,0.1821791269328978,1.4382562652597195
2022,00-0034159,W.Dissly,0.0,0.0,0.0,34.0,29.36436042,0.8636576594117648,34.0,0.0,0.11861095455011729,0.11861095455011729,1.0465672460304467
2022,00-0034351,D.Goedert,0.0,0.0,0.0,71.0,63.013373289,0.8875122998450704,71.0,0.0,0.26470948578933,0.26470948578933,1.118490785025338
2022,00-0034364,J.Akins,0.0,0.0,0.0,37.0,42.554631747,1.1501251823513514,37.0,0.0,0.23560223855579568,0.23560223855579568,1.9102884207226678
2022,00-0034383,D.Schultz,0.0,0.0,0.0,69.0,53.967802741999996,0.7821420687246377,69.0,0.0,0.18418206701502512,0.18418206701502512,0.8007915957175005
2022,00-0034411,R.Gage,0.0,0.0,0.0,53.0,35.8102956184,0.675665955064151,53.0,0.0,0.08475726207083754,0.08475726207083754,0.47975808719342
2022,00-0034487,T.Sherfield,0.0,0.0,0.0,30.0,33.534969745,1.1178323248333333,30.0,0.0,0.1812923021170854,0.1812923021170854,1.812923021170854
2022,00-0034764,M.Gallup,0.0,0.0,0.0,44.0,51.33911552,1.16679808,44.0,0.0,0.28754857470304857,0.28754857470304857,1.960558463884422
2022,00-0034777,D.Chark,0.0,0.0,0.0,30.0,44.667533455,1.4889177818333332,30.0,0.0,0.2931773645291457,0.2931773645291457,2.9317736452914573
2022,00-0034829,M.Gesicki,0.0,0.0,0.0,34.0,33.906373254,0.9972462721764707,34.0,0.0,0.16425932474107205,0.16425932474107205,1.4493469830094594
2022,00-0034830,H.Hurst,0.0,0.0,0.0,65.0,44.380052419,0.6827700372153847,65.0,0.0,0.10858844324530992,0.10858844324530992,0.5011774303629688
2022,00-0034970,I.Smith,0.0,0.0,0.0,26.0,10.239699530000001,0.3938345973076923,26.0,0.0,-0.03206534066770518,-0.03206534066770518,-0.36998470001198286
2022,00-0034981,F.Moreau,0.0,0.0,0.0,33.0,34.70266112,1.0515957915151515,33.0,0.0,0.17745363685643215,0.17745363685643215,1.6132148805130198
2022,00-0034983,H.Renfrow,0.0,0.0,0.0,36.0,27.800885455,0.7722468181944444,36.0,0.0,0.0925148003394975,0.0925148003394975,0.7709566694958125
2022,00-0035229,T.Hockenson,0.0,0.0,0.0,96.0,77.14417697398,0.8035851768122916,96.0,0.0,0.27694213853326627,0.27694213853326627,0.8654441829164571
2022,00-0035640,D.Metcalf,0.0,0.0,0.0,100.0,82.264048466597,0.8226404846659701,100.0,0.0,0.30763245747501183,0.30763245747501183,0.9228973724250356
2022,00-0035644,N.Fant,0.0,0.0,0.0,51.0,28.870959780699998,0.5660972506019607,51.0,0.0,0.025398031329698464,0.025398031329698464,0.14940018429234392
2022,00-0035676,A.Brown,0.0,0.0,0.0,101.0,127.856937879,1.265910276029703,101.0,0.0,0.7606610325797823,0.7606610325797823,2.2593892056825218
2022,00-0035689,D.Knox,0.0,0.0,0.0,56.0,50.1854543816,0.8961688282428572,56.0,0.0,0.21365696252073704,0.21365696252073704,1.1445908706468055
2022,00-0036040,J.Johnson,0.0,0.0,0.0,42.0,47.7918087,1.137900207142857,42.0,0.0,0.2622800878583919,0.2622800878583919,1.8734291989885137
2022,00-0036165,I.Hodgins,0.0,0.0,0.0,46.0,37.440615838,0.8139264312608695,46.0,0.0,0.13748232283413733,0.13748232283413733,0.8966238445704608
2022,00-0036182,N.Westbrook-Ikhine,0.0,0.0,0.0,25.0,36.46890041,1.4587560164000002,25.0,0.0,0.23673613741750424,0.23673613741750424,2.840833649010051
2022,00-0036196,G.Davis,0.0,0.0,0.0,56.0,83.10879151,1.4840855626785714,56.0,0.0,0.5445447728564154,0.5445447728564154,2.9172041403022253
2022,00-0036244,C.Parkinson,0.0,0.0,0.0,28.0,17.749256973999998,0.6339020347857142,28.0,0.0,0.033024760488509185,0.033024760488509185,0.3538367195197412
2022,00-0036410,T.Higgins,0.0,0.0,0.0,87.0,100.6519464777,1.1569189250310343,87.0,0.0,0.5599238994279898,0.5599238994279898,1.9307720669930681
2022,00-0036554,N.Collins,0.0,0.0,0.0,37.0,26.837622017,0.7253411355945947,37.0,0.0,0.0776423417718761,0.0776423417718761,0.6295325008530495
2022,00-0036894,P.Freiermuth,0.0,0.0,0.0,63.0,52.106295622,0.8270840574920635,63.0,0.0,0.19662196668206033,0.19662196668206033,0.9362950794383825
2022,00-0036912,D.Smith,0.0,0.0,0.0,110.0,112.564400794,1.023312734490909,110.0,0.0,0.560244421621943,0.560244421621943,1.527939331696208
2022,00-0036955,T.Marshall,0.0,0.0,0.0,28.0,37.675542525,1.3455550901785713,28.0,0.0,0.233288936880469,0.233288936880469,2.4995243237193105
2022,00-0036970,K.Pitts,0.0,0.0,0.0,28.0,31.131858387,1.11185208525,28.0,0.0,0.16752326715182583,0.16752326715182583,1.7948921480552766
2022,00-0037239,C.Olave,0.0,0.0,0.0,72.0,80.008282798,1.1112261499722222,72.0,0.0,0.4303211774428141,0.4303211774428141,1.7930049060117257
2022,00-0037252,G.Dulcich,0.0,0.0,0.0,33.0,29.81656787,0.9035323596969697,33.0,0.0,0.12834717203231155,0.12834717203231155,1.1667924730210142
2022,00-0037664,A.Pierce,0.0,0.0,0.0,41.0,57.644822226,1.4059712738048782,41.0,0.0,0.3664967684159632,0.3664967684159632,2.681683671336316
2022,00-0037744,T.McBride,0.0,0.0,0.0,29.0,16.182240694,0.5580082997931035,29.0,0.0,0.01208443416209383,0.01208443416209383,0.12501138788372929
2022,00-0037755,J.Woods,0.0,0.0,0.0,25.0,22.40714752,0.8962859007999999,25.0,0.0,0.09541198776926296,0.09541198776926296,1.1449438532311556
2022,00-0037838,I.Likely,0.0,0.0,0.0,36.0,19.500162005,0.5416711668055556,36.0,0.0,0.00909044405809048,0.00909044405809048,0.07575370048408733
2022,00-0038129,C.Otton,0.0,0.0,0.0,46.0,29.508840189,0.6414965258478261,46.0,0.0,0.05776598465323286,0.05776598465323286,0.3767346825210839
2023,00-0030061,Z.Ertz,0.0,0.0,0.0,27.0,8.664966421,0.3209246822592593,27.0,0.0,-0.05308322306447234,-0.05308322306447234,-0.5898135896052482
2023,00-0031381,D.Adams,0.0,0.0,0.0,103.0,96.824814966,0.9400467472427185,103.0,0.0,0.43839756230886107,0.43839756230886107,1.2768861038122168
2023,00-0031408,M.Evans,0.0,0.0,0.0,90.0,134.2096915,1.4912187944444444,90.0,0.0,0.8816134115271357,0.8816134115271357,2.938711371757119
2023,00-0031428,A.Robinson,0.0,0.0,0.0,36.0,12.405533658,0.34459815716666664,36.0,0.0,-0.06221235339919598,-0.06221235339919598,-0.5184362783266332
2023,00-0031544,A.Cooper,0.0,0.0,0.0,76.0,112.2820259299,1.477395078025,76.0,0.0,0.7339147289401676,0.7339147289401676,2.8970318247638196
2023,00-0031547,D.Parker,0.0,0.0,0.0,33.0,28.3728996116,0.8597848367151516,33.0,0.0,0.11383794330467341,0.11383794330467341,1.0348903936788492
2023,00-0031549,N.Agholor,0.0,0.0,0.0,38.0,36.14031458,0.95106091,38.0,0.0,0.16594532040023452,0.16594532040023452,1.3100946347386935
2023,00-0031610,D.Waller,0.0,0.0,0.0,52.0,41.232284664,0.7929285512307692,52.0,0.0,0.14444103327765495,0.14444103327765495,0.8333136535249324
2023,00-0032211,T.Lockett,0.0,0.0,0.0,79.0,77.2785287365,0.9782092245126581,79.0,0.0,0.3665465303287604,0.3665465303287604,1.391948849349723
2023,00-0032392,A.Hooper,0.0,0.0,0.0,25.0,14.75665684,0.5902662736,25.0,0.0,0.01852263420142378,0.01852263420142378,0.22227161041708537
2023,00-0032765,M.Thomas,0.0,0.0,0.0,39.0,39.176909168,1.0045361325128206,39.0,0.0,0.19127243998336688,0.19127243998336688,1.4713264614105144
2023,00-0033090,H.Henry,0.0,0.0,0.0,42.0,47.72283021,1.1362578621428572,42.0,0.0,0.26158683670261307,0.26158683670261307,1.8684774050186648
2023,00-0033110,T.Higbee,0.0,0.0,0.0,47.0,36.427114829,0.7750449963617021,47.0,0.0,0.12210496405546063,0.12210496405546063,0.7793933875880465
2023,00-0033857,J.Smith-Schuster,0.0,0.0,0.0,29.0,22.210190322000003,0.7658686317931035,29.0,0.0,0.07266684248370187,0.07266684248370187,0.7517259567279504
2023,00-0033881,E.Engram,0.0,0.0,0.0,114.0,49.577217212,0.43488787028070175,114.0,0.0,-0.09355827526160802,-0.09355827526160802,-0.24620598753054745
2023,00-0033885,D.Njoku,0.0,0.0,0.0,88.0,55.443604688,0.6300409623636364,88.0,0.0,0.10037728657192634,0.10037728657192634,0.34219529513156705
2023,00-0033891,Z.Jones,0.0,0.0,0.0,34.0,26.51928556,0.7799789870588235,34.0,0.0,0.09001723736418761,0.09001723736418761,0.7942697414487143
2023,00-0033943,J.Reynolds,0.0,0.0,0.0,48.0,57.97581138,1.2078294037500001,48.0,0.0,0.3334833596486433,0.3334833596486433,2.0842709978040204
2023,00-0034272,M.Valdes-Scantling,0.0,0.0,0.0,29.0,29.30812931,1.0106251486206896,29.0,0.0,0.14400291271485763,0.14400291271485763,1.489685303946803
2023,00-0034383,D.Schultz,0.0,0.0,0.0,65.0,60.366716067,0.9287187087230769,65.0,0.0,0.26925842965737024,0.26925842965737024,1.2427312138032471
2023,00-0034386,Ju.Watson,0.0,0.0,0.0,33.0,52.99956134,1.6060473133333333,33.0,0.0,0.36134208127854267,0.36134208127854267,3.2849280116231157
2023,00-0034613,T.Hudson,0.0,0.0,0.0,39.0,30.768704097,0.7889411306923078,39.0,0.0,0.10676786640547743,0.10676786640547743,0.8212912800421341
2023,00-0034764,M.Gallup,0.0,0.0,0.0,40.0,37.8162817324,0.94540704331,40.0,0.0,0.17240637339966502,0.17240637339966502,1.2930478004974877
2023,00-0034777,D.Chark,0.0,0.0,0.0,35.0,43.60458514,1.2458452897142855,35.0,0.0,0.25653737194229476,0.25653737194229476,2.1988917595053836
2023,00-0034798,D.Smythe,0.0,0.0,0.0,38.0,26.800438953,0.7052747092894737,38.0,0.0,0.07207722364646567,0.07207722364646567,0.5690307129984131
2023,00-0034829,M.Gesicki,0.0,0.0,0.0,29.0,20.267338251,0.6988737327931035,29.0,0.0,0.05314069101636518,0.05314069101636518,0.5497312863761915
2023,00-0034983,H.Renfrow,0.0,0.0,0.0,25.0,11.80349166,0.47213966640000005,25.0,0.0,-0.011157417858877703,-0.011157417858877703,-0.13388901430653244
2023,00-0035216,D.Johnson,0.0,0.0,0.0,55.0,69.7162256375,1.2675677388636364,55.0,0.0,0.4151375398612228,0.4151375398612228,2.264386581061215
2023,00-0035229,T.Hockenson,0.0,0.0,0.0,95.0,62.392874186,0.6567670966947369,95.0,0.0,0.13387925814631496,0.13387925814631496,0.42277660467257355
2023,00-0035329,D.Parham,0.0,0.0,0.0,27.0,35.19087949,1.3033659070370371,27.0,0.0,0.21350886808125633,0.21350886808125633,2.3723207564584037
2023,00-0035341,T.Irwin,0.0,0.0,0.0,25.0,27.48365812,1.0993463248,25.0,0.0,0.14643219480443886,0.14643219480443886,1.7571863376532664
2023,00-0035535,D.Slayton,0.0,0.0,0.0,50.0,61.04088539,1.2208177078,50.0,0.0,0.35390528558877726,0.35390528558877726,2.1234317135326637
2023,00-0035640,D.Metcalf,0.0,0.0,0.0,66.0,93.6988687675,1.4196798298106061,66.0,0.0,0.5990635202204021,0.5990635202204021,2.723016001001828
2023,00-0035644,N.Fant,0.0,0.0,0.0,32.0,23.28792877,0.7277477740625,32.0,0.0,0.06792412770546065,0.06792412770546065,0.6367886972386936
2023,00-0035659,T.McLaurin,0.0,0.0,0.0,79.0,77.826248823,0.985142390164557,79.0,0.0,0.37205125481619766,0.37205125481619766,1.412852866390624
2023,00-0035676,A.Brown,0.0,0.0,0.0,106.0,113.1771093987,1.0677085792330188,106.0,0.0,0.5871679730049915,0.5871679730049915,1.6617961500141267
2023,00-0036040,J.Johnson,0.0,0.0,0.0,37.0,29.745829146000002,0.8039413282702703,37.0,0.0,0.10687055412363486,0.10687055412363486,0.8665180064078503
2023,00-0036182,N.Westbrook-Ikhine,0.0,0.0,0.0,28.0,33.498956153,1.1963912911785715,28.0,0.0,0.19131319444830824,0.19131319444830824,2.049784226231874
2023,00-0036244,C.Parkinson,0.0,0.0,0.0,25.0,15.558713555,0.6223485422,25.0,0.0,0.026583505708961487,0.026583505708961487,0.3190020685075379
2023,00-0036252,M.Pittman,0.0,0.0,0.0,109.0,86.190407693,0.7907376852568807,109.0,0.0,0.3003705833151926,0.3003705833151926,0.8267080274730072
2023,00-0036261,B.Aiyuk,0.0,0.0,0.0,84.0,131.027459161,1.559850704297619,84.0,0.0,0.8807796909027138,0.8807796909027138,3.145641753223978
2023,00-0036345,K.Osborn,0.0,0.0,0.0,48.0,47.6188482477,0.99205933849375,48.0,0.0,0.22939327791698497,0.22939327791698497,1.433707986981156
2023,00-0036407,J.Jeudy,0.0,0.0,0.0,54.0,52.06167181,0.9641050335185185,54.0,0.0,0.24289625706703522,0.24289625706703522,1.3494236503724177
2023,00-0036410,T.Higgins,0.0,0.0,0.0,42.0,62.80248326,1.4952972204761905,42.0,0.0,0.4131411387126634,0.4131411387126634,2.9510081336618814
2023,00-0036894,P.Freiermuth,0.0,0.0,0.0,37.0,33.84223954365,0.9146551228013514,37.0,0.0,0.148040507868861,0.148040507868861,1.200328442179954
2023,00-0036912,D.Smith,0.0,0.0,0.0,89.0,82.0982692762,0.9224524637775281,89.0,0.0,0.36307194384551095,0.36307194384551095,1.2238380129623965
2023,00-0037239,C.Olave,0.0,0.0,0.0,87.0,103.67926312099999,1.1917156680574712,87.0,0.0,0.5903491923254773,0.5903491923254773,2.0356868700878525
2023,00-0037664,A.Pierce,0.0,0.0,0.0,32.0,46.89807372,1.46556480375,32.0,0.0,0.30521201665018427,0.30521201665018427,2.8613626560954777
2023,00-0037741,J.Dotson,0.0,0.0,0.0,49.0,49.865763827,1.0176686495306122,49.0,0.0,0.246783925050871,0.246783925050871,1.5109219901073734
2023,00-0037744,T.McBride,0.0,0.0,0.0,81.0,52.517813913,0.648368073,81.0,0.0,0.10731228708798997,0.10731228708798997,0.3974529151407036
2023,00-0037816,R.Doubs,0.0,0.0,0.0,69.0,91.58037067,1.3272517488405797,69.0,0.0,0.5621978250853769,0.5621978250853769,2.444338369936421
2023,00-0037838,I.Likely,0.0,0.0,0.0,34.0,45.303859071,1.3324664432647058,34.0,0.0,0.27880692089182574,0.27880692089182574,2.4600610666925804
2023,00-0038041,J.Ferguson,0.0,0.0,0.0,81.0,76.552152743,0.9450883054691357,81.0,0.0,0.34886343110809037,0.34886343110809037,1.2920867818818162
2023,00-0038115,D.Bellinger,0.0,0.0,0.0,25.0,10.363959992,0.41455839967999997,25.0,0.0,-0.025625072813651593,-0.025625072813651593,-0.3075008737638191
2023,00-0038129,C.Otton,0.0,0.0,0.0,60.0,43.6552673444,0.7275877890733333,60.0,0.0,0.12726126608743718,0.12726126608743718,0.6363063304371859
2023,00-0038559,Mi.Wilson,0.0,0.0,0.0,38.0,48.572738256,1.278229954105263,38.0,0.0,0.2908943020685762,0.2908943020685762,2.296533963699286
2023,00-0038933,D.Kincaid,0.0,0.0,0.0,81.0,46.933914391,0.5794310418641976,81.0,0.0,0.05119269390206037,0.05119269390206037,0.189602570007631
2023,00-0038996,T.Kraft,0.0,0.0,0.0,36.0,27.164069878,0.754557496611111,36.0,0.0,0.08611464378673366,0.08611464378673366,0.7176220315561138
2023,00-0038997,J.Downs,0.0,0.0,0.0,68.0,59.0238851496,0.8679983110235294,68.0,0.0,0.24018838457360137,0.24018838457360137,1.059654637824712
2023,00-0039062,J.Mingo,0.0,0.0,0.0,43.0,20.563700854,0.478225601255814,43.0,0.0,-0.016560656216767146,-0.016560656216767146,-0.1155394619774452
2023,00-0039066,M.Mayer,0.0,0.0,0.0,27.0,32.157002264,1.1910000838518517,27.0,0.0,0.1830176396792462,0.1830176396792462,2.033529329769402
2023,00-0039144,L.Musgrave,0.0,0.0,0.0,40.0,27.990450221,0.699761255525,40.0,0.0,0.07365429790820772,0.07365429790820772,0.5524072343115579
2024,00-0030035,A.Thielen,0.0,0.0,0.0,48.0,62.253808302,1.296954339625,48.0,0.0,0.3764783035883418,0.3764783035883418,2.352989397427136
2024,00-0030061,Z.Ertz,0.0,0.0,0.0,84.0,82.0951825144,0.9773236013619047,84.0,0.0,0.3889980160625125,0.3889980160625125,1.3892786287946877
2024,00-0030564,D.Hopkins,0.0,0.0,0.0,59.0,57.2256710227,0.9699266275033898,59.0,0.0,0.26883865169324955,0.26883865169324955,1.3669761950504213
2024,00-0031381,D.Adams,0.0,0.0,0.0,85.0,88.074164575,1.0361666420588236,85.0,0.0,0.44389686903860975,0.44389686903860975,1.5666948319009755
2024,00-0031408,M.Evans,0.0,0.0,0.0,81.0,95.376028604,1.177481834617284,81.0,0.0,0.538048113128191,0.538048113128191,1.9927707893636704
2024,00-0031544,A.Cooper,0.0,0.0,0.0,50.0,50.213254355,1.0042650870999998,50.0,0.0,0.24508487317671684,0.24508487317671684,1.4705092390603012
2024,00-0032211,T.Lockett,0.0,0.0,0.0,49.0,48.356009213,0.986857330877551,49.0,0.0,0.23161051184484086,0.23161051184484086,1.418023541907189
2024,00-0032392,A.Hooper,0.0,0.0,0.0,45.0,31.437961566,0.6986213681333333,45.0,0.0,0.08234555818567839,0.08234555818567839,0.5489703879045226
2024,00-0032775,D.Robinson,0.0,0.0,0.0,35.0,55.82272065,1.5949348757142858,35.0,0.0,0.37933270370108874,0.37933270370108874,3.2514231745807605
2024,00-0033090,H.Henry,0.0,0.0,0.0,66.0,58.011152141,0.8789568506212121,66.0,0.0,0.2403930013611055,0.2403930013611055,1.0926954607322978
2024,00-0033288,G.Kittle,0.0,0.0,0.0,78.0,95.00241386,1.2179796648717949,78.0,0.0,0.5498674480471357,0.5498674480471357,2.1148748001812914
2024,00-0033375,T.Patrick,0.0,0.0,0.0,34.0,38.64130754,1.1365090452941176,34.0,0.0,0.2118466039973534,0.2118466039973534,1.8692347411531183
2024,00-0033591,N.Brown,0.0,0.0,0.0,35.0,36.401668371,1.0400476677428572,35.0,0.0,0.18414624863576218,0.18414624863576218,1.5783964168779614
2024,00-0033881,E.Engram,0.0,0.0,0.0,47.0,15.503397107000001,0.3298595129148936,47.0,0.0,-0.0881836562661474,-0.0881836562661474,-0.5628744016988132
2024,00-0033885,D.Njoku,0.0,0.0,0.0,64.0,32.9166046522,0.514321947690625,64.0,0.0,-0.0014306680845560945,-0.0014306680845560945,-0.006706256646356693
2024,00-0034159,W.Dissly,0.0,0.0,0.0,52.0,29.347730095,0.5643794249038462,52.0,0.0,0.024998273790217785,0.024998273790217785,0.14422081032817952
2024,00-0034364,J.Akins,0.0,0.0,0.0,40.0,31.880783905,0.7970195976250001,40.0,0.0,0.11275312890318263,0.11275312890318263,0.8456484667738697
2024,00-0034383,D.Schultz,0.0,0.0,0.0,59.0,48.849105417,0.8279509392711863,59.0,0.0,0.1846520626912395,0.1846520626912395,0.9389087933452855
2024,00-0034521,A.Lazard,0.0,0.0,0.0,37.0,54.623243426,1.4763038763783785,37.0,0.0,0.3568948182442379,0.3568948182442379,2.893741769547875
2024,00-0034829,M.Gesicki,0.0,0.0,0.0,65.0,51.170301879,0.7872354135230769,65.0,0.0,0.17683215641113906,0.17683215641113906,0.8161484142052571
2024,00-0034981,F.Moreau,0.0,0.0,0.0,32.0,36.762309450000004,1.1488221703125001,32.0,0.0,0.2033450390622446,0.2033450390622446,1.9063597412085431
2024,00-0035229,T.Hockenson,0.0,0.0,0.0,46.0,47.735595137,1.0377303290652173,46.0,0.0,0.24094945146730318,0.24094945146730318,1.5714094660911075
2024,00-0035406,L.Humphrey,0.0,0.0,0.0,31.0,13.3142809764,0.4294929347225806,31.0,0.0,-0.02712211957214406,-0.02712211957214406,-0.26247212489171673
2024,00-0035640,D.Metcalf,0.0,0.0,0.0,66.0,62.336894043,0.9444983945909091,66.0,0.0,0.28386779434603016,0.28386779434603016,1.290308156118319
2024,00-0035644,N.Fant,0.0,0.0,0.0,48.0,30.538669079,0.6362222724791667,48.0,0.0,0.05773318576924628,0.05773318576924628,0.36083241105778924
2024,00-0035676,A.Brown,0.0,0.0,0.0,79.0,120.500102447,1.525317752493671,79.0,0.0,0.8009342058111726,0.8009342058111726,3.0415223005487566
2024,00-0035689,D.Knox,0.0,0.0,0.0,26.0,23.958092275,0.9214650874999999,26.0,0.0,0.10580795325189278,0.10580795325189278,1.2208609990603012
2024,00-0036040,J.Johnson,0.0,0.0,0.0,50.0,39.812909247,0.79625818494,50.0,0.0,0.14055879168927973,0.14055879168927973,0.8433527501356783
2024,00-0036182,N.Westbrook-Ikhine,0.0,0.0,0.0,32.0,50.45646061,1.5767643940625,32.0,0.0,0.3409746989617421,0.3409746989617421,3.196637802766332
2024,00-0036244,C.Parkinson,0.0,0.0,0.0,34.0,24.930490447,0.7332497190294118,34.0,0.0,0.07404944728378562,0.07404944728378562,0.6533774760334026
2024,00-0036252,M.Pittman,0.0,0.0,0.0,69.0,50.80443583,0.7362961714492754,69.0,0.0,0.15238943473361813,0.15238943473361813,0.6625627597113831
2024,00-0036261,B.Aiyuk,0.0,0.0,0.0,25.0,36.77472315,1.470988926,25.0,0.0,0.23980973279438864,0.23980973279438864,2.8777167935326635
2024,00-0036290,C.Kmet,0.0,0.0,0.0,47.0,37.6098347747,0.8002092505255318,47.0,0.0,0.13399159667556113,0.13399159667556113,0.855265510695071
2024,00-0036309,D.Mooney,0.0,0.0,0.0,64.0,88.0576586,1.375900915625,64.0,0.0,0.5527507786270016,0.5527507786270016,2.59101927481407
2024,00-0036407,J.Jeudy,0.0,0.0,0.0,90.0,95.9509996533,1.06612221837,90.0,0.0,0.49710394573115585,0.49710394573115585,1.6570131524371863
2024,00-0036410,T.Higgins,0.0,0.0,0.0,73.0,93.525396105,1.2811698096575341,73.0,0.0,0.5609801434480569,0.5609801434480569,2.3053978497865355
2024,00-0036415,V.Jefferson,0.0,0.0,0.0,26.0,23.104030505,0.8886165578846155,26.0,0.0,0.09722441787500839,0.09722441787500839,1.1218202062500968
2024,00-0036427,T.Johnson,0.0,0.0,0.0,26.0,18.344089968,0.7055419218461538,26.0,0.0,0.04938581951319933,0.04938581951319933,0.5698363789984537
2024,00-0036550,R.Bateman,0.0,0.0,0.0,51.0,87.084988306,1.7075487903137254,51.0,0.0,0.6104636446492965,0.6104636446492965,3.5909626155840972
2024,00-0036554,N.Collins,0.0,0.0,0.0,80.0,99.630030443,1.2453753805374999,80.0,0.0,0.585993319444556,0.585993319444556,2.197474947917085
2024,00-0036894,P.Freiermuth,0.0,0.0,0.0,68.0,47.3476528055,0.6962890118455882,68.0,0.0,0.12283931578867673,0.12283931578867673,0.5419381578912209
2024,00-0036970,K.Pitts,0.0,0.0,0.0,47.0,42.920249069,0.9131967887021276,47.0,0.0,0.18736259460822446,0.18736259460822446,1.1959314549461135
2024,00-0036988,J.Palmer,0.0,0.0,0.0,39.0,49.222358510999996,1.2621117566923077,39.0,0.0,0.2922317298627638,0.2922317298627638,2.2479363835597215
2024,00-0037086,G.Calcaterra,0.0,0.0,0.0,25.0,19.08070828,0.7632283312,25.0,0.0,0.06198043761850922,0.06198043761850922,0.7437652514221107
2024,00-0037614,J.Metchie,0.0,0.0,0.0,30.0,15.815722229999999,0.527190741,30.0,0.0,0.003209412519095474,0.003209412519095474,0.03209412519095474
2024,00-0037664,A.Pierce,0.0,0.0,0.0,37.0,75.5878984282,2.042916173735135,37.0,0.0,0.5675948685176047,0.5675948685176047,4.602120555548146
2024,00-0037666,J.Tolbert,0.0,0.0,0.0,49.0,53.8317342707,1.0986068218510203,49.0,0.0,0.28664292448504186,0.28664292448504186,1.7549566805206644
2024,00-0037816,R.Doubs,0.0,0.0,0.0,48.0,56.8889156576,1.1851857428666668,48.0,0.0,0.3225597845491458,0.3225597845491458,2.0159986534321614
2024,00-0037837,C.Austin,0.0,0.0,0.0,37.0,49.65098985,1.3419186445945948,37.0,0.0,0.3069224204954942,0.3069224204954942,2.4885601661796826
2024,00-0037838,I.Likely,0.0,0.0,0.0,49.0,49.567722836,1.0115861803265307,49.0,0.0,0.24378853820664997,0.24378853820664997,1.4925828869794895
2024,00-0038041,J.Ferguson,0.0,0.0,0.0,59.0,4.902627860499999,0.08309538746610168,59.0,0.0,-0.25702107858011725,-0.25702107858011725,-1.3068868402378842
2024,00-0038547,L.Schoonmaker,0.0,0.0,0.0,27.0,15.424075443,0.5712620534444445,27.0,0.0,0.014847520875226146,0.014847520875226146,0.16497245416917938
2024,00-0038589,J.Whyle,0.0,0.0,0.0,28.0,15.683670507999999,0.5601310895714285,28.0,0.0,0.01226509751363484,0.01226509751363484,0.131411759074659
2024,00-0038606,P.Washington,0.0,0.0,0.0,32.0,32.628430915,1.01963846609375,32.0,0.0,0.1617985211225461,0.1617985211225461,1.51686113552387
2024,00-0038608,K.Boutte,0.0,0.0,0.0,43.0,43.186123776,1.0043284599069768,43.0,0.0,0.21080037817519268,0.21080037817519268,1.4707003128501814
2024,00-0038619,A.Iosivas,0.0,0.0,0.0,36.0,46.232584746,1.2842384651666667,36.0,0.0,0.2777580092942714,0.2777580092942714,2.314650077452262
2024,00-0038933,D.Kincaid,0.0,0.0,0.0,50.0,43.606019655,0.8721203930999999,50.0,0.0,0.17868050433249577,0.17868050433249577,1.0720830259949747
2024,00-0038935,B.Strange,0.0,0.0,0.0,40.0,29.076627976,0.7269156994,40.0,0.0,0.08457065725494138,0.08457065725494138,0.6342799294120604
2024,00-0039065,S.LaPorta,0.0,0.0,0.0,66.0,61.4808246556,0.9315276462969697,66.0,0.0,0.2752640819098493,0.2752640819098493,1.251200372317497
2024,00-0039356,J.Sanders,0.0,0.0,0.0,33.0,18.414966279,0.5580292811818183,33.0,0.0,0.013758211318743756,0.013758211318743756,0.125074648352216
2024,00-0039424,D.Vele,0.0,0.0,0.0,41.0,47.097287085,1.1487143191463414,41.0,0.0,0.2604913901144556,0.2604913901144556,1.9060345618130898
2024,00-0039793,A.Barner,0.0,0.0,0.0,30.0,19.804183054,0.6601394351333333,30.0,0.0,0.043294445926130645,0.043294445926130645,0.4329444592613064
2024,00-0039847,T.Johnson,0.0,0.0,0.0,29.0,20.15965568,0.6951605406896552,29.0,0.0,0.0520584541218928,0.0520584541218928,0.5385357322954427
2024,00-0039849,M.Harrison,0.0,0.0,0.0,62.0,78.090485114,1.259523953451613,62.0,0.0,0.46296101875721946,0.46296101875721946,2.2401339617284814
2024,00-0039915,L.McConkey,0.0,0.0,0.0,91.0,113.150140974,1.2434081425714285,91.0,0.0,0.6647682184067505,0.6647682184067505,2.1915435771651115
